DB01993,P10724,1
DB02038,P10724,1
DB02142,P10724,1
DB03097,P10724,1
DB03327,P10724,1
DB03766,P10724,1
DB03801,P10724,1
DB04467,P10724,1
DB02504,P10724,0
DB01157,P10724,0
DB14515,P10724,0
DB00769,P10724,0
DB08752,P10724,0
DB00430,P10724,0
DB02717,P10724,0
DB02474,P10724,0
DB02119,P26281,1
DB02596,P26281,1
DB03197,P26281,1
DB04047,P26281,1
DB04158,P26281,1
DB04610,P26281,1
DB01753,P26281,0
DB02551,P26281,0
DB02541,P26281,0
DB00213,P26281,0
DB07729,P26281,0
DB00453,P26281,0
DB01690,P0A6I9,1
DB01347,P0A6I9,0
DB11638,Q8I4R5,1
DB05448,Q8I4R5,0
DB04216,P54652,1
DB01078,P54652,0
DB00562,Q16790,1
DB00606,Q16790,1
DB00774,Q16790,1
DB00909,Q16790,1
DB08846,Q16790,1
DB09460,Q16790,1
DB13014,Q16790,0
DB11737,Q16790,0
DB02174,Q16790,0
DB06497,Q16790,0
DB08292,Q16790,0
DB06288,Q16790,0
DB03350,P02930,1
DB04127,P02930,0
DB03461,P0AEK2,1
DB03757,P0AEK2,0
DB00126,Q8IVL6,1
DB00172,Q8IVL6,1
DB00275,Q8IVL6,0
DB06830,Q8IVL6,0
DB04695,P60472,1
DB04714,P60472,1
DB07404,P60472,1
DB07409,P60472,1
DB07410,P60472,1
DB07426,P60472,1
DB07780,P60472,1
DB03554,P60472,0
DB03058,P60472,0
DB04029,P60472,0
DB11653,P60472,0
DB02656,P60472,0
DB07661,P60472,0
DB12565,P60472,0
DB04064,Q9RN59,1
DB03442,Q9RN59,0
DB12010,O96013,1
DB02751,O96013,0
DB01752,P0A876,1
DB02007,P0A876,0
DB07497,C0H419,1
DB03699,C0H419,0
DB11638,P13568,1
DB03413,P13568,0
DB03147,Q92947,1
DB03245,Q92947,1
DB01228,Q92947,0
DB11842,Q92947,0
DB01861,Q8KN66,1
DB02196,Q8KN66,1
DB07457,Q8KN66,0
DB08342,Q8KN66,0
DB01942,P14621,1
DB01561,P14621,0
DB09061,Q02083,1
DB14011,Q02083,1
DB03869,Q02083,0
DB02594,Q02083,0
DB07413,Q79FX8,1
DB11723,Q79FX8,0
DB02379,P36924,1
DB02645,P36924,1
DB03323,P36924,1
DB03389,P36924,1
DB00457,P36924,0
DB08908,P36924,0
DB08190,P36924,0
DB07057,P36924,0
DB00119,P53985,1
DB09338,P53985,1
DB09039,P53985,0
DB01619,P53985,0
DB00114,Q5JAM2,1
DB07422,Q5JAM2,0
DB04447,Q9HZZ3,1
DB08615,Q9HZZ3,0
DB00514,O00264,1
DB00540,O00264,1
DB01104,O00264,1
DB00120,O00264,0
DB08784,O00264,0
DB08419,O00264,0
DB08689,Q72LA5,1
DB00936,Q72LA5,0
DB02740,P61769,1
DB04464,P61769,1
DB09130,P61769,1
DB02580,P61769,0
DB01930,P61769,0
DB04727,P61769,0
DB03247,Q96CD2,1
DB03738,Q96CD2,1
DB07869,Q96CD2,0
DB02804,Q96CD2,0
DB03171,P16608,1
DB02425,P16608,0
DB01593,P03952,1
DB12831,P03952,1
DB14487,P03952,1
DB14533,P03952,1
DB04967,P03952,0
DB02088,P03952,0
DB04028,P03952,0
DB06933,P03952,0
DB00157,P26439,1
DB01108,P26439,1
DB03813,P26439,0
DB07137,P26439,0
DB05154,P9WJY5,1
DB07673,P9WJY5,0
DB07494,Q494W8,1
DB07720,Q494W8,1
DB08620,Q494W8,1
DB11421,Q494W8,1
DB00542,Q494W8,0
DB07646,Q494W8,0
DB04023,Q494W8,0
DB01010,Q494W8,0
DB06900,Q16651,1
DB02720,Q16651,0
DB03174,O31156,1
DB03635,O31156,1
DB04359,O31156,1
DB01860,O31156,0
DB07793,O31156,0
DB02201,O31156,0
DB02264,P14210,1
DB03959,P14210,1
DB05434,P14210,1
DB12307,P14210,1
DB00333,P14210,0
DB01262,P14210,0
DB04641,P14210,0
DB04328,P14210,0
DB03570,P25053,1
DB04448,P25053,0
DB02108,P07858,1
DB02148,P07858,1
DB02685,P07858,1
DB02855,P07858,1
DB03329,P07858,1
DB03588,P07858,1
DB04126,P07858,1
DB04579,P07858,1
DB07160,P07858,1
DB07219,P07858,1
DB07223,P07858,1
DB07224,P07858,1
DB07225,P07858,1
DB07231,P07858,1
DB06367,P07858,0
DB04753,P07858,0
DB01559,P07858,0
DB03859,P07858,0
DB06856,P07858,0
DB00524,P07858,0
DB04846,P07858,0
DB01624,P07858,0
DB04427,P07858,0
DB02071,P07858,0
DB04252,P07858,0
DB02586,P07858,0
DB01750,P07858,0
DB00806,P07858,0
DB06946,Q8GMG0,1
DB00350,Q8GMG0,0
DB02107,Q6UWN8,1
DB08642,Q6UWN8,0
DB02196,P16442,1
DB03435,P16442,1
DB03501,P16442,1
DB03772,P16442,1
DB04141,P16442,1
DB04678,P16442,1
DB04679,P16442,1
DB04680,P16442,1
DB04681,P16442,1
DB07341,P16442,1
DB07357,P16442,1
DB07378,P16442,1
DB07633,P16442,1
DB03877,P16442,0
DB01400,P16442,0
DB05479,P16442,0
DB00948,P16442,0
DB04022,P16442,0
DB08601,P16442,0
DB01709,P16442,0
DB03143,P16442,0
DB03026,P16442,0
DB01034,P16442,0
DB03573,P16442,0
DB06995,P16442,0
DB00608,P16442,0
DB04799,O14957,1
DB07401,O14957,1
DB07763,O14957,1
DB07778,O14957,1
DB08330,O14957,1
DB08453,O14957,1
DB08690,O14957,1
DB03703,O14957,0
DB04843,O14957,0
DB02713,O14957,0
DB04920,O14957,0
DB02287,O14957,0
DB07450,O14957,0
DB00509,O14957,0
DB00126,Q02809,1
DB01745,Q02809,0
DB00127,P08588,1
DB00182,P08588,1
DB00187,P08588,1
DB00195,P08588,1
DB00217,P08588,1
DB00221,P08588,1
DB00243,P08588,1
DB00248,P08588,1
DB00264,P08588,1
DB00334,P08588,1
DB00335,P08588,1
DB00368,P08588,1
DB00373,P08588,1
DB00397,P08588,1
DB00408,P08588,1
DB00489,P08588,1
DB00521,P08588,1
DB00540,P08588,1
DB00555,P08588,1
DB00571,P08588,1
DB00598,P08588,1
DB00612,P08588,1
DB00668,P08588,1
DB00715,P08588,1
DB00726,P08588,1
DB00841,P08588,1
DB00852,P08588,1
DB00866,P08588,1
DB00871,P08588,1
DB00938,P08588,1
DB00960,P08588,1
DB00983,P08588,1
DB01001,P08588,1
DB01064,P08588,1
DB01102,P08588,1
DB01118,P08588,1
DB01136,P08588,1
DB01151,P08588,1
DB01182,P08588,1
DB01193,P08588,1
DB01203,P08588,1
DB01210,P08588,1
DB01214,P08588,1
DB01238,P08588,1
DB01288,P08588,1
DB01291,P08588,1
DB01295,P08588,1
DB01297,P08588,1
DB01359,P08588,1
DB01364,P08588,1
DB01365,P08588,1
DB01407,P08588,1
DB01580,P08588,1
DB01917,P08588,1
DB03566,P08588,1
DB04846,P08588,1
DB04855,P08588,1
DB04861,P08588,1
DB06216,P08588,1
DB06262,P08588,1
DB06726,P08588,1
DB08347,P08588,1
DB08558,P08588,1
DB08807,P08588,1
DB08808,P08588,1
DB09013,P08588,1
DB09068,P08588,1
DB09204,P08588,1
DB09351,P08588,1
DB11273,P08588,1
DB11278,P08588,1
DB13345,P08588,1
DB13781,P08588,1
DB07505,P08588,0
DB02032,P08588,0
DB09050,P08588,0
DB07110,P08588,0
DB15494,P08588,0
DB02743,P08588,0
DB08791,P08588,0
DB01859,P08588,0
DB11712,P08588,0
DB04033,P08588,0
DB02846,P08588,0
DB00385,P08588,0
DB01993,P08588,0
DB04505,P08588,0
DB01579,P08588,0
DB06987,P08588,0
DB06442,P08588,0
DB03300,P08588,0
DB00905,P08588,0
DB02965,P08588,0
DB08431,P08588,0
DB02531,P08588,0
DB04468,P08588,0
DB07289,P08588,0
DB00295,P08588,0
DB07370,P08588,0
DB01019,P08588,0
DB07938,P08588,0
DB00475,P08588,0
DB07688,P08588,0
DB04242,P08588,0
DB04553,P08588,0
DB03164,P08588,0
DB13346,P08588,0
DB07639,P08588,0
DB11477,P08588,0
DB04276,P08588,0
DB08015,P08588,0
DB02262,P08588,0
DB13995,P08588,0
DB06521,P08588,0
DB02951,P08588,0
DB11691,P08588,0
DB03828,P08588,0
DB04232,P08588,0
DB08582,P08588,0
DB00481,P08588,0
DB01348,P08588,0
DB03589,P08588,0
DB06764,P08588,0
DB02534,P08588,0
DB05943,P08588,0
DB05885,P08588,0
DB06414,P08588,0
DB04931,P08588,0
DB01043,P08588,0
DB06893,P08588,0
DB07632,P08588,0
DB06989,P08588,0
DB00416,P08588,0
DB03754,P08588,0
DB00693,P08588,0
DB06595,P08588,0
DB02770,P08588,0
DB07019,P08588,0
DB04187,P08588,0
DB07150,P08588,0
DB03882,P08588,0
DB13878,P08588,0
DB00327,P08588,0
DB04411,P08588,0
DB02975,P08588,0
DB04057,P08588,0
DB12010,P49760,1
DB00307,P49760,0
DB00755,Q16654,1
DB08356,Q16654,1
DB00264,Q16654,0
DB09371,Q16654,0
DB01942,Q60099,1
DB03522,Q60099,1
DB04699,Q60099,0
DB07780,Q60099,0
DB02235,P29422,1
DB00496,P29422,0
DB00945,P25963,1
DB05983,P25963,1
DB06543,P25963,1
DB00923,P25963,0
DB06145,P25963,0
DB07692,P25963,0
DB00126,P13674,1
DB00172,P13674,1
DB01275,P13674,1
DB02489,P13674,0
DB02056,P13674,0
DB04690,P13674,0
DB07109,Q55813,1
DB07767,Q55813,1
DB08215,Q55813,0
DB07908,Q55813,0
DB00157,O95178,1
DB00368,O95178,0
DB00435,P33402,1
DB01020,P33402,1
DB08931,P33402,1
DB09241,P33402,1
DB09282,P33402,1
DB13170,P33402,1
DB00665,P33402,0
DB00852,P33402,0
DB01420,P33402,0
DB07274,P33402,0
DB08809,P33402,0
DB03692,P33402,0
DB12010,Q9UKI8,1
DB07826,Q9UKI8,0
DB00126,P24300,1
DB01881,P24300,1
DB02379,P24300,1
DB03564,P24300,1
DB03911,P24300,1
DB03947,P24300,1
DB11195,P24300,1
DB07341,P24300,0
DB07262,P24300,0
DB07562,P24300,0
DB00577,P24300,0
DB06910,P24300,0
DB03840,P24300,0
DB15688,P24300,0
DB01097,Q14289,1
DB01645,Q14289,1
DB08341,Q14289,1
DB11817,Q14289,1
DB12010,Q14289,1
DB02677,Q14289,0
DB11582,Q14289,0
DB00503,Q14289,0
DB11828,Q14289,0
DB01561,Q14289,0
DB02007,P26276,1
DB02843,P26276,1
DB02867,P26276,1
DB02900,P26276,1
DB04522,P26276,1
DB04432,P26276,0
DB02023,P26276,0
DB01699,P26276,0
DB12228,P26276,0
DB01399,P26276,0
DB04233,Q9RBW8,1
DB06263,Q9RBW8,0
DB00228,Q9NSA2,1
DB01069,Q9NSA2,1
DB01110,Q9NSA2,1
DB06637,Q9NSA2,1
DB01124,Q9NSA2,0
DB03317,Q9NSA2,0
DB02270,Q9NSA2,0
DB08867,Q9NSA2,0
DB04315,Q26000,1
DB08633,Q26000,0
DB00627,P40261,1
DB01296,P40261,0
DB01853,P11741,1
DB04853,P11741,0
DB03317,Q52369,1
DB03363,Q52369,0
DB00199,O43193,1
DB06587,O43193,1
DB03051,O43193,0
DB12500,O43193,0
DB04310,P68771,1
DB02341,P68771,0
DB01942,P75914,1
DB09552,P75914,0
DB03041,O94766,1
DB03435,O94766,1
DB03496,O94766,0
DB04521,O94766,0
DB00143,Q6NSD4,1
DB02420,Q6NSD4,0
DB04640,Q8P9V9,1
DB14070,Q8P9V9,0
DB00091,P30405,1
DB00172,P30405,1
DB02078,P30405,1
DB08168,P30405,1
DB02508,P30405,0
DB00179,P30405,0
DB05642,P30405,0
DB11156,P30405,0
DB11638,Q8IL80,1
DB00328,Q8IL80,0
DB12010,Q32MK0,1
DB08033,Q32MK0,0
DB12651,Q14790,1
DB06840,Q14790,0
DB09273,Q8IW54,1
DB04271,Q8IW54,0
DB00471,Q9Y271,1
DB00549,Q9Y271,1
DB00587,Q9Y271,1
DB00716,Q9Y271,1
DB01411,Q9Y271,1
DB08855,Q9Y271,1
DB11858,Q9Y271,1
DB07512,Q9Y271,0
DB04636,Q9Y271,0
DB03201,Q9Y271,0
DB03871,Q9Y271,0
DB09460,Q9Y271,0
DB08110,Q9Y271,0
DB00638,Q9Y271,0
DB01942,Q9WXS0,1
DB13875,Q9WXS0,0
DB12010,Q14012,1
DB07994,Q14012,0
DB03143,P21905,1
DB07544,P21905,0
DB00244,P9WJI5,1
DB00523,P9WJI5,0
DB12010,Q96L34,1
DB13170,Q96L34,0
DB00755,P31025,1
DB12582,P31025,0
DB00163,Q9UDX3,1
DB08530,Q9UDX3,0
DB11638,P62316,1
DB04774,P62316,0
DB04216,O94768,1
DB12010,O94768,1
DB07515,O94768,0
DB03329,O94768,0
DB00470,P21554,1
DB00486,P21554,1
DB02955,P21554,1
DB06155,P21554,1
DB09061,P21554,1
DB09288,P21554,1
DB11745,P21554,1
DB11755,P21554,1
DB14011,P21554,1
DB01405,P21554,0
DB14006,P21554,0
DB08474,P21554,0
DB02337,P21554,0
DB02778,P21554,0
DB07602,P21554,0
DB04064,P21554,0
DB08846,P21554,0
DB03319,P21554,0
DB04315,P61586,1
DB07331,P61586,0
DB00201,O00329,1
DB05552,O00329,1
DB06831,O00329,1
DB09054,O00329,1
DB11952,O00329,1
DB12010,O00329,1
DB12483,O00329,1
DB03737,O00329,0
DB13345,O00329,0
DB03160,O00329,0
DB08418,O00329,0
DB01712,O00329,0
DB14723,O00329,0
DB07039,O00329,0
DB00316,Q15185,1
DB09130,Q15185,1
DB07403,Q15185,0
DB03504,Q15185,0
DB01356,O14732,1
DB14507,O14732,1
DB14508,O14732,1
DB14509,O14732,1
DB04346,O14732,0
DB09330,O14732,0
DB07352,O14732,0
DB08659,O14732,0
DB01069,P56373,1
DB07477,P56373,0
DB03247,Q56691,1
DB06827,Q56691,0
DB04865,P20276,1
DB08642,P20276,0
DB00126,Q6NS38,1
DB01034,Q6NS38,0
DB12010,Q9H093,1
DB01873,Q9H093,0
DB03315,P48068,1
DB04139,P48068,0
DB11638,Q9N623,1
DB07634,Q9N623,0
DB03017,P98155,1
DB02011,P98155,0
DB08185,P80373,1
DB02331,P80373,0
DB00014,P22888,1
DB00050,P22888,1
DB00284,P22888,0
DB06228,P22888,0
DB07664,P49761,1
DB08691,P49761,1
DB12010,P49761,1
DB01854,P49761,0
DB07866,P49761,0
DB03264,P49761,0
DB08890,P25092,1
DB02923,P25092,0
DB07640,B7JBP8,1
DB04526,B7JBP8,0
DB02485,Q8NFW8,1
DB01090,Q8NFW8,0
DB00390,P05023,1
DB00511,P05023,1
DB00774,P05023,1
DB00903,P05023,1
DB01021,P05023,1
DB01078,P05023,1
DB01092,P05023,1
DB01119,P05023,1
DB01158,P05023,1
DB01188,P05023,1
DB01244,P05023,1
DB01345,P05023,1
DB01370,P05023,1
DB01378,P05023,1
DB01396,P05023,1
DB01430,P05023,1
DB06157,P05023,1
DB13996,P05023,1
DB14498,P05023,1
DB14499,P05023,1
DB14500,P05023,1
DB14514,P05023,1
DB14515,P05023,1
DB14517,P05023,1
DB14518,P05023,1
DB07861,P05023,0
DB11660,P05023,0
DB04359,P05023,0
DB13164,P05023,0
DB07713,P05023,0
DB08809,P05023,0
DB01425,P05023,0
DB02822,P05023,0
DB01782,P05023,0
DB02329,P05023,0
DB00869,P05023,0
DB08783,P05023,0
DB00275,P05023,0
DB07127,P05023,0
DB07628,P05023,0
DB04739,P05023,0
DB01623,P05023,0
DB04519,P05023,0
DB06702,P05023,0
DB01612,P05023,0
DB08159,P05023,0
DB08177,P05023,0
DB02665,P05023,0
DB03109,P05023,0
DB06860,P05023,0
DB04522,P07515,1
DB04933,P07515,0
DB00242,Q7LG56,1
DB02901,Q7LG56,0
DB00770,P43116,1
DB00917,P43116,1
DB00929,P43116,1
DB08964,P43116,1
DB09211,P43116,1
DB08668,P43116,0
DB00590,P43116,0
DB00530,P43116,0
DB00461,P43116,0
DB07094,P43116,0
DB07496,P95276,1
DB08431,P95276,0
DB01593,Q06481,1
DB14487,Q06481,1
DB14533,Q06481,1
DB00471,Q06481,0
DB14066,Q06481,0
DB07157,Q06481,0
DB12010,P35590,1
DB00148,P35590,0
DB04631,P0AC44,1
DB07671,P0AC44,1
DB08690,P0AC44,1
DB05993,P0AC44,0
DB12163,P0AC44,0
DB09026,P0AC44,0
DB00228,Q6PIU1,1
DB01069,Q6PIU1,1
DB01110,Q6PIU1,1
DB01204,Q6PIU1,0
DB01826,Q6PIU1,0
DB02108,Q6PIU1,0
DB01370,P06870,1
DB03127,P06870,1
DB06728,P06870,1
DB12598,P06870,1
DB14517,P06870,1
DB14518,P06870,1
DB01483,P06870,0
DB11973,P06870,0
DB01863,P06870,0
DB01155,P06870,0
DB09149,P06870,0
DB06706,P06870,0
DB04872,P29371,1
DB06429,P29371,1
DB11692,P29371,1
DB09300,P29371,0
DB06836,P29371,0
DB05786,P29371,0
DB00139,Q9BXA5,1
DB06937,Q9BXA5,0
DB00364,P01133,1
DB04454,P01133,1
DB11973,P01133,1
DB08326,P01133,0
DB03828,P01133,0
DB07324,P01133,0
DB00128,P45381,1
DB01593,P45381,1
DB14487,P45381,1
DB14533,P45381,1
DB08927,P45381,0
DB00217,P45381,0
DB07033,P45381,0
DB08747,P45381,0
DB03389,O68541,1
DB04303,O68541,1
DB09517,O68541,0
DB08272,O68541,0
DB09130,Q15428,1
DB04267,Q15428,0
DB02140,P09668,1
DB03120,P09668,1
DB04126,P09668,1
DB08526,P09668,1
DB08715,P09668,0
DB07717,P09668,0
DB09090,P09668,0
DB01115,P09668,0
DB00142,O00222,1
DB03373,O00222,0
DB12965,Q93083,1
DB01902,Q93083,0
DB03419,P0AA43,1
DB03685,P0AA43,1
DB08126,P0AA43,0
DB02573,P0AA43,0
DB02761,Q01770,1
DB03814,Q01770,1
DB04529,Q01770,0
DB04081,Q01770,0
DB02379,P02943,1
DB04173,P02943,1
DB01336,P02943,0
DB03660,P02943,0
DB00171,Q9UM73,1
DB08865,Q9UM73,1
DB09063,Q9UM73,1
DB11363,Q9UM73,1
DB12010,Q9UM73,1
DB12130,Q9UM73,1
DB12141,Q9UM73,1
DB12267,Q9UM73,1
DB09283,Q9UM73,0
DB14581,Q9UM73,0
DB01813,Q9UM73,0
DB00920,Q9UM73,0
DB01676,Q9UM73,0
DB11948,Q9UM73,0
DB01024,Q9UM73,0
DB07708,Q9UM73,0
DB11638,P14223,1
DB07046,P14223,0
DB00228,P56696,1
DB01069,P56696,1
DB01110,P56696,1
DB04953,P56696,1
DB01036,P56696,0
DB04495,P56696,0
DB08372,P56696,0
DB07449,P56696,0
DB14013,P20393,1
DB14014,P20393,1
DB02987,P20393,0
DB03075,P20393,0
DB11638,Q02155,1
DB07488,Q02155,0
DB03723,P26392,1
DB07359,P26392,0
DB00114,O95470,1
DB04594,O95470,0
DB09067,P34998,1
DB09295,P34998,0
DB07640,O67931,1
DB02177,O67931,0
DB12010,Q9UKE5,1
DB02010,Q9UKE5,0
DB03793,O67987,1
DB04237,O67987,1
DB01336,O67987,0
DB01755,O67987,0
DB00716,P21462,1
DB02463,P21462,0
DB09060,A0A023W3H0,1
DB00519,A0A023W3H0,0
DB00118,Q8N1G2,1
DB08165,Q8N1G2,0
DB03147,P0A9P4,1
DB02784,P0A9P4,0
DB00118,P17707,1
DB01917,P17707,1
DB08163,P17707,1
DB03603,P17707,0
DB05446,P17707,0
DB13934,P17707,0
DB03316,Q9Y275,1
DB06133,Q9Y275,0
DB02965,P04391,1
DB00980,P04391,0
DB04347,Q6GII7,1
DB01675,Q6GII7,0
DB00560,P0A7U3,1
DB00759,P0A7U3,1
DB09093,P0A7U3,1
DB12455,P0A7U3,1
DB06934,P0A7U3,0
DB03229,P0A7U3,0
DB07625,P0A7U3,0
DB04053,P0A7U3,0
DB01815,P0A872,1
DB00690,P0A872,0
DB09099,P31391,1
DB13985,P31391,1
DB02846,P31391,0
DB08124,P31391,0
DB00518,P83223,1
DB01677,P83223,1
DB03147,P83223,1
DB01748,P83223,0
DB07621,P83223,0
DB03440,P83223,0
DB02142,Q56232,1
DB04299,Q56232,1
DB04798,Q56232,0
DB03783,Q56232,0
DB01992,Q8ZPC0,1
DB02175,Q8ZPC0,1
DB07985,Q8ZPC0,0
DB06716,Q8ZPC0,0
DB11638,P55786,1
DB11781,P55786,1
DB07439,P55786,0
DB01177,P55786,0
DB05532,Q5NUL3,1
DB00398,Q5NUL3,0
DB12153,A0A0H2UQB5,1
DB04282,A0A0H2UQB5,0
DB04487,P02778,1
DB01348,P02778,0
DB01044,P72524,1
DB06771,P72524,1
DB06401,P72524,0
DB08918,P72524,0
DB01752,P13956,1
DB01910,P13956,1
DB03540,P13956,0
DB04638,P13956,0
DB03462,P07650,1
DB04234,P07650,0
DB01593,P08779,1
DB14487,P08779,1
DB02448,P08779,0
DB00472,P08779,0
DB01034,P0A6R0,1
DB01992,P0A6R0,1
DB02039,P0A6R0,1
DB02316,P0A6R0,1
DB03661,P0A6R0,1
DB04524,P0A6R0,1
DB00704,P0A6R0,0
DB02738,P0A6R0,0
DB07953,P0A6R0,0
DB08497,P0A6R0,0
DB01843,P0A6R0,0
DB01002,P0A6R0,0
DB02418,P62837,1
DB01881,P62837,0
DB03147,P00914,1
DB00475,P00914,0
DB04395,Q99661,1
DB07489,Q99661,0
DB09130,P02655,1
DB08307,P02655,0
DB04464,P35094,1
DB01061,P35094,0
DB04141,P21912,1
DB08689,P21912,1
DB06876,P21912,0
DB07728,P21912,0
DB02431,P26396,1
DB12466,P26396,0
DB01819,Q9WYH8,1
DB03937,Q9WYH8,1
DB01330,Q9WYH8,0
DB08115,Q9WYH8,0
DB01673,P45066,1
DB03909,P45066,1
DB04395,P45066,1
DB01688,P45066,0
DB07487,P45066,0
DB08715,P45066,0
DB07416,P0A333,1
DB01671,P0A333,0
DB00276,P02768,1
DB00493,P02768,1
DB00545,P02768,1
DB03255,P02768,1
DB06713,P02768,1
DB06728,P02768,1
DB11359,P02768,1
DB11638,P02768,1
DB12965,P02768,1
DB13967,P02768,1
DB02383,P02768,0
DB04377,P02768,0
DB06879,P02768,0
DB08109,P02768,0
DB00184,P02768,0
DB04337,P02768,0
DB12978,P02768,0
DB03791,P02768,0
DB04746,P02768,0
DB12548,P02768,0
DB02506,P30153,1
DB06905,P30153,1
DB04998,P30153,0
DB03729,P30153,0
DB01799,Q46822,1
DB02480,Q46822,1
DB03165,Q46822,1
DB03366,Q46822,1
DB04170,Q46822,1
DB07469,Q46822,0
DB01016,Q46822,0
DB04801,Q46822,0
DB04186,Q46822,0
DB02562,Q46822,0
DB00761,Q9UP95,1
DB00887,Q9UP95,1
DB07150,Q9UP95,0
DB02984,Q9UP95,0
DB02930,Q7BK04,1
DB04539,Q7BK04,0
DB12010,Q8TDR2,1
DB07286,Q8TDR2,0
DB00331,Q16134,1
DB04141,Q16134,1
DB07445,Q16134,0
DB07207,Q16134,0
DB03496,P50750,1
DB06195,P50750,1
DB00332,P50750,0
DB08806,P50750,0
DB01718,Q79FX6,1
DB01752,Q79FX6,1
DB11951,Q79FX6,0
DB07205,Q79FX6,0
DB04199,Q7DB61,1
DB08397,Q7DB61,0
DB04272,P33644,1
DB03058,P33644,0
DB00128,O75746,1
DB00311,O75746,0
DB03796,P83812,1
DB01713,P83812,0
DB00608,Q9NR96,1
DB01611,Q9NR96,1
DB05475,Q9NR96,1
DB08432,Q9NR96,0
DB12458,Q9NR96,0
DB07239,Q9NR96,0
DB00171,P67870,1
DB04216,P67870,1
DB03924,P67870,0
DB07484,P67870,0
DB04380,P77425,1
DB02430,P77425,0
DB01136,P17302,1
DB07611,P17302,0
DB00644,Q96P88,1
DB00666,Q96P88,1
DB01406,Q96P88,1
DB07083,Q96P88,0
DB04856,Q96P88,0
DB03966,Q96P88,0
DB00759,C9EH48,1
DB06228,C9EH48,0
DB06836,Q8NEB9,1
DB07585,Q8NEB9,0
DB03639,P49366,1
DB01367,P49366,0
DB04745,O05935,1
DB08160,O05935,0
DB02614,P62593,1
DB02642,P62593,1
DB02841,P62593,1
DB04035,P62593,1
DB04037,P62593,1
DB04430,P62593,1
DB07464,P62593,1
DB07466,P62593,1
DB07599,P62593,1
DB08551,P62593,1
DB09060,P62593,1
DB12107,P62593,1
DB12377,P62593,1
DB04356,P62593,0
DB03424,P62593,0
DB08151,P62593,0
DB07268,P62593,0
DB06871,P62593,0
DB07368,P62593,0
DB07698,P62593,0
DB04715,P62593,0
DB02134,P62593,0
DB07186,P62593,0
DB06706,P62593,0
DB13857,P62593,0
DB08639,P62593,0
DB03884,A1A2B5,1
DB04671,A1A2B5,0
DB00116,P13995,1
DB00157,P13995,1
DB08310,P13995,0
DB00123,P13995,0
DB06943,P78536,1
DB07079,P78536,1
DB07121,P78536,1
DB07145,P78536,1
DB07147,P78536,1
DB07189,P78536,1
DB07233,P78536,1
DB07964,P78536,1
DB00507,P78536,0
DB02381,P78536,0
DB08581,P78536,0
DB07228,P78536,0
DB07903,P78536,0
DB01923,P78536,0
DB08556,P78536,0
DB02801,P78536,0
DB03147,P22570,1
DB03461,P22570,1
DB07451,P22570,0
DB02226,P22570,0
DB01044,P0A4L9,1
DB07667,P0A4L9,0
DB00246,P46098,1
DB00333,P46098,1
DB00334,P46098,1
DB00363,P46098,1
DB00377,P46098,1
DB00408,P46098,1
DB00543,P46098,1
DB00555,P46098,1
DB00604,P46098,1
DB00715,P46098,1
DB00721,P46098,1
DB00726,P46098,1
DB00728,P46098,1
DB00757,P46098,1
DB00889,P46098,1
DB00898,P46098,1
DB00904,P46098,1
DB00969,P46098,1
DB00988,P46098,1
DB01043,P46098,1
DB01156,P46098,1
DB01199,P46098,1
DB01221,P46098,1
DB01224,P46098,1
DB01233,P46098,1
DB01238,P46098,1
DB01239,P46098,1
DB04885,P46098,1
DB04917,P46098,1
DB05642,P46098,1
DB06204,P46098,1
DB06422,P46098,1
DB08839,P46098,1
DB09061,P46098,1
DB09068,P46098,1
DB09290,P46098,1
DB09304,P46098,1
DB11273,P46098,1
DB11699,P46098,1
DB12141,P46098,1
DB13025,P46098,1
DB13345,P46098,1
DB14185,P46098,1
DB03754,P46098,0
DB03299,P46098,0
DB14002,P46098,0
DB01352,P46098,0
DB02475,P46098,0
DB04540,P46098,0
DB08059,P46098,0
DB01068,P46098,0
DB08079,P46098,0
DB08411,P46098,0
DB03450,P46098,0
DB02598,P46098,0
DB07745,P46098,0
DB00226,P46098,0
DB04042,P46098,0
DB08019,P46098,0
DB02257,P46098,0
DB06772,P46098,0
DB02410,P46098,0
DB04136,P46098,0
DB08787,P46098,0
DB14541,P46098,0
DB08096,P46098,0
DB03604,P46098,0
DB08822,P46098,0
DB07086,P46098,0
DB01065,P46098,0
DB07034,P46098,0
DB07096,P46098,0
DB00849,P46098,0
DB00996,P46098,0
DB09013,P46098,0
DB01229,P46098,0
DB00777,P46098,0
DB02894,P46098,0
DB13191,P46098,0
DB04886,P46098,0
DB01989,P46098,0
DB04745,P46098,0
DB01076,P46098,0
DB02626,P46098,0
DB01808,P46098,0
DB01340,P46098,0
DB02800,P75430,1
DB04821,P75430,0
DB00171,P33527,1
DB01138,P33527,1
DB04851,P33527,1
DB06176,P33527,1
DB08855,P33527,1
DB02968,P33527,0
DB02897,P33527,0
DB00252,P33527,0
DB07307,P33527,0
DB07293,P33527,0
DB11638,Q00080,1
DB00799,Q00080,0
DB02379,Q9WXN1,1
DB07954,Q9WXN1,0
DB01967,P77173,1
DB02191,P77173,1
DB03916,P77173,1
DB04154,P77173,1
DB07640,P77173,0
DB00862,P77173,0
DB08521,P77173,0
DB13996,P77173,0
DB12010,O43283,1
DB02696,O43283,0
DB01206,Q9H169,1
DB07574,Q9H169,1
DB02153,Q9H169,0
DB03636,Q9H169,0
DB05015,Q969S8,1
DB06603,Q969S8,1
DB13346,Q969S8,1
DB12107,Q969S8,0
DB07488,Q969S8,0
DB03456,Q969S8,0
DB12010,Q9Y6R4,1
DB08063,Q9Y6R4,0
DB00160,P43007,1
DB04182,P43007,0
DB02613,P54317,1
DB08881,P54317,0
DB02379,Q9ZB17,1
DB03142,Q9ZB17,1
DB03389,Q9ZB17,1
DB03773,Q9ZB17,1
DB00568,Q9ZB17,0
DB02021,Q9ZB17,0
DB04347,Q9ZB17,0
DB05220,Q9ZB17,0
DB00145,Q14032,1
DB00181,Q14032,0
DB00282,P42574,1
DB00945,P42574,1
DB01017,P42574,1
DB03124,P42574,1
DB05408,P42574,1
DB06255,P42574,1
DB06862,P42574,1
DB07696,P42574,1
DB08213,P42574,1
DB08229,P42574,1
DB08251,P42574,1
DB08497,P42574,1
DB08498,P42574,1
DB08499,P42574,1
DB13751,P42574,1
DB01709,P42574,0
DB05737,P42574,0
DB11951,P42574,0
DB07804,P42574,0
DB02911,P42574,0
DB00545,P42574,0
DB03121,P42574,0
DB05465,P42574,0
DB02797,P42574,0
DB07926,P42574,0
DB00837,P42574,0
DB09130,P42574,0
DB03044,P42574,0
DB04759,P42574,0
DB01708,P42574,0
DB12010,Q15208,1
DB13919,Q15208,0
DB06195,P49674,1
DB08190,P49674,0
DB03227,Q837V6,1
DB07040,Q837V6,1
DB07041,Q837V6,1
DB07042,Q837V6,1
DB07043,Q837V6,1
DB01988,Q837V6,0
DB08073,Q837V6,0
DB07114,Q837V6,0
DB08257,Q837V6,0
DB06231,Q837V6,0
DB01816,P29717,1
DB02727,P29717,0
DB03106,P14262,1
DB03779,P14262,1
DB00837,P14262,0
DB03279,P14262,0
DB04147,P76045,1
DB04233,P76045,1
DB04697,P76045,0
DB02759,P76045,0
DB00421,Q9H8P0,1
DB01038,Q9H8P0,0
DB00228,Q8WWG9,1
DB01069,Q8WWG9,1
DB01110,Q8WWG9,1
DB07491,Q8WWG9,0
DB02105,Q8WWG9,0
DB00483,Q8WWG9,0
DB00142,P43003,1
DB00725,P43003,0
DB12010,Q02779,1
DB08773,Q02779,0
DB02345,P49913,1
DB14034,P49913,0
DB01646,Q44244,1
DB02251,Q44244,1
DB03299,Q44244,1
DB04511,Q44244,1
DB03790,Q44244,0
DB02418,Q44244,0
DB03133,Q44244,0
DB07188,Q44244,0
DB02028,P50607,1
DB08431,P50607,0
DB00806,P21589,1
DB03097,P21589,0
DB06616,Q9Y2U5,1
DB12010,Q9Y2U5,1
DB04570,Q9Y2U5,0
DB01684,Q9Y2U5,0
DB01795,Q9L9D7,1
DB03793,Q9L9D7,1
DB08440,Q9L9D7,0
DB01586,Q9L9D7,0
DB02405,P09466,1
DB03796,P09466,1
DB09462,P09466,1
DB04359,P09466,0
DB03535,P09466,0
DB11761,P09466,0
DB01207,P21731,1
DB06739,P21731,1
DB09285,P21731,1
DB07120,P21731,0
DB00703,P21731,0
DB05511,P21731,0
DB00157,Q6ZMR3,1
DB02975,Q6ZMR3,0
DB00720,P12236,1
DB01077,P12236,1
DB01594,P12236,0
DB09296,P12236,0
DB00398,P36888,1
DB01268,P36888,1
DB05465,P36888,1
DB06469,P36888,1
DB06595,P36888,1
DB08901,P36888,1
DB09079,P36888,1
DB12010,P36888,1
DB12141,P36888,1
DB12267,P36888,1
DB12500,P36888,1
DB12742,P36888,1
DB12874,P36888,1
DB12978,P36888,1
DB08706,P36888,0
DB08335,P36888,0
DB03813,P36888,0
DB08008,P36888,0
DB11328,P36888,0
DB02945,P36888,0
DB02622,P36888,0
DB08333,P36888,0
DB12579,P36888,0
DB05265,P36888,0
DB08558,P36888,0
DB03280,P36888,0
DB07971,P36888,0
DB00726,P36888,0
DB13751,P06858,1
DB03611,P06858,0
DB02123,P0AET8,1
DB11949,P0AET8,0
DB02379,Q9HYN5,1
DB02561,Q9HYN5,1
DB03740,Q9HYN5,1
DB01843,Q9HYN5,0
DB03194,Q9HYN5,0
DB07276,Q9HYN5,0
DB01593,P02795,1
DB12965,P02795,1
DB14487,P02795,1
DB14533,P02795,1
DB00797,P02795,0
DB06288,P02795,0
DB04419,P02795,0
DB02812,P02795,0
DB00157,P51648,1
DB04953,P51648,0
DB01777,Q16613,1
DB02931,Q16613,1
DB03341,Q16613,1
DB08398,Q16613,0
DB01029,Q16613,0
DB04016,Q16613,0
DB02642,P00807,1
DB04133,P00807,1
DB09324,P00807,1
DB01145,P00807,0
DB02617,P00807,0
DB02741,P00807,0
DB12010,Q96PY6,1
DB07675,Q96PY6,0
DB06210,P40238,1
DB11995,P40238,1
DB13125,P40238,1
DB04022,P40238,0
DB07013,P40238,0
DB06346,P40238,0
DB00157,P49821,1
DB03136,P49821,0
DB02109,P0A7D4,1
DB02493,P0A7D4,1
DB02666,P0A7D4,1
DB02836,P0A7D4,1
DB02954,P0A7D4,1
DB03146,P0A7D4,1
DB04315,P0A7D4,1
DB04460,P0A7D4,1
DB04566,P0A7D4,1
DB09343,P0A7D4,0
DB08490,P0A7D4,0
DB08520,P0A7D4,0
DB03310,P0A7D4,0
DB06408,P0A7D4,0
DB02717,P0A7D4,0
DB02270,P0A7D4,0
DB04738,P0A7D4,0
DB07314,P0A7D4,0
DB11638,P13817,1
DB07219,P13817,0
DB04045,Q8GBW6,1
DB04183,Q8GBW6,1
DB01833,Q8GBW6,0
DB00814,Q8GBW6,0
DB12010,P51813,1
DB15035,P51813,1
DB08537,P51813,0
DB04270,P51813,0
DB01593,P01599,1
DB14487,P01599,1
DB01909,P01599,0
DB09283,P01599,0
DB00243,Q01118,1
DB00273,Q01118,1
DB00313,Q01118,1
DB00555,Q01118,1
DB00564,Q01118,1
DB00776,Q01118,1
DB00907,Q01118,1
DB01069,Q01118,1
DB05541,Q01118,1
DB09085,Q01118,1
DB09088,Q01118,1
DB09342,Q01118,1
DB09345,Q01118,1
DB11186,Q01118,1
DB13269,Q01118,1
DB08595,Q01118,0
DB08110,Q01118,0
DB07843,Q01118,0
DB02403,Q01118,0
DB03680,Q01118,0
DB06999,Q01118,0
DB00950,Q01118,0
DB04622,Q01118,0
DB00862,Q01118,0
DB03927,Q01118,0
DB00168,Q01118,0
DB07971,Q01118,0
DB02776,Q01118,0
DB03257,Q01118,0
DB00610,Q01118,0
DB02437,P39377,1
DB03801,P39377,1
DB06216,P39377,0
DB00847,P39377,0
DB04395,P55072,1
DB12695,P55072,1
DB01200,P55072,0
DB11691,P55072,0
DB09130,O00299,1
DB11638,O00299,1
DB03464,O00299,0
DB02317,O00299,0
DB02637,P35270,1
DB03461,P35270,1
DB03886,P35270,1
DB04275,P35270,1
DB08493,P35270,0
DB04723,P35270,0
DB08187,P35270,0
DB03950,P35270,0
DB03988,P18509,1
DB01666,P18509,0
DB02740,P01848,1
DB01143,P01848,0
DB02124,Q51792,1
DB03644,Q51792,1
DB07393,Q51792,0
DB03989,Q51792,0
DB00205,P13922,1
DB01131,P13922,1
DB01299,P13922,1
DB05869,P13922,0
DB00067,P13922,0
DB03807,P13922,0
DB00456,P15555,1
DB01786,P15555,1
DB01868,P15555,1
DB02136,P15555,1
DB02514,P15555,1
DB02578,P15555,1
DB03313,P15555,1
DB03450,P15555,1
DB03820,P15555,1
DB03843,P15555,1
DB03927,P15555,1
DB04340,P15555,1
DB04488,P15555,1
DB06660,P15555,0
DB08712,P15555,0
DB07912,P15555,0
DB09297,P15555,0
DB06152,P15555,0
DB04646,P15555,0
DB02302,P15555,0
DB05171,P15555,0
DB03393,P15555,0
DB04099,P15555,0
DB00421,P15555,0
DB00242,P15555,0
DB06886,P15555,0
DB00201,Q01064,1
DB00622,Q01064,1
DB01023,Q01064,1
DB01244,Q01064,1
DB04530,Q01064,1
DB09283,Q01064,1
DB08335,Q01064,0
DB03419,Q01064,0
DB02859,Q01064,0
DB07729,Q01064,0
DB02210,Q01064,0
DB06866,Q01064,0
DB00789,P52209,1
DB00851,P52209,1
DB00920,P52209,1
DB02076,P52209,1
DB03962,P52209,1
DB06481,P52209,0
DB04733,P52209,0
DB07159,P52209,0
DB03121,P52209,0
DB01812,P52209,0
DB12010,Q9H3Y6,1
DB00728,Q9H3Y6,0
DB11638,Q8IE82,1
DB02758,Q8IE82,0
DB06152,P48551,1
DB06157,P48551,0
DB06663,P30872,1
DB09099,P30872,1
DB13985,P30872,1
DB15494,P30872,1
DB03479,P30872,0
DB06833,P30872,0
DB04784,P30872,0
DB07330,P30872,0
DB03796,Q14541,1
DB03600,Q14541,0
DB00243,P35499,1
DB00273,P35499,1
DB00281,P35499,1
DB00313,P35499,1
DB00555,P35499,1
DB00564,P35499,1
DB00776,P35499,1
DB00818,P35499,1
DB00907,P35499,1
DB00909,P35499,1
DB01069,P35499,1
DB01195,P35499,1
DB05541,P35499,1
DB09085,P35499,1
DB09088,P35499,1
DB09342,P35499,1
DB09345,P35499,1
DB11186,P35499,1
DB13154,P35499,1
DB13269,P35499,1
DB07112,P35499,0
DB00573,P35499,0
DB01120,P35499,0
DB12924,P35499,0
DB03113,P35499,0
DB08872,P35499,0
DB01056,P35499,0
DB00857,P35499,0
DB03058,P35499,0
DB01541,P35499,0
DB04948,P35499,0
DB01353,P35499,0
DB03950,P35499,0
DB00333,P35499,0
DB04763,P35499,0
DB11793,P35499,0
DB11641,P35499,0
DB00747,P35499,0
DB03151,P35499,0
DB02075,P35499,0
DB00228,Q13303,1
DB01069,Q13303,1
DB01110,Q13303,1
DB03245,Q13303,0
DB04043,Q13303,0
DB04865,Q13303,0
DB00448,P10636,1
DB00637,P10636,1
DB01229,P10636,1
DB01248,P10636,1
DB14914,P10636,1
DB03037,P10636,0
DB14490,P10636,0
DB07394,P10636,0
DB02895,P10636,0
DB02332,P10636,0
DB04272,P11922,1
DB02191,P11922,0
DB04464,P11349,1
DB07349,P11349,1
DB00907,P11349,0
DB01260,P11349,0
DB00114,P19113,1
DB00117,P19113,1
DB00561,P19113,0
DB08802,P19113,0
DB11638,Q01995,1
DB02151,Q01995,0
DB00228,Q96PR1,1
DB01069,Q96PR1,1
DB01110,Q96PR1,1
DB06637,Q96PR1,1
DB00190,Q96PR1,0
DB03489,Q96PR1,0
DB02078,Q96PR1,0
DB08075,Q96PR1,0
DB04631,P0AC41,1
DB07671,P0AC41,1
DB08690,P0AC41,1
DB00938,P0AC41,0
DB04510,P0AC41,0
DB03505,P0AC41,0
DB04137,Q15382,1
DB04315,Q15382,1
DB02081,Q15382,0
DB07800,Q15382,0
DB00114,Q96EN8,1
DB04176,Q96EN8,0
DB02494,Q9UNX3,1
DB07374,Q9UNX3,1
DB08437,Q9UNX3,1
DB03316,Q9UNX3,0
DB00268,Q9UNX3,0
DB03760,Q9UNX3,0
DB01133,Q9Y5K8,1
DB13139,Q9Y5K8,0
DB04315,Q9X242,1
DB07452,Q9X242,0
DB02451,P09391,1
DB04147,P09391,1
DB07160,P09391,0
DB00794,P09391,0
DB02772,P71119,1
DB05020,P71119,0
DB00362,A2QLK4,1
DB00520,A2QLK4,1
DB01141,A2QLK4,1
DB08371,A2QLK4,0
DB00230,A2QLK4,0
DB01282,A2QLK4,0
DB02431,P27623,1
DB02484,P27623,1
DB02709,P27623,0
DB04260,P27623,0
DB04162,P11998,1
DB06497,P11998,0
DB00148,P48029,1
DB13191,P48029,1
DB02102,P48029,0
DB03906,P48029,0
DB00451,P06756,1
DB07689,P06756,0
DB00562,O43570,1
DB00774,O43570,1
DB00819,O43570,1
DB00909,O43570,1
DB08846,O43570,1
DB07890,O43570,0
DB00504,O43570,0
DB09481,O43570,0
DB03734,O43570,0
DB03602,O43570,0
DB00337,P42345,1
DB00877,P42345,1
DB01590,P42345,1
DB04974,P42345,1
DB06233,P42345,1
DB06287,P42345,1
DB12010,P42345,1
DB03961,P42345,0
DB03734,P42345,0
DB15495,P42345,0
DB07154,P42345,0
DB01189,P42345,0
DB08892,P42345,0
DB02869,P42345,0
DB01985,Q05581,1
DB02475,Q05581,1
DB00915,Q05581,0
DB05188,Q05581,0
DB07776,P0A3R9,1
DB08261,P0A3R9,1
DB08619,P0A3R9,1
DB11641,P0A3R9,0
DB07022,P0A3R9,0
DB08753,P0A3R9,0
DB00599,O00519,1
DB02465,O00519,1
DB06894,O00519,1
DB08385,O00519,1
DB08400,O00519,1
DB12010,O00519,1
DB14011,O00519,1
DB03342,O00519,0
DB03270,O00519,0
DB06802,O00519,0
DB02710,O00519,0
DB05260,O00519,0
DB06936,O00519,0
DB03840,O00519,0
DB02637,Q9RUZ0,1
DB04471,Q9RUZ0,0
DB08357,P40406,1
DB00560,P40406,0
DB00514,P14598,1
DB08267,P14598,0
DB01034,P0AAI5,1
DB03017,P0AAI5,1
DB08366,P0AAI5,1
DB08407,P0AAI5,1
DB00220,P0AAI5,0
DB08510,P0AAI5,0
DB02240,P0AAI5,0
DB02603,P0AAI5,0
DB08515,P25789,1
DB03376,P25789,0
DB03884,P51852,1
DB08050,P51852,1
DB04524,P51852,0
DB04068,P51852,0
DB04866,P02452,1
DB04641,P02452,0
DB09130,P08697,1
DB02965,P08697,0
DB03397,P0A751,1
DB02160,P0A751,0
DB09462,P17050,1
DB13003,P17050,0
DB02445,P0A759,1
DB03951,P0A759,1
DB08778,P0A759,0
DB08057,P0A759,0
DB02052,P06493,1
DB02116,P06493,1
DB02950,P06493,1
DB03428,P06493,1
DB03496,P06493,1
DB04014,P06493,1
DB06195,P06493,1
DB08142,P06493,1
DB12010,P06493,1
DB02678,P06493,0
DB01148,P06493,0
DB02447,P06493,0
DB03728,P06493,0
DB06710,P06493,0
DB08118,P06493,0
DB12612,P06493,0
DB07022,P06493,0
DB02154,P06493,0
DB04272,Q9HB21,1
DB03783,Q9HB21,0
DB00145,Q6IB77,1
DB04348,Q6IB77,0
DB00163,P09917,1
DB00179,P09917,1
DB00233,P09917,1
DB00244,P09917,1
DB00471,P09917,1
DB00711,P09917,1
DB00744,P09917,1
DB00795,P09917,1
DB00939,P09917,1
DB01014,P09917,1
DB01017,P09917,1
DB01892,P09917,1
DB02709,P09917,1
DB04725,P09917,1
DB05431,P09917,1
DB09285,P09917,1
DB11994,P09917,1
DB12010,P09917,1
DB13174,P09917,1
DB14001,P09917,1
DB14002,P09917,1
DB00719,P09917,0
DB04889,P09917,0
DB04673,P09917,0
DB01132,P09917,0
DB00784,P09917,0
DB02218,P09917,0
DB08406,P09917,0
DB14649,P09917,0
DB03462,P09917,0
DB01826,P09917,0
DB00823,P09917,0
DB01747,P09917,0
DB08201,P09917,0
DB07230,P09917,0
DB05039,P09917,0
DB07085,P09917,0
DB04789,P09917,0
DB08227,P09917,0
DB00961,P09917,0
DB02192,P09917,0
DB07327,P09917,0
DB02580,A7B6P0,1
DB07112,A7B6P0,0
DB06155,Q9Y2T6,1
DB09061,Q9Y2T6,1
DB11755,Q9Y2T6,1
DB14011,Q9Y2T6,1
DB01959,Q9Y2T6,0
DB04745,Q9Y2T6,0
DB05442,Q9Y2T6,0
DB02499,Q9Y2T6,0
DB03940,P16115,1
DB04607,P16115,0
DB03740,O34928,1
DB02632,O34928,0
DB02379,P46926,1
DB02445,P46926,1
DB03951,P46926,1
DB07112,P46926,0
DB08097,P46926,0
DB00213,P46926,0
DB11638,Q6LFH8,1
DB04598,Q6LFH8,0
DB03062,P30419,1
DB14019,P30419,0
DB09130,P31943,1
DB08695,P31943,0
DB02379,Q9RX51,1
DB03323,Q9RX51,1
DB04798,Q9RX51,0
DB02213,Q9RX51,0
DB03247,Q9NYQ3,1
DB04265,Q9NYQ3,0
DB04082,P0A808,1
DB01031,P0A808,0
DB00514,P04839,1
DB02591,P04839,0
DB12010,Q9BQI3,1
DB02242,Q9BQI3,0
DB03796,P00709,1
DB03274,P00709,0
DB00518,F1L7U3,1
DB07179,F1L7U3,0
DB02571,Q88K39,1
DB04388,Q88K39,1
DB03752,Q88K39,0
DB04861,Q88K39,0
DB02451,P82543,1
DB08099,P82543,0
DB04119,P22314,1
DB04216,P22314,1
DB04655,P22314,0
DB03916,P22314,0
DB04395,P0A3Y5,1
DB04039,P0A3Y5,0
DB03721,P05451,1
DB04522,P05451,1
DB02042,P05451,0
DB00171,P05451,0
DB00608,Q8MU52,1
DB01942,Q8MU52,1
DB04132,Q8MU52,1
DB02366,Q8MU52,0
DB08582,Q8MU52,0
DB06884,Q8MU52,0
DB00120,P00439,1
DB00360,P00439,1
DB00368,P00439,1
DB02562,P00439,1
DB03673,P00439,1
DB04400,P00439,1
DB04419,P00439,1
DB06262,P00439,1
DB13955,P00439,0
DB04699,P00439,0
DB00827,P00439,0
DB02362,P00439,0
DB07223,P00439,0
DB00894,P00439,0
DB06802,P00439,0
DB01233,P00439,0
DB02566,P29395,1
DB02940,P29395,1
DB08839,P29395,0
DB07551,P29395,0
DB00428,O60502,1
DB07051,O60502,0
DB04646,P83796,1
DB08453,P83796,1
DB04429,P83796,0
DB09213,P83796,0
DB12010,Q06418,1
DB14062,Q06418,0
DB00157,Q96C36,1
DB00172,Q96C36,1
DB07393,Q96C36,0
DB03775,Q96C36,0
DB12010,Q86UE8,1
DB04614,Q86UE8,0
DB01593,P01024,1
DB01915,P01024,1
DB09130,P01024,1
DB14487,P01024,1
DB14533,P01024,1
DB08030,P01024,0
DB12116,P01024,0
DB03104,P01024,0
DB11235,P01024,0
DB00927,P01024,0
DB07518,Q9WWU5,1
DB00784,Q9WWU5,0
DB00537,P0AES4,1
DB11943,P0AES4,1
DB01601,P0AES4,0
DB15566,P0AES4,0
DB02761,Q7K9G0,1
DB03352,Q7K9G0,1
DB02474,Q7K9G0,0
DB02168,Q7K9G0,0
DB08889,P28062,1
DB01029,P28062,0
DB11638,Q8IBN5,1
DB08193,Q8IBN5,0
DB02379,P14090,1
DB02265,P14090,0
DB00142,P48664,1
DB08451,P48664,0
DB03152,Q02762,1
DB08690,Q02762,1
DB06880,Q02762,0
DB00452,Q02762,0
DB02414,P11797,1
DB02813,P11797,1
DB03109,P11797,1
DB04157,P11797,1
DB04404,P11797,1
DB04433,P11797,1
DB04520,P11797,1
DB04541,P11797,1
DB04628,P11797,1
DB03388,P11797,0
DB01858,P11797,0
DB07866,P11797,0
DB08908,P11797,0
DB03815,P11797,0
DB11367,P11797,0
DB00598,P11797,0
DB03615,P11797,0
DB03314,P11797,0
DB00786,P50281,1
DB03562,P50281,0
DB00119,O95907,1
DB03093,O95907,0
DB03600,P9WK83,1
DB00445,P9WK83,0
DB01774,P67910,1
DB03461,P67910,1
DB03716,P67910,0
DB08370,P67910,0
DB00513,P00750,1
DB01088,P00750,1
DB07684,P00750,1
DB09213,P00750,1
DB01691,P00750,0
DB08320,P00750,0
DB02829,P00750,0
DB00114,P00750,0
DB02234,P0A094,1
DB07078,P0A094,0
DB04156,Q9GZU7,1
DB04272,Q9GZU7,1
DB08746,Q9GZU7,0
DB04288,Q9GZU7,0
DB06890,P10614,1
DB07560,P10614,1
DB07568,P10614,1
DB07569,P10614,1
DB07572,P10614,1
DB07635,P10614,1
DB07446,P10614,0
DB03342,P10614,0
DB02288,P10614,0
DB02572,P10614,0
DB07050,P10614,0
DB08040,P10614,0
DB01992,P0A8V9,1
DB04063,P0A8V9,0
DB03434,P31434,1
DB03586,P31434,1
DB03814,P31434,1
DB04807,P31434,1
DB02242,P31434,0
DB08479,P31434,0
DB05542,P31434,0
DB04264,P31434,0
DB00243,P63252,1
DB01110,P63252,1
DB01136,P63252,1
DB04855,P63252,1
DB03698,P63252,0
DB06506,P63252,0
DB00338,P63252,0
DB04116,P63252,0
DB02494,P61313,1
DB07374,P61313,1
DB08437,P61313,1
DB07408,P61313,0
DB07139,P61313,0
DB08339,P61313,0
DB03461,Q6UWP2,1
DB00478,Q6UWP2,0
DB01593,P08603,1
DB09130,P08603,1
DB14487,P08603,1
DB14533,P08603,1
DB04910,P08603,0
DB00855,P08603,0
DB07887,P08603,0
DB07027,P08603,0
DB00114,P24298,1
DB00142,P24298,1
DB00160,P24298,1
DB00780,P24298,1
DB04689,P24298,0
DB07617,P24298,0
DB06857,P24298,0
DB04606,P24298,0
DB00131,P54646,1
DB00945,P54646,1
DB12010,P54646,1
DB04169,P54646,0
DB02134,P54646,0
DB08479,P54646,0
DB12010,Q16816,1
DB04797,Q16816,0
DB02261,P17900,1
DB03017,P17900,1
DB03633,P17900,1
DB04660,P17900,1
DB08231,P17900,1
DB01620,P17900,0
DB03132,P17900,0
DB03118,P17900,0
DB11587,P17900,0
DB04709,P17900,0
DB01593,P02765,1
DB09130,P02765,1
DB14487,P02765,1
DB14533,P02765,1
DB01927,P02765,0
DB07575,P02765,0
DB06202,P02765,0
DB07145,P02765,0
DB01373,P06702,1
DB01593,P06702,1
DB14487,P06702,1
DB14533,P06702,1
DB02963,P06702,0
DB00240,P06702,0
DB09183,P06702,0
DB08333,P06702,0
DB03142,P02924,1
DB03246,P02924,1
DB03485,P02924,1
DB04062,P02924,1
DB02378,P02924,0
DB03821,P02924,0
DB08075,P02924,0
DB03725,P02924,0
DB00228,Q9NS40,1
DB00308,Q9NS40,1
DB00321,Q9NS40,1
DB00590,Q9NS40,1
DB01069,Q9NS40,1
DB01110,Q9NS40,1
DB01118,Q9NS40,1
DB01162,Q9NS40,1
DB01594,Q9NS40,0
DB02063,Q9NS40,0
DB03672,Q9NS40,0
DB08470,Q9NS40,0
DB02897,Q9NS40,0
DB02870,Q9NS40,0
DB05339,Q9NS40,0
DB09083,Q9NS40,0
DB04732,P9WHU1,1
DB02768,P9WHU1,0
DB13729,P06307,1
DB01259,P06307,0
DB01069,P51575,1
DB00828,P51575,0
DB01026,P50859,1
DB01167,P50859,1
DB09040,P50859,1
DB11633,P50859,1
DB11660,P50859,0
DB01989,P50859,0
DB07644,P50859,0
DB07224,P50859,0
DB02059,P13639,1
DB03223,P13639,1
DB04315,P13639,1
DB08348,P13639,1
DB11823,P13639,1
DB06457,P13639,0
DB03444,P13639,0
DB04517,P13639,0
DB01868,P13639,0
DB14014,P13639,0
DB11638,C0H4V6,1
DB02427,C0H4V6,0
DB02142,P22256,1
DB02783,P22256,1
DB01431,P22256,0
DB04440,P22256,0
DB01942,Q9X278,1
DB03909,Q9X278,1
DB02724,Q9X278,0
DB08591,Q9X278,0
DB07780,P29559,1
DB07839,P29559,0
DB01076,P27487,1
DB01261,P27487,1
DB01884,P27487,1
DB02004,P27487,1
DB03253,P27487,1
DB03660,P27487,1
DB04491,P27487,1
DB04577,P27487,1
DB04578,P27487,1
DB04876,P27487,1
DB06011,P27487,1
DB06127,P27487,1
DB06203,P27487,1
DB06335,P27487,1
DB06880,P27487,1
DB06939,P27487,1
DB06993,P27487,1
DB06994,P27487,1
DB07015,P27487,1
DB07021,P27487,1
DB07067,P27487,1
DB07072,P27487,1
DB07081,P27487,1
DB07092,P27487,1
DB07135,P27487,1
DB07154,P27487,1
DB07181,P27487,1
DB07193,P27487,1
DB07239,P27487,1
DB07271,P27487,1
DB07328,P27487,1
DB07356,P27487,1
DB07412,P27487,1
DB07465,P27487,1
DB07482,P27487,1
DB07666,P27487,1
DB07779,P27487,1
DB07830,P27487,1
DB07851,P27487,1
DB08024,P27487,1
DB08044,P27487,1
DB08051,P27487,1
DB08164,P27487,1
DB08382,P27487,1
DB08429,P27487,1
DB08445,P27487,1
DB08504,P27487,1
DB08530,P27487,1
DB08588,P27487,1
DB08672,P27487,1
DB08743,P27487,1
DB08882,P27487,1
DB11723,P27487,1
DB00792,P27487,0
DB01207,P27487,0
DB04338,P27487,0
DB02812,P27487,0
DB04516,P27487,0
DB05188,P27487,0
DB01639,P27487,0
DB03912,P27487,0
DB07880,P27487,0
DB08608,P27487,0
DB07142,P27487,0
DB06155,P27487,0
DB01053,P27487,0
DB06990,P27487,0
DB01150,P27487,0
DB00455,P27487,0
DB02305,P27487,0
DB03072,P27487,0
DB04397,P27487,0
DB01703,P27487,0
DB05414,P27487,0
DB08814,P27487,0
DB09097,P27487,0
DB02280,P27487,0
DB04871,P27487,0
DB08470,P27487,0
DB03737,P27487,0
DB08720,P27487,0
DB06829,P27487,0
DB01190,P27487,0
DB04326,P27487,0
DB00232,P27487,0
DB07497,P27487,0
DB02759,P27487,0
DB02688,P27487,0
DB07876,P27487,0
DB08186,P27487,0
DB07325,P27487,0
DB02251,P27487,0
DB04372,P27487,0
DB01431,P27487,0
DB00472,P27487,0
DB00410,P27487,0
DB02745,P27487,0
DB01149,P27487,0
DB01805,P27487,0
DB08573,P27487,0
DB00131,P27487,0
DB08639,P27487,0
DB08869,P27487,0
DB08249,P27487,0
DB08721,P27487,0
DB04382,P27487,0
DB00114,Q6WRI0,1
DB07820,Q6WRI0,0
DB00843,Q00653,1
DB01296,Q00653,1
DB05212,Q00653,1
DB05487,Q00653,1
DB05767,Q00653,1
DB13751,Q00653,1
DB14059,Q00653,1
DB04445,Q00653,0
DB02954,Q00653,0
DB04328,Q00653,0
DB03597,Q00653,0
DB03708,Q00653,0
DB08632,Q00653,0
DB08086,Q00653,0
DB00311,P43166,1
DB00562,P43166,1
DB00606,P43166,1
DB00703,P43166,1
DB00774,P43166,1
DB00819,P43166,1
DB00909,P43166,1
DB01144,P43166,1
DB08846,P43166,1
DB01895,P43166,0
DB03779,P43166,0
DB07593,P43166,0
DB04573,P43166,0
DB03042,P43166,0
DB03918,P43166,0
DB05590,P43166,0
DB01065,P43166,0
DB15688,P43166,0
DB00157,P48163,1
DB03461,P48163,1
DB03820,P48163,0
DB06268,P48163,0
DB01593,Q06830,1
DB09130,Q06830,1
DB11638,Q06830,1
DB14487,Q06830,1
DB14533,Q06830,1
DB01633,Q06830,0
DB02934,Q06830,0
DB08414,Q06830,0
DB06549,Q06830,0
DB02600,Q06830,0
DB03152,Q93RD8,1
DB04147,Q93RD8,1
DB12278,Q93RD8,0
DB06944,Q93RD8,0
DB00115,P22033,1
DB00200,P22033,1
DB08932,P22033,0
DB02875,P22033,0
DB03247,Q51990,1
DB04067,Q51990,0
DB02595,P0AGC3,1
DB08110,P0AGC3,0
DB00201,O60658,1
DB07954,O60658,1
DB09283,O60658,1
DB08818,O60658,0
DB07994,O60658,0
DB08302,O60658,0
DB05045,P50391,1
DB08391,P50391,0
DB08608,Q15119,1
DB08609,Q15119,1
DB08610,Q15119,1
DB04866,Q15119,0
DB09273,Q15119,0
DB04369,Q15119,0
DB03472,P0A9Z7,1
DB09060,P0A9Z7,1
DB06858,P0A9Z7,0
DB04410,P0A9Z7,0
DB00786,Q9ULZ9,1
DB01804,Q9ULZ9,0
DB01935,P00800,1
DB02597,P00800,1
DB02669,P00800,1
DB03255,P00800,1
DB06819,P00800,1
DB07103,P00800,1
DB07434,P00800,1
DB07487,P00800,1
DB07506,P00800,1
DB07673,P00800,1
DB07989,P00800,1
DB00314,P00800,0
DB14840,P00800,0
DB02445,P00800,0
DB04048,P00800,0
DB00535,P00800,0
DB04439,P00800,0
DB11653,P00800,0
DB07300,P00800,0
DB03348,P00800,0
DB14146,P00800,0
DB03267,P00800,0
DB04489,O75976,1
DB01695,O75976,0
DB00228,P22001,1
DB00845,P22001,1
DB01069,P22001,1
DB01110,P22001,1
DB06637,P22001,1
DB04104,P22001,0
DB02489,P22001,0
DB01236,P22001,0
DB07227,P22001,0
DB03918,P22001,0
DB02151,P00959,1
DB02229,P00959,1
DB03799,P00959,1
DB03816,P00959,1
DB04015,P00959,1
DB07107,P00959,0
DB03051,P00959,0
DB07102,P00959,0
DB01252,P00959,0
DB08054,P00959,0
DB02798,P14193,1
DB03148,P14193,1
DB07773,P14193,0
DB05767,P14193,0
DB00570,Q9UJT1,1
DB00502,Q9UJT1,0
DB01147,Q51504,1
DB01413,Q51504,1
DB06211,Q51504,1
DB09050,Q51504,1
DB14879,Q51504,1
DB08608,Q51504,0
DB02923,Q51504,0
DB02479,Q51504,0
DB05297,Q51504,0
DB03466,Q51504,0
DB02153,Q9FD87,1
DB03059,Q9FD87,1
DB07213,Q9FD87,0
DB15250,Q9FD87,0
DB08249,P48632,1
DB06988,P48632,0
DB00591,P08758,1
DB02497,P08758,1
DB02846,P08758,1
DB02929,P08758,1
DB03484,P08758,1
DB03935,P08758,1
DB03959,P08758,1
DB03981,P08758,1
DB09130,P08758,1
DB04662,P08758,0
DB08643,P08758,0
DB08029,P08758,0
DB12465,P08758,0
DB01158,P08758,0
DB03174,P08758,0
DB08392,P08758,0
DB07466,P08758,0
DB01437,P08758,0
DB03147,P19480,1
DB07561,P19480,0
DB00145,O75311,1
DB00431,O75311,1
DB00466,O75311,1
DB00602,O75311,1
DB01043,O75311,1
DB01956,O75311,1
DB09061,O75311,1
DB14011,O75311,1
DB08331,O75311,0
DB07734,O75311,0
DB00014,O75311,0
DB02848,O75311,0
DB08241,O75311,0
DB00131,O75311,0
DB12285,O75311,0
DB07350,O75311,0
DB00157,P12268,1
DB00688,P12268,1
DB00811,P12268,1
DB01024,P12268,1
DB01033,P12268,1
DB03070,P12268,1
DB03948,P12268,1
DB04566,P12268,1
DB08080,P12268,0
DB14719,P12268,0
DB04353,P12268,0
DB04757,P12268,0
DB07355,P12268,0
DB08499,P12268,0
DB07198,P12268,0
DB06469,P12268,0
DB11936,P53396,1
DB04880,P53396,0
DB08342,Q9Y5R8,1
DB04294,Q9Y5R8,0
DB02236,P33221,1
DB02930,P33221,1
DB03434,P33221,1
DB03909,P33221,1
DB04395,P33221,1
DB01985,P33221,0
DB01583,P33221,0
DB04838,P33221,0
DB04493,P33221,0
DB03197,P33221,0
DB04039,P06129,1
DB04147,P06129,1
DB04233,P06129,1
DB07563,P06129,0
DB01035,P06129,0
DB04103,P06129,0
DB03814,Q6NXR0,1
DB04315,Q6NXR0,1
DB07755,Q6NXR0,0
DB06346,Q6NXR0,0
DB00843,P19838,1
DB00852,P19838,1
DB01041,P19838,1
DB01411,P19838,1
DB05212,P19838,1
DB05487,P19838,1
DB05767,P19838,1
DB08814,P19838,1
DB13751,P19838,1
DB14059,P19838,1
DB05022,P19838,0
DB07298,P19838,0
DB02980,P19838,0
DB03759,P19838,0
DB04894,P19838,0
DB01168,P19838,0
DB00464,P19838,0
DB04092,P19838,0
DB02254,P19838,0
DB07421,P19838,0
DB03147,Q9KIE5,1
DB04703,Q9KIE5,0
DB01972,P0A9M5,1
DB02134,P0A9M5,1
DB02377,P0A9M5,1
DB03942,P0A9M5,1
DB01723,P0A9M5,0
DB07090,P0A9M5,0
DB12285,P0A9M5,0
DB01397,P0A9M5,0
DB02263,P00362,1
DB03703,P00362,0
DB00114,P11216,1
DB03496,P11216,1
DB01727,P11216,0
DB04235,P11216,0
DB07652,Q9KEI9,1
DB09555,Q9KEI9,0
DB00228,Q9NR82,1
DB00996,Q9NR82,1
DB01069,Q9NR82,1
DB01110,Q9NR82,1
DB04953,Q9NR82,1
DB08312,Q9NR82,0
DB11644,Q9NR82,0
DB01416,Q9NR82,0
DB05552,Q9NR82,0
DB11081,Q9NR82,0
DB01593,P02746,1
DB14487,P02746,1
DB14533,P02746,1
DB04311,P02746,0
DB08588,P02746,0
DB03145,P02746,0
DB02460,P21638,1
DB06965,P21638,0
DB02659,Q7KZA3,1
DB01419,Q7KZA3,0
DB01752,P22061,1
DB02342,P22061,0
DB04510,P36204,1
DB00114,P36204,0
DB13179,P49228,1
DB04825,P49228,0
DB00143,Q9Y2Q3,1
DB04700,Q9Y2Q3,1
DB02969,Q9Y2Q3,0
DB02395,Q9Y2Q3,0
DB01592,Q9BY41,1
DB01593,Q9BY41,1
DB02546,Q9BY41,1
DB02565,Q9BY41,1
DB02917,Q9BY41,1
DB04297,Q9BY41,1
DB05015,Q9BY41,1
DB06603,Q9BY41,1
DB07350,Q9BY41,1
DB07586,Q9BY41,1
DB08168,Q9BY41,1
DB14487,Q9BY41,1
DB14488,Q9BY41,1
DB14489,Q9BY41,1
DB14490,Q9BY41,1
DB14491,Q9BY41,1
DB14501,Q9BY41,1
DB14533,Q9BY41,1
DB02463,Q9BY41,0
DB08316,Q9BY41,0
DB03707,Q9BY41,0
DB02751,Q9BY41,0
DB04183,Q9BY41,0
DB04840,Q9BY41,0
DB01586,Q9BY41,0
DB02762,Q9BY41,0
DB01567,Q9BY41,0
DB06457,Q9BY41,0
DB05511,Q9BY41,0
DB09059,Q9BY41,0
DB06196,Q9BY41,0
DB08739,Q9BY41,0
DB05102,Q9BY41,0
DB06436,Q9BY41,0
DB07674,Q9BY41,0
DB02877,Q9BY41,0
DB02467,P80561,1
DB03660,P80561,1
DB04713,P80561,1
DB02032,P80561,0
DB13934,P80561,0
DB02999,P80561,0
DB02153,P77150,1
DB08864,P77150,0
DB01643,P06612,1
DB01812,P06612,1
DB04205,P06612,1
DB07440,P06612,0
DB05642,P06612,0
DB09040,P06612,0
DB04561,P29768,1
DB04280,P29768,0
DB00477,P0DP23,1
DB00527,P0DP23,1
DB00622,P0DP23,1
DB00623,P0DP23,1
DB00753,P0DP23,1
DB00831,P0DP23,1
DB00836,P0DP23,1
DB00850,P0DP23,1
DB00925,P0DP23,1
DB01023,P0DP23,1
DB01065,P0DP23,1
DB01069,P0DP23,1
DB01100,P0DP23,1
DB01115,P0DP23,1
DB01244,P0DP23,1
DB01373,P0DP23,1
DB01429,P0DP23,1
DB02868,P0DP23,1
DB03900,P0DP23,1
DB03977,P0DP23,1
DB04513,P0DP23,1
DB04825,P0DP23,1
DB04841,P0DP23,1
DB08039,P0DP23,1
DB08231,P0DP23,1
DB11093,P0DP23,1
DB11348,P0DP23,1
DB13800,P0DP23,1
DB14481,P0DP23,1
DB01245,P0DP23,0
DB11148,P0DP23,0
DB08131,P0DP23,0
DB02152,P0DP23,0
DB00799,P0DP23,0
DB08494,P0DP23,0
DB04187,P0DP23,0
DB07083,P0DP23,0
DB07935,P0DP23,0
DB02640,P0DP23,0
DB09017,P0DP23,0
DB00918,P0DP23,0
DB07795,P0DP23,0
DB04195,P0DP23,0
DB03416,P0DP23,0
DB06444,P0DP23,0
DB08673,P0DP23,0
DB05552,P0DP23,0
DB09086,P0DP23,0
DB02301,P0DP23,0
DB12961,P0DP23,0
DB03327,P0DP23,0
DB02060,P0DP23,0
DB08475,P0DP23,0
DB09285,P0DP23,0
DB07008,P0DP23,0
DB06152,P0DP23,0
DB07589,P0DP23,0
DB02973,P0DP23,0
DB08348,Q5EK40,1
DB04890,Q5EK40,0
DB01593,P35908,1
DB09130,P35908,1
DB11157,P35908,1
DB14487,P35908,1
DB06442,P35908,0
DB04144,P35908,0
DB01692,P35908,0
DB01892,P35908,0
DB00552,P00813,1
DB00975,P00813,1
DB02096,P00813,1
DB02472,P00813,1
DB02616,P00813,1
DB02830,P00813,1
DB03015,P00813,1
DB03220,P00813,1
DB03370,P00813,1
DB03572,P00813,1
DB04218,P00813,1
DB04440,P00813,1
DB07711,P00813,1
DB07783,P00813,1
DB07785,P00813,1
DB07786,P00813,1
DB01776,P00813,0
DB07994,P00813,0
DB06684,P00813,0
DB02593,P00813,0
DB03923,P00813,0
DB03982,P00813,0
DB07042,P00813,0
DB08333,P00813,0
DB03576,P00813,0
DB01060,P00813,0
DB01094,P00813,0
DB02603,P00813,0
DB09068,P00813,0
DB08146,P00813,0
DB08213,P00813,0
DB08629,P00813,0
DB00114,Q59GM9,1
DB07599,Q59GM9,0
DB02213,P32890,1
DB03242,P32890,1
DB03421,P32890,1
DB03446,P32890,1
DB04040,P32890,1
DB04396,P32890,1
DB00192,P32890,0
DB02545,P32890,0
DB00762,P32890,0
DB06202,P32890,0
DB07114,P32890,0
DB02579,P32890,0
DB00675,Q02156,1
DB12010,Q02156,1
DB08390,Q02156,0
DB00282,Q02156,0
DB01411,P05113,1
DB00372,P05113,0
DB00480,O14788,1
DB11582,O14788,1
DB02433,O14788,0
DB02677,O14788,0
DB00142,P48058,1
DB00237,P48058,1
DB00898,P48058,1
DB04982,P48058,1
DB05047,P48058,1
DB13146,P48058,1
DB03459,P48058,0
DB02226,P48058,0
DB08146,P48058,0
DB06970,P48058,0
DB00560,P48058,0
DB03396,P48058,0
DB00157,Q04828,1
DB00936,Q04828,1
DB00945,Q04828,1
DB03461,Q04828,1
DB03467,Q04828,1
DB04674,Q04828,1
DB07768,Q04828,1
DB07931,Q04828,1
DB03748,Q04828,0
DB04338,Q04828,0
DB08267,Q04828,0
DB07305,Q04828,0
DB08745,Q04828,0
DB12855,Q04828,0
DB02019,Q04828,0
DB01763,Q04828,0
DB00171,P35626,1
DB08635,P35626,0
DB12695,O43399,1
DB00604,O43399,0
DB00472,P61024,1
DB02681,P61024,1
DB01953,P61024,0
DB01960,P61024,0
DB02078,Q734I1,1
DB09280,Q734I1,0
DB02142,Q9X0D0,1
DB03997,Q9X0D0,1
DB01930,Q9X0D0,0
DB02726,Q9X0D0,0
DB11638,O77361,1
DB03639,O77361,0
DB00243,Q9UQD0,1
DB00252,Q9UQD0,1
DB00273,Q9UQD0,1
DB00313,Q9UQD0,1
DB00555,Q9UQD0,1
DB00564,Q9UQD0,1
DB00776,Q9UQD0,1
DB00907,Q9UQD0,1
DB01069,Q9UQD0,1
DB05232,Q9UQD0,1
DB05541,Q9UQD0,1
DB09085,Q9UQD0,1
DB09088,Q9UQD0,1
DB09342,Q9UQD0,1
DB09345,Q9UQD0,1
DB11186,Q9UQD0,1
DB13269,Q9UQD0,1
DB03349,Q9UQD0,0
DB04573,Q9UQD0,0
DB00571,Q9UQD0,0
DB04243,Q9UQD0,0
DB07380,Q9UQD0,0
DB05229,Q9UQD0,0
DB07686,Q9UQD0,0
DB03813,Q9UQD0,0
DB00491,Q9UQD0,0
DB00542,Q9UQD0,0
DB11811,Q9UQD0,0
DB09140,Q9UQD0,0
DB00209,Q9UQD0,0
DB03991,Q9UQD0,0
DB06454,Q9UQD0,0
DB02683,Q9UQD0,0
DB07534,Q9UQD0,0
DB03833,O32449,1
DB07391,O32449,1
DB08576,O32449,1
DB00969,O32449,0
DB01844,O32449,0
DB04926,O32449,0
DB00193,P25103,1
DB00673,P25103,1
DB01221,P25103,1
DB04894,P25103,1
DB05421,P25103,1
DB05790,P25103,1
DB06634,P25103,1
DB09048,P25103,1
DB09291,P25103,1
DB11949,P25103,1
DB12436,P25103,1
DB14019,P25103,1
DB11726,P25103,0
DB03151,P25103,0
DB03326,P25103,0
DB07640,P25103,0
DB00920,P25103,0
DB04606,P25103,0
DB07466,P25103,0
DB02758,P25103,0
DB06190,P25103,0
DB07982,P25103,0
DB07239,P25103,0
DB03299,P25103,0
DB00121,P05166,1
DB00161,P05166,1
DB02143,P05166,0
DB04931,P05166,0
DB04147,P01764,1
DB03186,P01764,0
DB00430,Q9X6W0,1
DB00438,Q9X6W0,1
DB01329,Q9X6W0,1
DB09050,Q9X6W0,1
DB14879,Q9X6W0,1
DB00889,Q9X6W0,0
DB11994,Q9X6W0,0
DB01165,Q9X6W0,0
DB11859,Q9X6W0,0
DB02139,Q9X6W0,0
DB01992,P69903,1
DB01195,P69903,0
DB00398,P35968,1
DB01268,P35968,1
DB04727,P35968,1
DB04849,P35968,1
DB04879,P35968,1
DB05075,P35968,1
DB05984,P35968,1
DB06436,P35968,1
DB06589,P35968,1
DB06595,P35968,1
DB06626,P35968,1
DB06938,P35968,1
DB07183,P35968,1
DB07274,P35968,1
DB07326,P35968,1
DB07333,P35968,1
DB07334,P35968,1
DB07514,P35968,1
DB07528,P35968,1
DB07537,P35968,1
DB08042,P35968,1
DB08519,P35968,1
DB08875,P35968,1
DB08896,P35968,1
DB08901,P35968,1
DB09078,P35968,1
DB09079,P35968,1
DB12010,P35968,1
DB12147,P35968,1
DB12307,P35968,1
DB14840,P35968,1
DB00404,P35968,0
DB08498,P35968,0
DB03815,P35968,0
DB00185,P35968,0
DB01691,P35968,0
DB01792,P35968,0
DB03063,P35968,0
DB07129,P35968,0
DB02637,P35968,0
DB06867,P35968,0
DB04951,P35968,0
DB05265,P35968,0
DB04373,P35968,0
DB03923,P35968,0
DB02923,P35968,0
DB07651,P35968,0
DB01705,P35968,0
DB01194,P35968,0
DB08578,P35968,0
DB07038,P35968,0
DB04190,P35968,0
DB04016,P35968,0
DB05271,P35968,0
DB04168,P35968,0
DB07207,P35968,0
DB01403,P35968,0
DB08433,P35968,0
DB04632,P35968,0
DB04795,P35968,0
DB02790,P35968,0
DB04334,P35968,0
DB02130,P26602,1
DB04242,P26602,1
DB00624,P26602,0
DB07628,P26602,0
DB01050,P31151,1
DB01593,P31151,1
DB04474,P31151,1
DB09213,P31151,1
DB14487,P31151,1
DB14533,P31151,1
DB01068,P31151,0
DB00544,P31151,0
DB07703,P31151,0
DB08773,P31151,0
DB00731,P31151,0
DB07163,P31151,0
DB03374,P61925,1
DB04707,P61925,1
DB06959,P61925,1
DB07107,P61925,1
DB07204,P61925,1
DB07583,P61925,1
DB07854,P61925,1
DB07855,P61925,1
DB07856,P61925,1
DB07857,P61925,1
DB07858,P61925,1
DB07859,P61925,1
DB07860,P61925,1
DB07876,P61925,1
DB07947,P61925,1
DB07995,P61925,1
DB07996,P61925,1
DB07997,P61925,1
DB08070,P61925,1
DB08073,P61925,1
DB08113,P61925,1
DB08114,P61925,1
DB08148,P61925,1
DB08149,P61925,1
DB08150,P61925,1
DB08162,P61925,1
DB08231,P61925,1
DB08568,P61925,1
DB08569,P61925,1
DB08756,P61925,1
DB08393,P61925,0
DB01107,P61925,0
DB02969,P61925,0
DB02449,P61925,0
DB01236,P61925,0
DB01961,P61925,0
DB01246,P61925,0
DB01232,P61925,0
DB08615,P61925,0
DB08237,P61925,0
DB03031,P61925,0
DB01353,P61925,0
DB06678,P61925,0
DB03178,P61925,0
DB07430,P61925,0
DB08647,P61925,0
DB13953,P61925,0
DB09088,P61925,0
DB06290,P61925,0
DB08678,P61925,0
DB05416,P61925,0
DB03741,P61925,0
DB03647,P61925,0
DB07585,P61925,0
DB08763,P61925,0
DB06976,P61925,0
DB04938,P61925,0
DB08665,P61925,0
DB02518,P61925,0
DB03932,P61925,0
DB12010,Q99640,1
DB13954,Q99640,0
DB03310,P0CG29,1
DB04132,P0CG29,1
DB00716,P0CG29,0
DB07486,P0CG29,0
DB02153,Q8NX78,1
DB04310,Q8NX78,1
DB06228,Q8NX78,0
DB04912,Q8NX78,0
DB12010,P51451,1
DB15035,P51451,1
DB07743,P51451,0
DB00348,P51451,0
DB00123,O43246,1
DB00125,O43246,1
DB05038,O43246,0
DB00647,O43246,0
DB01150,P14677,1
DB04918,P14677,1
DB14539,P14677,0
DB01186,P14677,0
DB00364,P0DJD9,1
DB01158,P0DJD9,0
DB00191,P01303,1
DB02952,P01303,1
DB03380,P01303,1
DB02571,P01303,0
DB08544,P01303,0
DB09040,P01303,0
DB00721,Q9UGI6,1
DB01110,Q9UGI6,1
DB09089,Q9UGI6,1
DB01668,Q9UGI6,0
DB08241,Q9UGI6,0
DB07711,Q9UGI6,0
DB01972,Q16774,1
DB07101,Q16774,0
DB03147,Q72JJ3,1
DB01324,Q72JJ3,0
DB03317,Q9RN68,1
DB00632,Q9RN68,0
DB11638,Q8IE67,1
DB04860,Q8IE67,0
DB03366,Q9ZNA2,1
DB08881,Q9ZNA2,0
DB01593,P01042,1
DB09130,P01042,1
DB14487,P01042,1
DB14533,P01042,1
DB03606,P01042,0
DB11274,P01042,0
DB07017,P01042,0
DB08505,P01042,0
DB02015,Q8I814,1
DB03461,Q8I814,1
DB02475,Q8I814,0
DB02226,Q8I814,0
DB08167,Q8NMG3,1
DB08392,Q8NMG3,0
DB00119,O15403,1
DB02918,O15403,0
DB03619,Q03736,1
DB05790,Q03736,0
DB03017,Q9UNK4,1
DB03193,Q9UNK4,1
DB00760,Q9UNK4,0
DB12285,Q9UNK4,0
DB00559,P24530,1
DB06268,P24530,1
DB06403,P24530,1
DB06460,P24530,1
DB06558,P24530,1
DB08932,P24530,1
DB04865,P24530,0
DB01219,P24530,0
DB04658,P24530,0
DB07096,P24530,0
DB03401,P24530,0
DB05461,P24530,0
DB04782,Q7AUG5,1
DB08538,Q7AUG5,0
DB12695,Q969G3,1
DB06362,Q969G3,0
DB12965,P04733,1
DB03908,P04733,0
DB02749,P05042,1
DB03452,P05042,1
DB03499,P05042,1
DB04272,P05042,1
DB01206,P05042,0
DB04116,P05042,0
DB07368,P05042,0
DB01326,P05042,0
DB00163,O76054,1
DB14001,O76054,1
DB14002,O76054,1
DB04565,O76054,0
DB03144,O76054,0
DB01630,O76054,0
DB00695,Q9HC97,1
DB11156,Q9HC97,1
DB11937,Q9HC97,1
DB00443,Q9HC97,0
DB00647,Q9HC97,0
DB01646,Q9HC97,0
DB02379,P94622,1
DB08323,P94622,0
DB03795,P31057,1
DB04763,P31057,0
DB00157,P29803,1
DB04007,P29803,0
DB00184,Q15822,1
DB00237,Q15822,1
DB00411,Q15822,1
DB00416,Q15822,1
DB00472,Q15822,1
DB00483,Q15822,1
DB00514,Q15822,1
DB00565,Q15822,1
DB00657,Q15822,1
DB00721,Q15822,1
DB00728,Q15822,1
DB00732,Q15822,1
DB00898,Q15822,1
DB01135,Q15822,1
DB01199,Q15822,1
DB01226,Q15822,1
DB01245,Q15822,1
DB01336,Q15822,1
DB01337,Q15822,1
DB01338,Q15822,1
DB01339,Q15822,1
DB07720,Q15822,1
DB08960,Q15822,1
DB06730,Q15822,0
DB03788,Q15822,0
DB04689,Q15822,0
DB07849,Q15822,0
DB04287,Q15822,0
DB04860,Q15822,0
DB08429,Q15822,0
DB08129,Q15822,0
DB01644,Q15822,0
DB13956,Q15822,0
DB03902,Q15822,0
DB06518,Q15822,0
DB13025,Q15822,0
DB06663,Q15822,0
DB01775,Q15822,0
DB08412,Q15822,0
DB07510,Q15822,0
DB12379,Q15822,0
DB13997,Q15822,0
DB04187,Q15822,0
DB08075,Q15822,0
DB02988,Q15822,0
DB03792,Q15822,0
DB00116,O75891,1
DB08800,O75891,0
DB01982,Q9KWT6,1
DB02734,Q9KWT6,1
DB03652,Q9KWT6,1
DB00948,Q9KWT6,0
DB07324,Q9KWT6,0
DB11740,Q9KWT6,0
DB02763,P29460,1
DB06083,P29460,1
DB02830,P29460,0
DB11652,P29460,0
DB03317,P54820,1
DB08685,P54820,0
DB03366,O34598,1
DB00536,O34598,0
DB04272,P0A753,1
DB04682,P0A753,0
DB11638,C0H5H0,1
DB04065,C0H5H0,0
DB02133,P04190,1
DB02153,P04190,1
DB04272,P04190,1
DB06937,P04190,0
DB01809,P04190,0
DB04881,P04190,0
DB02379,P23827,1
DB08575,P23827,0
DB00210,P28702,1
DB00307,P28702,1
DB00412,P28702,1
DB00459,P28702,1
DB00523,P28702,1
DB00755,P28702,1
DB00799,P28702,1
DB00926,P28702,1
DB01393,P28702,1
DB01941,P28702,1
DB02746,P28702,1
DB03756,P28702,1
DB07080,P28702,1
DB07929,P28702,1
DB08175,P28702,1
DB03332,P28702,0
DB03714,P28702,0
DB04143,P28702,0
DB02763,P28702,0
DB00167,P28702,0
DB02302,P28702,0
DB00995,P28702,0
DB05812,P28702,0
DB02318,P28702,0
DB06654,P28702,0
DB00362,P28702,0
DB02636,P28702,0
DB04343,P28702,0
DB04450,P28702,0
DB08265,P28702,0
DB00290,P18858,1
DB02794,P18858,0
DB01677,P16930,1
DB01762,P16930,1
DB01832,P16930,1
DB07865,P16930,0
DB02621,P16930,0
DB01605,P16930,0
DB04276,P07384,1
DB04653,P07384,1
DB07627,P07384,1
DB07504,P07384,0
DB12662,P07384,0
DB00467,P07384,0
DB01934,P00803,1
DB02080,P00803,1
DB06904,P00803,1
DB03781,P00803,0
DB14530,P00803,0
DB01611,P00803,0
DB00115,P42898,1
DB00116,P42898,1
DB08677,P42898,0
DB06850,P42898,0
DB01178,P30536,1
DB01198,P30536,1
DB12466,P30536,0
DB01139,P30536,0
DB01942,Q9X0F9,1
DB08464,Q9X0F9,0
DB04315,P63096,1
DB04444,P63096,1
DB04783,P63096,0
DB12465,P63096,0
DB12010,P29320,1
DB01883,P29320,0
DB03147,Q52437,1
DB01702,Q52437,0
DB00786,P08253,1
DB01197,P08253,1
DB01630,P08253,1
DB04866,P08253,1
DB07703,P08253,0
DB09295,P08253,0
DB09095,P08253,0
DB01807,P08253,0
DB01702,Q45135,1
DB08093,Q45135,0
DB01133,Q8NHE4,1
DB02489,Q8NHE4,0
DB01278,O60896,1
DB02989,O60896,0
DB08523,Q8DP79,1
DB08524,Q8DP79,1
DB08525,Q8DP79,1
DB03949,Q8DP79,0
DB07781,Q8DP79,0
DB07137,Q8DP79,0
DB09130,P12814,1
DB07131,P12814,0
DB08185,Q5SLP8,1
DB11660,Q5SLP8,0
DB00157,O43920,1
DB03016,O43920,0
DB01713,P0C0F4,1
DB03041,P0C0F4,1
DB08402,P0C0F4,0
DB01018,P0C0F4,0
DB07403,Q15118,1
DB08809,Q15118,1
DB00234,Q15118,0
DB05232,Q15118,0
DB01992,Q9HYX1,1
DB06821,Q9HYX1,0
DB01652,P56653,1
DB03613,P56653,1
DB04067,P56653,1
DB02662,P56653,0
DB08060,P56653,0
DB03289,P56653,0
DB01373,O75340,1
DB01593,O75340,1
DB11093,O75340,1
DB11348,O75340,1
DB14481,O75340,1
DB14487,O75340,1
DB03835,O75340,0
DB00118,O75340,0
DB04797,O75340,0
DB07541,O75340,0
DB03881,O75340,0
DB02376,O75340,0
DB13146,Q9UM01,1
DB07218,Q9UM01,0
DB00898,P19320,1
DB01136,P19320,1
DB05399,P19320,1
DB08739,P19320,0
DB00886,P19320,0
DB03895,P19320,0
DB00686,P05230,1
DB01025,P05230,1
DB01901,P05230,1
DB01942,P05230,1
DB02264,P05230,1
DB03959,P05230,1
DB04409,P05230,1
DB06589,P05230,1
DB08238,P05230,1
DB13074,P05230,0
DB14498,P05230,0
DB01057,P05230,0
DB07944,P05230,0
DB03042,P05230,0
DB02660,P05230,0
DB03342,P05230,0
DB03411,P05230,0
DB09481,P05230,0
DB04464,A5HEI4,1
DB00241,A5HEI4,0
DB00157,Q92506,1
DB03461,Q92506,1
DB00611,Q92506,0
DB04345,Q92506,0
DB00157,P37059,1
DB13952,P37059,1
DB13953,P37059,1
DB13954,P37059,1
DB13955,P37059,1
DB13956,P37059,1
DB09332,P37059,0
DB01380,P37059,0
DB00509,P37059,0
DB06486,P37059,0
DB09262,P37059,0
DB07982,P37059,0
DB03300,Q9REC4,1
DB03255,Q9REC4,0
DB00091,P62937,1
DB00172,P62937,1
DB01742,P62937,1
DB02419,P62937,1
DB03393,P62937,1
DB09130,P62937,1
DB11638,P62937,1
DB03453,P62937,0
DB08391,P62937,0
DB04371,P62937,0
DB02083,P62937,0
DB07993,P62937,0
DB03845,P62937,0
DB07519,P62937,0
DB00171,O95255,1
DB00093,O95255,0
DB14001,P52824,1
DB03117,P52824,0
DB00537,P05653,1
DB08114,P05653,0
DB04297,Q8WUI4,1
DB05015,Q8WUI4,1
DB06603,Q8WUI4,1
DB02014,Q8WUI4,0
DB01565,Q8WUI4,0
DB01115,Q8WUI4,0
DB00174,Q96QD8,1
DB07833,Q96QD8,0
DB11638,P36578,1
DB02805,P36578,0
DB04327,Q9UNN8,1
DB11328,Q9UNN8,1
DB03170,Q9UNN8,0
DB07755,Q9UNN8,0
DB08111,Q59EB3,1
DB01712,Q59EB3,0
DB04967,P27695,1
DB08038,P27695,0
DB11638,Q8I5Y3,1
DB08768,Q8I5Y3,0
DB03489,Q746L7,1
DB03155,Q746L7,0
DB00157,O75306,1
DB04633,O75306,0
DB00630,P29074,1
DB07102,P29074,0
DB04147,P06716,1
DB03808,P06716,0
DB03775,P9WPQ5,1
DB00283,P9WPQ5,0
DB00945,P01106,1
DB07595,P01106,0
DB11093,Q86UW7,1
DB11348,Q86UW7,1
DB14481,Q86UW7,1
DB01162,Q86UW7,0
DB01921,Q86UW7,0
DB01978,Q86UW7,0
DB02078,P61320,1
DB06988,P61320,0
DB00228,P98194,1
DB00753,P98194,1
DB01028,P98194,1
DB01189,P98194,1
DB01236,P98194,1
DB01373,P98194,1
DB02339,P98194,0
DB03106,P98194,0
DB05137,P98194,0
DB07354,P98194,0
DB04053,P98194,0
DB04651,P98194,0
DB00415,Q02763,1
DB05294,Q02763,1
DB08221,Q02763,1
DB08896,Q02763,1
DB08901,Q02763,1
DB12010,Q02763,1
DB14840,Q02763,1
DB00961,Q02763,0
DB02693,Q02763,0
DB01496,Q02763,0
DB08390,Q02763,0
DB08783,Q02763,0
DB03058,Q02763,0
DB07943,Q02763,0
DB00153,Q7Z3S7,1
DB00228,Q7Z3S7,1
DB00421,Q7Z3S7,1
DB11148,Q7Z3S7,1
DB00857,Q7Z3S7,0
DB03576,Q7Z3S7,0
DB00638,Q7Z3S7,0
DB01236,Q7Z3S7,0
DB11986,P08922,1
DB12010,P08922,1
DB02798,P08922,0
DB00228,P08922,0
DB04147,Q46704,1
DB09018,Q46704,0
DB00493,Q8TCC7,1
DB01032,Q8TCC7,1
DB01053,Q8TCC7,1
DB01212,Q8TCC7,1
DB01241,Q8TCC7,1
DB11995,Q8TCC7,1
DB00218,Q8TCC7,0
DB04273,Q8TCC7,0
DB03782,Q8TCC7,0
DB07729,Q8TCC7,0
DB01235,Q8TCC7,0
DB12245,Q8TCC7,0
DB03247,P30197,1
DB06217,P30197,0
DB12010,O00444,1
DB00647,O00444,0
DB00114,O75600,1
DB00145,O75600,1
DB04121,O75600,0
DB04059,O75600,0
DB02345,P77444,1
DB02761,P77444,1
DB03049,P77444,1
DB04217,P77444,1
DB08621,P77444,0
DB02959,P77444,0
DB04117,P77444,0
DB11132,P77444,0
DB08185,P0DOY9,1
DB07401,P0DOY9,0
DB01752,P14751,1
DB01910,P14751,1
DB02282,P14751,1
DB03139,P14751,0
DB07336,P14751,0
DB07053,P14751,0
DB00133,P49591,1
DB03837,P49591,0
DB01643,O52806,1
DB04348,O52806,0
DB06094,P04792,1
DB11638,P04792,1
DB12695,P04792,1
DB01639,P04792,0
DB00315,P04792,0
DB09229,P04792,0
DB03912,Q72K87,1
DB00128,Q72K87,0
DB11160,P70174,1
DB06928,P70174,0
DB02524,Q56310,1
DB03909,Q56310,1
DB04395,Q56310,1
DB11827,Q56310,0
DB01247,Q56310,0
DB05969,Q56310,0
DB08689,P0A6M2,1
DB08690,P0A6M2,1
DB08350,P0A6M2,0
DB07591,P0A6M2,0
DB00129,P54368,1
DB02758,P54368,0
DB02368,Q8P8J2,1
DB08554,Q8P8J2,1
DB02426,Q8P8J2,0
DB01172,Q8P8J2,0
DB02494,P62917,1
DB07374,P62917,1
DB08437,P62917,1
DB07380,P62917,0
DB02783,P62917,0
DB01075,P62917,0
DB00132,Q03181,1
DB00159,Q03181,1
DB00197,Q03181,1
DB00313,Q03181,1
DB00374,Q03181,1
DB00412,Q03181,1
DB00605,Q03181,1
DB01393,Q03181,1
DB02746,Q03181,1
DB03338,Q03181,1
DB04224,Q03181,1
DB04801,Q03181,1
DB05187,Q03181,1
DB05188,Q03181,1
DB05416,Q03181,1
DB07070,Q03181,1
DB07691,Q03181,1
DB07724,Q03181,1
DB08078,Q03181,1
DB09006,Q03181,1
DB09462,Q03181,1
DB13873,Q03181,1
DB00776,Q03181,0
DB01852,Q03181,0
DB02134,Q03181,0
DB00433,Q03181,0
DB01783,Q03181,0
DB00981,Q03181,0
DB01401,Q03181,0
DB03374,Q03181,0
DB07055,Q03181,0
DB01939,Q03181,0
DB03015,Q03181,0
DB08322,Q03181,0
DB04835,Q03181,0
DB03448,Q03181,0
DB07533,Q03181,0
DB04065,Q03181,0
DB00138,Q03181,0
DB02929,Q03181,0
DB00435,Q03181,0
DB08444,Q03181,0
DB01134,Q03181,0
DB02829,Q03181,0
DB11195,P12851,1
DB08071,P12851,0
DB04328,Q9S400,1
DB04539,Q9S400,1
DB07521,Q9S400,0
DB07533,Q9S400,0
DB00319,Q75Y35,1
DB00415,Q75Y35,1
DB00438,Q75Y35,1
DB00447,Q75Y35,1
DB00456,Q75Y35,1
DB00485,Q75Y35,1
DB00567,Q75Y35,1
DB00607,Q75Y35,1
DB00713,Q75Y35,1
DB00739,Q75Y35,1
DB00833,Q75Y35,1
DB00948,Q75Y35,1
DB01000,Q75Y35,1
DB01140,Q75Y35,1
DB01163,Q75Y35,1
DB01330,Q75Y35,1
DB01331,Q75Y35,1
DB01603,Q75Y35,1
DB03313,Q75Y35,1
DB08795,Q75Y35,1
DB03855,Q75Y35,0
DB08149,Q75Y35,0
DB08303,Q75Y35,0
DB02968,Q75Y35,0
DB02555,Q75Y35,0
DB04883,Q75Y35,0
DB03469,Q75Y35,0
DB06494,Q75Y35,0
DB08115,Q75Y35,0
DB00139,Q75Y35,0
DB12285,Q75Y35,0
DB11327,Q75Y35,0
DB11858,Q75Y35,0
DB08714,Q75Y35,0
DB00446,Q75Y35,0
DB04972,Q75Y35,0
DB04774,Q75Y35,0
DB14185,Q75Y35,0
DB03979,Q75Y35,0
DB04529,Q75Y35,0
DB00786,P45452,1
DB01996,P45452,1
DB02049,P45452,1
DB02071,P45452,1
DB02697,P45452,1
DB03033,P45452,1
DB04759,P45452,1
DB04760,P45452,1
DB04761,P45452,1
DB07013,P45452,1
DB07827,P45452,1
DB08388,P45452,1
DB08490,P45452,1
DB08561,P45452,1
DB02866,P45452,0
DB00341,P45452,0
DB06408,P45452,0
DB03857,P45452,0
DB07116,P45452,0
DB14010,P45452,0
DB01301,P45452,0
DB07936,P45452,0
DB07996,P45452,0
DB01207,P45452,0
DB02965,P45452,0
DB03115,P45452,0
DB08537,P45452,0
DB08310,P45452,0
DB00753,P30049,1
DB01189,P30049,1
DB08628,P30049,0
DB06757,P30049,0
DB01632,Q8VP84,1
DB03971,Q8VP84,0
DB00274,P02919,1
DB00303,P02919,1
DB00430,P02919,1
DB00438,P02919,1
DB00578,P02919,1
DB00689,P02919,1
DB01000,P02919,1
DB01327,P02919,1
DB01328,P02919,1
DB01329,P02919,1
DB01331,P02919,1
DB01332,P02919,1
DB01414,P02919,1
DB01415,P02919,1
DB01598,P02919,1
DB01602,P02919,1
DB04570,P02919,1
DB06211,P02919,1
DB09050,P02919,1
DB09319,P02919,1
DB11367,P02919,1
DB04417,P02919,0
DB08964,P02919,0
DB03909,P02919,0
DB03125,P02919,0
DB13919,P02919,0
DB00717,P02919,0
DB01779,P02919,0
DB03956,P02919,0
DB00675,P02919,0
DB04495,P02919,0
DB01345,P02919,0
DB06922,P02919,0
DB06750,P02919,0
DB07232,P02919,0
DB09409,P02919,0
DB00778,P02919,0
DB08221,P02919,0
DB07521,P02919,0
DB02061,P02919,0
DB04581,P02919,0
DB07755,P02919,0
DB00171,P25098,1
DB00220,P25098,0
DB00173,Q9BY49,1
DB04616,Q9BY49,0
DB00480,P33151,1
DB00395,P33151,0
DB01254,P29317,1
DB04395,P29317,1
DB08896,P29317,1
DB12010,P29317,1
DB02131,P29317,0
DB04361,P29317,0
DB03882,P29317,0
DB07894,P29317,0
DB02209,P0A794,1
DB02496,P0A794,1
DB02515,P0A794,1
DB06267,P0A794,0
DB07273,P0A794,0
DB01357,P0A794,0
DB00583,O43772,1
DB02877,O43772,0
DB04147,P0C0Y9,1
DB08215,P0C0Y9,1
DB08690,P0C0Y9,1
DB01681,P0C0Y9,0
DB04130,P0C0Y9,0
DB07323,P0C0Y9,0
DB03345,P09382,1
DB04396,P09382,1
DB04447,P09382,1
DB11638,P09382,1
DB04682,P09382,0
DB07339,P09382,0
DB04176,P09382,0
DB07039,P09382,0
DB04216,P60709,1
DB12695,P60709,1
DB07841,P60709,0
DB06775,P60709,0
DB00172,O43447,1
DB07327,O43447,0
DB03227,Q9HAN9,1
DB04099,Q9HAN9,1
DB07159,Q9HAN9,0
DB05266,Q9HAN9,0
DB08273,P23083,1
DB08294,P23083,1
DB08295,P23083,1
DB08731,P23083,0
DB01440,P23083,0
DB01177,P23083,0
DB00132,Q07869,1
DB00159,Q07869,1
DB00197,Q07869,1
DB00313,Q07869,1
DB00328,Q07869,1
DB00412,Q07869,1
DB00573,Q07869,1
DB00636,Q07869,1
DB01039,Q07869,1
DB01050,Q07869,1
DB01118,Q07869,1
DB01241,Q07869,1
DB01393,Q07869,1
DB01708,Q07869,1
DB01890,Q07869,1
DB02266,Q07869,1
DB02709,Q07869,1
DB02746,Q07869,1
DB03017,Q07869,1
DB03193,Q07869,1
DB03756,Q07869,1
DB03796,Q07869,1
DB04224,Q07869,1
DB04519,Q07869,1
DB04557,Q07869,1
DB04971,Q07869,1
DB05187,Q07869,1
DB05416,Q07869,1
DB06510,Q07869,1
DB06521,Q07869,1
DB06533,Q07869,1
DB06536,Q07869,1
DB07215,Q07869,1
DB07724,Q07869,1
DB08231,Q07869,1
DB08915,Q07869,1
DB09006,Q07869,1
DB09064,Q07869,1
DB09213,Q07869,1
DB12007,Q07869,1
DB12961,Q07869,1
DB13873,Q07869,1
DB01908,Q07869,0
DB05038,Q07869,0
DB07939,Q07869,0
DB02884,Q07869,0
DB00292,Q07869,0
DB02673,Q07869,0
DB03349,Q07869,0
DB02438,Q07869,0
DB03478,Q07869,0
DB04740,Q07869,0
DB02188,Q07869,0
DB02911,Q07869,0
DB03496,Q07869,0
DB11575,Q07869,0
DB07280,Q07869,0
DB11921,Q07869,0
DB02365,Q07869,0
DB04450,Q07869,0
DB08896,Q07869,0
DB02603,Q07869,0
DB07683,Q07869,0
DB02457,Q07869,0
DB00173,Q07869,0
DB04609,Q07869,0
DB02358,Q07869,0
DB07676,Q07869,0
DB07328,Q07869,0
DB02449,Q07869,0
DB05403,Q07869,0
DB02770,Q07869,0
DB13165,Q07869,0
DB14879,Q07869,0
DB08097,Q07869,0
DB04784,Q07869,0
DB08783,Q07869,0
DB06154,Q07869,0
DB05932,Q07869,0
DB08591,Q07869,0
DB00789,Q07869,0
DB04641,Q07869,0
DB02141,Q07869,0
DB03542,Q07869,0
DB00143,P00390,1
DB00157,P00390,1
DB00262,P00390,1
DB01644,P00390,1
DB02153,P00390,1
DB02553,P00390,1
DB02895,P00390,1
DB03147,P00390,1
DB03310,P00390,1
DB03867,P00390,1
DB07393,P00390,1
DB07714,P00390,1
DB09061,P00390,1
DB09130,P00390,1
DB14011,P00390,1
DB03246,P00390,0
DB03616,P00390,0
DB07692,P00390,0
DB05298,P00390,0
DB02276,P00390,0
DB07790,P00390,0
DB03126,P00390,0
DB00457,P00390,0
DB07440,P00390,0
DB08078,P00390,0
DB03525,P00390,0
DB00903,P00390,0
DB00294,P00390,0
DB11641,P00390,0
DB08569,P00390,0
DB00182,P08913,1
DB00193,P08913,1
DB00217,P08913,1
DB00246,P08913,1
DB00248,P08913,1
DB00268,P08913,1
DB00320,P08913,1
DB00321,P08913,1
DB00363,P08913,1
DB00368,P08913,1
DB00370,P08913,1
DB00397,P08913,1
DB00408,P08913,1
DB00413,P08913,1
DB00433,P08913,1
DB00449,P08913,1
DB00457,P08913,1
DB00477,P08913,1
DB00484,P08913,1
DB00502,P08913,1
DB00540,P08913,1
DB00543,P08913,1
DB00555,P08913,1
DB00575,P08913,1
DB00589,P08913,1
DB00629,P08913,1
DB00633,P08913,1
DB00656,P08913,1
DB00668,P08913,1
DB00692,P08913,1
DB00696,P08913,1
DB00697,P08913,1
DB00714,P08913,1
DB00715,P08913,1
DB00726,P08913,1
DB00751,P08913,1
DB00797,P08913,1
DB00800,P08913,1
DB00852,P08913,1
DB00865,P08913,1
DB00925,P08913,1
DB00934,P08913,1
DB00935,P08913,1
DB00964,P08913,1
DB00968,P08913,1
DB01018,P08913,1
DB01069,P08913,1
DB01136,P08913,1
DB01149,P08913,1
DB01151,P08913,1
DB01175,P08913,1
DB01186,P08913,1
DB01200,P08913,1
DB01224,P08913,1
DB01238,P08913,1
DB01267,P08913,1
DB01365,P08913,1
DB01392,P08913,1
DB01403,P08913,1
DB01472,P08913,1
DB01576,P08913,1
DB01577,P08913,1
DB01608,P08913,1
DB01624,P08913,1
DB04846,P08913,1
DB04855,P08913,1
DB04948,P08913,1
DB05492,P08913,1
DB06148,P08913,1
DB06153,P08913,1
DB06216,P08913,1
DB06229,P08913,1
DB06262,P08913,1
DB06623,P08913,1
DB06678,P08913,1
DB06694,P08913,1
DB06707,P08913,1
DB06711,P08913,1
DB08815,P08913,1
DB09167,P08913,1
DB09194,P08913,1
DB09195,P08913,1
DB09202,P08913,1
DB09205,P08913,1
DB09229,P08913,1
DB09242,P08913,1
DB09244,P08913,1
DB09286,P08913,1
DB09304,P08913,1
DB11273,P08913,1
DB11278,P08913,1
DB11477,P08913,1
DB11577,P08913,1
DB11738,P08913,1
DB13025,P08913,1
DB13345,P08913,1
DB14185,P08913,1
DB08421,P08913,0
DB06147,P08913,0
DB03192,P08913,0
DB06847,P08913,0
DB03888,P08913,0
DB04166,P08913,0
DB01861,P08913,0
DB13092,P08913,0
DB02278,P08913,0
DB14066,P08913,0
DB06287,P08913,0
DB01639,P08913,0
DB07949,P08913,0
DB14879,P08913,0
DB02796,P08913,0
DB02581,P08913,0
DB08218,P08913,0
DB04821,P08913,0
DB08391,P08913,0
DB12001,P08913,0
DB00936,P08913,0
DB00175,P08913,0
DB00795,P08913,0
DB07484,P08913,0
DB02192,P08913,0
DB07641,P08913,0
DB00385,P08913,0
DB03442,P08913,0
DB00828,P08913,0
DB07087,P08913,0
DB07322,P08913,0
DB07834,P08913,0
DB03372,P08913,0
DB01826,P08913,0
DB03235,P08913,0
DB03631,P08913,0
DB11064,P08913,0
DB00915,P08913,0
DB06641,P08913,0
DB02137,P08913,0
DB05152,P08913,0
DB07929,P08913,0
DB08184,P08913,0
DB07209,P08913,0
DB00731,P08913,0
DB07841,P08913,0
DB00863,P08913,0
DB04615,P08913,0
DB08081,P08913,0
DB06533,P08913,0
DB07078,P08913,0
DB06821,P08913,0
DB03536,P08913,0
DB03612,P08913,0
DB02049,P08913,0
DB06981,P08913,0
DB09282,P08913,0
DB01421,P08913,0
DB13158,P08913,0
DB07411,P08913,0
DB08612,P08913,0
DB09079,P08913,0
DB07183,P08913,0
DB08026,P08913,0
DB11772,P08913,0
DB07959,P08913,0
DB04539,P08913,0
DB07237,P08913,0
DB00845,P08913,0
DB08573,P08913,0
DB08550,P08913,0
DB04702,P08913,0
DB01325,P08913,0
DB00115,P08913,0
DB08798,P08913,0
DB07575,P08913,0
DB07008,P08913,0
DB04660,P08913,0
DB01106,P08913,0
DB00819,P08913,0
DB07965,P08913,0
DB01440,P08913,0
DB03008,P08913,0
DB01324,P08913,0
DB03301,P08913,0
DB00678,P08913,0
DB08382,P08913,0
DB04519,P08913,0
DB02434,P08913,0
DB13876,P08913,0
DB07565,P08913,0
DB05383,P08913,0
DB07772,P08913,0
DB00521,P08913,0
DB09049,P08913,0
DB00957,P08913,0
DB06470,P08913,0
DB03147,Q9RC23,1
DB06902,Q9RC23,0
DB08231,P9WH69,1
DB00431,P9WH69,0
DB01942,P77454,1
DB00300,P77454,0
DB00452,P61073,1
DB05501,P61073,1
DB06809,P61073,1
DB02723,P61073,0
DB07113,P61073,0
DB01167,P61073,0
DB02379,P00692,1
DB03773,P00692,1
DB01328,P00692,0
DB02803,P00692,0
DB12010,P57078,1
DB08446,P57078,0
DB01966,P07602,1
DB03782,P07602,0
DB00114,Q6IBS8,1
DB06448,Q6IBS8,0
DB04137,P32173,1
DB02589,P32173,0
DB00713,D6R448,1
DB01792,D6R448,0
DB00357,P05108,1
DB04271,P05108,0
DB12010,Q00532,1
DB08795,Q00532,0
DB00246,A5X5Y0,1
DB00715,A5X5Y0,1
DB00898,A5X5Y0,1
DB01239,A5X5Y0,1
DB09304,A5X5Y0,1
DB11273,A5X5Y0,1
DB12141,A5X5Y0,1
DB13025,A5X5Y0,1
DB13345,A5X5Y0,1
DB03171,A5X5Y0,0
DB06934,A5X5Y0,0
DB01895,A5X5Y0,0
DB07459,A5X5Y0,0
DB01150,A5X5Y0,0
DB08271,A5X5Y0,0
DB08761,A5X5Y0,0
DB03607,A5X5Y0,0
DB01511,A5X5Y0,0
DB01942,Q9Z4N6,1
DB04834,Q9Z4N6,0
DB03676,Q47NK3,1
DB07053,Q47NK3,0
DB00210,P13631,1
DB00459,P13631,1
DB00523,P13631,1
DB00755,P13631,1
DB00799,P13631,1
DB00926,P13631,1
DB00982,P13631,1
DB02258,P13631,1
DB02466,P13631,1
DB02741,P13631,1
DB03279,P13631,1
DB03466,P13631,1
DB07031,P13631,1
DB07294,P13631,1
DB12808,P13631,1
DB00851,P13631,0
DB07805,P13631,0
DB07829,P13631,0
DB08788,P13631,0
DB03573,P13631,0
DB07810,P13631,0
DB03539,P13631,0
DB11660,P13631,0
DB08848,P13631,0
DB02797,P13631,0
DB07882,P13631,0
DB11676,P13631,0
DB04007,P13631,0
DB13025,P13631,0
DB01007,P13631,0
DB04099,P54455,1
DB08163,P54455,0
DB00157,P03905,1
DB04639,P03905,0
DB02910,P11310,1
DB03147,P11310,1
DB03415,P11310,1
DB05524,P11310,0
DB13061,P11310,0
DB05271,P11310,0
DB04395,Q9RA63,1
DB00986,Q9RA63,0
DB04147,P98002,1
DB02854,P98002,0
DB00182,P18825,1
DB00193,P18825,1
DB00217,P18825,1
DB00246,P18825,1
DB00248,P18825,1
DB00268,P18825,1
DB00363,P18825,1
DB00368,P18825,1
DB00397,P18825,1
DB00408,P18825,1
DB00433,P18825,1
DB00477,P18825,1
DB00484,P18825,1
DB00502,P18825,1
DB00540,P18825,1
DB00543,P18825,1
DB00575,P18825,1
DB00589,P18825,1
DB00696,P18825,1
DB00697,P18825,1
DB00714,P18825,1
DB00715,P18825,1
DB00734,P18825,1
DB00797,P18825,1
DB00800,P18825,1
DB00925,P18825,1
DB00934,P18825,1
DB00935,P18825,1
DB01069,P18825,1
DB01136,P18825,1
DB01151,P18825,1
DB01175,P18825,1
DB01186,P18825,1
DB01200,P18825,1
DB01224,P18825,1
DB01238,P18825,1
DB01267,P18825,1
DB01365,P18825,1
DB01392,P18825,1
DB01403,P18825,1
DB01576,P18825,1
DB01577,P18825,1
DB04846,P18825,1
DB04855,P18825,1
DB04946,P18825,1
DB05461,P18825,1
DB05492,P18825,1
DB06148,P18825,1
DB06153,P18825,1
DB06216,P18825,1
DB06229,P18825,1
DB06262,P18825,1
DB06678,P18825,1
DB06694,P18825,1
DB06707,P18825,1
DB08815,P18825,1
DB08838,P18825,1
DB09128,P18825,1
DB09167,P18825,1
DB09194,P18825,1
DB09195,P18825,1
DB09202,P18825,1
DB09205,P18825,1
DB09229,P18825,1
DB09304,P18825,1
DB11273,P18825,1
DB11278,P18825,1
DB11477,P18825,1
DB11577,P18825,1
DB13025,P18825,1
DB13345,P18825,1
DB14185,P18825,1
DB00489,P18825,0
DB03254,P18825,0
DB08607,P18825,0
DB04680,P18825,0
DB01957,P18825,0
DB07312,P18825,0
DB12825,P18825,0
DB07371,P18825,0
DB07787,P18825,0
DB00142,P18825,0
DB04551,P18825,0
DB04382,P18825,0
DB04215,P18825,0
DB02893,P18825,0
DB07162,P18825,0
DB11275,P18825,0
DB12874,P18825,0
DB07140,P18825,0
DB07049,P18825,0
DB03333,P18825,0
DB00532,P18825,0
DB08160,P18825,0
DB01719,P18825,0
DB00430,P18825,0
DB06902,P18825,0
DB08214,P18825,0
DB01396,P18825,0
DB03866,P18825,0
DB08562,P18825,0
DB01138,P18825,0
DB06362,P18825,0
DB07708,P18825,0
DB08142,P18825,0
DB03380,P18825,0
DB07152,P18825,0
DB00756,P18825,0
DB13954,P18825,0
DB03749,P18825,0
DB01599,P18825,0
DB00209,P18825,0
DB04521,P18825,0
DB06393,P18825,0
DB03310,P18825,0
DB05668,P18825,0
DB04908,P18825,0
DB02268,P18825,0
DB02139,P18825,0
DB06594,P18825,0
DB04100,P18825,0
DB02427,P18825,0
DB08032,P18825,0
DB00780,P18825,0
DB07350,P18825,0
DB11614,P18825,0
DB02501,P18825,0
DB00869,P18825,0
DB08995,P18825,0
DB08337,P18825,0
DB04752,P18825,0
DB08231,P18825,0
DB04267,P18825,0
DB07251,P18825,0
DB03712,P18825,0
DB03327,P18825,0
DB04253,P18825,0
DB00240,P18825,0
DB08092,P18825,0
DB00846,P18825,0
DB04631,P18825,0
DB04727,P18825,0
DB01723,P18825,0
DB07533,P18825,0
DB01278,O60894,1
DB02894,O60894,0
DB01856,P56220,1
DB01992,P56220,1
DB03134,P56220,1
DB03699,P56220,1
DB03905,P56220,1
DB03768,P56220,0
DB07003,P56220,0
DB01623,P56220,0
DB03026,P56220,0
DB02691,P56220,0
DB00438,Q9X6V3,1
DB01413,Q9X6V3,1
DB14879,Q9X6V3,1
DB07818,Q9X6V3,0
DB08882,Q9X6V3,0
DB01756,Q9X6V3,0
DB02843,P19926,1
DB02400,P19926,0
DB02129,P05020,1
DB02262,P05020,1
DB03801,P05020,1
DB04252,P05020,1
DB09239,P05020,0
DB02510,P05020,0
DB07593,P05020,0
DB04372,P05020,0
DB08646,Q8VUS8,1
DB03928,Q8VUS8,0
DB02363,P43876,1
DB07416,P43876,0
DB07435,P52026,1
DB00218,P52026,0
DB02343,Q8Y7N7,1
DB01238,Q8Y7N7,0
DB00173,Q05603,1
DB01688,Q05603,1
DB01726,Q05603,1
DB02030,Q05603,1
DB02163,Q05603,1
DB02382,Q05603,1
DB02591,Q05603,1
DB02770,Q05603,1
DB02819,Q05603,1
DB02905,Q05603,1
DB02962,Q05603,1
DB03018,Q05603,1
DB03079,Q05603,1
DB03177,Q05603,1
DB03180,Q05603,1
DB03200,Q05603,1
DB03366,Q05603,1
DB03887,Q05603,1
DB04052,Q05603,1
DB04120,Q05603,1
DB04130,Q05603,1
DB04176,Q05603,1
DB04532,Q05603,1
DB04533,Q05603,1
DB04033,Q05603,0
DB08930,Q05603,0
DB01922,Q05603,0
DB07852,Q05603,0
DB03020,Q05603,0
DB03330,Q05603,0
DB07901,Q05603,0
DB00924,Q05603,0
DB06882,Q05603,0
DB07156,Q05603,0
DB01767,Q05603,0
DB04297,Q05603,0
DB07345,Q05603,0
DB07309,Q05603,0
DB01324,Q05603,0
DB01839,Q05603,0
DB08724,Q05603,0
DB11195,Q05603,0
DB01435,Q05603,0
DB06991,Q05603,0
DB01784,Q05603,0
DB03987,Q05603,0
DB06333,Q05603,0
DB08374,Q05603,0
DB02379,P01552,1
DB03721,P01552,1
DB12245,P01552,0
DB13167,P01552,0
DB13615,Q9HC29,1
DB07187,Q9HC29,0
DB05414,Q81ZL8,1
DB09166,Q81ZL8,0
DB00721,P26358,1
DB00928,P26358,1
DB01035,P26358,1
DB01099,P26358,1
DB01262,P26358,1
DB05668,P26358,1
DB12116,P26358,1
DB01948,P26358,0
DB02026,P26358,0
DB04762,P26358,0
DB04732,P26358,0
DB07065,P26358,0
DB01051,P26358,0
DB08253,P26358,0
DB01846,O06644,1
DB01992,O06644,1
DB07199,O06644,0
DB08881,O06644,0
DB00825,Q8NET8,1
DB01744,Q8NET8,1
DB09061,Q8NET8,1
DB09086,Q8NET8,1
DB11345,Q8NET8,1
DB14011,Q8NET8,1
DB03359,Q8NET8,0
DB08212,Q8NET8,0
DB05260,Q8NET8,0
DB06861,Q8NET8,0
DB02112,Q8NET8,0
DB02548,Q8NET8,0
DB08185,P62669,1
DB05255,P62669,0
DB02379,O07653,1
DB02887,O07653,0
DB01796,P9WJJ7,1
DB02382,P9WJJ7,1
DB02746,P9WJJ7,1
DB04294,P9WJJ7,1
DB01877,P9WJJ7,0
DB02452,P9WJJ7,0
DB02574,P9WJJ7,0
DB03077,P9WJJ7,0
DB01097,Q02127,1
DB01117,Q02127,1
DB02262,Q02127,1
DB02613,Q02127,1
DB03247,Q02127,1
DB03480,Q02127,1
DB03523,Q02127,1
DB04147,Q02127,1
DB04281,Q02127,1
DB04583,Q02127,1
DB06481,Q02127,1
DB07443,Q02127,1
DB07559,Q02127,1
DB07561,Q02127,1
DB07646,Q02127,1
DB07975,Q02127,1
DB07976,Q02127,1
DB07977,Q02127,1
DB07978,Q02127,1
DB08006,Q02127,1
DB08008,Q02127,1
DB08169,Q02127,1
DB08172,Q02127,1
DB08249,Q02127,1
DB08880,Q02127,1
DB12831,Q02127,0
DB08542,Q02127,0
DB01841,Q02127,0
DB00966,Q02127,0
DB03359,Q02127,0
DB08836,Q02127,0
DB00936,Q02127,0
DB03090,Q02127,0
DB02457,Q02127,0
DB01806,Q02127,0
DB00209,Q02127,0
DB06878,Q02127,0
DB12693,Q02127,0
DB08387,Q02127,0
DB02400,Q02127,0
DB04701,Q02127,0
DB03472,Q02127,0
DB02463,Q02127,0
DB08709,Q02127,0
DB08807,Q02127,0
DB03546,Q02127,0
DB02217,Q02127,0
DB01786,Q02127,0
DB04719,Q02127,0
DB02123,Q02127,0
DB02740,P01850,1
DB08097,P01850,0
DB01069,Q15391,1
DB01860,Q15391,0
DB12010,Q2M2I8,1
DB04487,Q2M2I8,0
DB02274,P12995,1
DB02725,P12995,1
DB04083,P12995,1
DB11653,P12995,0
DB11574,P12995,0
DB07070,P12995,0
DB00255,Q92731,1
DB00396,Q92731,1
DB00481,Q92731,1
DB00655,Q92731,1
DB00675,Q92731,1
DB00783,Q92731,1
DB01108,Q92731,1
DB01196,Q92731,1
DB01428,Q92731,1
DB01645,Q92731,1
DB01708,Q92731,1
DB01878,Q92731,1
DB02746,Q92731,1
DB02757,Q92731,1
DB02983,Q92731,1
DB03467,Q92731,1
DB03860,Q92731,1
DB03882,Q92731,1
DB04020,Q92731,1
DB04216,Q92731,1
DB04468,Q92731,1
DB04573,Q92731,1
DB04574,Q92731,1
DB05966,Q92731,1
DB06202,Q92731,1
DB06249,Q92731,1
DB06401,Q92731,1
DB06832,Q92731,1
DB06875,Q92731,1
DB06927,Q92731,1
DB06937,Q92731,1
DB07009,Q92731,1
DB07032,Q92731,1
DB07036,Q92731,1
DB07119,Q92731,1
DB07150,Q92731,1
DB07198,Q92731,1
DB07230,Q92731,1
DB07236,Q92731,1
DB07638,Q92731,1
DB07702,Q92731,1
DB07757,Q92731,1
DB07933,Q92731,1
DB08020,Q92731,1
DB09086,Q92731,1
DB11219,Q92731,1
DB11674,Q92731,1
DB13869,Q92731,1
DB13952,Q92731,1
DB13953,Q92731,1
DB13954,Q92731,1
DB13955,Q92731,1
DB13956,Q92731,1
DB14641,Q92731,1
DB15690,Q92731,1
DB03107,Q92731,0
DB00480,Q92731,0
DB01661,Q92731,0
DB00477,Q92731,0
DB00487,Q92731,0
DB08770,Q92731,0
DB00392,Q92731,0
DB00922,Q92731,0
DB08490,Q92731,0
DB02681,Q92731,0
DB05413,Q92731,0
DB02305,Q92731,0
DB00380,Q92731,0
DB01833,Q92731,0
DB00173,Q92731,0
DB02053,Q92731,0
DB00790,Q92731,0
DB08931,Q92731,0
DB00213,Q92731,0
DB02954,Q92731,0
DB04864,Q92731,0
DB07851,Q92731,0
DB04185,Q92731,0
DB07909,Q92731,0
DB01621,Q92731,0
DB02422,Q92731,0
DB03351,Q92731,0
DB02215,Q92731,0
DB13061,Q92731,0
DB02911,Q92731,0
DB06878,Q92731,0
DB01701,Q92731,0
DB04480,Q92731,0
DB03644,Q92731,0
DB04856,Q92731,0
DB05786,Q92731,0
DB02211,Q92731,0
DB03365,Q92731,0
DB12364,Q92731,0
DB07543,Q92731,0
DB07019,Q92731,0
DB08338,Q92731,0
DB02137,Q92731,0
DB02720,Q92731,0
DB11772,Q92731,0
DB01141,Q92731,0
DB00847,Q92731,0
DB08713,Q92731,0
DB07163,Q92731,0
DB02902,Q92731,0
DB06013,Q92731,0
DB11071,Q92731,0
DB02229,Q92731,0
DB03030,Q92731,0
DB04331,Q92731,0
DB01147,P0A3M5,1
DB01150,P0A3M5,1
DB05659,P0A3M5,1
DB03245,P0A3M5,0
DB03921,P0A3M5,0
DB07649,P0A3M5,0
DB00186,Q99928,1
DB00189,Q99928,1
DB00228,Q99928,1
DB00231,Q99928,1
DB00237,Q99928,1
DB00241,Q99928,1
DB00252,Q99928,1
DB00292,Q99928,1
DB00306,Q99928,1
DB00312,Q99928,1
DB00334,Q99928,1
DB00349,Q99928,1
DB00371,Q99928,1
DB00402,Q99928,1
DB00404,Q99928,1
DB00463,Q99928,1
DB00475,Q99928,1
DB00543,Q99928,1
DB00546,Q99928,1
DB00555,Q99928,1
DB00603,Q99928,1
DB00628,Q99928,1
DB00659,Q99928,1
DB00683,Q99928,1
DB00690,Q99928,1
DB00753,Q99928,1
DB00794,Q99928,1
DB00801,Q99928,1
DB00818,Q99928,1
DB00829,Q99928,1
DB00842,Q99928,1
DB00897,Q99928,1
DB00898,Q99928,1
DB01028,Q99928,1
DB01043,Q99928,1
DB01068,Q99928,1
DB01107,Q99928,1
DB01159,Q99928,1
DB01189,Q99928,1
DB01205,Q99928,1
DB01215,Q99928,1
DB01236,Q99928,1
DB01437,Q99928,1
DB01489,Q99928,1
DB01511,Q99928,1
DB01544,Q99928,1
DB01545,Q99928,1
DB01553,Q99928,1
DB01558,Q99928,1
DB01559,Q99928,1
DB01567,Q99928,1
DB01587,Q99928,1
DB01588,Q99928,1
DB01589,Q99928,1
DB01594,Q99928,1
DB01595,Q99928,1
DB01708,Q99928,1
DB01956,Q99928,1
DB06579,Q99928,1
DB09017,Q99928,1
DB09118,Q99928,1
DB09166,Q99928,1
DB11582,Q99928,1
DB11859,Q99928,1
DB11901,Q99928,1
DB12537,Q99928,1
DB13335,Q99928,1
DB13437,Q99928,1
DB13643,Q99928,1
DB13837,Q99928,1
DB13872,Q99928,1
DB13983,Q99928,1
DB14028,Q99928,1
DB14672,Q99928,1
DB14715,Q99928,1
DB14719,Q99928,1
DB15489,Q99928,1
DB09128,Q99928,0
DB00723,Q99928,0
DB01862,Q99928,0
DB02420,Q99928,0
DB02830,Q99928,0
DB07590,Q99928,0
DB01548,Q99928,0
DB14528,Q99928,0
DB04794,Q99928,0
DB03933,Q99928,0
DB07356,Q99928,0
DB03982,Q99928,0
DB09232,Q99928,0
DB12651,Q99928,0
DB06075,Q99928,0
DB05289,Q99928,0
DB09213,Q99928,0
DB06712,Q99928,0
DB00492,Q99928,0
DB04887,Q99928,0
DB02265,Q99928,0
DB03735,Q99928,0
DB03182,Q99928,0
DB06262,Q99928,0
DB02686,Q99928,0
DB02094,Q99928,0
DB03821,Q99928,0
DB01114,Q99928,0
DB00850,Q99928,0
DB07908,Q99928,0
DB00364,Q99928,0
DB09214,Q99928,0
DB02458,Q99928,0
DB03524,Q99928,0
DB11921,Q99928,0
DB08457,Q99928,0
DB06957,Q99928,0
DB04761,Q99928,0
DB04864,Q99928,0
DB00831,Q99928,0
DB07870,Q99928,0
DB13174,Q99928,0
DB08361,Q99928,0
DB07648,Q99928,0
DB07121,Q99928,0
DB04886,Q99928,0
DB02332,Q99928,0
DB03808,Q99928,0
DB08451,Q99928,0
DB01056,Q99928,0
DB04594,Q99928,0
DB07589,Q99928,0
DB01297,Q99928,0
DB03449,Q99928,0
DB06817,Q99928,0
DB02401,Q99928,0
DB02376,Q99928,0
DB08253,Q99928,0
DB03273,Q99928,0
DB00576,Q99928,0
DB00446,Q99928,0
DB01952,Q99928,0
DB08386,Q99928,0
DB04685,Q99928,0
DB00630,Q99928,0
DB07443,Q99928,0
DB08035,Q99928,0
DB08068,Q99928,0
DB02984,Q99928,0
DB02614,Q99928,0
DB01711,Q99928,0
DB05253,Q99928,0
DB01153,Q99928,0
DB04946,Q99928,0
DB08786,Q99928,0
DB07712,Q99928,0
DB00131,Q99928,0
DB01902,P46459,1
DB07046,P46459,0
DB02521,Q4R2T2,1
DB02552,Q4R2T2,1
DB04702,Q4R2T2,1
DB07661,Q4R2T2,1
DB06916,Q4R2T2,0
DB01903,Q4R2T2,0
DB00495,Q4R2T2,0
DB07216,Q4R2T2,0
DB03708,Q5SKH7,1
DB08454,Q5SKH7,0
DB07490,P0A8Q0,1
DB07918,P0A8Q0,1
DB01330,P0A8Q0,0
DB12377,P0A8Q0,0
DB02379,P0C2S5,1
DB01651,P0C2S5,0
DB08158,Q8AAK6,1
DB07382,Q8AAK6,0
DB08185,P80372,1
DB11596,P80372,0
DB00168,Q7RTX0,1
DB04180,Q7RTX0,0
DB04731,P29827,1
DB02917,P29827,0
DB00171,Q96G91,1
DB01069,Q96G91,1
DB01892,Q96G91,0
DB07305,Q96G91,0
DB02091,P20248,1
DB02407,P20248,1
DB02833,P20248,1
DB02915,P20248,1
DB06844,P20248,1
DB06944,P20248,1
DB06948,P20248,1
DB07126,P20248,1
DB07137,P20248,1
DB07164,P20248,1
DB07203,P20248,1
DB07471,P20248,1
DB07533,P20248,1
DB07534,P20248,1
DB07538,P20248,1
DB07539,P20248,1
DB07562,P20248,1
DB07688,P20248,1
DB07852,P20248,1
DB08178,P20248,1
DB08182,P20248,1
DB08218,P20248,1
DB08219,P20248,1
DB08233,P20248,1
DB08241,P20248,1
DB08248,P20248,1
DB08285,P20248,1
DB08309,P20248,1
DB08355,P20248,1
DB08463,P20248,1
DB08527,P20248,1
DB08572,P20248,1
DB08694,P20248,1
DB03467,P20248,0
DB02153,P20248,0
DB04407,P20248,0
DB00557,P20248,0
DB06413,P20248,0
DB03175,P20248,0
DB01745,P20248,0
DB04286,P20248,0
DB02497,P20248,0
DB03608,P20248,0
DB15489,P20248,0
DB08120,P20248,0
DB01375,P20248,0
DB00050,P20248,0
DB04151,P20248,0
DB07555,P20248,0
DB07276,P20248,0
DB12116,P20248,0
DB04631,P20248,0
DB12245,P20248,0
DB08758,P20248,0
DB12465,P20248,0
DB09041,P20248,0
DB04280,P20248,0
DB00926,P20248,0
DB04121,P20248,0
DB06510,P20248,0
DB08242,P20248,0
DB01785,P20248,0
DB07903,P20248,0
DB08137,P20248,0
DB08927,P20248,0
DB07984,P20248,0
DB01694,Q9NP99,1
DB07796,Q9NP99,0
DB02379,Q9KG76,1
DB00552,Q9KG76,0
DB01811,P02788,1
DB03017,P02788,1
DB03040,P02788,1
DB03485,P02788,1
DB04743,P02788,1
DB06987,P02788,1
DB08439,P02788,1
DB06512,P02788,0
DB01853,P02788,0
DB00846,P02788,0
DB03450,P02788,0
DB06912,P02788,0
DB06713,P02788,0
DB03911,P02788,0
DB08649,P84887,1
DB08652,P84887,1
DB08653,P84887,1
DB08767,P84887,1
DB03120,P84887,0
DB07732,P84887,0
DB09147,P84887,0
DB01041,P84887,0
DB11638,P09493,1
DB12695,P09493,1
DB07348,P09493,0
DB14544,P09493,0
DB00523,Q6V0L0,1
DB00755,Q6V0L0,1
DB06853,Q6V0L0,0
DB02127,Q6V0L0,0
DB00157,Q13423,1
DB01763,Q13423,1
DB03461,Q13423,1
DB09092,Q13423,1
DB02700,Q13423,0
DB08872,Q13423,0
DB03199,Q13423,0
DB07700,Q13423,0
DB00321,Q16620,1
DB11823,Q16620,1
DB11986,Q16620,1
DB12010,Q16620,1
DB14723,Q16620,1
DB02743,Q16620,0
DB02084,Q16620,0
DB00594,Q16620,0
DB06268,Q16620,0
DB07761,Q16620,0
DB00648,P15538,1
DB01011,P15538,1
DB05667,P15538,1
DB11837,P15538,1
DB03383,P15538,0
DB07697,P15538,0
DB01885,P15538,0
DB06237,P15538,0
DB03459,P27708,1
DB07790,P27708,0
DB08454,Q8IU85,1
DB12010,Q8IU85,1
DB04809,Q8IU85,0
DB14498,Q8IU85,0
DB02628,P98170,1
DB04209,P98170,1
DB04612,P98170,1
DB01793,P98170,0
DB01222,P98170,0
DB03230,P98170,0
DB00157,P80365,1
DB01185,P80365,1
DB01569,P80365,1
DB14538,P80365,1
DB14539,P80365,1
DB14540,P80365,1
DB14541,P80365,1
DB14542,P80365,1
DB14543,P80365,1
DB14544,P80365,1
DB11830,P80365,0
DB00050,P80365,0
DB13155,P80365,0
DB03865,P80365,0
DB01725,P80365,0
DB03771,P80365,0
DB07316,P80365,0
DB01605,P80365,0
DB00641,P80365,0
DB03551,P80365,0
DB00393,P08235,1
DB00396,P08235,1
DB00421,P08235,1
DB00588,P08235,1
DB00624,P08235,1
DB00687,P08235,1
DB00700,P08235,1
DB01013,P08235,1
DB01023,P08235,1
DB01134,P08235,1
DB01395,P08235,1
DB02901,P08235,1
DB02998,P08235,1
DB04630,P08235,1
DB04652,P08235,1
DB06780,P08235,1
DB08906,P08235,1
DB13867,P08235,1
DB13943,P08235,1
DB13944,P08235,1
DB13946,P08235,1
DB13951,P08235,1
DB07529,P08235,0
DB08633,P08235,0
DB04393,P08235,0
DB00918,P08235,0
DB02723,P08235,0
DB01655,P08235,0
DB01947,P08235,0
DB02765,P08235,0
DB07630,P08235,0
DB08583,P08235,0
DB08137,P08235,0
DB00733,P08235,0
DB00864,P08235,0
DB01712,P08235,0
DB03905,P08235,0
DB05706,P08235,0
DB00152,P08235,0
DB04693,P08235,0
DB07388,P08235,0
DB13949,P08235,0
DB07683,P08235,0
DB00369,P08235,0
DB01992,P9WNP5,1
DB03059,P9WNP5,1
DB04086,P9WNP5,0
DB04917,P9WNP5,0
DB01992,O32248,1
DB03400,O32248,0
DB08818,Q86UW8,1
DB08492,Q86UW8,0
DB00153,Q06432,1
DB00228,Q06432,1
DB00308,Q06432,1
DB00343,Q06432,1
DB00421,Q06432,1
DB00528,Q06432,1
DB00898,Q06432,1
DB04842,Q06432,1
DB11148,Q06432,1
DB07525,Q06432,0
DB09517,Q06432,0
DB00462,Q06432,0
DB00244,Q06432,0
DB01656,Q06432,0
DB00722,Q06432,0
DB05343,Q06432,0
DB03711,Q06432,0
DB08411,Q06432,0
DB01593,P06733,1
DB09130,P06733,1
DB11638,P06733,1
DB14487,P06733,1
DB14533,P06733,1
DB14517,P06733,0
DB06663,P06733,0
DB00647,P06733,0
DB05389,P06733,0
DB02152,P06733,0
DB00157,O75438,1
DB02854,O75438,0
DB01392,P78508,1
DB11148,P78508,1
DB05408,P78508,0
DB02201,P78508,0
DB08342,O75865,1
DB03230,O75865,0
DB00201,P27815,1
DB00277,P27815,1
DB00651,P27815,1
DB00824,P27815,1
DB00975,P27815,1
DB01088,P27815,1
DB01303,P27815,1
DB01427,P27815,1
DB01656,P27815,1
DB01791,P27815,1
DB05219,P27815,1
DB05266,P27815,1
DB06479,P27815,1
DB06751,P27815,1
DB06842,P27815,1
DB08299,P27815,1
DB08811,P27815,1
DB09283,P27815,1
DB01767,P27815,0
DB02031,P27815,0
DB02131,P27815,0
DB04306,P27815,0
DB04255,P27815,0
DB07288,P27815,0
DB01403,P27815,0
DB00372,P27815,0
DB08484,P27815,0
DB08348,P27815,0
DB01655,P27815,0
DB01080,P27815,0
DB01090,P27815,0
DB02681,P27815,0
DB07473,P27815,0
DB08139,P27815,0
DB04884,P27815,0
DB06860,P27815,0
DB00163,P67775,1
DB02506,P67775,1
DB06905,P67775,1
DB07238,P67775,0
DB02717,P67775,0
DB01370,P67775,0
DB02637,Q9ZF99,1
DB01463,Q9ZF99,0
DB03051,P09546,1
DB03147,P09546,1
DB04398,P09546,1
DB02023,P09546,0
DB04679,P09546,0
DB08436,P09546,0
DB04141,Q99643,1
DB08689,Q99643,1
DB00969,Q99643,0
DB04079,Q99643,0
DB07232,Q9UGN5,1
DB09074,Q9UGN5,1
DB11760,Q9UGN5,1
DB11793,Q9UGN5,1
DB12332,Q9UGN5,1
DB02296,Q9UGN5,0
DB04142,Q9UGN5,0
DB00637,Q9UGN5,0
DB06866,Q9UGN5,0
DB01234,Q9UGN5,0
DB12695,Q9Y266,1
DB02504,Q9Y266,0
DB02379,Q8GJ44,1
DB03389,Q8GJ44,1
DB02831,Q8GJ44,0
DB04599,Q8GJ44,0
DB00122,Q9Y5K3,1
DB14006,Q9Y5K3,1
DB07911,Q9Y5K3,0
DB08536,Q9Y5K3,0
DB00756,P06149,1
DB03147,P06149,1
DB08275,P06149,0
DB08091,P06149,0
DB00201,P51160,1
DB09283,P51160,1
DB04760,P51160,0
DB00426,P51160,0
DB00522,P05981,1
DB03297,P05981,1
DB03643,P05981,1
DB03865,P05981,1
DB07601,P05981,0
DB00191,P05981,0
DB08524,P05981,0
DB07933,P05981,0
DB01136,P16860,1
DB06412,P16860,1
DB07588,P16860,0
DB04905,P16860,0
DB01973,P27693,1
DB00921,P27693,0
DB01159,Q01814,1
DB01189,Q01814,1
DB02915,Q01814,0
DB00144,Q01814,0
DB03929,P29508,1
DB04522,P29508,1
DB14520,P29508,0
DB00850,P29508,0
DB03147,Q51225,1
DB00913,Q51225,0
DB04395,P23367,1
DB09462,P23367,1
DB02796,P23367,0
DB01933,P23367,0
DB03317,P00137,1
DB04273,P00137,0
DB02379,Q7SI98,1
DB03389,Q7SI98,1
DB04465,Q7SI98,1
DB00635,Q7SI98,0
DB03430,Q7SI98,0
DB03750,Q7SI98,0
DB00555,P02708,1
DB08838,P02708,1
DB02223,P02708,0
DB08777,P02708,0
DB12010,Q9HBH9,1
DB03223,Q9HBH9,0
DB00157,O95298,1
DB01136,O95298,1
DB08784,O95298,0
DB07988,O95298,0
DB00157,P17516,1
DB07002,P17516,0
DB08912,P57059,1
DB12010,P57059,1
DB06828,P57059,0
DB02373,P57059,0
DB01829,P26841,1
DB12831,P26841,0
DB00228,P17658,1
DB01069,P17658,1
DB01110,P17658,1
DB06637,P17658,1
DB07961,P17658,0
DB08837,P17658,0
DB03218,P17658,0
DB02121,P17658,0
DB03106,O14735,1
DB07960,O14735,0
DB04310,O31410,1
DB04100,O31410,0
DB00157,Q9BYZ2,1
DB00580,Q9BYZ2,0
DB03077,Q57193,1
DB02506,Q57193,0
DB04216,P06576,1
DB07384,P06576,1
DB07394,P06576,1
DB08399,P06576,1
DB08629,P06576,1
DB12695,P06576,1
DB04496,P06576,0
DB06321,P06576,0
DB04931,P06576,0
DB09073,P06576,0
DB03133,P06576,0
DB02411,P06576,0
DB04408,P0A3S0,1
DB08429,P0A3S0,0
DB01593,Q06033,1
DB14487,Q06033,1
DB14533,Q06033,1
DB14840,Q06033,0
DB06185,Q06033,0
DB07249,Q06033,0
DB12695,P34932,1
DB07130,P34932,0
DB11093,P27824,1
DB11348,P27824,1
DB14481,P27824,1
DB03399,P27824,0
DB08933,P27824,0
DB08631,P27824,0
DB02659,P14854,1
DB04464,P14854,1
DB02937,P14854,0
DB03832,P14854,0
DB01092,P13637,1
DB12831,P13637,0
DB02506,Q13362,1
DB06905,Q13362,1
DB01731,Q13362,0
DB01081,Q13362,0
DB00174,Q96I59,1
DB15489,Q96I59,0
DB00128,Q8N142,1
DB02109,Q8N142,1
DB03510,Q8N142,1
DB04137,Q8N142,1
DB04315,Q8N142,1
DB04418,Q8N142,1
DB04566,Q8N142,1
DB05540,Q8N142,1
DB00262,Q8N142,0
DB00342,Q8N142,0
DB01645,Q8N142,0
DB12271,Q8N142,0
DB06494,Q8N142,0
DB01842,Q8N142,0
DB04881,Q8N142,0
DB07918,Q8N142,0
DB04395,P0A6H7,1
DB08597,P0A6H7,0
DB01912,Q46730,1
DB01037,Q46730,0
DB02218,O82839,1
DB02379,O82839,1
DB08848,O82839,0
DB09232,O82839,0
DB00142,P43004,1
DB06840,P43004,0
DB04401,P77674,1
DB01615,P77674,0
DB02237,P13507,1
DB02379,P13507,1
DB00850,P13507,0
DB03028,P13507,0
DB02726,Q7ADF8,1
DB03881,Q7ADF8,0
DB06998,P0A988,1
DB08577,P0A988,0
DB00120,Q9Y285,1
DB00703,Q9Y285,0
DB02376,P09848,1
DB02471,P09848,1
DB03389,P09848,1
DB04282,P09848,1
DB04564,P09848,1
DB04659,P09848,1
DB04779,P09848,1
DB08558,P09848,1
DB02712,P09848,0
DB07595,P09848,0
DB08543,P09848,0
DB04417,P09848,0
DB06947,P09848,0
DB01012,P09848,0
DB09300,P09848,0
DB00204,P09848,0
DB06990,P13051,1
DB07116,P13051,1
DB07760,P13051,1
DB08652,P13051,0
DB08388,P13051,0
DB03220,P13051,0
DB04083,P00935,1
DB08072,P00935,0
DB03692,P0A921,1
DB07759,P0A921,0
DB03384,P55210,1
DB05408,P55210,1
DB06255,P55210,1
DB00963,P55210,0
DB02263,P55210,0
DB02262,P55210,0
DB04400,P61457,1
DB06156,P61457,0
DB04714,A0R559,1
DB01862,A0R559,0
DB00114,Q9Y697,1
DB00151,Q9Y697,1
DB00160,Q9Y697,1
DB04444,Q9Y697,0
DB08568,Q9Y697,0
DB01807,Q9Y697,0
DB03317,Q55013,1
DB01355,Q55013,0
DB01133,Q15904,1
DB03935,Q15904,0
DB02494,Q96L21,1
DB07374,Q96L21,1
DB08437,Q96L21,1
DB05234,Q96L21,0
DB06410,Q96L21,0
DB04837,Q96L21,0
DB02038,P16932,1
DB02849,P16932,1
DB03787,P16932,1
DB04241,P16932,1
DB07036,P16932,0
DB00933,P16932,0
DB01239,P16932,0
DB12855,P16932,0
DB12010,Q13546,1
DB03128,Q13546,0
DB00175,Q92769,1
DB00227,Q92769,1
DB00277,Q92769,1
DB00313,Q92769,1
DB00641,Q92769,1
DB01076,Q92769,1
DB01095,Q92769,1
DB01223,Q92769,1
DB01303,Q92769,1
DB02546,Q92769,1
DB05015,Q92769,1
DB05223,Q92769,1
DB06176,Q92769,1
DB06603,Q92769,1
DB09091,Q92769,1
DB11830,Q92769,1
DB01983,Q92769,0
DB02322,Q92769,0
DB02030,Q92769,0
DB08748,Q92769,0
DB07658,Q92769,0
DB04351,Q92769,0
DB08173,Q92769,0
DB04489,Q92769,0
DB03469,Q92769,0
DB03485,Q92769,0
DB08734,Q92769,0
DB02609,Q92769,0
DB01261,Q92769,0
DB03693,Q92769,0
DB00776,Q92769,0
DB05552,Q92769,0
DB12010,Q9P2K8,1
DB03108,Q9P2K8,0
DB12010,Q15569,1
DB06837,Q15569,0
DB01752,Q5SKH6,1
DB02512,Q5SKH6,0
DB00162,Q96NR8,1
DB06240,Q96NR8,0
DB00172,Q13427,1
DB07154,Q13427,0
DB08185,Q5SLQ0,1
DB13800,Q5SLQ0,0
DB01087,P08729,1
DB08155,P08729,0
DB01681,P15259,1
DB04510,P15259,1
DB06828,P15259,0
DB07930,P15259,0
DB00182,P27338,1
DB00191,P27338,1
DB00721,P27338,1
DB00752,P27338,1
DB00780,P27338,1
DB00909,P27338,1
DB01037,P27338,1
DB01132,P27338,1
DB01168,P27338,1
DB01171,P27338,1
DB01247,P27338,1
DB01367,P27338,1
DB01442,P27338,1
DB01472,P27338,1
DB01577,P27338,1
DB01626,P27338,1
DB02095,P27338,1
DB02211,P27338,1
DB02509,P27338,1
DB02643,P27338,1
DB03147,P27338,1
DB03894,P27338,1
DB04147,P27338,1
DB04307,P27338,1
DB04677,P27338,1
DB04820,P27338,1
DB04821,P27338,1
DB04832,P27338,1
DB06654,P27338,1
DB07512,P27338,1
DB07513,P27338,1
DB08082,P27338,1
DB08176,P27338,1
DB08480,P27338,1
DB08516,P27338,1
DB14914,P27338,1
DB12445,P27338,0
DB00537,P27338,0
DB06771,P27338,0
DB08111,P27338,0
DB07297,P27338,0
DB01710,P27338,0
DB01233,P27338,0
DB06828,P27338,0
DB08714,P27338,0
DB12116,P27338,0
DB02932,P27338,0
DB06830,P27338,0
DB00255,P27338,0
DB03881,P27338,0
DB02822,P27338,0
DB09212,P27338,0
DB08405,P27338,0
DB04416,P27338,0
DB13869,P27338,0
DB00703,P27338,0
DB02486,P27338,0
DB03670,P27338,0
DB08675,P27338,0
DB03503,P27338,0
DB08632,P27338,0
DB03260,P27338,0
DB06865,P27338,0
DB00274,P27338,0
DB08540,P27338,0
DB04427,P27338,0
DB01780,P27338,0
DB08673,P27338,0
DB04151,P27338,0
DB09209,P27338,0
DB04377,P27338,0
DB01652,P27338,0
DB12695,Q8TF61,1
DB06133,Q8TF61,0
DB03535,Q9X6R4,1
DB03555,Q9X6R4,0
DB00157,P14061,1
DB01536,P14061,1
DB01561,P14061,1
DB02187,P14061,1
DB02323,P14061,1
DB02901,P14061,1
DB03461,P14061,1
DB13951,P14061,1
DB08709,P14061,0
DB08722,P14061,0
DB04853,P14061,0
DB04751,P14061,0
DB07046,P14061,0
DB02088,P14061,0
DB03430,P14061,0
DB02773,P14061,0
DB11638,Q8IB72,1
DB02868,Q8IB72,0
DB03411,P9WP01,1
DB03551,P9WP01,1
DB04095,P9WP01,1
DB02515,P9WP01,0
DB01120,P9WP01,0
DB00567,P9WP01,0
DB09536,Q9UEW3,1
DB11132,Q9UEW3,1
DB04004,Q9UEW3,0
DB08302,Q9UEW3,0
DB12695,P60903,1
DB01620,P60903,0
DB04646,P83792,1
DB08453,P83792,1
DB08365,P83792,0
DB09124,P83792,0
DB00594,P19801,1
DB01373,P19801,1
DB03608,P19801,1
DB08078,P19801,0
DB00391,P19801,0
DB00617,P19801,0
DB00149,O60294,1
DB06457,O60294,0
DB00157,Q9NRX3,1
DB03340,Q9NRX3,0
DB00184,P30532,1
DB00237,P30532,1
DB00898,P30532,1
DB07343,P30532,0
DB07203,P30532,0
DB00244,P30532,0
DB01254,Q92570,1
DB07252,Q92570,0
DB02930,P42443,1
DB03470,P42443,0
DB01952,O25323,1
DB03345,O25323,1
DB03730,O25323,1
DB03801,O25323,1
DB00938,O25323,0
DB01036,O25323,0
DB13908,O25323,0
DB01970,O25323,0
DB00091,Q96LZ3,1
DB11693,Q96LZ3,1
DB12095,Q96LZ3,0
DB12200,Q96LZ3,0
DB04869,P06881,1
DB12228,P06881,1
DB02950,P06881,0
DB07647,P06881,0
DB00364,P02675,1
DB07346,P02675,0
DB01606,P62594,1
DB02614,P62594,1
DB02642,P62594,1
DB02841,P62594,1
DB03640,P62594,1
DB04037,P62594,1
DB04430,P62594,1
DB13914,P62594,0
DB08120,P62594,0
DB12418,P62594,0
DB08709,P62594,0
DB04672,P62594,0
DB00165,P62594,0
DB07371,P62594,0
DB03419,Q5SKC5,1
DB07908,Q5SKC5,0
DB04918,Q7DHH4,1
DB08706,Q7DHH4,0
DB00119,P14618,1
DB01733,P14618,1
DB02726,P14618,1
DB07628,P14618,1
DB07692,P14618,1
DB07697,P14618,1
DB09130,P14618,1
DB11638,P14618,1
DB05295,P14618,0
DB04127,P14618,0
DB03490,P14618,0
DB08450,P14618,0
DB11817,P14618,0
DB00324,P14618,0
DB04004,P14618,0
DB04331,P14618,0
DB02482,P97084,1
DB03433,P97084,1
DB03515,P97084,0
DB04326,P97084,0
DB02738,Q75UV1,1
DB01708,Q75UV1,0
DB12010,Q7Z460,1
DB08030,Q7Z460,0
DB01136,Q16665,1
DB01275,Q16665,1
DB02342,Q16665,1
DB05959,Q16665,1
DB06082,Q16665,1
DB08687,Q16665,1
DB14672,Q16665,0
DB02857,Q16665,0
DB00618,Q16665,0
DB03336,Q16665,0
DB09082,Q16665,0
DB00200,Q16665,0
DB07510,P47229,1
DB07516,P47229,1
DB07911,P47229,1
DB07915,P47229,1
DB02951,P47229,0
DB03444,P47229,0
DB01878,P47229,0
DB04946,P47229,0
DB01873,Q9BQE3,1
DB03010,Q9BQE3,1
DB07574,Q9BQE3,1
DB03337,Q9BQE3,0
DB03963,Q9BQE3,0
DB03591,Q9BQE3,0
DB04310,P68826,1
DB13875,P68826,0
DB08648,P9WIB9,1
DB04610,P9WIB9,0
DB02709,P11166,1
DB03290,P11166,0
DB00242,Q9NR33,1
DB07958,Q9NR33,0
DB00997,Q14978,1
DB08386,Q14978,0
DB00398,P17948,1
DB01268,P17948,1
DB04879,P17948,1
DB05075,P17948,1
DB05913,P17948,1
DB05932,P17948,1
DB06589,P17948,1
DB06626,P17948,1
DB07288,P17948,1
DB08896,P17948,1
DB09078,P17948,1
DB09079,P17948,1
DB09221,P17948,1
DB12010,P17948,1
DB15685,P17948,1
DB07128,P17948,0
DB03015,P17948,0
DB02045,P17948,0
DB07249,P17948,0
DB00562,P17948,0
DB04547,P17948,0
DB07659,P17948,0
DB02989,P17948,0
DB06842,P17948,0
DB03140,P17948,0
DB06871,P17948,0
DB02165,P17948,0
DB04003,P17948,0
DB00842,P17948,0
DB02579,P17948,0
DB04608,P30291,1
DB07006,P30291,1
DB07226,P30291,1
DB07257,P30291,1
DB07265,P30291,1
DB08365,P30291,1
DB11740,P30291,1
DB12010,P30291,1
DB03747,P30291,0
DB00435,P30291,0
DB08272,P30291,0
DB06157,P30291,0
DB04633,P30291,0
DB07021,P30291,0
DB04287,P30291,0
DB03058,P30291,0
DB01668,Q53908,1
DB02019,Q53908,1
DB02042,Q53908,1
DB03037,Q53908,1
DB03161,Q53908,0
DB06412,Q53908,0
DB07684,Q53908,0
DB05408,Q53908,0
DB00114,P32929,1
DB00151,P32929,1
DB02328,P32929,1
DB03928,P32929,1
DB04217,P32929,1
DB07243,P32929,0
DB08447,P32929,0
DB04380,P32929,0
DB04754,P32929,0
DB08848,P32929,0
DB02811,P9WQN9,1
DB08558,P9WQN9,1
DB03065,P9WQN9,0
DB03862,P9WQN9,0
DB03147,P37063,1
DB09143,P37063,0
DB01639,P00509,1
DB02024,P00509,1
DB02758,P00509,1
DB02981,P00509,1
DB03553,P00509,1
DB03629,P00509,1
DB03662,P00509,1
DB03750,P00509,1
DB04083,P00509,1
DB04299,P00509,1
DB04467,P00509,1
DB04762,P00509,1
DB04765,P00509,1
DB08845,P00509,1
DB08566,P00509,0
DB01645,P00509,0
DB14060,P00509,0
DB04120,P00509,0
DB03931,P00509,0
DB04905,P00509,0
DB09064,P00509,0
DB00136,P00509,0
DB08759,P00509,0
DB02580,P00509,0
DB00208,P00509,0
DB06866,P00509,0
DB04144,P00509,0
DB07929,P00509,0
DB07168,Q13554,1
DB12010,Q13554,1
DB01868,Q13554,0
DB03809,Q13554,0
DB00303,P44469,1
DB00671,P44469,1
DB00178,P44469,0
DB00574,P44469,0
DB04053,P52197,1
DB14528,P52197,0
DB11093,P31415,1
DB11348,P31415,1
DB13800,P31415,1
DB14481,P31415,1
DB06902,P31415,0
DB04957,P31415,0
DB01100,P31415,0
DB01873,P31415,0
DB08071,P9WQ77,1
DB04624,P9WQ77,0
DB01211,Q9NPD5,1
DB01241,Q9NPD5,1
DB06749,Q9NPD5,1
DB06750,Q9NPD5,1
DB00336,Q9NPD5,0
DB04082,Q9NPD5,0
DB06321,Q9NPD5,0
DB01366,Q9NPD5,0
DB11638,O97313,1
DB01748,O97313,0
DB11638,Q9C0B1,1
DB09212,Q9C0B1,0
DB01942,P0A6D3,1
DB03116,P0A6D3,1
DB04328,P0A6D3,1
DB04539,P0A6D3,1
DB07192,P0A6D3,0
DB15623,P0A6D3,0
DB07726,P0A6D3,0
DB03890,P0A6D3,0
DB01942,Q81F54,1
DB04272,Q81F54,1
DB08009,Q81F54,0
DB01616,Q81F54,0
DB02552,P9WFF5,1
DB07780,P9WFF5,1
DB08527,P9WFF5,0
DB08284,P9WFF5,0
DB00730,P00363,1
DB07490,P00363,1
DB07918,P00363,1
DB04689,P00363,0
DB01725,P00363,0
DB09040,P00363,0
DB08231,P9WPF1,1
DB01032,P9WPF1,0
DB04147,P01593,1
DB07851,P01593,0
DB11638,P37108,1
DB08882,P37108,0
DB01593,P56524,1
DB05015,P56524,1
DB06176,P56524,1
DB06603,P56524,1
DB07879,P56524,1
DB08613,P56524,1
DB14487,P56524,1
DB14533,P56524,1
DB07010,P56524,0
DB01259,P56524,0
DB01178,P56524,0
DB01511,P56524,0
DB04326,P56524,0
DB07432,P56524,0
DB09295,P56524,0
DB08402,P56524,0
DB04023,P11759,1
DB01661,P11759,0
DB04590,P08709,1
DB04593,P08709,1
DB04606,P08709,1
DB04758,P08709,1
DB04767,P08709,1
DB07207,P08709,1
DB07247,P08709,1
DB07376,P08709,1
DB08232,P08709,1
DB09332,P08709,1
DB08125,P08709,0
DB08240,P08709,0
DB07557,P08709,0
DB00582,P08709,0
DB02205,P08709,0
DB03354,P08709,0
DB08083,P08709,0
DB01166,P08709,0
DB03594,P08709,0
DB07652,P08709,0
DB01669,P50870,1
DB01764,P50870,1
DB01992,P50870,1
DB13919,P50870,0
DB08520,P50870,0
DB09319,P50870,0
DB00583,Q9H015,1
DB12789,Q9H015,0
DB03247,O75676,1
DB02921,O75676,0
DB00114,P11926,1
DB00127,P11926,1
DB01917,P11926,1
DB02209,P11926,1
DB02824,P11926,1
DB03856,P11926,1
DB04083,P11926,1
DB04263,P11926,1
DB06243,P11926,1
DB12285,P11926,0
DB04410,P11926,0
DB08686,P11926,0
DB01880,P11926,0
DB07573,P11926,0
DB02336,P11926,0
DB02576,P11926,0
DB03574,P11926,0
DB00737,P11926,0
DB02661,O43252,1
DB03708,O43252,1
DB09462,O43252,1
DB00136,O43252,0
DB07173,O43252,0
DB02821,O43252,0
DB00157,P40394,1
DB04170,P40394,0
DB08698,Q9ZLT0,1
DB07314,Q9ZLT0,0
DB01593,Q00987,1
DB02872,Q00987,1
DB04144,Q00987,1
DB14487,Q00987,1
DB14533,Q00987,1
DB07023,Q00987,0
DB02911,Q00987,0
DB01825,Q00987,0
DB11638,Q00987,0
DB00239,Q00987,0
DB00898,P48051,1
DB01159,P48051,1
DB11633,P48051,1
DB04229,P48051,0
DB07015,P48051,0
DB01890,P48051,0
DB01407,P01138,1
DB09221,P01138,1
DB11345,P01138,0
DB07846,P01138,0
DB08185,P80376,1
DB03352,P80376,0
DB01806,Q54528,1
DB04131,Q54528,1
DB04394,Q54528,0
DB00192,Q54528,0
DB00138,O60931,1
DB03928,O60931,0
DB11638,Q8I6U8,1
DB01489,Q8I6U8,0
DB11638,P46782,1
DB04557,P46782,0
DB09510,Q8KT33,1
DB09513,Q8KT33,1
DB07385,Q8KT33,0
DB04700,Q8KT33,0
DB01592,P02794,1
DB13995,P02794,1
DB14488,P02794,1
DB14489,P02794,1
DB14490,P02794,1
DB14491,P02794,1
DB14501,P02794,1
DB01545,P02794,0
DB00606,P02794,0
DB02119,P02794,0
DB12579,P02794,0
DB01454,P02794,0
DB02459,P02794,0
DB02482,P02794,0
DB00594,P19634,1
DB02624,P19634,1
DB06468,P19634,1
DB03109,P19634,0
DB09119,P19634,0
DB03759,P19634,0
DB01670,Q06174,1
DB01203,Q06174,0
DB09130,P23246,1
DB11638,P23246,1
DB06237,P23246,0
DB03619,P23246,0
DB00562,P35218,1
DB00606,P35218,1
DB00909,P35218,1
DB01194,P35218,1
DB03385,P35218,1
DB08846,P35218,1
DB03987,P35218,0
DB08493,P35218,0
DB07809,P35218,0
DB04040,P35218,0
DB02749,P35218,0
DB07140,P35218,0
DB03366,P04252,1
DB01985,P04252,0
DB02214,O66529,1
DB04128,O66529,1
DB04262,O66529,1
DB09082,O66529,0
DB07401,O66529,0
DB08158,O66529,0
DB03366,P31491,1
DB08897,P31491,0
DB07435,Q9UBT6,1
DB07652,Q9UBT6,1
DB08237,Q9UBT6,1
DB03256,Q9UBT6,0
DB00585,Q9UBT6,0
DB01784,Q9UBT6,0
DB02776,P20261,1
DB02307,P20261,0
DB13179,P60723,1
DB08042,P60723,0
DB02985,P81989,1
DB04143,P81989,0
DB00157,Q00796,1
DB04478,Q00796,1
DB00900,Q00796,0
DB00035,Q00796,0
DB00142,Q04609,1
DB06928,Q04609,1
DB07754,Q04609,1
DB08835,Q04609,1
DB04850,Q04609,0
DB08175,Q04609,0
DB04884,Q04609,0
DB06909,Q04609,0
DB00143,O43708,1
DB04447,O43708,1
DB08809,O43708,1
DB09462,O43708,1
DB08331,O43708,0
DB06347,O43708,0
DB01961,O43708,0
DB05812,O43708,0
DB01870,P19961,1
DB02218,P19961,1
DB02379,P19961,1
DB02730,P19961,1
DB03088,P19961,1
DB03092,P19961,1
DB03277,P19961,1
DB03323,P19961,1
DB04417,P19961,1
DB08203,P19961,0
DB00708,P19961,0
DB08378,P19961,0
DB08461,P19961,0
DB06040,P19961,0
DB06410,P19961,0
DB12200,P19961,0
DB02604,P19961,0
DB00689,P19961,0
DB00157,Q16836,1
DB03059,Q16836,1
DB03612,Q16836,1
DB02366,Q16836,0
DB04866,Q16836,0
DB11859,Q16836,0
DB11638,A0A144A2G5,1
DB03976,A0A144A2G5,0
DB03687,Q83LD8,1
DB04395,Q83LD8,1
DB00984,Q83LD8,0
DB00261,Q83LD8,0
DB01375,P45880,1
DB06140,P45880,0
DB11365,Q92482,1
DB04764,Q92482,0
DB01593,P30101,1
DB09130,P30101,1
DB14487,P30101,1
DB14533,P30101,1
DB02426,P30101,0
DB04693,P30101,0
DB02450,P30101,0
DB01933,P30101,0
DB01123,Q58L87,1
DB11640,Q58L87,0
DB03366,P0A6B1,1
DB07897,P0A6B1,0
DB00182,Q99870,1
DB11915,Q99870,1
DB12010,Q99870,1
DB07415,Q99870,0
DB11730,Q99870,0
DB08217,Q99870,0
DB00159,O60488,1
DB00197,O60488,1
DB00412,O60488,1
DB04799,O60488,0
DB00942,O60488,0
DB00523,O60488,0
DB00768,Q9Y5N1,1
DB01238,Q9Y5N1,1
DB05381,Q9Y5N1,1
DB06698,Q9Y5N1,1
DB11642,Q9Y5N1,1
DB00296,Q9Y5N1,0
DB01073,Q9Y5N1,0
DB12379,Q9Y5N1,0
DB08008,Q9Y5N1,0
DB04811,Q9Y5N1,0
DB05959,P40763,1
DB03871,P40763,0
DB12010,Q13470,1
DB03628,Q13470,0
DB00140,Q969G6,1
DB03247,Q969G6,1
DB08880,Q969G6,0
DB13501,Q969G6,0
DB07241,Q8KI25,1
DB08036,Q8KI25,1
DB05786,Q8KI25,0
DB00203,Q8KI25,0
DB01593,P68871,1
DB02126,P68871,1
DB06154,P68871,1
DB07427,P68871,1
DB07428,P68871,1
DB07645,P68871,1
DB08077,P68871,1
DB08262,P68871,1
DB08486,P68871,1
DB08632,P68871,1
DB09112,P68871,1
DB09130,P68871,1
DB09147,P68871,1
DB09517,P68871,1
DB13995,P68871,1
DB14487,P68871,1
DB14533,P68871,1
DB07898,P68871,0
DB07153,P68871,0
DB04674,P68871,0
DB04195,P68871,0
DB11772,P68871,0
DB07542,P68871,0
DB03372,P68871,0
DB02885,P68871,0
DB03414,P68871,0
DB05936,P68871,0
DB03876,P68871,0
DB00578,P68871,0
DB08501,P68871,0
DB01970,P68871,0
DB02087,P68871,0
DB12537,P68871,0
DB07318,P68871,0
DB00786,P51512,1
DB03880,P51512,1
DB06082,P51512,0
DB06447,P51512,0
DB01875,Q45697,1
DB08203,Q45697,0
DB00537,P0C1U9,1
DB08434,P0C1U9,0
DB01812,O43704,1
DB02529,O43704,0
DB12010,Q9UEW8,1
DB07382,Q9UEW8,0
DB01150,Q04707,1
DB05659,Q04707,1
DB07044,Q04707,0
DB01950,Q04707,0
DB00675,P45983,1
DB01017,P45983,1
DB01782,P45983,1
DB07218,P45983,1
DB07268,P45983,1
DB07272,P45983,1
DB07276,P45983,1
DB07845,P45983,1
DB15624,P45983,1
DB08555,P45983,0
DB00834,P45983,0
DB09211,P45983,0
DB03641,P45983,0
DB03165,P45983,0
DB02285,P45983,0
DB03380,P45983,0
DB00384,P45983,0
DB03636,P45983,0
DB00158,P41439,1
DB05168,P41439,1
DB04782,P41439,0
DB08387,P41439,0
DB12010,Q9NSY1,1
DB04081,Q9NSY1,0
DB02512,P05062,1
DB02515,P05062,1
DB04326,P05062,1
DB02398,P05062,0
DB11718,P05062,0
DB06948,P05062,0
DB00514,Q15080,1
DB07642,Q15080,0
DB02451,Q5SJ79,1
DB01883,Q5SJ79,0
DB00321,P08909,1
DB00540,P08909,1
DB00656,P08909,1
DB00726,P08909,1
DB08474,P08909,0
DB02918,P08909,0
DB04632,P08909,0
DB07871,P08909,0
DB00606,Q6FHJ7,1
DB00790,Q6FHJ7,1
DB00006,Q6FHJ7,0
DB07290,Q6FHJ7,0
DB01202,Q7L0J3,1
DB05541,Q7L0J3,1
DB05885,Q7L0J3,1
DB08122,Q7L0J3,0
DB01567,Q7L0J3,0
DB15102,Q7L0J3,0
DB00157,P28331,1
DB12228,P28331,0
DB11638,P21333,1
DB01852,P21333,0
DB01694,P26196,1
DB07096,P26196,0
DB00786,Q8N119,1
DB02991,Q8N119,0
DB09041,Q9HGT2,1
DB11596,Q9HGT2,0
DB02196,P27828,1
DB03435,P27828,1
DB02022,P27828,0
DB02700,P27828,0
DB12010,O75747,1
DB04152,O75747,0
DB07432,Q9KU37,1
DB08704,Q9KU37,1
DB02940,Q9KU37,0
DB01240,Q9KU37,0
DB01375,P21796,1
DB09061,P21796,1
DB14011,P21796,1
DB03833,P21796,0
DB01941,P21796,0
DB01242,P21796,0
DB01956,P37610,1
DB08629,P37610,0
DB09130,P60842,1
DB04365,P60842,0
DB02431,P0ABQ0,1
DB03403,P0ABQ0,1
DB06367,P0ABQ0,0
DB04405,P0ABQ0,0
DB00228,Q03721,1
DB01069,Q03721,1
DB01110,Q03721,1
DB04522,Q03721,1
DB06911,Q03721,0
DB03878,Q03721,0
DB01497,Q03721,0
DB07346,Q03721,0
DB00848,P10696,1
DB01143,P10696,1
DB00527,P10696,0
DB04269,P10696,0
DB02596,O07732,1
DB03155,O07732,0
DB00114,Q6YP21,1
DB02759,Q6YP21,0
DB00917,P35408,1
DB00929,P35408,1
DB09211,P35408,1
DB12836,P35408,1
DB03019,P35408,0
DB03197,P35408,0
DB04573,P35408,0
DB02637,P35408,0
DB01819,P35558,1
DB02008,P35558,1
DB03267,P35558,1
DB03725,P35558,1
DB06634,P35558,0
DB03800,P35558,0
DB02443,P35558,0
DB01811,P35558,0
DB08378,P19105,1
DB00757,P19105,0
DB02494,P61927,1
DB04602,P61927,1
DB04805,P61927,1
DB07374,P61927,1
DB08437,P61927,1
DB00332,P61927,0
DB05494,P61927,0
DB03641,P61927,0
DB00589,P61927,0
DB00115,P61927,0
DB00228,P15382,1
DB01069,P15382,1
DB01110,P15382,1
DB04957,P15382,1
DB08263,P15382,0
DB00555,P15382,0
DB03235,P15382,0
DB12924,P15382,0
DB12010,Q9P286,1
DB02414,Q9P286,0
DB03758,P0DM80,1
DB07911,P0DM80,0
DB00157,P11766,1
DB03017,P11766,1
DB03704,P11766,1
DB04153,P11766,1
DB04170,P11766,0
DB02849,P11766,0
DB04057,P11766,0
DB00810,P11766,0
DB01017,Q16539,1
DB01254,Q16539,1
DB01761,Q16539,1
DB01807,Q16539,1
DB01948,Q16539,1
DB01953,Q16539,1
DB01988,Q16539,1
DB02195,Q16539,1
DB02277,Q16539,1
DB02352,Q16539,1
DB02873,Q16539,1
DB02984,Q16539,1
DB03044,Q16539,1
DB03110,Q16539,1
DB03980,Q16539,1
DB04338,Q16539,1
DB04632,Q16539,1
DB04797,Q16539,1
DB05412,Q16539,1
DB05470,Q16539,1
DB06518,Q16539,1
DB06882,Q16539,1
DB06940,Q16539,1
DB06991,Q16539,1
DB07138,Q16539,1
DB07307,Q16539,1
DB07459,Q16539,1
DB07607,Q16539,1
DB07811,Q16539,1
DB07829,Q16539,1
DB07832,Q16539,1
DB07833,Q16539,1
DB07834,Q16539,1
DB07835,Q16539,1
DB07941,Q16539,1
DB07942,Q16539,1
DB07943,Q16539,1
DB08064,Q16539,1
DB08068,Q16539,1
DB08091,Q16539,1
DB08092,Q16539,1
DB08093,Q16539,1
DB08095,Q16539,1
DB08096,Q16539,1
DB08097,Q16539,1
DB08242,Q16539,1
DB08349,Q16539,1
DB08351,Q16539,1
DB08352,Q16539,1
DB08395,Q16539,1
DB08423,Q16539,1
DB08424,Q16539,1
DB08521,Q16539,1
DB08522,Q16539,1
DB08730,Q16539,1
DB12010,Q16539,1
DB04030,Q16539,0
DB08164,Q16539,0
DB01832,Q16539,0
DB07879,Q16539,0
DB14914,Q16539,0
DB14185,Q16539,0
DB02766,Q16539,0
DB14879,Q16539,0
DB04499,Q16539,0
DB04610,Q16539,0
DB14641,Q16539,0
DB07652,Q16539,0
DB06234,Q16539,0
DB07559,Q16539,0
DB04397,Q16539,0
DB15091,Q16539,0
DB05047,Q16539,0
DB01064,Q16539,0
DB02752,Q16539,0
DB07986,Q16539,0
DB07145,Q16539,0
DB09304,Q16539,0
DB05869,Q16539,0
DB08252,Q16539,0
DB12450,Q16539,0
DB15647,Q16539,0
DB00905,Q16539,0
DB02870,Q16539,0
DB08083,Q16539,0
DB02443,Q16539,0
DB09091,Q16539,0
DB01124,Q16539,0
DB03379,Q16539,0
DB06075,Q16539,0
DB01037,Q16539,0
DB09296,Q16539,0
DB02604,Q16539,0
DB08932,Q16539,0
DB00463,Q16539,0
DB02143,Q16539,0
DB08146,Q16539,0
DB02906,Q16539,0
DB03260,Q16539,0
DB04136,Q16539,0
DB04651,Q16539,0
DB01719,Q16539,0
DB00133,Q16539,0
DB02046,Q16539,0
DB04168,Q16539,0
DB02394,Q16539,0
DB07254,Q16539,0
DB07616,Q16539,0
DB04141,Q16539,0
DB00364,Q16539,0
DB07323,Q16539,0
DB00854,Q16539,0
DB05015,Q96DB2,1
DB06603,Q96DB2,1
DB07259,Q96DB2,0
DB03901,Q96DB2,0
DB01719,P30920,1
DB01789,P30920,1
DB01841,P30920,1
DB01909,P30920,1
DB02120,P30920,1
DB02379,P30920,1
DB02394,P30920,1
DB02469,P30920,1
DB02670,P30920,1
DB03198,P30920,1
DB03323,P30920,1
DB03773,P30920,1
DB09130,P30920,0
DB03769,P30920,0
DB08714,P30920,0
DB00964,P30920,0
DB02119,P30920,0
DB02855,P30920,0
DB13155,P30920,0
DB07970,P30920,0
DB03787,P30920,0
DB07829,P30920,0
DB01150,P30920,0
DB04924,P30920,0
DB03419,P77836,1
DB03065,P77836,0
DB03355,Q8NW68,1
DB03712,Q8NW68,0
DB00131,Q9UGI9,1
DB00945,Q9UGI9,1
DB12010,Q9UGI9,1
DB06830,Q9UGI9,0
DB00687,Q9UGI9,0
DB01231,Q9UGI9,0
DB04464,P00269,1
DB11921,P00269,0
DB02322,P13501,1
DB02353,P13501,1
DB02823,P13501,0
DB00496,P13501,0
DB08373,P11684,1
DB07644,P11684,0
DB00756,O14521,1
DB04141,O14521,1
DB08689,O14521,1
DB11755,O14521,0
DB06868,O14521,0
DB02662,O14521,0
DB03801,Q8VTT5,1
DB06856,Q8VTT5,0
DB11638,A0A143ZZK9,1
DB07483,A0A143ZZK9,0
DB00608,P09429,1
DB05869,P09429,1
DB01154,P09429,0
DB07989,P09429,0
DB06486,O14757,1
DB06852,O14757,1
DB06876,O14757,1
DB07025,O14757,1
DB07034,O14757,1
DB07037,O14757,1
DB07038,O14757,1
DB07075,O14757,1
DB07078,O14757,1
DB07158,O14757,1
DB07213,O14757,1
DB07228,O14757,1
DB07243,O14757,1
DB07311,O14757,1
DB07314,O14757,1
DB07320,O14757,1
DB07336,O14757,1
DB07647,O14757,1
DB07648,O14757,1
DB07653,O14757,1
DB07654,O14757,1
DB07655,O14757,1
DB07959,O14757,1
DB08392,O14757,1
DB08393,O14757,1
DB08683,O14757,1
DB08774,O14757,1
DB08776,O14757,1
DB08777,O14757,1
DB08778,O14757,1
DB08779,O14757,1
DB08780,O14757,1
DB08781,O14757,1
DB12010,O14757,1
DB03695,O14757,0
DB06829,O14757,0
DB02191,O14757,0
DB00701,O14757,0
DB01917,O14757,0
DB03558,O14757,0
DB01939,O14757,0
DB02383,O14757,0
DB14542,O14757,0
DB00273,O14757,0
DB00896,O14757,0
DB03335,O14757,0
DB02236,O14757,0
DB02831,O14757,0
DB07961,O14757,0
DB08839,O14757,0
DB03757,O14757,0
DB07431,O14757,0
DB07944,O14757,0
DB06447,O14757,0
DB04648,O14757,0
DB05624,O14757,0
DB13879,O14757,0
DB07330,O14757,0
DB08172,O14757,0
DB04832,O14757,0
DB07984,O14757,0
DB07016,O14757,0
DB02021,O14757,0
DB02532,O14757,0
DB01466,O14757,0
DB00355,O14757,0
DB04948,O14757,0
DB00842,O14757,0
DB11638,Q8IIA4,1
DB11817,Q8IIA4,0
DB11093,P0DP24,1
DB11348,P0DP24,1
DB14481,P0DP24,1
DB00645,P0DP24,0
DB04430,P0DP24,0
DB01330,P0DP24,0
DB02621,Q46220,1
DB03531,Q46220,0
DB04598,Q1LCS4,1
DB02956,Q1LCS4,0
DB02378,P56817,1
DB06930,P56817,1
DB07019,P56817,1
DB07089,P56817,1
DB07110,P56817,1
DB07175,P56817,1
DB07206,P56817,1
DB07245,P56817,1
DB07281,P56817,1
DB07284,P56817,1
DB07303,P56817,1
DB07345,P56817,1
DB07346,P56817,1
DB07415,P56817,1
DB07519,P56817,1
DB07535,P56817,1
DB07573,P56817,1
DB07734,P56817,1
DB07735,P56817,1
DB07736,P56817,1
DB07737,P56817,1
DB07738,P56817,1
DB07874,P56817,1
DB07993,P56817,1
DB07994,P56817,1
DB08749,P56817,1
DB12285,P56817,1
DB00212,P56817,0
DB08424,P56817,0
DB07718,P56817,0
DB07268,P56817,0
DB04622,P56817,0
DB09214,P56817,0
DB04493,P56817,0
DB02896,P56817,0
DB02049,P56817,0
DB02730,P56817,0
DB08126,P56817,0
DB02589,P56817,0
DB03925,P56817,0
DB02657,P56817,0
DB03687,P56817,0
DB06928,P56817,0
DB02441,P56817,0
DB02532,P56817,0
DB07153,P56817,0
DB00142,P56817,0
DB06145,P56817,0
DB03624,P56817,0
DB07020,P56817,0
DB03090,P56817,0
DB08516,P56817,0
DB02403,P56817,0
DB07898,P56817,0
DB00973,Q9UHC9,1
DB06791,Q9UHC9,0
DB00218,P43702,1
DB00365,P43702,1
DB00467,P43702,1
DB00487,P43702,1
DB00537,P43702,1
DB00685,P43702,1
DB00978,P43702,1
DB01059,P43702,1
DB01137,P43702,1
DB01155,P43702,1
DB01165,P43702,1
DB01208,P43702,1
DB01405,P43702,1
DB04576,P43702,1
DB06771,P43702,1
DB09047,P43702,1
DB09230,P43702,0
DB00118,P43702,0
DB00178,P43702,0
DB05465,P43702,0
DB03837,P43702,0
DB02347,P43702,0
DB03219,P43702,0
DB00405,P43702,0
DB03215,P43702,0
DB03734,P43702,0
DB08229,P43702,0
DB06986,P43702,0
DB06920,P43702,0
DB01079,P43702,0
DB04948,P43702,0
DB03530,P43702,0
DB00634,P53848,1
DB12615,P53848,0
DB00142,Q9Y646,1
DB03126,Q9Y646,0
DB11638,Q07020,1
DB02242,Q07020,0
DB01992,P21340,1
DB04447,P21340,1
DB07252,P21340,0
DB04149,P21340,0
DB00145,P41250,1
DB01989,P41250,0
DB03088,P0CG04,1
DB14542,P0CG04,0
DB03685,Q96AZ6,1
DB06834,Q96AZ6,0
DB12010,Q8N568,1
DB00349,Q8N568,0
DB01734,P18031,1
DB01820,P18031,1
DB02014,P18031,1
DB02072,P18031,1
DB02259,P18031,1
DB02420,P18031,1
DB02436,P18031,1
DB02615,P18031,1
DB02620,P18031,1
DB02622,P18031,1
DB02651,P18031,1
DB02662,P18031,1
DB02784,P18031,1
DB02827,P18031,1
DB02977,P18031,1
DB03102,P18031,1
DB03154,P18031,1
DB03311,P18031,1
DB03483,P18031,1
DB03557,P18031,1
DB03661,P18031,1
DB03670,P18031,1
DB03714,P18031,1
DB03982,P18031,1
DB04001,P18031,1
DB04088,P18031,1
DB04142,P18031,1
DB04204,P18031,1
DB04285,P18031,1
DB04525,P18031,1
DB04800,P18031,1
DB06333,P18031,1
DB06521,P18031,1
DB06829,P18031,1
DB06887,P18031,1
DB07130,P18031,1
DB07134,P18031,1
DB07197,P18031,1
DB07263,P18031,1
DB07289,P18031,1
DB07295,P18031,1
DB07298,P18031,1
DB07480,P18031,1
DB07651,P18031,1
DB07719,P18031,1
DB07730,P18031,1
DB08001,P18031,1
DB08003,P18031,1
DB08147,P18031,1
DB08371,P18031,1
DB08397,P18031,1
DB08549,P18031,1
DB08591,P18031,1
DB08593,P18031,1
DB08783,P18031,1
DB08284,P18031,0
DB04707,P18031,0
DB07326,P18031,0
DB04244,P18031,0
DB01775,P18031,0
DB01237,P18031,0
DB07203,P18031,0
DB04243,P18031,0
DB11691,P18031,0
DB07024,P18031,0
DB08374,P18031,0
DB07988,P18031,0
DB14568,P18031,0
DB08779,P18031,0
DB04057,P18031,0
DB02704,P18031,0
DB07548,P18031,0
DB01369,P18031,0
DB00414,P18031,0
DB04796,P18031,0
DB07581,P18031,0
DB04312,P18031,0
DB06998,P18031,0
DB04616,P18031,0
DB03031,P18031,0
DB06954,P18031,0
DB02456,P18031,0
DB14006,P18031,0
DB05501,P18031,0
DB07241,P18031,0
DB02676,P18031,0
DB08727,P18031,0
DB08657,P18031,0
DB04725,P18031,0
DB08620,P18031,0
DB08082,P18031,0
DB08313,P18031,0
DB00382,P18031,0
DB06134,P18031,0
DB01580,P18031,0
DB02312,P18031,0
DB00935,P18031,0
DB01131,P18031,0
DB04215,P18031,0
DB08087,P18031,0
DB03411,P18031,0
DB02005,P18031,0
DB06248,P18031,0
DB04103,P18031,0
DB07826,P18031,0
DB08109,P18031,0
DB08586,P18031,0
DB12579,P18031,0
DB03950,P18031,0
DB01790,P18031,0
DB12695,P67936,1
DB01098,P67936,0
DB02772,Q9L5C8,1
DB02841,Q9L5C8,1
DB06889,Q9L5C8,1
DB07055,Q9L5C8,1
DB07729,Q9L5C8,1
DB07808,Q9L5C8,1
DB07823,Q9L5C8,1
DB07824,Q9L5C8,1
DB07865,Q9L5C8,1
DB08551,Q9L5C8,1
DB04250,Q9L5C8,0
DB02912,Q9L5C8,0
DB05532,Q9L5C8,0
DB03659,Q9L5C8,0
DB08062,Q9L5C8,0
DB03704,Q9L5C8,0
DB05624,Q9L5C8,0
DB15035,Q9L5C8,0
DB07714,Q9L5C8,0
DB02119,Q9L5C8,0
DB01593,P49411,1
DB04315,P49411,1
DB14487,P49411,1
DB14533,P49411,1
DB04651,P49411,0
DB04545,P49411,0
DB08539,P49411,0
DB01185,P49411,0
DB11638,Q15942,1
DB03533,Q15942,0
DB00157,P08559,1
DB07874,P08559,0
DB00421,P31213,1
DB00548,P31213,1
DB01126,P31213,1
DB01216,P31213,1
DB00469,P31213,0
DB00302,P31213,0
DB08907,P31213,0
DB02168,P31213,0
DB00157,P30038,1
DB07602,P30038,0
DB00172,O15460,1
DB04843,O15460,0
DB01133,P29350,1
DB07428,P29350,0
DB02890,P11172,1
DB07773,P11172,0
DB03661,P43522,1
DB06781,P43522,0
DB01812,P50225,1
DB04417,P50225,1
DB04564,P50225,0
DB00730,P50225,0
DB04395,P03960,1
DB04365,P03960,0
DB11093,P62166,1
DB11348,P62166,1
DB14481,P62166,1
DB15690,P62166,0
DB08262,P62166,0
DB03069,P62166,0
DB11638,Q8IB78,1
DB06898,Q8IB78,0
DB00121,O00763,1
DB00173,O00763,1
DB02859,O00763,1
DB03781,O00763,1
DB07870,O00763,1
DB09296,O00763,0
DB03361,O00763,0
DB07589,O00763,0
DB02902,O00763,0
DB08199,O00763,0
DB00157,O95167,1
DB02321,O95167,0
DB02189,P04053,1
DB07912,P04053,0
DB00186,O14764,1
DB00189,O14764,1
DB00228,O14764,1
DB00231,O14764,1
DB00237,O14764,1
DB00241,O14764,1
DB00252,O14764,1
DB00292,O14764,1
DB00306,O14764,1
DB00312,O14764,1
DB00349,O14764,1
DB00371,O14764,1
DB00402,O14764,1
DB00404,O14764,1
DB00463,O14764,1
DB00475,O14764,1
DB00543,O14764,1
DB00546,O14764,1
DB00555,O14764,1
DB00603,O14764,1
DB00628,O14764,1
DB00659,O14764,1
DB00683,O14764,1
DB00690,O14764,1
DB00753,O14764,1
DB00794,O14764,1
DB00801,O14764,1
DB00818,O14764,1
DB00829,O14764,1
DB00842,O14764,1
DB00897,O14764,1
DB00898,O14764,1
DB01028,O14764,1
DB01043,O14764,1
DB01068,O14764,1
DB01107,O14764,1
DB01159,O14764,1
DB01189,O14764,1
DB01205,O14764,1
DB01215,O14764,1
DB01236,O14764,1
DB01437,O14764,1
DB01489,O14764,1
DB01511,O14764,1
DB01544,O14764,1
DB01545,O14764,1
DB01553,O14764,1
DB01558,O14764,1
DB01559,O14764,1
DB01567,O14764,1
DB01587,O14764,1
DB01588,O14764,1
DB01589,O14764,1
DB01594,O14764,1
DB01595,O14764,1
DB01708,O14764,1
DB01956,O14764,1
DB09017,O14764,1
DB09118,O14764,1
DB09166,O14764,1
DB11582,O14764,1
DB11859,O14764,1
DB11901,O14764,1
DB12537,O14764,1
DB13335,O14764,1
DB13437,O14764,1
DB13643,O14764,1
DB13837,O14764,1
DB13872,O14764,1
DB14028,O14764,1
DB14672,O14764,1
DB14715,O14764,1
DB14719,O14764,1
DB15489,O14764,1
DB07098,O14764,0
DB07121,O14764,0
DB07076,O14764,0
DB01888,O14764,0
DB07789,O14764,0
DB04688,O14764,0
DB09460,O14764,0
DB07079,O14764,0
DB02552,O14764,0
DB03606,O14764,0
DB00234,O14764,0
DB01050,O14764,0
DB03142,O14764,0
DB08922,O14764,0
DB08044,O14764,0
DB06210,O14764,0
DB00784,O14764,0
DB03347,O14764,0
DB04646,O14764,0
DB02184,O14764,0
DB01792,O14764,0
DB01627,O14764,0
DB03196,O14764,0
DB05246,O14764,0
DB09220,O14764,0
DB01011,O14764,0
DB07989,O14764,0
DB01232,O14764,0
DB08323,O14764,0
DB03010,O14764,0
DB08899,O14764,0
DB05188,O14764,0
DB00953,O14764,0
DB07549,O14764,0
DB07089,O14764,0
DB03729,O14764,0
DB02103,O14764,0
DB01375,O14764,0
DB01143,O14764,0
DB04100,O14764,0
DB02165,O14764,0
DB08228,O14764,0
DB07503,O14764,0
DB02183,O14764,0
DB01933,O14764,0
DB00777,O14764,0
DB04253,O14764,0
DB07702,O14764,0
DB08624,O14764,0
DB08800,O14764,0
DB08874,O14764,0
DB08264,O14764,0
DB03605,O14764,0
DB05446,O14764,0
DB01683,O14764,0
DB06821,O14764,0
DB03352,O14764,0
DB00728,O14764,0
DB05824,O14764,0
DB00135,O14764,0
DB04157,O14764,0
DB07984,O14764,0
DB04188,O14764,0
DB07855,O14764,0
DB08558,O14764,0
DB05992,O14764,0
DB03351,O14764,0
DB04697,O14764,0
DB00656,O14764,0
DB01952,O14764,0
DB02239,O14764,0
DB08056,O14764,0
DB07569,O14764,0
DB06148,O14764,0
DB00257,Q8TDS4,1
DB00627,Q8TDS4,1
DB08949,Q8TDS4,1
DB11755,Q8TDS4,0
DB08629,Q8TDS4,0
DB00237,Q8TDS4,0
DB00951,P10632,1
DB03796,P10632,1
DB08607,P10632,1
DB02991,P10632,0
DB07023,P10632,0
DB09143,P10632,0
DB00142,P49915,1
DB03005,P49915,0
DB00180,P04150,1
DB00223,P04150,1
DB00240,P04150,1
DB00253,P04150,1
DB00288,P04150,1
DB00324,P04150,1
DB00351,P04150,1
DB00367,P04150,1
DB00394,P04150,1
DB00396,P04150,1
DB00421,P04150,1
DB00443,P04150,1
DB00547,P04150,1
DB00588,P04150,1
DB00591,P04150,1
DB00596,P04150,1
DB00620,P04150,1
DB00635,P04150,1
DB00663,P04150,1
DB00687,P04150,1
DB00717,P04150,1
DB00741,P04150,1
DB00764,P04150,1
DB00769,P04150,1
DB00834,P04150,1
DB00838,P04150,1
DB00846,P04150,1
DB00860,P04150,1
DB00896,P04150,1
DB00959,P04150,1
DB01013,P04150,1
DB01047,P04150,1
DB01130,P04150,1
DB01185,P04150,1
DB01222,P04150,1
DB01234,P04150,1
DB01260,P04150,1
DB01380,P04150,1
DB01384,P04150,1
DB01395,P04150,1
DB01410,P04150,1
DB02210,P04150,1
DB04630,P04150,1
DB05423,P04150,1
DB06781,P04150,1
DB08867,P04150,1
DB08906,P04150,1
DB09091,P04150,1
DB09095,P04150,1
DB11619,P04150,1
DB11921,P04150,1
DB12637,P04150,1
DB13003,P04150,1
DB13158,P04150,1
DB13867,P04150,1
DB14512,P04150,1
DB14538,P04150,1
DB14539,P04150,1
DB14540,P04150,1
DB14541,P04150,1
DB14542,P04150,1
DB14543,P04150,1
DB14544,P04150,1
DB14583,P04150,1
DB14596,P04150,1
DB14631,P04150,1
DB14649,P04150,1
DB14669,P04150,1
DB15566,P04150,1
DB04590,P04150,0
DB00949,P04150,0
DB09090,P04150,0
DB04348,P04150,0
DB09101,P04150,0
DB11723,P04150,0
DB01858,P04150,0
DB04478,P04150,0
DB08666,P04150,0
DB07821,P04150,0
DB06614,P04150,0
DB07482,P04150,0
DB03523,P04150,0
DB02829,P04150,0
DB01205,P04150,0
DB04869,P04150,0
DB06211,P04150,0
DB00392,P04150,0
DB01597,P04150,0
DB07490,P04150,0
DB06536,P04150,0
DB02321,P04150,0
DB06090,P04150,0
DB04741,P04150,0
DB05403,P04150,0
DB08484,P04150,0
DB04649,P04150,0
DB12153,P04150,0
DB07161,P04150,0
DB01711,P04150,0
DB03430,P04150,0
DB13783,P04150,0
DB00987,P04150,0
DB04190,P04150,0
DB07068,P04150,0
DB05229,P04150,0
DB08543,P04150,0
DB07750,P04150,0
DB07006,P04150,0
DB01950,P04150,0
DB08146,P04150,0
DB07858,P04150,0
DB04788,P04150,0
DB08006,P04150,0
DB05824,P04150,0
DB05796,P04150,0
DB06888,P04150,0
DB00595,P04150,0
DB03059,P04150,0
DB04263,P04150,0
DB02734,P04150,0
DB01009,P04150,0
DB03411,P04150,0
DB06732,P04150,0
DB06949,P04150,0
DB08606,P04150,0
DB09215,P04150,0
DB02442,P04150,0
DB02981,P04150,0
DB01126,P04150,0
DB09241,P04150,0
DB01227,P04150,0
DB04954,P04150,0
DB04698,P04150,0
DB02151,P04150,0
DB02379,P04150,0
DB03849,P04150,0
DB07057,P04150,0
DB03572,P04150,0
DB00182,Q05940,1
DB00206,Q05940,1
DB00368,Q05940,1
DB00502,Q05940,1
DB00579,Q05940,1
DB00865,Q05940,1
DB00988,Q05940,1
DB01089,Q05940,1
DB01442,Q05940,1
DB01454,Q05940,1
DB01472,Q05940,1
DB01576,Q05940,1
DB01577,Q05940,1
DB04821,Q05940,1
DB04844,Q05940,1
DB05381,Q05940,1
DB06706,Q05940,1
DB06714,Q05940,1
DB08839,Q05940,1
DB12161,Q05940,1
DB02481,Q05940,0
DB04933,Q05940,0
DB02722,Q05940,0
DB01537,Q05940,0
DB02363,Q05940,0
DB08645,Q05940,0
DB07250,Q05940,0
DB01700,Q05940,0
DB09131,Q05940,0
DB00428,Q05940,0
DB02078,Q05940,0
DB08612,Q05940,0
DB08669,Q05940,0
DB03888,Q05940,0
DB00390,Q05940,0
DB01280,Q05940,0
DB02642,Q05940,0
DB03647,Q05940,0
DB03401,Q05940,0
DB01677,Q05940,0
DB00153,Q01668,1
DB00228,Q01668,1
DB00243,Q01668,1
DB00252,Q01668,1
DB00270,Q01668,1
DB00273,Q01668,1
DB00393,Q01668,1
DB00401,Q01668,1
DB00421,Q01668,1
DB00568,Q01668,1
DB00622,Q01668,1
DB00653,Q01668,1
DB00825,Q01668,1
DB00898,Q01668,1
DB01023,Q01668,1
DB01054,Q01668,1
DB01110,Q01668,1
DB01115,Q01668,1
DB01118,Q01668,1
DB01388,Q01668,1
DB04855,Q01668,1
DB04920,Q01668,1
DB06712,Q01668,1
DB09089,Q01668,1
DB09229,Q01668,1
DB09231,Q01668,1
DB09232,Q01668,1
DB09236,Q01668,1
DB09237,Q01668,1
DB09238,Q01668,1
DB11148,Q01668,1
DB08260,Q01668,0
DB08893,Q01668,0
DB01829,Q01668,0
DB08651,Q01668,0
DB00792,Q01668,0
DB00570,Q01668,0
DB06637,Q01668,0
DB03793,Q01668,0
DB03102,Q01668,0
DB04734,Q01668,0
DB02979,Q01668,0
DB03414,Q01668,0
DB01856,Q01668,0
DB08442,Q01668,0
DB04015,Q01668,0
DB01950,Q01668,0
DB00619,Q01668,0
DB02200,Q01668,0
DB07446,Q01668,0
DB07847,Q01668,0
DB07952,Q01668,0
DB01576,Q01668,0
DB04242,Q01668,0
DB08007,Q01668,0
DB05532,Q01668,0
DB04206,Q01668,0
DB02621,Q01668,0
DB07583,Q01668,0
DB07913,Q01668,0
DB04677,Q01668,0
DB03569,Q01668,0
DB08837,Q08460,1
DB12615,Q08460,0
DB00308,Q9Y257,1
DB00908,Q9Y257,1
DB02438,Q9Y257,0
DB04271,Q9Y257,0
DB00142,Q16478,1
DB00237,Q16478,1
DB00273,Q16478,1
DB01130,Q16478,0
DB07793,Q16478,0
DB03074,Q16478,0
DB00242,P23921,1
DB00441,P23921,1
DB00631,P23921,1
DB01005,P23921,1
DB01073,P23921,1
DB05003,P23921,1
DB05420,P23921,1
DB06433,P23921,1
DB07744,P23921,0
DB01968,P23921,0
DB01408,P23921,0
DB12865,P23921,0
DB00533,P23921,0
DB04232,P23921,0
DB00499,P23921,0
DB04072,P23921,0
DB00615,P0A7Z4,1
DB11753,P0A7Z4,1
DB11967,P0A7Z4,0
DB05239,P0A7Z4,0
DB11638,C6KT34,1
DB03697,C6KT34,0
DB12695,Q92598,1
DB13074,Q92598,0
DB11638,Q8IC05,1
DB08554,Q8IC05,0
DB00328,Q9Y5Y4,1
DB00605,Q9Y5Y4,1
DB00770,Q9Y5Y4,1
DB00917,Q9Y5Y4,1
DB01088,Q9Y5Y4,1
DB02056,Q9Y5Y4,1
DB04828,Q9Y5Y4,1
DB12789,Q9Y5Y4,1
DB13036,Q9Y5Y4,1
DB07833,Q9Y5Y4,0
DB07333,Q9Y5Y4,0
DB01626,Q9Y5Y4,0
DB02396,Q9Y5Y4,0
DB08712,Q9Y5Y4,0
DB02735,Q9Y5Y4,0
DB02626,Q9Y5Y4,0
DB02449,Q9Y5Y4,0
DB13946,Q9Y5Y4,0
DB00142,P38435,1
DB00170,P38435,1
DB01022,P38435,1
DB01125,P38435,1
DB09332,P38435,1
DB00889,P38435,0
DB01483,P38435,0
DB03624,P38435,0
DB04849,P38435,0
DB02727,P38435,0
DB00321,P04629,1
DB00619,P04629,1
DB08896,P04629,1
DB11986,P04629,1
DB12010,P04629,1
DB14723,P04629,1
DB03072,P04629,0
DB04677,P04629,0
DB04480,P04629,0
DB03868,P04629,0
DB02935,P04629,0
DB02841,P04629,0
DB00144,Q9BVG9,1
DB02324,Q9BVG9,0
DB12695,P63104,1
DB09013,P63104,0
DB02930,O14874,1
DB07035,O14874,0
DB00145,Q9P0Z9,1
DB04316,Q9P0Z9,0
DB11638,Q8IM15,1
DB04487,Q8IM15,0
DB03247,O69755,1
DB01864,O69755,0
DB11948,P10745,1
DB01338,P10745,0
DB00755,Q9NY56,1
DB12612,Q9NY56,0
DB04557,P29498,1
DB04015,P29498,0
DB00630,P23469,1
DB01133,P23469,1
DB07027,P23469,0
DB12789,P23469,0
DB12010,P51617,1
DB01189,P51617,0
DB00916,O25608,1
DB07507,O25608,0
DB03147,P58558,1
DB03461,P58558,1
DB04623,P58558,0
DB07042,P58558,0
DB00170,Q9BQB6,1
DB00266,Q9BQB6,1
DB00498,Q9BQB6,1
DB00682,Q9BQB6,1
DB00946,Q9BQB6,1
DB01418,Q9BQB6,1
DB07228,Q9BQB6,0
DB07909,Q9BQB6,0
DB06713,Q9BQB6,0
DB09149,Q9BQB6,0
DB12865,Q9BQB6,0
DB00557,Q9BQB6,0
DB03151,Q51705,1
DB02818,Q51705,0
DB02153,Q9ZIV5,1
DB02175,Q9ZIV5,1
DB02649,Q9ZIV5,1
DB02386,Q9ZIV5,0
DB07895,Q9ZIV5,0
DB07112,Q9ZIV5,0
DB01991,O67648,1
DB04257,O67648,1
DB07355,O67648,1
DB07536,O67648,1
DB08231,O67648,1
DB01353,O67648,0
DB03346,O67648,0
DB07885,O67648,0
DB00875,O67648,0
DB04633,O67648,0
DB01213,P04040,1
DB09061,P04040,1
DB14011,P04040,1
DB00204,P04040,0
DB08707,P04040,0
DB02051,P04040,0
DB03247,P0A2Y7,1
DB03350,P0A2Y7,1
DB07852,P0A2Y7,0
DB01054,P0A2Y7,0
DB01632,P08870,1
DB02262,P08870,1
DB00224,P08870,0
DB02443,P08870,0
DB00182,Q96RJ0,1
DB01255,Q96RJ0,1
DB01576,Q96RJ0,1
DB01577,Q96RJ0,1
DB06714,Q96RJ0,1
DB15665,Q96RJ0,1
DB08390,Q96RJ0,0
DB07227,Q96RJ0,0
DB00253,Q96RJ0,0
DB06147,Q96RJ0,0
DB04441,Q96RJ0,0
DB07692,Q96RJ0,0
DB02379,P15587,1
DB02438,P15587,1
DB11195,P15587,1
DB07051,P15587,0
DB02368,P15587,0
DB02161,P15587,0
DB00274,P0AEB2,1
DB00578,P0AEB2,1
DB01000,P0AEB2,1
DB01329,P0AEB2,1
DB01331,P0AEB2,1
DB01602,P0AEB2,1
DB04647,P0AEB2,1
DB09050,P0AEB2,1
DB09319,P0AEB2,1
DB07797,P0AEB2,0
DB01771,P0AEB2,0
DB08881,P0AEB2,0
DB02740,P0AEB2,0
DB03069,P0AEB2,0
DB06263,P0AEB2,0
DB00323,P0AEB2,0
DB03237,P0AEB2,0
DB00525,P0AEB2,0
DB00172,P45877,1
DB01989,P45877,0
DB04216,Q6NVY1,1
DB08995,Q6NVY1,0
DB08342,Q8IUR0,1
DB06929,Q8IUR0,0
DB11638,C0H4X5,1
DB03227,C0H4X5,0
DB01331,P0AFI5,1
DB11942,P0AFI5,0
DB13729,O15393,1
DB03869,O15393,0
DB00160,P49588,1
DB08019,P49588,0
DB00157,O00483,1
DB04882,O00483,0
DB01717,P69441,1
DB02128,P69441,0
DB04604,Q8TF76,1
DB07698,Q8TF76,1
DB07995,Q8TF76,1
DB08004,Q8TF76,1
DB03343,Q8TF76,0
DB07301,Q8TF76,0
DB08136,Q8TF76,0
DB00456,Q8TF76,0
DB00430,Q07806,1
DB01329,Q07806,1
DB14879,Q07806,1
DB04953,Q07806,0
DB11755,Q07806,0
DB00941,Q07806,0
DB11093,Q13938,1
DB11348,Q13938,1
DB14481,Q13938,1
DB02065,Q13938,0
DB03344,Q13938,0
DB03388,Q13938,0
DB03459,P0A789,1
DB00339,P0A789,0
DB12010,Q9H2X6,1
DB08093,Q9H2X6,0
DB02906,Q93TU6,1
DB08354,Q93TU6,0
DB03187,P23434,1
DB03760,P23434,1
DB07983,P23434,0
DB02774,P23434,0
DB12010,Q14680,1
DB03612,Q14680,0
DB03147,P07771,1
DB04975,P07771,0
DB09130,P10809,1
DB02499,P10809,0
DB04104,P05100,1
DB08382,P05100,0
DB12010,P27448,1
DB07769,P27448,0
DB02506,P63151,1
DB03607,P63151,0
DB04327,P60484,1
DB00288,P60484,0
DB00898,P48544,1
DB07281,P48544,0
DB11093,Q99653,1
DB11348,Q99653,1
DB14481,Q99653,1
DB01336,Q99653,0
DB03549,Q99653,0
DB07984,Q99653,0
DB00229,Q8XJ01,1
DB00267,Q8XJ01,1
DB00301,Q8XJ01,1
DB00417,Q8XJ01,1
DB00447,Q8XJ01,1
DB00456,Q8XJ01,1
DB00713,Q8XJ01,1
DB00833,Q8XJ01,1
DB00948,Q8XJ01,1
DB01061,Q8XJ01,1
DB01066,Q8XJ01,1
DB01112,Q8XJ01,1
DB01139,Q8XJ01,1
DB01147,Q8XJ01,1
DB01604,Q8XJ01,1
DB01605,Q8XJ01,1
DB04133,Q8XJ01,1
DB09018,Q8XJ01,0
DB08573,Q8XJ01,0
DB00555,Q8XJ01,0
DB07051,Q8XJ01,0
DB07534,Q8XJ01,0
DB07351,Q8XJ01,0
DB08230,Q8XJ01,0
DB00634,Q8XJ01,0
DB04125,Q8XJ01,0
DB01618,Q8XJ01,0
DB04059,Q8XJ01,0
DB01606,Q8XJ01,0
DB00783,Q8XJ01,0
DB02888,Q8XJ01,0
DB01238,Q8XJ01,0
DB02129,Q8XJ01,0
DB07767,Q8XJ01,0
DB00201,P29275,1
DB00277,P29275,1
DB00640,P29275,1
DB00824,P29275,1
DB05936,P29275,1
DB01880,P29275,0
DB03910,P29275,0
DB03775,P29275,0
DB04018,P29275,0
DB01683,P29275,0
DB01863,O43739,1
DB03344,O43739,1
DB00408,O43739,0
DB06964,O43739,0
DB00675,P05129,1
DB12010,P05129,1
DB01068,P05129,0
DB04425,P05129,0
DB00591,P07355,1
DB11638,P07355,1
DB11278,P07355,0
DB04220,P07355,0
DB00336,P06715,1
DB03147,P06715,1
DB11157,P06715,0
DB04280,P06715,0
DB02032,P52700,1
DB02365,P52700,1
DB04740,P52700,1
DB07939,P52700,1
DB08069,P52700,1
DB08199,P52700,1
DB08702,P52700,1
DB05590,P52700,0
DB07675,P52700,0
DB03290,P52700,0
DB07712,P52700,0
DB08747,P52700,0
DB01405,P52700,0
DB02142,P52700,0
DB04147,P69856,1
DB03890,P69856,0
DB08889,P28065,1
DB01806,P28065,0
DB02482,P31949,1
DB03628,P31949,0
DB00228,Q16322,1
DB01069,Q16322,1
DB01110,Q16322,1
DB06637,Q16322,1
DB03483,Q16322,0
DB00400,Q16322,0
DB00321,Q16322,0
DB07016,Q16322,0
DB11638,Q9BUF5,1
DB02033,Q9BUF5,0
DB01176,P49888,1
DB01812,P49888,1
DB02902,P49888,1
DB03346,P49888,1
DB14538,P49888,0
DB03447,P49888,0
DB14541,P49888,0
DB07039,P49888,0
DB05389,Q86VB7,1
DB00955,Q86VB7,0
DB00186,Q8N1C3,1
DB00189,Q8N1C3,1
DB00228,Q8N1C3,1
DB00231,Q8N1C3,1
DB00237,Q8N1C3,1
DB00241,Q8N1C3,1
DB00252,Q8N1C3,1
DB00292,Q8N1C3,1
DB00306,Q8N1C3,1
DB00312,Q8N1C3,1
DB00334,Q8N1C3,1
DB00349,Q8N1C3,1
DB00371,Q8N1C3,1
DB00402,Q8N1C3,1
DB00404,Q8N1C3,1
DB00463,Q8N1C3,1
DB00475,Q8N1C3,1
DB00543,Q8N1C3,1
DB00546,Q8N1C3,1
DB00555,Q8N1C3,1
DB00603,Q8N1C3,1
DB00628,Q8N1C3,1
DB00659,Q8N1C3,1
DB00683,Q8N1C3,1
DB00690,Q8N1C3,1
DB00753,Q8N1C3,1
DB00794,Q8N1C3,1
DB00801,Q8N1C3,1
DB00818,Q8N1C3,1
DB00829,Q8N1C3,1
DB00842,Q8N1C3,1
DB00897,Q8N1C3,1
DB00898,Q8N1C3,1
DB01028,Q8N1C3,1
DB01043,Q8N1C3,1
DB01068,Q8N1C3,1
DB01107,Q8N1C3,1
DB01159,Q8N1C3,1
DB01189,Q8N1C3,1
DB01205,Q8N1C3,1
DB01215,Q8N1C3,1
DB01236,Q8N1C3,1
DB01437,Q8N1C3,1
DB01489,Q8N1C3,1
DB01511,Q8N1C3,1
DB01544,Q8N1C3,1
DB01545,Q8N1C3,1
DB01553,Q8N1C3,1
DB01558,Q8N1C3,1
DB01559,Q8N1C3,1
DB01567,Q8N1C3,1
DB01587,Q8N1C3,1
DB01588,Q8N1C3,1
DB01589,Q8N1C3,1
DB01594,Q8N1C3,1
DB01595,Q8N1C3,1
DB01708,Q8N1C3,1
DB01956,Q8N1C3,1
DB06579,Q8N1C3,1
DB09017,Q8N1C3,1
DB09118,Q8N1C3,1
DB09166,Q8N1C3,1
DB11582,Q8N1C3,1
DB11859,Q8N1C3,1
DB11901,Q8N1C3,1
DB12537,Q8N1C3,1
DB13335,Q8N1C3,1
DB13437,Q8N1C3,1
DB13643,Q8N1C3,1
DB13837,Q8N1C3,1
DB13872,Q8N1C3,1
DB13983,Q8N1C3,1
DB14028,Q8N1C3,1
DB14672,Q8N1C3,1
DB14715,Q8N1C3,1
DB14719,Q8N1C3,1
DB15489,Q8N1C3,1
DB03341,Q8N1C3,0
DB05706,Q8N1C3,0
DB08006,Q8N1C3,0
DB14975,Q8N1C3,0
DB04896,Q8N1C3,0
DB05518,Q8N1C3,0
DB01029,Q8N1C3,0
DB05513,Q8N1C3,0
DB00712,Q8N1C3,0
DB02263,Q8N1C3,0
DB03574,Q8N1C3,0
DB09067,Q8N1C3,0
DB03559,Q8N1C3,0
DB00514,Q8N1C3,0
DB06989,Q8N1C3,0
DB03155,Q8N1C3,0
DB08652,Q8N1C3,0
DB07083,Q8N1C3,0
DB06986,Q8N1C3,0
DB04066,Q8N1C3,0
DB12478,Q8N1C3,0
DB07404,Q8N1C3,0
DB05252,Q8N1C3,0
DB00353,Q8N1C3,0
DB03523,Q8N1C3,0
DB08086,Q8N1C3,0
DB03813,Q8N1C3,0
DB03144,Q8N1C3,0
DB03664,Q8N1C3,0
DB00368,Q8N1C3,0
DB01910,Q8N1C3,0
DB08949,Q8N1C3,0
DB01748,Q8N1C3,0
DB08846,Q8N1C3,0
DB02524,Q8N1C3,0
DB00428,Q8N1C3,0
DB02253,Q8N1C3,0
DB02044,Q8N1C3,0
DB00372,Q8N1C3,0
DB08676,Q8N1C3,0
DB02239,Q8N1C3,0
DB01408,Q8N1C3,0
DB04683,Q8N1C3,0
DB01106,Q8N1C3,0
DB02609,Q8N1C3,0
DB02504,Q8N1C3,0
DB08828,Q8N1C3,0
DB02125,Q8N1C3,0
DB00841,Q8N1C3,0
DB03058,Q8N1C3,0
DB04782,Q8N1C3,0
DB01244,Q8N1C3,0
DB02181,Q8N1C3,0
DB07246,Q8N1C3,0
DB05476,Q8N1C3,0
DB00782,Q8N1C3,0
DB00619,Q8N1C3,0
DB06951,Q8N1C3,0
DB07319,Q8N1C3,0
DB05416,Q8N1C3,0
DB07266,Q8N1C3,0
DB08634,Q8N1C3,0
DB02690,Q8N1C3,0
DB07847,Q8N1C3,0
DB06393,Q8N1C3,0
DB05327,Q8N1C3,0
DB03582,Q8N1C3,0
DB02836,Q8N1C3,0
DB01173,Q8N1C3,0
DB09069,Q8N1C3,0
DB03031,Q8N1C3,0
DB00243,Q8N1C3,0
DB02110,Q8N1C3,0
DB04847,Q8N1C3,0
DB07646,Q8N1C3,0
DB07493,Q8N1C3,0
DB07008,Q8N1C3,0
DB03897,P31013,1
DB07197,P31013,0
DB03147,P10902,1
DB04441,P10902,0
DB00132,P37231,1
DB00159,P37231,1
DB00197,P37231,1
DB00244,P37231,1
DB00313,P37231,1
DB00328,P37231,1
DB00412,P37231,1
DB00573,P37231,1
DB00731,P37231,1
DB00795,P37231,1
DB00845,P37231,1
DB00912,P37231,1
DB00966,P37231,1
DB01014,P37231,1
DB01050,P37231,1
DB01067,P37231,1
DB01118,P37231,1
DB01132,P37231,1
DB01252,P37231,1
DB01393,P37231,1
DB02266,P37231,1
DB02709,P37231,1
DB02746,P37231,1
DB03600,P37231,1
DB03756,P37231,1
DB04224,P37231,1
DB04270,P37231,1
DB04689,P37231,1
DB04971,P37231,1
DB05187,P37231,1
DB05490,P37231,1
DB06510,P37231,1
DB06521,P37231,1
DB06533,P37231,1
DB06536,P37231,1
DB06908,P37231,1
DB06926,P37231,1
DB07053,P37231,1
DB07111,P37231,1
DB07172,P37231,1
DB07208,P37231,1
DB07209,P37231,1
DB07302,P37231,1
DB07509,P37231,1
DB07675,P37231,1
DB07723,P37231,1
DB07724,P37231,1
DB07842,P37231,1
DB07863,P37231,1
DB08121,P37231,1
DB08302,P37231,1
DB08402,P37231,1
DB08435,P37231,1
DB08560,P37231,1
DB08604,P37231,1
DB08760,P37231,1
DB08915,P37231,1
DB09006,P37231,1
DB09061,P37231,1
DB09198,P37231,1
DB09201,P37231,1
DB09213,P37231,1
DB11672,P37231,1
DB11811,P37231,1
DB12007,P37231,1
DB12662,P37231,1
DB13873,P37231,1
DB14011,P37231,1
DB14034,P37231,1
DB14635,P37231,1
DB07607,P37231,0
DB11478,P37231,0
DB02310,P37231,0
DB01511,P37231,0
DB03141,P37231,0
DB00175,P37231,0
DB00486,P37231,0
DB08671,P37231,0
DB08476,P37231,0
DB00876,P37231,0
DB08628,P37231,0
DB00440,P37231,0
DB04368,P37231,0
DB01826,P37231,0
DB07692,P37231,0
DB01778,P37231,0
DB03449,P37231,0
DB07929,P37231,0
DB07055,P37231,0
DB01232,P37231,0
DB02489,P37231,0
DB00773,P37231,0
DB02827,P37231,0
DB03505,P37231,0
DB07304,P37231,0
DB07527,P37231,0
DB04216,P37231,0
DB00725,P37231,0
DB03586,P37231,0
DB00665,P37231,0
DB07040,P37231,0
DB02457,P37231,0
DB00242,P37231,0
DB02785,P37231,0
DB05423,P37231,0
DB13155,P37231,0
DB06989,P37231,0
DB04722,P37231,0
DB02646,P37231,0
DB06713,P37231,0
DB07483,P37231,0
DB07441,P37231,0
DB00770,P37231,0
DB06777,P37231,0
DB03925,P37231,0
DB07819,P37231,0
DB07866,P37231,0
DB07377,P37231,0
DB00605,P37231,0
DB01967,P37231,0
DB08252,P37231,0
DB07915,P37231,0
DB08188,P37231,0
DB00435,P37231,0
DB12960,P37231,0
DB07206,P37231,0
DB02098,P37231,0
DB00297,P37231,0
DB07101,P37231,0
DB08785,P37231,0
DB12769,P37231,0
DB11949,P37231,0
DB00659,P37231,0
DB13934,P37231,0
DB04632,P37231,0
DB00193,P37231,0
DB03147,P37231,0
DB02959,P37231,0
DB01649,P37231,0
DB04200,P37231,0
DB00537,Q59192,1
DB04058,Q59192,0
DB02731,Q9X180,1
DB03812,Q9X180,0
DB00242,Q07864,1
DB03400,Q07864,0
DB02139,P33247,1
DB02339,P33247,1
DB02544,P33247,1
DB03234,P33247,1
DB03748,P33247,1
DB03771,P33247,1
DB03874,P33247,1
DB03888,P33247,1
DB04147,P33247,1
DB04233,P33247,1
DB08458,P33247,1
DB02990,P33247,0
DB03710,P33247,0
DB05482,P33247,0
DB01796,P33247,0
DB04282,P33247,0
DB02519,P33247,0
DB02744,P33247,0
DB03626,P33247,0
DB08440,P33247,0
DB01425,P33247,0
DB04106,P33247,0
DB02379,P26466,1
DB08633,P26466,0
DB04594,P35914,1
DB00550,P35914,0
DB02379,P47929,1
DB02678,P47929,1
DB08877,P47929,0
DB01064,P47929,0
DB00128,Q03154,1
DB06151,Q03154,1
DB09130,Q03154,1
DB08641,Q03154,0
DB08148,Q03154,0
DB08412,Q03154,0
DB05943,P31785,1
DB08503,P31785,0
DB00608,P01375,1
DB00668,P01375,1
DB00852,P01375,1
DB01041,P01375,1
DB01296,P01375,1
DB01407,P01375,1
DB01411,P01375,1
DB01427,P01375,1
DB05412,P01375,1
DB05470,P01375,1
DB05513,P01375,1
DB05767,P01375,1
DB05869,P01375,1
DB05968,P01375,1
DB05992,P01375,1
DB06444,P01375,1
DB08910,P01375,1
DB09221,P01375,1
DB11967,P01375,1
DB12140,P01375,1
DB13751,P01375,1
DB00544,P01375,0
DB04075,P01375,0
DB07157,P01375,0
DB00530,P01375,0
DB07153,P01375,0
DB00522,P01375,0
DB00196,P01375,0
DB01057,P01375,0
DB01829,P01375,0
DB08302,P01375,0
DB09291,P01375,0
DB05009,P01375,0
DB00612,P01375,0
DB13967,P01375,0
DB02843,P01375,0
DB00190,P01375,0
DB07079,P01375,0
DB07096,P01375,0
DB05678,P01375,0
DB12007,P01375,0
DB00014,P01375,0
DB04315,P11233,1
DB09121,P11233,0
DB00588,P47712,1
DB00721,P47712,1
DB01103,P47712,1
DB04552,P47712,1
DB06311,P47712,1
DB13867,P47712,1
DB00170,P47712,0
DB02857,P47712,0
DB08686,P47712,0
DB07776,P47712,0
DB02683,P47712,0
DB09239,P47712,0
DB12010,O94804,1
DB09060,O94804,0
DB12695,P17980,1
DB02544,P17980,0
DB00144,Q8WTV0,1
DB07011,Q8WTV0,0
DB00246,Q8WXA8,1
DB00715,Q8WXA8,1
DB00898,Q8WXA8,1
DB01239,Q8WXA8,1
DB09304,Q8WXA8,1
DB11273,Q8WXA8,1
DB12141,Q8WXA8,1
DB13025,Q8WXA8,1
DB13345,Q8WXA8,1
DB03629,Q8WXA8,0
DB00209,Q8WXA8,0
DB02327,Q8WXA8,0
DB07349,Q8WXA8,0
DB02686,Q8WXA8,0
DB08465,Q8WXA8,0
DB06728,Q8WXA8,0
DB01688,Q8WXA8,0
DB02151,Q8WXA8,0
DB03229,P17584,1
DB00186,P17584,0
DB04310,Q819K2,1
DB08318,Q819K2,0
DB03814,P0A6Y5,1
DB03124,P0A6Y5,0
DB11638,Q08170,1
DB02347,Q08170,0
DB04214,Q9BVJ7,1
DB07055,Q9BVJ7,0
DB01254,P12931,1
DB01678,P12931,1
DB01866,P12931,1
DB01893,P12931,1
DB01908,P12931,1
DB01947,P12931,1
DB01962,P12931,1
DB02175,P12931,1
DB02336,P12931,1
DB02432,P12931,1
DB02762,P12931,1
DB02908,P12931,1
DB03023,P12931,1
DB03078,P12931,1
DB03104,P12931,1
DB03114,P12931,1
DB03217,P12931,1
DB03268,P12931,1
DB03298,P12931,1
DB03306,P12931,1
DB03525,P12931,1
DB03591,P12931,1
DB03628,P12931,1
DB03712,P12931,1
DB03828,P12931,1
DB03902,P12931,1
DB04080,P12931,1
DB04272,P12931,1
DB04495,P12931,1
DB04739,P12931,1
DB04751,P12931,1
DB06137,P12931,1
DB06616,P12931,1
DB06882,P12931,1
DB06883,P12931,1
DB07335,P12931,1
DB07662,P12931,1
DB07966,P12931,1
DB08052,P12931,1
DB08053,P12931,1
DB08054,P12931,1
DB08192,P12931,1
DB08462,P12931,1
DB08564,P12931,1
DB08901,P12931,1
DB09079,P12931,1
DB12010,P12931,1
DB08757,P12931,0
DB03516,P12931,0
DB11323,P12931,0
DB03397,P12931,0
DB00961,P12931,0
DB02048,P12931,0
DB07073,P12931,0
DB02460,P12931,0
DB03701,P12931,0
DB08312,P12931,0
DB00948,P12931,0
DB05871,P12931,0
DB09101,P12931,0
DB02122,P12931,0
DB02334,P12931,0
DB03161,P12931,0
DB04946,P12931,0
DB14065,P12931,0
DB02483,P12931,0
DB07632,P12931,0
DB07098,P12931,0
DB04732,P12931,0
DB01895,P12931,0
DB07107,P12931,0
DB00725,P12931,0
DB03842,P12931,0
DB09194,P12931,0
DB02433,P12931,0
DB08049,P12931,0
DB11574,P12931,0
DB00864,P12931,0
DB00642,P12931,0
DB03176,P12931,0
DB02581,P12931,0
DB04597,P12931,0
DB02442,P12931,0
DB08575,P12931,0
DB05956,P12931,0
DB05446,P12931,0
DB08065,P12931,0
DB04099,P12931,0
DB02328,P12931,0
DB00921,P12931,0
DB07585,P12931,0
DB08283,P12931,0
DB08409,P12931,0
DB03304,P12931,0
DB07506,Q9HB40,1
DB07450,Q9HB40,0
DB00149,Q9UIC8,1
DB00190,Q9UIC8,0
DB02280,P11444,1
DB03357,P11444,1
DB07381,P11444,1
DB03598,P11444,0
DB07547,P11444,0
DB02899,P11444,0
DB15598,P49281,1
DB12537,P49281,0
DB02267,P59846,1
DB04395,P59846,1
DB04714,P59846,0
DB01690,P59846,0
DB00243,Q8IWT1,1
DB00313,Q8IWT1,1
DB00776,Q8IWT1,1
DB00907,Q8IWT1,1
DB00909,Q8IWT1,1
DB05541,Q8IWT1,1
DB13269,Q8IWT1,1
DB07736,Q8IWT1,0
DB03481,Q8IWT1,0
DB01734,Q8IWT1,0
DB00189,Q8IWT1,0
DB05961,Q8IWT1,0
DB02109,Q8IWT1,0
DB08561,Q8IWT1,0
DB08685,Q3JP94,1
DB02169,Q3JP94,0
DB03661,Q05514,1
DB00685,Q05514,0
DB03147,P9WHH7,1
DB03730,P9WHH7,0
DB00143,P09488,1
DB00608,P09488,1
DB01834,P09488,1
DB02165,P09488,1
DB02458,P09488,1
DB03310,P09488,1
DB03314,P09488,1
DB04187,P09488,1
DB08729,P09488,0
DB08037,P09488,0
DB04586,P09488,0
DB00439,P09488,0
DB02106,P09488,0
DB08328,P09488,0
DB01535,P09488,0
DB06201,P09488,0
DB01373,P20810,1
DB11638,P20810,1
DB00404,P20810,0
DB06829,P20810,0
DB00246,P21728,1
DB00248,P21728,1
DB00334,P21728,1
DB00353,P21728,1
DB00363,P21728,1
DB00397,P21728,1
DB00408,P21728,1
DB00458,P21728,1
DB00477,P21728,1
DB00502,P21728,1
DB00508,P21728,1
DB00543,P21728,1
DB00555,P21728,1
DB00568,P21728,1
DB00589,P21728,1
DB00623,P21728,1
DB00679,P21728,1
DB00696,P21728,1
DB00714,P21728,1
DB00715,P21728,1
DB00726,P21728,1
DB00734,P21728,1
DB00800,P21728,1
DB00805,P21728,1
DB00850,P21728,1
DB00875,P21728,1
DB00988,P21728,1
DB01038,P21728,1
DB01186,P21728,1
DB01200,P21728,1
DB01224,P21728,1
DB01235,P21728,1
DB01238,P21728,1
DB01239,P21728,1
DB01267,P21728,1
DB01403,P21728,1
DB01608,P21728,1
DB01614,P21728,1
DB01621,P21728,1
DB01622,P21728,1
DB01623,P21728,1
DB01624,P21728,1
DB04946,P21728,1
DB05271,P21728,1
DB06077,P21728,1
DB06148,P21728,1
DB06216,P21728,1
DB09097,P21728,1
DB09225,P21728,1
DB09286,P21728,1
DB11274,P21728,1
DB11275,P21728,1
DB11584,P21728,1
DB12093,P21728,1
DB12890,P21728,1
DB13345,P21728,1
DB14185,P21728,1
DB04649,P21728,0
DB08554,P21728,0
DB04281,P21728,0
DB04452,P21728,0
DB02733,P21728,0
DB08219,P21728,0
DB07192,P21728,0
DB05416,P21728,0
DB04743,P21728,0
DB07894,P21728,0
DB07470,P21728,0
DB02292,P21728,0
DB03636,P21728,0
DB08329,P21728,0
DB04560,P21728,0
DB12130,P21728,0
DB08331,P21728,0
DB08203,P21728,0
DB02573,P21728,0
DB07102,P21728,0
DB02106,P21728,0
DB04023,P21728,0
DB01026,P21728,0
DB04208,P21728,0
DB04676,P21728,0
DB07390,P21728,0
DB14489,P21728,0
DB02559,P21728,0
DB02773,P21728,0
DB03437,P21728,0
DB08618,P21728,0
DB07428,P21728,0
DB01431,P21728,0
DB07844,P21728,0
DB00147,P21728,0
DB07744,P21728,0
DB02714,P21728,0
DB03721,P21728,0
DB03893,P21728,0
DB03368,P21728,0
DB08784,P21728,0
DB02436,P21728,0
DB08933,P21728,0
DB08170,P21728,0
DB01895,P21728,0
DB08076,P21728,0
DB07212,P21728,0
DB03382,P21728,0
DB03953,P21728,0
DB11689,P21728,0
DB02092,P21728,0
DB01879,P21728,0
DB07572,P21728,0
DB00675,P21728,0
DB04121,P21728,0
DB04311,P21728,0
DB00179,P21728,0
DB01118,Q86YN6,1
DB00932,Q86YN6,0
DB01044,Q59961,1
DB02867,Q59961,0
DB11638,C0H4L1,1
DB03866,C0H4L1,0
DB01967,Q83QN9,1
DB02191,Q83QN9,1
DB03916,Q83QN9,1
DB04154,Q83QN9,1
DB09076,Q83QN9,0
DB01078,Q83QN9,0
DB07369,Q83QN9,0
DB01627,Q83QN9,0
DB00118,Q00266,1
DB03191,Q00266,1
DB03611,Q00266,1
DB00431,Q00266,0
DB08651,Q00266,0
DB02279,Q00266,0
DB05676,Q86V67,1
DB00727,Q86V67,0
DB04039,P00646,1
DB04147,P00646,1
DB04190,P00646,0
DB08907,P00646,0
DB04147,P06008,1
DB04464,P06008,1
DB07392,P06008,1
DB07551,P06008,1
DB07552,P06008,1
DB08215,P06008,1
DB08689,P06008,1
DB08690,P06008,1
DB03449,P06008,0
DB00922,P06008,0
DB03830,P06008,0
DB03300,P06008,0
DB00129,P06008,0
DB02061,P06008,0
DB07712,P06008,0
DB09513,P06008,0
DB01373,P05109,1
DB01593,P05109,1
DB09130,P05109,1
DB14487,P05109,1
DB14533,P05109,1
DB07444,P05109,0
DB04757,P05109,0
DB09291,P05109,0
DB03283,P05109,0
DB07564,P05109,0
DB08074,P24182,1
DB08075,P24182,1
DB08076,P24182,1
DB08144,P24182,1
DB08145,P24182,1
DB08146,P24182,1
DB08314,P24182,1
DB08315,P24182,1
DB08316,P24182,1
DB08317,P24182,1
DB08318,P24182,1
DB07274,P24182,0
DB12702,P24182,0
DB06706,P24182,0
DB01202,P24182,0
DB01090,P24182,0
DB09245,P24182,0
DB08458,P24182,0
DB03117,P24182,0
DB02994,P24182,0
DB01397,P24182,0
DB05642,P24182,0
DB12010,Q92772,1
DB04314,Q92772,0
DB01702,Q44048,1
DB01668,Q44048,0
DB02443,P07944,1
DB02968,P07944,1
DB04041,P07944,1
DB08186,P07944,0
DB04115,P07944,0
DB04842,P07944,0
DB00173,P78362,1
DB02733,P78362,1
DB04395,P78362,1
DB03738,P78362,0
DB09304,P78362,0
DB07327,P78362,0
DB02482,P22694,1
DB12010,P22694,1
DB13867,P22694,0
DB01773,P22694,0
DB01942,Q46891,1
DB04105,Q46891,0
DB04530,P36952,1
DB04524,P36952,0
DB00157,P37058,1
DB04490,P37058,0
DB02075,P20035,1
DB11638,P20035,1
DB02081,P20035,0
DB08176,P20035,0
DB00295,Q9Y6Y9,1
DB02767,Q9Y6Y9,1
DB03017,Q9Y6Y9,1
DB08231,Q9Y6Y9,1
DB13170,Q9Y6Y9,0
DB00394,Q9Y6Y9,0
DB02263,Q9Y6Y9,0
DB02679,Q9Y6Y9,0
DB11638,Q8IJR6,1
DB08615,Q8IJR6,0
DB11638,Q08853,1
DB02851,Q08853,0
DB00768,Q99584,1
DB01025,Q99584,1
DB01164,Q99584,1
DB01373,Q99584,1
DB11093,Q99584,1
DB11348,Q99584,1
DB14481,Q99584,1
DB03793,Q99584,0
DB00393,Q99584,0
DB02510,Q99584,0
DB06850,Q99584,0
DB02456,Q99584,0
DB03591,Q99584,0
DB02312,Q99584,0
DB02709,P16050,1
DB08492,P16050,1
DB01431,P16050,0
DB06321,P16050,0
DB12010,Q8N4C8,1
DB06950,Q8N4C8,0
DB00201,Q9Y233,1
DB00975,Q9Y233,1
DB01113,Q9Y233,1
DB08383,Q9Y233,1
DB08384,Q9Y233,1
DB08386,Q9Y233,1
DB08387,Q9Y233,1
DB08389,Q9Y233,1
DB08391,Q9Y233,1
DB08811,Q9Y233,1
DB08814,Q9Y233,1
DB09283,Q9Y233,1
DB01215,Q9Y233,0
DB14066,Q9Y233,0
DB04820,Q9Y233,0
DB03763,Q9Y233,0
DB00533,Q9Y233,0
DB03234,Q9Y233,0
DB03856,Q9Y233,0
DB07586,Q9Y233,0
DB00821,Q9Y233,0
DB09013,Q9Y233,0
DB06536,Q9Y233,0
DB03018,Q9Y233,0
DB00162,Q8TC12,1
DB14975,Q8TC12,0
DB00244,P05164,1
DB00535,P05164,1
DB00583,P05164,1
DB01065,P05164,1
DB04821,P05164,1
DB00290,P05164,0
DB00338,P05164,0
DB02602,P05164,0
DB01002,P05164,0
DB00578,P05164,0
DB00788,Q51911,1
DB03600,Q51911,1
DB04534,Q51911,0
DB01218,Q51911,0
DB03247,P55038,1
DB09343,P55038,0
DB06248,Q9NPC1,1
DB12961,Q9NPC1,1
DB02376,Q9NPC1,0
DB08474,Q9NPC1,0
DB01593,P81605,1
DB14487,P81605,1
DB14533,P81605,1
DB06993,P81605,0
DB06444,P81605,0
DB08601,P81605,0
DB00157,O95182,1
DB08743,O95182,0
DB02659,P00414,1
DB04464,P00414,1
DB08568,P00414,0
DB07285,P00414,0
DB08376,Q53728,1
DB04108,Q53728,0
DB01752,Q99873,1
DB05470,Q99873,0
DB01778,P56740,1
DB01906,P56740,1
DB02119,P56740,1
DB02489,P56740,1
DB03231,P56740,1
DB03571,P56740,1
DB04168,P56740,1
DB04400,P56740,1
DB04425,P56740,1
DB06906,P56740,1
DB00664,P56740,0
DB01106,P56740,0
DB07923,P56740,0
DB02621,P56740,0
DB07144,P56740,0
DB00408,P56740,0
DB07037,P56740,0
DB04749,P56740,0
DB08294,P56740,0
DB02218,P56740,0
DB00186,P78334,1
DB00189,P78334,1
DB00228,P78334,1
DB00231,P78334,1
DB00237,P78334,1
DB00241,P78334,1
DB00252,P78334,1
DB00292,P78334,1
DB00306,P78334,1
DB00312,P78334,1
DB00349,P78334,1
DB00371,P78334,1
DB00402,P78334,1
DB00404,P78334,1
DB00463,P78334,1
DB00475,P78334,1
DB00543,P78334,1
DB00546,P78334,1
DB00555,P78334,1
DB00603,P78334,1
DB00628,P78334,1
DB00659,P78334,1
DB00683,P78334,1
DB00690,P78334,1
DB00753,P78334,1
DB00794,P78334,1
DB00801,P78334,1
DB00818,P78334,1
DB00829,P78334,1
DB00842,P78334,1
DB00897,P78334,1
DB00898,P78334,1
DB01028,P78334,1
DB01043,P78334,1
DB01068,P78334,1
DB01107,P78334,1
DB01159,P78334,1
DB01189,P78334,1
DB01205,P78334,1
DB01215,P78334,1
DB01236,P78334,1
DB01437,P78334,1
DB01489,P78334,1
DB01511,P78334,1
DB01544,P78334,1
DB01545,P78334,1
DB01553,P78334,1
DB01558,P78334,1
DB01559,P78334,1
DB01567,P78334,1
DB01587,P78334,1
DB01588,P78334,1
DB01589,P78334,1
DB01594,P78334,1
DB01595,P78334,1
DB01708,P78334,1
DB01956,P78334,1
DB09017,P78334,1
DB09118,P78334,1
DB09166,P78334,1
DB11582,P78334,1
DB11859,P78334,1
DB11901,P78334,1
DB12537,P78334,1
DB13335,P78334,1
DB13437,P78334,1
DB13643,P78334,1
DB13837,P78334,1
DB13872,P78334,1
DB14028,P78334,1
DB14672,P78334,1
DB14715,P78334,1
DB14719,P78334,1
DB15489,P78334,1
DB04151,P78334,0
DB01224,P78334,0
DB04381,P78334,0
DB09239,P78334,0
DB03730,P78334,0
DB07584,P78334,0
DB06314,P78334,0
DB03408,P78334,0
DB08119,P78334,0
DB07845,P78334,0
DB14514,P78334,0
DB08573,P78334,0
DB03471,P78334,0
DB07250,P78334,0
DB04551,P78334,0
DB07016,P78334,0
DB00139,P78334,0
DB08253,P78334,0
DB02744,P78334,0
DB04050,P78334,0
DB01676,P78334,0
DB01097,P78334,0
DB02343,P78334,0
DB03083,P78334,0
DB03687,P78334,0
DB08040,P78334,0
DB04687,P78334,0
DB13934,P78334,0
DB03783,P78334,0
DB08790,P78334,0
DB07514,P78334,0
DB03419,P78334,0
DB01378,P78334,0
DB01932,P78334,0
DB04852,P78334,0
DB05936,P78334,0
DB00544,P78334,0
DB08191,P78334,0
DB13908,P78334,0
DB11703,P78334,0
DB00425,P78334,0
DB02143,P78334,0
DB07534,P78334,0
DB03539,P78334,0
DB08426,P78334,0
DB04519,P78334,0
DB07720,P78334,0
DB03084,P78334,0
DB03515,P78334,0
DB06933,P78334,0
DB02335,P78334,0
DB07490,P78334,0
DB04696,P78334,0
DB03207,P78334,0
DB07930,P78334,0
DB12769,P78334,0
DB03024,P78334,0
DB02373,P78334,0
DB01263,P78334,0
DB07587,P78334,0
DB00348,P78334,0
DB06274,P78334,0
DB07888,P78334,0
DB01366,P78334,0
DB07022,P78334,0
DB00720,P78334,0
DB04887,P78334,0
DB02366,P78334,0
DB07274,P78334,0
DB14975,P78334,0
DB00136,P78334,0
DB12278,P78334,0
DB04877,P78334,0
DB07850,P78334,0
DB05659,P0AD69,1
DB03157,P0AD69,0
DB12010,Q6PHR2,1
DB09418,Q6PHR2,0
DB08646,Q8VUT0,1
DB08479,Q8VUT0,0
DB02251,Q47Q21,1
DB11937,Q47Q21,0
DB00142,Q13002,1
DB00237,Q13002,1
DB00241,Q13002,1
DB00273,Q13002,1
DB00306,Q13002,1
DB00312,Q13002,1
DB00418,Q13002,1
DB00463,Q13002,1
DB00599,Q13002,1
DB00794,Q13002,1
DB00849,Q13002,1
DB01174,Q13002,1
DB01351,Q13002,1
DB01352,Q13002,1
DB01353,Q13002,1
DB01354,Q13002,1
DB01355,Q13002,1
DB01483,Q13002,1
DB01496,Q13002,1
DB02852,Q13002,1
DB02999,Q13002,1
DB03425,Q13002,1
DB01034,Q13002,0
DB06211,Q13002,0
DB07187,Q13002,0
DB08882,Q13002,0
DB02599,Q13002,0
DB01288,Q13002,0
DB00554,Q13002,0
DB14062,Q13002,0
DB07155,Q13002,0
DB13615,Q13002,0
DB07462,Q13002,0
DB07065,Q13002,0
DB03609,Q13002,0
DB02073,Q13002,0
DB00468,Q13002,0
DB02750,Q13002,0
DB08427,Q13002,0
DB08410,Q13002,0
DB03067,Q13002,0
DB05168,Q13002,0
DB01036,Q13002,0
DB07529,Q13002,0
DB12010,Q92918,1
DB02728,Q92918,0
DB02217,Q9NPB1,1
DB04672,Q9NPB1,1
DB01081,Q9NPB1,0
DB07156,Q9NPB1,0
DB02745,P0A927,1
DB04485,P0A927,1
DB08144,P0A927,0
DB07760,P0A927,0
DB00470,P34972,1
DB00486,P34972,1
DB02955,P34972,1
DB06202,P34972,1
DB09061,P34972,1
DB11755,P34972,1
DB14011,P34972,1
DB02170,P34972,0
DB03323,P34972,0
DB06446,P34972,0
DB02076,P34972,0
DB04360,P34972,0
DB14672,P34972,0
DB04233,P34972,0
DB02201,Q84FH6,1
DB03814,Q84FH6,1
DB01425,Q84FH6,0
DB04680,Q84FH6,0
DB00126,Q6N063,1
DB01081,Q6N063,0
DB00493,Q9Y694,1
DB02152,Q9Y694,0
DB00852,P01100,1
DB02120,P01100,0
DB04646,P83794,1
DB08453,P83794,1
DB08536,P83794,0
DB12110,P83794,0
DB12010,P51957,1
DB00440,P51957,0
DB01859,P62619,1
DB02552,P62619,1
DB03403,P62619,1
DB03687,P62619,1
DB03961,P62619,1
DB04555,P62619,1
DB08766,P62619,0
DB07121,P62619,0
DB06155,P62619,0
DB08780,P62619,0
DB00411,P62619,0
DB01611,P62619,0
DB01942,Q9X0L5,1
DB00520,Q9X0L5,0
DB01190,Q2G0P0,1
DB02852,Q2G0P0,0
DB02061,P37700,1
DB02361,P37700,1
DB02379,P37700,1
DB03584,P37700,1
DB03859,P37700,1
DB01639,P37700,0
DB01274,P37700,0
DB03916,P37700,0
DB03328,P37700,0
DB07742,P37700,0
DB03317,P81040,1
DB12457,P81040,0
DB08378,P14649,1
DB02630,P14649,0
DB11638,C0H4Y6,1
DB02645,C0H4Y6,0
DB00143,Q04760,1
DB00328,Q04760,1
DB03130,Q04760,1
DB03330,Q04760,1
DB03345,Q04760,1
DB03602,Q04760,1
DB04132,Q04760,1
DB08179,Q04760,1
DB03737,Q04760,0
DB06865,Q04760,0
DB00135,Q04760,0
DB08152,Q04760,0
DB00494,Q04760,0
DB07957,Q04760,0
DB06321,Q04760,0
DB08247,Q04760,0
DB03317,P82599,1
DB14639,P82599,0
DB03147,P09063,1
DB07710,P09063,0
DB02899,P26789,1
DB04147,P26789,1
DB04464,P26789,1
DB03756,P26789,0
DB07290,P26789,0
DB01488,P26789,0
DB14533,P04196,1
DB12070,P04196,0
DB01593,P01591,1
DB14487,P01591,1
DB14533,P01591,1
DB04795,P01591,0
DB07772,P01591,0
DB00475,P01591,0
DB08185,P62661,1
DB07255,P62661,0
DB00114,Q8TD30,1
DB00142,Q8TD30,1
DB00160,Q8TD30,1
DB00780,Q8TD30,1
DB01088,Q8TD30,0
DB08531,Q8TD30,0
DB03685,Q8TD30,0
DB02635,Q8TD30,0
DB02210,Q56313,1
DB01650,Q56313,0
DB01593,P10909,1
DB09130,P10909,1
DB14487,P10909,1
DB14533,P10909,1
DB03772,P10909,0
DB00984,P10909,0
DB02567,P10909,0
DB12518,P10909,0
DB00973,P35610,1
DB01094,P35610,1
DB02689,P35610,0
DB02186,P35610,0
DB00142,O94925,1
DB08549,O94925,0
DB00193,P41143,1
DB00295,P41143,1
DB00318,P41143,1
DB00321,P41143,1
DB00327,P41143,1
DB00333,P41143,1
DB00497,P41143,1
DB00514,P41143,1
DB00611,P41143,1
DB00647,P41143,1
DB00704,P41143,1
DB00708,P41143,1
DB00813,P41143,1
DB00836,P41143,1
DB00844,P41143,1
DB00854,P41143,1
DB00899,P41143,1
DB00921,P41143,1
DB00956,P41143,1
DB01081,P41143,1
DB01183,P41143,1
DB01192,P41143,1
DB01221,P41143,1
DB01238,P41143,1
DB01439,P41143,1
DB01444,P41143,1
DB01452,P41143,1
DB01497,P41143,1
DB01535,P41143,1
DB01548,P41143,1
DB01565,P41143,1
DB01571,P41143,1
DB06204,P41143,1
DB06230,P41143,1
DB06274,P41143,1
DB06409,P41143,1
DB06738,P41143,1
DB09061,P41143,1
DB09173,P41143,1
DB09209,P41143,1
DB09272,P41143,1
DB11691,P41143,1
DB12668,P41143,1
DB14011,P41143,1
DB14146,P41143,1
DB06963,P41143,0
DB00774,P41143,0
DB04132,P41143,0
DB03820,P41143,0
DB09116,P41143,0
DB01128,P41143,0
DB14639,P41143,0
DB01644,P41143,0
DB08875,P41143,0
DB08782,P41143,0
DB06548,P41143,0
DB07865,P41143,0
DB07953,P41143,0
DB04622,P41143,0
DB00435,P41143,0
DB07185,P41143,0
DB07204,P41143,0
DB00397,P41143,0
DB07405,P41143,0
DB02669,P41143,0
DB06842,P41143,0
DB07919,P41143,0
DB04846,P41143,0
DB07298,P41143,0
DB07906,P41143,0
DB04299,P41143,0
DB08089,P41143,0
DB03543,P41143,0
DB13421,P41143,0
DB13988,P41143,0
DB02999,P41143,0
DB02314,P41143,0
DB04013,P41143,0
DB02578,P41143,0
DB00593,P41143,0
DB00814,P41143,0
DB03477,P41143,0
DB02919,P41143,0
DB08341,P41143,0
DB04617,P41143,0
DB02730,P41143,0
DB14070,P41143,0
DB02218,P41143,0
DB01112,P41143,0
DB04612,P41143,0
DB03152,P19821,1
DB03258,P19821,1
DB14126,P19821,0
DB03319,P19821,0
DB11455,Q8SPQ9,1
DB14059,Q8SPQ9,1
DB14060,Q8SPQ9,1
DB07816,Q8SPQ9,0
DB03566,Q8SPQ9,0
DB00455,Q8SPQ9,0
DB00131,Q08499,1
DB00201,Q08499,1
DB00651,Q08499,1
DB01088,Q08499,1
DB01427,Q08499,1
DB01656,Q08499,1
DB01791,Q08499,1
DB01954,Q08499,1
DB01959,Q08499,1
DB02676,Q08499,1
DB02918,Q08499,1
DB03183,Q08499,1
DB03606,Q08499,1
DB03849,Q08499,1
DB04149,Q08499,1
DB04271,Q08499,1
DB04469,Q08499,1
DB05219,Q08499,1
DB05266,Q08499,1
DB05298,Q08499,1
DB06246,Q08499,1
DB06842,Q08499,1
DB07051,Q08499,1
DB07954,Q08499,1
DB08299,Q08499,1
DB09283,Q08499,1
DB03798,Q08499,0
DB08627,Q08499,0
DB04526,Q08499,0
DB08538,Q08499,0
DB06506,Q08499,0
DB03663,Q08499,0
DB08806,Q08499,0
DB06772,Q08499,0
DB01392,Q08499,0
DB08144,Q08499,0
DB15623,Q08499,0
DB02917,Q08499,0
DB08252,Q08499,0
DB03164,Q08499,0
DB00881,Q08499,0
DB03895,Q08499,0
DB08761,Q08499,0
DB09555,Q08499,0
DB08763,Q08499,0
DB03203,Q08499,0
DB01332,Q08499,0
DB06865,Q08499,0
DB02731,Q08499,0
DB08095,Q08499,0
DB01735,Q08499,0
DB03019,Q08499,0
DB00738,O14717,1
DB01752,O14717,1
DB09462,O14717,1
DB05990,O14717,0
DB08903,O14717,0
DB09041,O14717,0
DB04894,P35346,1
DB06663,P35346,1
DB06791,P35346,1
DB09099,P35346,1
DB13985,P35346,1
DB15494,P35346,1
DB08893,P35346,0
DB07260,P35346,0
DB07762,P35346,0
DB04388,P35346,0
DB07868,P35346,0
DB02667,P35346,0
DB00648,P10109,1
DB02660,P10109,0
DB00855,P13716,1
DB02068,P13716,1
DB02239,P13716,1
DB02260,P13716,1
DB02272,P13716,1
DB02878,P13716,1
DB04560,P13716,1
DB04781,P13716,1
DB05714,P13716,0
DB04411,P13716,0
DB07232,P13716,0
DB08660,P13716,0
DB01044,P13716,0
DB03006,P13716,0
DB05871,P13716,0
DB04761,P13716,0
DB00157,P40939,1
DB01817,P40939,0
DB02379,Q701N4,1
DB03088,Q701N4,1
DB01331,Q701N4,0
DB02008,Q701N4,0
DB00126,O14832,1
DB02645,O14832,0
DB00162,Q9BTZ2,1
DB08340,Q9BTZ2,0
DB04472,Q93D82,1
DB04499,Q93D82,1
DB04777,Q93D82,1
DB06421,Q93D82,0
DB08790,Q93D82,0
DB07497,Q93D82,0
DB00153,Q13936,1
DB00228,Q13936,1
DB00243,Q13936,1
DB00252,Q13936,1
DB00270,Q13936,1
DB00273,Q13936,1
DB00308,Q13936,1
DB00343,Q13936,1
DB00381,Q13936,1
DB00393,Q13936,1
DB00401,Q13936,1
DB00421,Q13936,1
DB00568,Q13936,1
DB00622,Q13936,1
DB00653,Q13936,1
DB00661,Q13936,1
DB00825,Q13936,1
DB00898,Q13936,1
DB01023,Q13936,1
DB01054,Q13936,1
DB01110,Q13936,1
DB01115,Q13936,1
DB01118,Q13936,1
DB01373,Q13936,1
DB01388,Q13936,1
DB04855,Q13936,1
DB04920,Q13936,1
DB06712,Q13936,1
DB06751,Q13936,1
DB09089,Q13936,1
DB09227,Q13936,1
DB09229,Q13936,1
DB09231,Q13936,1
DB09232,Q13936,1
DB09235,Q13936,1
DB09236,Q13936,1
DB09237,Q13936,1
DB09238,Q13936,1
DB11148,Q13936,1
DB11633,Q13936,1
DB12278,Q13936,1
DB01364,Q13936,0
DB03589,Q13936,0
DB01444,Q13936,0
DB07512,Q13936,0
DB03756,Q13936,0
DB03439,Q13936,0
DB03968,Q13936,0
DB02121,Q13936,0
DB08115,Q13936,0
DB04599,Q13936,0
DB03022,Q13936,0
DB00357,Q13936,0
DB02714,Q13936,0
DB08147,Q13936,0
DB07561,Q13936,0
DB07712,Q13936,0
DB00362,Q13936,0
DB02645,Q13936,0
DB02789,Q13936,0
DB02855,Q13936,0
DB08375,Q13936,0
DB01024,Q13936,0
DB03389,Q13936,0
DB00376,Q13936,0
DB06362,Q13936,0
DB08651,Q13936,0
DB07500,Q13936,0
DB01621,Q13936,0
DB09552,Q13936,0
DB08677,Q13936,0
DB04545,Q13936,0
DB01763,Q13936,0
DB08379,Q13936,0
DB02964,Q13936,0
DB02393,Q13936,0
DB01282,Q13936,0
DB01861,Q13936,0
DB02731,Q13936,0
DB03173,Q13936,0
DB04846,Q13936,0
DB03685,Q13936,0
DB00759,P0A7V3,1
DB09093,P0A7V3,1
DB12455,P0A7V3,1
DB07529,P0A7V3,0
DB04377,P0A7V3,0
DB06931,P0A7V3,0
DB04167,Q9RYA6,1
DB00498,Q9RYA6,0
DB02039,A0A0H3K1U2,1
DB03059,A0A0H3K1U2,1
DB03169,A0A0H3K1U2,1
DB05075,A0A0H3K1U2,0
DB04957,A0A0H3K1U2,0
DB05993,A0A0H3K1U2,0
DB00243,Q9Y5Y9,1
DB00273,Q9Y5Y9,1
DB00281,Q9Y5Y9,1
DB00296,Q9Y5Y9,1
DB00297,Q9Y5Y9,1
DB00313,Q9Y5Y9,1
DB00473,Q9Y5Y9,1
DB00527,Q9Y5Y9,1
DB00555,Q9Y5Y9,1
DB00564,Q9Y5Y9,1
DB00645,Q9Y5Y9,1
DB00721,Q9Y5Y9,1
DB00776,Q9Y5Y9,1
DB00807,Q9Y5Y9,1
DB00892,Q9Y5Y9,1
DB00907,Q9Y5Y9,1
DB00961,Q9Y5Y9,1
DB01002,Q9Y5Y9,1
DB01069,Q9Y5Y9,1
DB01086,Q9Y5Y9,1
DB01161,Q9Y5Y9,1
DB01173,Q9Y5Y9,1
DB05541,Q9Y5Y9,1
DB06218,Q9Y5Y9,1
DB09085,Q9Y5Y9,1
DB09088,Q9Y5Y9,1
DB09342,Q9Y5Y9,1
DB09345,Q9Y5Y9,1
DB11186,Q9Y5Y9,1
DB13269,Q9Y5Y9,1
DB00562,Q9Y5Y9,0
DB00360,Q9Y5Y9,0
DB01340,Q9Y5Y9,0
DB01107,Q9Y5Y9,0
DB07333,Q9Y5Y9,0
DB08689,Q9Y5Y9,0
DB00679,Q9Y5Y9,0
DB03717,Q9Y5Y9,0
DB02917,Q9Y5Y9,0
DB03559,Q9Y5Y9,0
DB02200,Q9Y5Y9,0
DB07916,Q9Y5Y9,0
DB00262,Q9Y5Y9,0
DB12093,Q9Y5Y9,0
DB07922,Q9Y5Y9,0
DB09060,Q9Y5Y9,0
DB08726,Q9Y5Y9,0
DB01642,Q9Y5Y9,0
DB08680,Q9Y5Y9,0
DB08715,Q9Y5Y9,0
DB03155,Q9Y5Y9,0
DB08084,Q9Y5Y9,0
DB04166,Q9Y5Y9,0
DB02952,Q9Y5Y9,0
DB04040,Q9Y5Y9,0
DB02460,Q9Y5Y9,0
DB02221,Q9Y5Y9,0
DB14034,Q9Y5Y9,0
DB11614,Q9Y5Y9,0
DB11963,Q9Y5Y9,0
DB00243,O60939,1
DB00313,O60939,1
DB00776,O60939,1
DB00907,O60939,1
DB00909,O60939,1
DB05541,O60939,1
DB13269,O60939,1
DB02962,O60939,0
DB00172,O60939,0
DB09047,O60939,0
DB07380,O60939,0
DB07181,O60939,0
DB11921,O60939,0
DB00318,O60939,0
DB04592,P22869,1
DB04637,P22869,1
DB08621,P22869,0
DB01037,P22869,0
DB01861,Q7Z4J2,1
DB02379,Q7Z4J2,1
DB03435,Q7Z4J2,1
DB03685,Q7Z4J2,1
DB04465,Q7Z4J2,1
DB01392,Q7Z4J2,0
DB06307,Q7Z4J2,0
DB08140,Q7Z4J2,0
DB13003,Q7Z4J2,0
DB08497,Q7Z4J2,0
DB00437,P47989,1
DB00583,P47989,1
DB01685,P47989,1
DB03147,P47989,1
DB03328,P47989,1
DB03516,P47989,1
DB03841,P47989,1
DB04854,P47989,1
DB05262,P47989,1
DB00656,P47989,0
DB11577,P47989,0
DB07383,P47989,0
DB03919,P47989,0
DB06764,P47989,0
DB03815,P47989,0
DB09006,P47989,0
DB02494,P47989,0
DB08524,P47989,0
DB03147,Q94655,1
DB07997,Q94655,0
DB01709,Q9X519,1
DB04510,Q9X519,1
DB08360,Q9X519,0
DB01897,Q9X519,0
DB00243,Q15858,1
DB00273,Q15858,1
DB00281,Q15858,1
DB00313,Q15858,1
DB00555,Q15858,1
DB00564,Q15858,1
DB00776,Q15858,1
DB00907,Q15858,1
DB00909,Q15858,1
DB01069,Q15858,1
DB05541,Q15858,1
DB06201,Q15858,1
DB06218,Q15858,1
DB09085,Q15858,1
DB09088,Q15858,1
DB09342,Q15858,1
DB09345,Q15858,1
DB11186,Q15858,1
DB13269,Q15858,1
DB01663,Q15858,0
DB08388,Q15858,0
DB07109,Q15858,0
DB04527,Q15858,0
DB11963,Q15858,0
DB07012,Q15858,0
DB12924,Q15858,0
DB14490,Q15858,0
DB00327,Q15858,0
DB02278,Q15858,0
DB12466,Q15858,0
DB07133,Q15858,0
DB01253,Q15858,0
DB07853,Q15858,0
DB07125,Q15858,0
DB08122,Q15858,0
DB07213,Q15858,0
DB07486,Q15858,0
DB03933,Q15858,0
DB12010,O14578,1
DB02448,O14578,0
DB00609,P9WIE5,1
DB00951,P9WIE5,1
DB07846,P9WIE5,0
DB01437,P9WIE5,0
DB00114,P17735,1
DB00120,P17735,1
DB00135,P17735,1
DB00142,P17735,1
DB00618,P17735,0
DB04055,P17735,0
DB00647,P17735,0
DB01303,P17735,0
DB03600,P09958,1
DB04951,P09958,1
DB03688,P09958,0
DB08499,P09958,0
DB02552,P9WFF7,1
DB04714,P9WFF7,1
DB12141,P9WFF7,0
DB07994,P9WFF7,0
DB00537,C3T8E2,1
DB02949,C3T8E2,0
DB03619,P25553,1
DB00855,P25553,0
DB09130,O75880,1
DB03252,O75880,0
DB00594,P00749,1
DB01725,P00749,1
DB01905,P00749,1
DB01977,P00749,1
DB02287,P00749,1
DB02398,P00749,1
DB02473,P00749,1
DB02526,P00749,1
DB02551,P00749,1
DB02705,P00749,1
DB03046,P00749,1
DB03082,P00749,1
DB03127,P00749,1
DB03136,P00749,1
DB03159,P00749,1
DB03476,P00749,1
DB03729,P00749,1
DB03782,P00749,1
DB03865,P00749,1
DB03876,P00749,1
DB04059,P00749,1
DB04172,P00749,1
DB06855,P00749,1
DB06856,P00749,1
DB06857,P00749,1
DB07076,P00749,1
DB07122,P00749,1
DB07129,P00749,1
DB07625,P00749,1
DB07626,P00749,1
DB08072,P00749,1
DB08697,P00749,1
DB09418,P00749,0
DB08027,P00749,0
DB01669,P00749,0
DB07958,P00749,0
DB08773,P00749,0
DB07557,P00749,0
DB08317,P00749,0
DB07077,P00749,0
DB00628,P00749,0
DB03413,P00749,0
DB00770,P00749,0
DB00226,P00749,0
DB08507,P00749,0
DB02904,P00749,0
DB07365,P00749,0
DB03051,P00749,0
DB02642,P00749,0
DB03558,P00749,0
DB04689,P00749,0
DB03904,P00749,0
DB00509,P00749,0
DB00602,P00749,0
DB04057,P00749,0
DB11660,P00749,0
DB06949,P00749,0
DB13874,P00749,0
DB01932,P00749,0
DB03345,P00749,0
DB04195,P00749,0
DB11623,P00749,0
DB03079,P00749,0
DB01075,P00749,0
DB07558,O14818,1
DB08515,O14818,1
DB04654,O14818,0
DB06148,O14818,0
DB12010,O75716,1
DB07144,O75716,0
DB03355,P0A8M5,1
DB03869,P0A8M5,1
DB04024,P0A8M5,1
DB08128,P0A8M5,0
DB04787,P0A8M5,0
DB14058,P0A8M5,0
DB02511,P46881,1
DB02537,P46881,1
DB04334,P46881,1
DB06988,P46881,1
DB07961,P46881,0
DB02995,P46881,0
DB01219,P46881,0
DB08578,P46881,0
DB00828,P0A749,1
DB00213,P0A749,0
DB12887,Q15910,1
DB14581,Q15910,1
DB01761,Q15910,0
DB03341,Q15910,0
DB08753,Q672W7,1
DB08754,Q672W7,1
DB04380,Q672W7,0
DB08559,Q672W7,0
DB00721,Q86U10,1
DB03464,Q86U10,0
DB02899,P41021,1
DB09091,P41021,0
DB00126,O60568,1
DB07351,O60568,0
DB11638,Q8I487,1
DB00539,Q8I487,0
DB03323,P19531,1
DB03971,P19531,1
DB04137,P19531,0
DB08440,P19531,0
DB04216,P25705,1
DB07384,P25705,1
DB07394,P25705,1
DB08399,P25705,1
DB08629,P25705,1
DB11638,P25705,1
DB07977,P25705,0
DB01602,P25705,0
DB08687,P25705,0
DB00303,P25705,0
DB08465,P25705,0
DB00353,P25705,0
DB00493,Q9NSA0,1
DB01032,Q9NSA0,1
DB01212,Q9NSA0,1
DB11560,Q9NSA0,1
DB01418,Q9NSA0,0
DB01228,Q9NSA0,0
DB07167,Q9NSA0,0
DB11761,Q9NSA0,0
DB01083,P07098,1
DB02457,P07098,1
DB03372,P07098,0
DB04866,P07098,0
DB06884,P48552,1
DB11611,P48552,0
DB00114,P13196,1
DB00145,P13196,1
DB07768,P13196,0
DB06766,P13196,0
DB01159,P59768,1
DB01193,P59768,0
DB02379,P0A6V8,1
DB00637,P0A6V8,0
DB12965,A1L3X4,1
DB06595,A1L3X4,0
DB00428,Q89ZI2,1
DB07432,Q89ZI2,1
DB08255,Q89ZI2,1
DB01142,Q89ZI2,0
DB02126,Q89ZI2,0
DB01915,Q89ZI2,0
DB08689,P0AEG4,1
DB09289,P0AEG4,0
DB01593,P01876,1
DB14487,P01876,1
DB09198,P01876,0
DB07722,P01876,0
DB01965,P06968,1
DB02333,P06968,1
DB03413,P06968,1
DB03800,P06968,1
DB04736,P06968,0
DB03559,P06968,0
DB02576,P06968,0
DB01415,P06968,0
DB00214,Q13621,1
DB00232,Q13621,1
DB00310,Q13621,1
DB00534,Q13621,1
DB00695,Q13621,1
DB00761,Q13621,1
DB00774,Q13621,1
DB00887,Q13621,1
DB00903,Q13621,1
DB01325,Q13621,1
DB02925,Q13621,1
DB03121,Q13621,0
DB06185,Q13621,0
DB07039,Q13621,0
DB14064,Q13621,0
DB03686,Q13621,0
DB08192,Q13621,0
DB03486,Q13621,0
DB01235,Q13621,0
DB05188,Q13621,0
DB13179,Q13621,0
DB03347,Q13621,0
DB05294,Q13882,1
DB12010,Q13882,1
DB15035,Q13882,1
DB07580,Q13882,0
DB11745,Q13882,0
DB03876,Q13882,0
DB02251,P29208,1
DB06864,P29208,1
DB07408,P29208,0
DB09031,P29208,0
DB08908,Q14145,1
DB07743,Q14145,0
DB11638,Q8IKL4,1
DB08642,Q8IKL4,0
DB02776,Q7SIG1,1
DB01137,Q7SIG1,0
DB01972,P0AG16,1
DB03942,P0AG16,1
DB04296,P0AG16,1
DB01489,P0AG16,0
DB03133,P0AG16,0
DB07568,P0AG16,0
DB07248,Q05397,1
DB07460,Q05397,1
DB12010,Q05397,1
DB08198,Q05397,0
DB00479,Q05397,0
DB00881,Q05397,0
DB02726,O35000,1
DB04277,O35000,1
DB06021,O35000,0
DB09080,O35000,0
DB11638,Q76NN7,1
DB00788,Q76NN7,0
DB04555,P14169,1
DB00300,P14169,0
DB00193,P28335,1
DB00246,P28335,1
DB00247,P28335,1
DB00248,P28335,1
DB00321,P28335,1
DB00334,P28335,1
DB00363,P28335,1
DB00370,P28335,1
DB00408,P28335,1
DB00420,P28335,1
DB00434,P28335,1
DB00458,P28335,1
DB00472,P28335,1
DB00477,P28335,1
DB00502,P28335,1
DB00540,P28335,1
DB00543,P28335,1
DB00574,P28335,1
DB00589,P28335,1
DB00623,P28335,1
DB00656,P28335,1
DB00696,P28335,1
DB00714,P28335,1
DB00715,P28335,1
DB00726,P28335,1
DB00734,P28335,1
DB00777,P28335,1
DB00805,P28335,1
DB00924,P28335,1
DB00934,P28335,1
DB01079,P28335,1
DB01142,P28335,1
DB01149,P28335,1
DB01151,P28335,1
DB01175,P28335,1
DB01186,P28335,1
DB01191,P28335,1
DB01200,P28335,1
DB01221,P28335,1
DB01224,P28335,1
DB01238,P28335,1
DB01239,P28335,1
DB01242,P28335,1
DB01267,P28335,1
DB01392,P28335,1
DB01403,P28335,1
DB01454,P28335,1
DB01537,P28335,1
DB04871,P28335,1
DB04884,P28335,1
DB04948,P28335,1
DB05492,P28335,1
DB06144,P28335,1
DB06148,P28335,1
DB06153,P28335,1
DB06216,P28335,1
DB06229,P28335,1
DB06446,P28335,1
DB06512,P28335,1
DB06594,P28335,1
DB06678,P28335,1
DB09014,P28335,1
DB09194,P28335,1
DB09195,P28335,1
DB09304,P28335,1
DB11273,P28335,1
DB12110,P28335,1
DB12141,P28335,1
DB12163,P28335,1
DB12177,P28335,1
DB13025,P28335,1
DB13345,P28335,1
DB13940,P28335,1
DB14185,P28335,1
DB04352,P28335,0
DB01782,P28335,0
DB02983,P28335,0
DB05964,P28335,0
DB06137,P28335,0
DB03759,P28335,0
DB04242,P28335,0
DB05035,P28335,0
DB00695,P28335,0
DB04173,P28335,0
DB02744,P28335,0
DB01021,P28335,0
DB02591,P28335,0
DB07718,P28335,0
DB01910,P28335,0
DB07105,P28335,0
DB02442,P28335,0
DB01128,P28335,0
DB08346,P28335,0
DB01812,P28335,0
DB06013,P28335,0
DB02689,P28335,0
DB03175,P28335,0
DB08337,P28335,0
DB01988,P28335,0
DB07796,P28335,0
DB00579,P28335,0
DB00435,P28335,0
DB03191,P28335,0
DB04738,P28335,0
DB03190,P28335,0
DB02401,P28335,0
DB02332,P28335,0
DB11967,P28335,0
DB01676,P28335,0
DB06905,P28335,0
DB04799,P28335,0
DB06543,P28335,0
DB06866,P28335,0
DB07206,P28335,0
DB02804,P28335,0
DB00721,P28335,0
DB08340,P28335,0
DB02588,P28335,0
DB08122,P28335,0
DB07215,P28335,0
DB00256,P28335,0
DB04483,P28335,0
DB06899,P28335,0
DB09286,P28335,0
DB07376,P28335,0
DB00671,P28335,0
DB00379,P28335,0
DB07981,P28335,0
DB07763,P28335,0
DB08030,P28335,0
DB07919,P28335,0
DB08462,P28335,0
DB07737,P28335,0
DB08098,P28335,0
DB03207,P28335,0
DB08755,P28335,0
DB01732,P28335,0
DB03397,P28335,0
DB08659,P28335,0
DB00825,P28335,0
DB04633,P28335,0
DB09083,P28335,0
DB00182,P28335,0
DB03703,P28335,0
DB03647,P28335,0
DB05104,P28335,0
DB02633,P28335,0
DB06548,P28335,0
DB04267,P9WP23,1
DB00309,P9WP23,0
DB00121,P50747,1
DB04481,P50747,0
DB01593,P15169,1
DB12271,P15169,1
DB14487,P15169,1
DB14533,P15169,1
DB04147,P15169,0
DB07919,P15169,0
DB03506,P15169,0
DB06955,P15169,0
DB00495,O14746,1
DB02401,O14746,0
DB02260,P0ACB2,1
DB04530,P0ACB2,1
DB04560,P0ACB2,1
DB08546,P0ACB2,0
DB12379,P0ACB2,0
DB00671,P0ACB2,0
DB00273,P07451,1
DB00311,P07451,1
DB00391,P07451,1
DB00482,P07451,1
DB00562,P07451,1
DB00580,P07451,1
DB00606,P07451,1
DB00703,P07451,1
DB00819,P07451,1
DB00869,P07451,1
DB00909,P07451,1
DB01144,P07451,1
DB01194,P07451,1
DB08846,P07451,1
DB12418,P07451,1
DB08611,P07451,0
DB03121,P07451,0
DB15665,P07451,0
DB04401,P07451,0
DB03937,P07451,0
DB07378,P07451,0
DB01365,P07451,0
DB01631,P07451,0
DB01788,P07451,0
DB07393,P07451,0
DB01274,P07451,0
DB03344,P07451,0
DB00398,P07451,0
DB07599,P07451,0
DB06785,P07451,0
DB00125,P35228,1
DB00155,P35228,1
DB01017,P35228,1
DB01110,P35228,1
DB01234,P35228,1
DB01686,P35228,1
DB01835,P35228,1
DB01997,P35228,1
DB02044,P35228,1
DB02207,P35228,1
DB02234,P35228,1
DB02462,P35228,1
DB02644,P35228,1
DB03100,P35228,1
DB03144,P35228,1
DB03366,P35228,1
DB03449,P35228,1
DB03953,P35228,1
DB04400,P35228,1
DB04534,P35228,1
DB05252,P35228,1
DB05383,P35228,1
DB06879,P35228,1
DB06916,P35228,1
DB07002,P35228,1
DB07003,P35228,1
DB07007,P35228,1
DB07008,P35228,1
DB07011,P35228,1
DB07029,P35228,1
DB07306,P35228,1
DB07318,P35228,1
DB07388,P35228,1
DB07389,P35228,1
DB07405,P35228,1
DB08214,P35228,1
DB08750,P35228,1
DB08814,P35228,1
DB09237,P35228,1
DB11327,P35228,1
DB14649,P35228,1
DB00718,P35228,0
DB11348,P35228,0
DB04109,P35228,0
DB04800,P35228,0
DB07113,P35228,0
DB11937,P35228,0
DB02979,P35228,0
DB07545,P35228,0
DB02035,P35228,0
DB08056,P35228,0
DB00123,P35228,0
DB02316,P35228,0
DB02991,P35228,0
DB11726,P35228,0
DB00609,P35228,0
DB03565,P35228,0
DB08208,P35228,0
DB01047,P35228,0
DB01921,P35228,0
DB03330,P35228,0
DB14501,P35228,0
DB03411,P35228,0
DB01206,P35228,0
DB08421,P35228,0
DB07983,P35228,0
DB04276,P35228,0
DB01665,P35228,0
DB06968,P35228,0
DB00647,P35228,0
DB01288,P35228,0
DB02651,P35228,0
DB04186,P35228,0
DB08528,P35228,0
DB08222,P35228,0
DB00769,P35228,0
DB00372,P35228,0
DB00579,P35228,0
DB02963,P35228,0
DB07107,P35228,0
DB08512,P35228,0
DB07030,P35228,0
DB04156,P75792,1
DB09140,P75792,0
DB00129,P50440,1
DB00145,P50440,1
DB02068,P50440,1
DB02530,P50440,1
DB04185,P50440,1
DB04454,P50440,1
DB02751,P50440,0
DB03124,P50440,0
DB12836,P50440,0
DB01950,P50440,0
DB01920,P50440,0
DB01373,P50440,0
DB04216,O00303,1
DB01078,O00303,0
DB08703,P80192,1
DB12010,P80192,1
DB01671,P80192,0
DB02305,P80192,0
DB02032,P26918,1
DB04529,P26918,0
DB01593,P20851,1
DB14487,P20851,1
DB14533,P20851,1
DB08930,P20851,0
DB06422,P20851,0
DB07588,P20851,0
DB11653,P33032,1
DB06716,P33032,0
DB00131,P16220,1
DB01183,P16220,1
DB04108,P16220,0
DB03574,P16220,0
DB01992,O34002,1
DB04272,O34002,1
DB03643,O34002,0
DB07362,O34002,0
DB00171,P13569,1
DB00887,P13569,1
DB01016,P13569,1
DB01050,P13569,1
DB02587,P13569,1
DB04395,P13569,1
DB04522,P13569,1
DB06266,P13569,1
DB08820,P13569,1
DB09213,P13569,1
DB09280,P13569,1
DB11712,P13569,1
DB15444,P13569,1
DB03095,P13569,0
DB03877,P13569,0
DB07030,P13569,0
DB14583,P13569,0
DB02338,P13569,0
DB07776,P13569,0
DB02731,P13569,0
DB03489,P13569,0
DB00505,P13569,0
DB02887,P13569,0
DB03977,P13569,0
DB07759,P13569,0
DB04738,P13569,0
DB01592,P39748,1
DB14488,P39748,1
DB14489,P39748,1
DB14490,P39748,1
DB14491,P39748,1
DB14501,P39748,1
DB08175,P39748,0
DB07059,P39748,0
DB08017,P39748,0
DB01827,P39748,0
DB07398,P39748,0
DB01098,P39748,0
DB02399,P32170,1
DB02961,P32170,1
DB07938,P32170,0
DB09130,P32170,0
DB08009,Q96NX5,1
DB12010,Q96NX5,1
DB07583,Q96NX5,0
DB03477,Q96NX5,0
DB00228,Q96L42,1
DB01069,Q96L42,1
DB01110,Q96L42,1
DB07902,Q96L42,0
DB02940,Q96L42,0
DB14719,Q96L42,0
DB12010,O95382,1
DB08899,O95382,0
DB02761,Q5SJI0,1
DB01938,Q5SJI0,0
DB07771,P01116,1
DB07780,P01116,1
DB15569,P01116,1
DB04734,P01116,0
DB01628,P01116,0
DB07625,P01116,0
DB12010,P22309,1
DB07257,P22309,0
DB00134,Q93088,1
DB02337,Q93088,1
DB09292,Q93088,0
DB07710,Q93088,0
DB04414,P52687,1
DB04494,P52687,1
DB05990,P52687,0
DB00166,P52687,0
DB02659,P10176,1
DB04464,P10176,1
DB03970,P10176,0
DB03314,P10176,0
DB01229,P27816,1
DB01248,P27816,1
DB11638,P27816,1
DB01214,P27816,0
DB00357,P27816,0
DB09299,P27816,0
DB08646,P29894,1
DB04514,P29894,0
DB04079,P13036,1
DB04147,P13036,1
DB14146,P13036,0
DB01388,P13036,0
DB01133,P15313,1
DB08815,P15313,0
DB03147,P39662,1
DB03979,P39662,1
DB06680,P39662,0
DB06929,P39662,0
DB01942,O14936,1
DB12010,O14936,1
DB04843,O14936,0
DB04052,O14936,0
DB00193,Q693P7,1
DB00202,Q693P7,1
DB01043,Q693P7,1
DB01221,Q693P7,1
DB01520,Q693P7,1
DB06090,Q693P7,1
DB06868,Q693P7,0
DB03165,Q693P7,0
DB04198,Q693P7,0
DB03248,Q693P7,0
DB08648,Q693P7,0
DB03372,Q693P7,0
DB04809,Q54AI1,1
DB04810,Q54AI1,1
DB04811,Q54AI1,1
DB00794,Q54AI1,0
DB00419,Q54AI1,0
DB07583,Q54AI1,0
DB08168,P0AFL3,1
DB07209,P0AFL3,0
DB00149,Q9P2J5,1
DB00575,Q9P2J5,0
DB01692,P04183,1
DB02452,P04183,1
DB05220,P04183,0
DB00634,P04183,0
DB00154,P35354,1
DB00159,P35354,1
DB00233,P35354,1
DB00244,P35354,1
DB00316,P35354,1
DB00328,P35354,1
DB00461,P35354,1
DB00465,P35354,1
DB00469,P35354,1
DB00480,P35354,1
DB00482,P35354,1
DB00500,P35354,1
DB00533,P35354,1
DB00554,P35354,1
DB00573,P35354,1
DB00580,P35354,1
DB00586,P35354,1
DB00605,P35354,1
DB00712,P35354,1
DB00749,P35354,1
DB00784,P35354,1
DB00788,P35354,1
DB00795,P35354,1
DB00812,P35354,1
DB00814,P35354,1
DB00821,P35354,1
DB00861,P35354,1
DB00870,P35354,1
DB00936,P35354,1
DB00939,P35354,1
DB00945,P35354,1
DB00963,P35354,1
DB00991,P35354,1
DB01009,P35354,1
DB01014,P35354,1
DB01041,P35354,1
DB01050,P35354,1
DB01283,P35354,1
DB01397,P35354,1
DB01399,P35354,1
DB01401,P35354,1
DB01419,P35354,1
DB01435,P35354,1
DB01600,P35354,1
DB01628,P35354,1
DB02266,P35354,1
DB02709,P35354,1
DB03477,P35354,1
DB03866,P35354,1
DB04552,P35354,1
DB04725,P35354,1
DB04743,P35354,1
DB05095,P35354,1
DB06725,P35354,1
DB06736,P35354,1
DB06802,P35354,1
DB08439,P35354,1
DB08910,P35354,1
DB09061,P35354,1
DB09212,P35354,1
DB09213,P35354,1
DB09214,P35354,1
DB09215,P35354,1
DB09216,P35354,1
DB09217,P35354,1
DB09285,P35354,1
DB09288,P35354,1
DB09295,P35354,1
DB11071,P35354,1
DB11079,P35354,1
DB11201,P35354,1
DB11323,P35354,1
DB11327,P35354,1
DB13167,P35354,1
DB13346,P35354,1
DB13501,P35354,1
DB13783,P35354,1
DB14011,P35354,1
DB02367,P35354,0
DB02415,P35354,0
DB01689,P35354,0
DB06216,P35354,0
DB03125,P35354,0
DB07342,P35354,0
DB02311,P35354,0
DB01102,P35354,0
DB00293,P35354,0
DB04752,P35354,0
DB02730,P35354,0
DB08530,P35354,0
DB08899,P35354,0
DB01136,P35354,0
DB01222,P35354,0
DB03193,P35354,0
DB08317,P35354,0
DB03326,P35354,0
DB02896,P35354,0
DB03863,P35354,0
DB00403,P35354,0
DB06699,P35354,0
DB02646,P35354,0
DB08728,P35354,0
DB08013,P35354,0
DB02608,P35354,0
DB08865,P35354,0
DB02567,P35354,0
DB01982,P35354,0
DB04325,P35354,0
DB01955,P35354,0
DB08791,P35354,0
DB02095,P35354,0
DB07947,P35354,0
DB03749,P35354,0
DB08256,P35354,0
DB08487,P35354,0
DB07075,P35354,0
DB01723,P35354,0
DB02087,P35354,0
DB00631,P35354,0
DB03172,P35354,0
DB07109,P35354,0
DB02752,P35354,0
DB02714,P35354,0
DB07628,P35354,0
DB07584,P35354,0
DB07580,P35354,0
DB03020,P35354,0
DB04846,P35354,0
DB12500,P35354,0
DB07355,P35354,0
DB02251,P35354,0
DB03699,P35354,0
DB08365,P35354,0
DB07976,P35354,0
DB05383,P35354,0
DB03571,P35354,0
DB01793,P35354,0
DB08196,P35354,0
DB06939,P35354,0
DB00474,P35354,0
DB06994,P35354,0
DB02300,P35354,0
DB03999,P35354,0
DB11915,P35354,0
DB09031,P35354,0
DB12116,P35354,0
DB00637,P35354,0
DB08200,P35354,0
DB01154,P35354,0
DB02072,P35354,0
DB04759,P35354,0
DB13520,P35354,0
DB07696,P35354,0
DB00479,P35354,0
DB02598,P35354,0
DB07385,P35354,0
DB01159,P20020,1
DB01189,P20020,1
DB04508,P20020,0
DB06866,P20020,0
DB04137,P10114,1
DB04315,P10114,1
DB07531,P10114,0
DB03667,P10114,0
DB02897,P32055,1
DB03461,P32055,1
DB02861,P32055,0
DB05479,P32055,0
DB01800,P15289,1
DB03821,P15289,1
DB13257,P15289,0
DB07012,P15289,0
DB00162,O75911,1
DB02710,O75911,0
DB01196,P11137,1
DB01229,P11137,1
DB01248,P11137,1
DB00249,P11137,0
DB01650,P11137,0
DB09085,P11137,0
DB07463,Q9KPI8,1
DB04629,Q9KPI8,0
DB00228,P22460,1
DB01069,P22460,1
DB01110,P22460,1
DB06217,P22460,1
DB06637,P22460,1
DB11633,P22460,1
DB08261,P22460,0
DB08419,P22460,0
DB00158,P22460,0
DB14715,P22460,0
DB03716,P22460,0
DB02678,P22460,0
DB03397,Q97R46,1
DB07854,Q97R46,0
DB00228,Q8NCM2,1
DB01069,Q8NCM2,1
DB01110,Q8NCM2,1
DB03962,Q8NCM2,0
DB03785,Q8NCM2,0
DB07374,Q8NCM2,0
DB00114,Q9NVS9,1
DB03247,Q9NVS9,1
DB03345,Q9NVS9,1
DB04045,Q9NVS9,0
DB07516,Q9NVS9,0
DB06637,Q9NVS9,0
DB01593,P05160,1
DB14487,P05160,1
DB00988,P05160,0
DB11901,P05160,0
DB09418,Q92911,1
DB01793,Q92911,0
DB12010,Q9NYY3,1
DB08593,Q9NYY3,0
DB03297,P04179,1
DB04436,P04179,1
DB00303,P04179,0
DB09536,P04179,0
DB05943,P32927,1
DB07143,P32927,0
DB02010,P48736,1
DB02375,P48736,1
DB02656,P48736,1
DB04216,P48736,1
DB04769,P48736,1
DB05552,P48736,1
DB06831,P48736,1
DB06836,P48736,1
DB07073,P48736,1
DB07335,P48736,1
DB07503,P48736,1
DB08059,P48736,1
DB08300,P48736,1
DB11952,P48736,1
DB12010,P48736,1
DB03854,P48736,0
DB08576,P48736,0
DB07280,P48736,0
DB02802,P48736,0
DB05532,P48736,0
DB09245,P48736,0
DB14719,P48736,0
DB04044,P48736,0
DB13879,P48736,0
DB00852,P48736,0
DB09238,P48736,0
DB02297,P48736,0
DB00545,P48736,0
DB01048,P48736,0
DB03588,P48736,0
DB02659,P13073,1
DB04464,P13073,1
DB07678,P13073,0
DB00346,P13073,0
DB06851,Q3JUV5,1
DB07291,Q3JUV5,1
DB11676,Q3JUV5,0
DB01883,Q3JUV5,0
DB00246,P21918,1
DB00248,P21918,1
DB00334,P21918,1
DB00408,P21918,1
DB00458,P21918,1
DB00477,P21918,1
DB00555,P21918,1
DB00568,P21918,1
DB00589,P21918,1
DB00696,P21918,1
DB00714,P21918,1
DB00715,P21918,1
DB00726,P21918,1
DB00800,P21918,1
DB00988,P21918,1
DB01038,P21918,1
DB01186,P21918,1
DB01200,P21918,1
DB01224,P21918,1
DB01235,P21918,1
DB01238,P21918,1
DB01403,P21918,1
DB01624,P21918,1
DB05271,P21918,1
DB06148,P21918,1
DB09097,P21918,1
DB09225,P21918,1
DB11274,P21918,1
DB11275,P21918,1
DB11584,P21918,1
DB13345,P21918,1
DB14185,P21918,1
DB02812,P21918,0
DB02803,P21918,0
DB07254,P21918,0
DB03015,P21918,0
DB04368,P21918,0
DB01232,P21918,0
DB01030,P21918,0
DB01734,P21918,0
DB02786,P21918,0
DB08619,P21918,0
DB07504,P21918,0
DB03109,P21918,0
DB02762,P21918,0
DB06422,P21918,0
DB08404,P21918,0
DB00688,P21918,0
DB01614,P21918,0
DB08632,P21918,0
DB04468,P21918,0
DB08815,P21918,0
DB01875,P21918,0
DB06817,P21918,0
DB07144,P21918,0
DB00630,P21918,0
DB04770,P21918,0
DB08419,P21918,0
DB08776,P21918,0
DB08551,P21918,0
DB00149,P21918,0
DB04743,P21918,0
DB01137,P21918,0
DB04849,P21918,0
DB02383,P14550,1
DB03461,P14550,1
DB09130,P14550,1
DB07246,P14550,0
DB08646,P14550,0
DB07273,P14550,0
DB00122,O14939,1
DB14006,O14939,1
DB04763,O14939,0
DB07278,O14939,0
DB02154,P52699,1
DB02450,P52699,1
DB02706,P52699,1
DB04749,P52699,1
DB07526,P52699,1
DB07142,P52699,0
DB08038,P52699,0
DB15495,P52699,0
DB08681,P52699,0
DB07544,P52699,0
DB04082,P0A805,1
DB07710,P0A805,0
DB01606,P0AD63,1
DB02579,P0AD63,1
DB03057,P0AD63,1
DB03445,P0AD63,1
DB03472,P0AD63,1
DB03834,P0AD63,1
DB03970,P0AD63,1
DB09060,P0AD63,1
DB12377,P0AD63,1
DB03977,P0AD63,0
DB00453,P0AD63,0
DB00935,P0AD63,0
DB14514,P0AD63,0
DB01937,P0AD63,0
DB03863,P0AD63,0
DB04596,P0AD63,0
DB08369,P0AD63,0
DB01211,P0AD63,0
DB00761,Q9H2X9,1
DB00887,Q9H2X9,1
DB03133,Q9H2X9,0
DB12332,Q9H2X9,0
DB03570,Q5SHF5,1
DB03909,Q5SHF5,0
DB04530,P39805,1
DB00288,P39805,0
DB01992,Q9F6D4,1
DB03241,Q9F6D4,0
DB11638,Q7K6A4,1
DB08872,Q7K6A4,0
DB11638,P37802,1
DB02784,P37802,0
DB01673,P14900,1
DB02314,P14900,1
DB03801,P14900,1
DB08105,P14900,1
DB08106,P14900,1
DB08107,P14900,1
DB08108,P14900,1
DB08112,P14900,1
DB08212,P14900,0
DB02375,P14900,0
DB02132,P14900,0
DB07376,P14900,0
DB06912,P14900,0
DB11496,P14900,0
DB04861,P14900,0
DB03531,P14900,0
DB00162,Q6NUM9,1
DB08150,Q6NUM9,0
DB02722,Q8VVD2,1
DB03156,Q8VVD2,1
DB04303,Q8VVD2,1
DB05966,Q8VVD2,0
DB00946,Q8VVD2,0
DB02550,Q8VVD2,0
DB12010,O75385,1
DB03447,O75385,0
DB00817,P0AFI2,1
DB11943,P0AFI2,1
DB12924,P0AFI2,1
DB00209,P0AFI2,0
DB04151,P0AFI2,0
DB08310,P0AFI2,0
DB00825,O75762,1
DB01744,O75762,1
DB09061,O75762,1
DB11148,O75762,1
DB11345,O75762,1
DB11755,O75762,1
DB14011,O75762,1
DB14050,O75762,1
DB00657,O75762,0
DB04433,O75762,0
DB04800,O75762,0
DB02255,O75762,0
DB05695,O75762,0
DB03882,O75762,0
DB04018,O75762,0
DB03214,O75762,0
DB01862,P00722,1
DB01885,P00722,1
DB01920,P00722,1
DB02228,P00722,1
DB02294,P00722,1
DB02632,P00722,1
DB04116,P00722,1
DB04155,P00722,1
DB04382,P00722,1
DB04465,P00722,1
DB04530,P00722,1
DB04080,P00722,0
DB00876,P00722,0
DB05465,P00722,0
DB07209,P00722,0
DB09121,P00722,0
DB04238,P00722,0
DB03554,P00722,0
DB04418,P00722,0
DB00325,P00722,0
DB00563,P00722,0
DB00218,P00722,0
DB00606,P54710,1
DB11590,P54710,1
DB02438,P54710,0
DB01133,P54710,0
DB08475,P37957,1
DB08548,P37957,1
DB04532,P37957,0
DB01672,P37957,0
DB03390,P15309,1
DB03577,P15309,1
DB01380,P15309,0
DB07972,P15309,0
DB04141,P14927,1
DB04799,P14927,1
DB07401,P14927,1
DB07636,P14927,1
DB07763,P14927,1
DB07778,P14927,1
DB08330,P14927,1
DB08453,P14927,1
DB08690,P14927,1
DB00872,P14927,0
DB04674,P14927,0
DB09095,P14927,0
DB06859,P14927,0
DB09214,P14927,0
DB08867,P14927,0
DB07499,P14927,0
DB14642,P14927,0
DB03013,P14927,0
DB01593,P00751,1
DB02459,P00751,1
DB04491,P00751,1
DB14487,P00751,1
DB07658,P00751,0
DB07553,P00751,0
DB07726,P00751,0
DB00918,P00751,0
DB01133,P21281,1
DB05260,P21281,1
DB07347,P21281,1
DB02688,P21281,0
DB03787,P21281,0
DB04396,P21281,0
DB02930,P62219,1
DB03222,P62219,1
DB04444,P62219,1
DB04042,P62219,0
DB08688,P62219,0
DB02259,P62219,0
DB02461,P0AE67,1
DB03487,P0AE67,1
DB04156,P0AE67,1
DB07482,P0AE67,0
DB02028,P0AE67,0
DB03800,P0AE67,0
DB06589,P22607,1
DB08901,P22607,1
DB09078,P22607,1
DB09079,P22607,1
DB12010,P22607,1
DB12147,P22607,1
DB15102,P22607,1
DB15685,P22607,1
DB06887,P22607,0
DB03614,P22607,0
DB02331,P22607,0
DB04397,P22607,0
DB04398,P22607,0
DB03535,P22607,0
DB00177,P22607,0
DB09198,P22607,0
DB00131,Q9UGJ0,1
DB00945,Q9UGJ0,1
DB12010,Q9UGJ0,1
DB02159,Q9UGJ0,0
DB14514,Q9UGJ0,0
DB02522,Q9UGJ0,0
DB02333,P28248,1
DB03258,P28248,1
DB14672,P28248,0
DB07592,P28248,0
DB01033,P00492,1
DB01632,P00492,1
DB02309,P00492,1
DB03153,P00492,1
DB04356,P00492,1
DB04789,P00492,0
DB06896,P00492,0
DB00615,P00492,0
DB08738,P00492,0
DB01926,P00492,0
DB00786,P51511,1
DB08009,P51511,0
DB14533,P41238,1
DB07194,P41238,0
DB01752,Q56308,1
DB04751,Q56308,0
DB00228,Q9ULD8,1
DB01069,Q9ULD8,1
DB01110,Q9ULD8,1
DB07556,Q9ULD8,0
DB01651,Q9ULD8,0
DB04655,Q9ULD8,0
DB12010,Q9NQU5,1
DB07111,Q9NQU5,0
DB00145,P48167,1
DB00431,P48167,1
DB01043,P48167,1
DB05885,P48167,1
DB09061,P48167,1
DB14011,P48167,1
DB07145,P48167,0
DB07971,P48167,0
DB02517,P48167,0
DB01978,P48167,0
DB08511,P48167,0
DB08906,P48167,0
DB00228,Q09470,1
DB00321,Q09470,1
DB00753,Q09470,1
DB01028,Q09470,1
DB01069,Q09470,1
DB01110,Q09470,1
DB01189,Q09470,1
DB06637,Q09470,1
DB08837,Q09470,1
DB11640,Q09470,1
DB03820,Q09470,0
DB00196,Q09470,0
DB08715,Q09470,0
DB01031,Q09470,0
DB01788,Q09470,0
DB07226,Q09470,0
DB04581,Q09470,0
DB08203,Q09470,0
DB00746,Q09470,0
DB02907,Q09470,0
DB09061,Q9Y5S1,1
DB11755,Q9Y5S1,1
DB14011,Q9Y5S1,1
DB14050,Q9Y5S1,1
DB07514,Q9Y5S1,0
DB01857,Q9Y5S1,0
DB06974,Q9Y5S1,0
DB08173,Q9Y5S1,0
DB00119,O15374,1
DB08308,O15374,0
DB01718,P9WPB7,1
DB01215,P9WPB7,0
DB00290,P49916,1
DB06263,P49916,0
DB08217,O06796,1
DB00868,O06796,0
DB00119,P30613,1
DB02726,P30613,1
DB04551,P30613,1
DB09289,P30613,0
DB08202,P30613,0
DB01702,P30613,0
DB02052,Q00535,1
DB02116,Q00535,1
DB02950,Q00535,1
DB03428,Q00535,1
DB03496,Q00535,1
DB04014,Q00535,1
DB07364,Q00535,1
DB07967,Q00535,0
DB03286,Q00535,0
DB04422,Q00535,0
DB00367,Q00535,0
DB07432,Q00535,0
DB07114,Q00535,0
DB08317,Q00535,0
DB06486,O96017,1
DB12010,O96017,1
DB01082,O96017,0
DB08605,O96017,0
DB02052,Q15078,1
DB07364,Q15078,1
DB08478,Q15078,0
DB07748,Q15078,0
DB03967,P37001,1
DB04147,P37001,1
DB00297,P37001,0
DB00610,P37001,0
DB01987,P27696,1
DB02327,P27696,1
DB03361,P27696,1
DB08915,P27696,0
DB03909,P27696,0
DB07494,P27696,0
DB01011,P00183,1
DB01663,P00183,1
DB01703,P00183,1
DB01744,P00183,1
DB01826,P00183,1
DB02125,P00183,1
DB02617,P00183,1
DB02817,P00183,1
DB02851,P00183,1
DB03031,P00183,1
DB03540,P00183,1
DB03627,P00183,1
DB03836,P00183,1
DB04032,P00183,1
DB04501,P00183,1
DB07388,P00183,0
DB09149,P00183,0
DB02073,P00183,0
DB06457,P00183,0
DB08043,P00183,0
DB07960,P00183,0
DB08244,P00183,0
DB08493,P00183,0
DB04860,P00183,0
DB03536,P00183,0
DB02704,P00183,0
DB00666,P00183,0
DB09230,P00183,0
DB08151,P00183,0
DB07749,P00183,0
DB00157,P51970,1
DB01263,P51970,0
DB11638,Q8IJC6,1
DB06996,Q8IJC6,0
DB03544,P69795,1
DB02744,P69795,0
DB00182,Q16568,1
DB08112,Q16568,0
DB01094,O75908,1
DB01667,O75908,0
DB00114,P17174,1
DB00128,P17174,1
DB00142,P17174,1
DB00151,P17174,1
DB00210,P17174,1
DB04299,P17174,1
DB09130,P17174,1
DB08111,P17174,0
DB02339,P17174,0
DB01857,P17174,0
DB02480,P17174,0
DB03584,P17174,0
DB08440,P17174,0
DB01245,P17174,0
DB01254,P07948,1
DB03023,P07948,1
DB06616,P07948,1
DB08901,P07948,1
DB09079,P07948,1
DB12010,P07948,1
DB12323,P07948,0
DB14491,P07948,0
DB06457,P07948,0
DB00579,P07948,0
DB07698,P07948,0
DB01748,P07948,0
DB11431,Q25634,1
DB08220,Q25634,0
DB04746,Q6A8X5,1
DB04747,Q6A8X5,1
DB06429,Q6A8X5,0
DB11921,Q6A8X5,0
DB02379,P05162,1
DB05668,P05162,0
DB00518,Q71U36,1
DB00570,Q71U36,1
DB00643,Q71U36,1
DB01873,Q71U36,1
DB03010,Q71U36,1
DB07574,Q71U36,1
DB11638,Q71U36,1
DB12695,Q71U36,1
DB15534,Q71U36,1
DB00444,Q71U36,0
DB08052,Q71U36,0
DB04618,Q71U36,0
DB03927,Q71U36,0
DB02282,Q71U36,0
DB02816,Q71U36,0
DB04173,Q71U36,0
DB02649,Q71U36,0
DB07841,Q71U36,0
DB04127,P0A7Z3,1
DB07684,P0A7Z3,0
DB02010,Q08881,1
DB06589,Q08881,1
DB12010,Q08881,1
DB15035,Q08881,1
DB04338,Q08881,0
DB03376,Q08881,0
DB11496,Q08881,0
DB01708,Q08881,0
DB03793,Q52546,1
DB01761,Q52546,0
DB01133,Q9HBG4,1
DB14715,Q9HBG4,0
DB02482,P50613,1
DB03496,P50613,1
DB05969,P50613,1
DB06195,P50613,1
DB07503,P50613,0
DB06145,P50613,0
DB02646,P50613,0
DB03005,P50613,0
DB00184,P30926,1
DB00237,P30926,1
DB00472,P30926,1
DB00514,P30926,1
DB00898,P30926,1
DB01090,P30926,1
DB01227,P30926,1
DB07720,P30926,1
DB07167,P30926,0
DB00288,P30926,0
DB07660,P30926,0
DB02689,P30926,0
DB00308,P30926,0
DB03721,P30926,0
DB03619,P30926,0
DB07890,P30926,0
DB02379,P26827,1
DB03773,P26827,1
DB09054,P26827,0
DB03389,P26827,0
DB00468,P14770,1
DB00910,P14770,0
DB06134,Q9UQB9,1
DB12010,Q9UQB9,1
DB08503,Q9UQB9,0
DB01601,Q9UQB9,0
DB11638,Q8IJ74,1
DB01699,Q8IJ74,0
DB01925,P47228,1
DB02232,P47228,1
DB02923,P47228,1
DB03259,P47228,1
DB03454,P47228,1
DB03900,P47228,1
DB07679,P47228,0
DB07800,P47228,0
DB08690,P47228,0
DB02042,P47228,0
DB05678,P47228,0
DB08490,P47228,0
DB02042,P96622,1
DB08621,P96622,0
DB01053,A0A0H2XJ39,1
DB02264,A0A0H2XJ39,0
DB03147,O95831,1
DB02649,O95831,0
DB00173,P24666,1
DB04214,P24666,1
DB14715,P24666,0
DB08344,P24666,0
DB11638,P27635,1
DB02663,P27635,0
DB02593,P25910,1
DB03927,P25910,0
DB01937,P05798,1
DB03178,P05798,1
DB00837,P05798,0
DB00226,P05798,0
DB03360,Q9XB59,1
DB01942,Q9XB59,0
DB02270,P58758,1
DB08261,P58758,0
DB01942,Q9X0V0,1
DB02443,Q9X0V0,0
DB09060,P37321,1
DB02047,P37321,0
DB00158,P14207,1
DB05168,P14207,1
DB00920,P14207,0
DB05864,P14207,0
DB00007,P30968,1
DB00014,P30968,1
DB00050,P30968,1
DB00106,P30968,1
DB00644,P30968,1
DB00666,P30968,1
DB01406,P30968,1
DB05624,P30968,1
DB06494,P30968,1
DB06699,P30968,1
DB06785,P30968,1
DB06788,P30968,1
DB06825,P30968,1
DB11619,P30968,1
DB11979,P30968,1
DB04908,P30968,0
DB00759,P30968,0
DB01615,P30968,0
DB00312,P30968,0
DB00504,P30968,0
DB06413,P30968,0
DB02640,P30968,0
DB00616,P30968,0
DB07102,P30968,0
DB08697,P30968,0
DB03040,P30968,0
DB11079,P30968,0
DB06904,P30968,0
DB05939,P30968,0
DB02817,P30968,0
DB00184,P17787,1
DB00237,P17787,1
DB00333,P17787,1
DB00514,P17787,1
DB00572,P17787,1
DB00657,P17787,1
DB00747,P17787,1
DB00753,P17787,1
DB00898,P17787,1
DB00981,P17787,1
DB01245,P17787,1
DB01273,P17787,1
DB05458,P17787,1
DB05855,P17787,1
DB07720,P17787,1
DB09028,P17787,1
DB04779,P17787,0
DB07728,P17787,0
DB08121,P17787,0
DB04377,P17787,0
DB03558,P17787,0
DB04149,P17787,0
DB04037,P17787,0
DB02341,P17787,0
DB14635,P17787,0
DB06889,P17787,0
DB04135,P17787,0
DB09460,P17787,0
DB00961,P17787,0
DB04120,P17787,0
DB00973,P17787,0
DB15250,P17787,0
DB00118,Q14749,1
DB00145,Q14749,1
DB01752,Q14749,1
DB02169,Q14749,0
DB03882,Q14749,0
DB08927,Q14749,0
DB00143,P46439,1
DB03310,P46439,1
DB00927,P46439,0
DB01147,P46439,0
DB00171,P45844,1
DB07553,P45844,0
DB00675,Q05655,1
DB04376,Q05655,1
DB05013,Q05655,1
DB12010,Q05655,1
DB01332,Q05655,0
DB03703,Q05655,0
DB05541,Q05655,0
DB08790,Q05655,0
DB03496,Q00534,1
DB07379,Q00534,1
DB07795,Q00534,1
DB09073,Q00534,1
DB11730,Q00534,1
DB12001,Q00534,1
DB01985,Q00534,0
DB07027,Q00534,0
DB06701,Q00534,0
DB08188,Q00534,0
DB07148,Q00534,0
DB02052,Q00534,0
DB00157,O95299,1
DB03255,O95299,0
DB01133,Q9Y487,1
DB03359,Q9Y487,0
DB00118,Q9HBK9,1
DB08274,Q9HBK9,0
DB00132,P19793,1
DB00210,P19793,1
DB00307,P19793,1
DB00412,P19793,1
DB00459,P19793,1
DB00523,P19793,1
DB00749,P19793,1
DB00755,P19793,1
DB00926,P19793,1
DB01393,P19793,1
DB01436,P19793,1
DB02746,P19793,1
DB03756,P19793,1
DB04224,P19793,1
DB04557,P19793,1
DB05956,P19793,1
DB07557,P19793,1
DB07863,P19793,1
DB08063,P19793,1
DB08402,P19793,1
DB08601,P19793,1
DB11156,P19793,0
DB06848,P19793,0
DB04351,P19793,0
DB04178,P19793,0
DB00643,P19793,0
DB03594,P19793,0
DB04029,P19793,0
DB03062,P19793,0
DB02472,P19793,0
DB11693,P19793,0
DB07913,P19793,0
DB07595,P19793,0
DB03411,P19793,0
DB06137,P19793,0
DB07460,P19793,0
DB12670,P19793,0
DB04227,P19793,0
DB00690,P19793,0
DB13934,P19793,0
DB07801,P19793,0
DB09209,P19793,0
DB01356,P49841,1
DB01772,P49841,1
DB01793,P49841,1
DB01950,P49841,1
DB02010,P49841,1
DB02052,P49841,1
DB03444,P49841,1
DB04014,P49841,1
DB04395,P49841,1
DB07014,P49841,1
DB07058,P49841,1
DB07149,P49841,1
DB07584,P49841,1
DB07585,P49841,1
DB07676,P49841,1
DB07812,P49841,1
DB07859,P49841,1
DB07947,P49841,1
DB08073,P49841,1
DB12010,P49841,1
DB12129,P49841,1
DB14507,P49841,1
DB14508,P49841,1
DB14509,P49841,1
DB09555,P49841,0
DB00388,P49841,0
DB00482,P49841,0
DB00617,P49841,0
DB02448,P49841,0
DB09078,P49841,0
DB03737,P49841,0
DB02805,P49841,0
DB11937,P49841,0
DB02832,P49841,0
DB07355,P49841,0
DB07801,P49841,0
DB07026,P49841,0
DB01124,P49841,0
DB03840,P49841,0
DB04071,P49841,0
DB13125,P49841,0
DB00683,P49841,0
DB07208,P49841,0
DB08875,P49841,0
DB12147,P49841,0
DB08083,P49841,0
DB07769,P49841,0
DB08559,P49841,0
DB00126,Q96KS0,1
DB04847,Q96KS0,1
DB07971,Q96KS0,0
DB06970,Q96KS0,0
DB00615,P0A8T7,1
DB11753,P0A8T7,1
DB03705,P0A8T7,0
DB03250,P0A8T7,0
DB07646,P97253,1
DB03104,P97253,0
DB03147,P77967,1
DB08510,P77967,0
DB00515,O00244,1
DB02772,O00244,1
DB03127,O00244,1
DB02724,O00244,0
DB01663,O00244,0
DB12783,O00244,0
DB08649,P84888,1
DB08652,P84888,1
DB08653,P84888,1
DB08767,P84888,1
DB01953,P84888,0
DB02578,P84888,0
DB02989,P84888,0
DB04695,P84888,0
DB00171,Q09428,1
DB00222,Q09428,1
DB00672,Q09428,1
DB00731,Q09428,1
DB00839,Q09428,1
DB00912,Q09428,1
DB01016,Q09428,1
DB01067,Q09428,1
DB01120,Q09428,1
DB01124,Q09428,1
DB01251,Q09428,1
DB01252,Q09428,1
DB01382,Q09428,1
DB08855,Q09428,0
DB06940,Q09428,0
DB03788,Q09428,0
DB03767,Q09428,0
DB07861,Q09428,0
DB03827,Q09428,0
DB03336,Q09428,0
DB08420,Q09428,0
DB15496,Q09428,0
DB13003,Q09428,0
DB03174,Q09428,0
DB02587,Q09428,0
DB07370,Q09428,0
DB02321,O34667,1
DB03661,O34667,1
DB04182,O34667,1
DB04422,O34667,1
DB08460,O34667,0
DB03964,O34667,0
DB06070,O34667,0
DB07018,O34667,0
DB01592,Q96FI4,1
DB09130,Q96FI4,1
DB14488,Q96FI4,1
DB14489,Q96FI4,1
DB14490,Q96FI4,1
DB14491,Q96FI4,1
DB14501,Q96FI4,1
DB06842,Q96FI4,0
DB13930,Q96FI4,0
DB04805,Q96FI4,0
DB01412,Q96FI4,0
DB02620,Q96FI4,0
DB02785,Q96FI4,0
DB00159,Q96FI4,0
DB01593,P02652,1
DB09130,P02652,1
DB14487,P02652,1
DB04381,P02652,0
DB08907,P02652,0
DB06865,P02652,0
DB03283,Q9WYE2,1
DB03801,Q9WYE2,1
DB04034,Q9WYE2,0
DB00325,Q9WYE2,0
DB01069,Q99571,1
DB09119,Q99571,1
DB14575,Q99571,1
DB14542,Q99571,0
DB03061,Q99571,0
DB06813,Q99571,0
DB08657,Q9FBC5,1
DB04581,Q9FBC5,0
DB03051,Q46444,1
DB03205,Q46444,1
DB03317,Q46444,1
DB03679,Q46444,1
DB07356,Q46444,0
DB03808,Q46444,0
DB08579,Q46444,0
DB00423,Q46444,0
DB00153,Q8IZS8,1
DB00228,Q8IZS8,1
DB00381,Q8IZS8,1
DB00421,Q8IZS8,1
DB06712,Q8IZS8,1
DB11148,Q8IZS8,1
DB04311,Q8IZS8,0
DB08300,Q8IZS8,0
DB03130,Q8IZS8,0
DB01909,Q8IZS8,0
DB08366,Q8IZS8,0
DB03139,Q8IZS8,0
DB03026,P32169,1
DB06943,P32169,0
DB00170,P07225,1
DB00464,P07225,1
DB09332,P07225,1
DB09195,P07225,0
DB03490,P07225,0
DB08105,P07225,0
DB00118,P21964,1
DB00323,P21964,1
DB00494,P21964,1
DB02105,P21964,1
DB02342,P21964,1
DB03336,P21964,1
DB03907,P21964,1
DB04820,P21964,1
DB07462,P21964,1
DB08049,P21964,1
DB11632,P21964,1
DB04147,P21964,0
DB04470,P21964,0
DB00996,P21964,0
DB00310,P21964,0
DB07318,P21964,0
DB01439,P21964,0
DB07660,P21964,0
DB07529,P21964,0
DB06040,P21964,0
DB02610,P21964,0
DB07203,P21964,0
DB00119,O60669,1
DB08351,O60669,0
DB01159,P08100,1
DB01646,P08100,1
DB01728,P08100,1
DB02451,P08100,1
DB02482,P08100,1
DB03152,P08100,1
DB03381,P08100,1
DB03796,P08100,1
DB04079,P08100,1
DB04147,P08100,1
DB04233,P08100,1
DB04450,P08100,1
DB04522,P08100,1
DB07268,P08100,0
DB02527,P08100,0
DB00193,P08100,0
DB02022,P08100,0
DB08062,P08100,0
DB04618,P08100,0
DB08354,P08100,0
DB04297,P08100,0
DB04951,P08100,0
DB04293,P08100,0
DB05806,P08100,0
DB02661,P08100,0
DB00377,P08100,0
DB01942,P0A1V8,1
DB03801,P0A1V8,1
DB02028,P0A1V8,0
DB05107,P0A1V8,0
DB04751,Q9Y6M4,1
DB07488,Q9Y6M4,1
DB07489,Q9Y6M4,1
DB07664,Q9Y6M4,1
DB08308,Q9Y6M4,0
DB09075,Q9Y6M4,0
DB04773,Q9Y6M4,0
DB04363,Q9Y6M4,0
DB00716,Q9NS75,1
DB08855,Q9NS75,1
DB11858,Q9NS75,1
DB00282,Q9NS75,0
DB07899,Q9NS75,0
DB03452,Q9NS75,0
DB03323,O33830,1
DB03747,O33830,0
DB00446,P24093,1
DB07492,P24093,1
DB07565,P24093,1
DB08621,P24093,1
DB05284,P24093,0
DB00855,P24093,0
DB12965,P24093,0
DB07375,P24093,0
DB00114,P21549,1
DB00133,P21549,1
DB00145,P21549,1
DB00160,P21549,1
DB02079,P21549,1
DB04083,P21549,1
DB08060,P21549,1
DB04166,P21549,0
DB07154,P21549,0
DB08747,P21549,0
DB05939,P21549,0
DB00435,P21549,0
DB01384,P21549,0
DB02015,P21549,0
DB01942,P9WKE9,1
DB07251,P9WKE9,0
DB00144,P49619,1
DB14001,P49619,1
DB03003,P49619,0
DB09064,P49619,0
DB03600,Q6ZZJ1,1
DB03194,Q6ZZJ1,0
DB00152,Q9H3S4,1
DB04768,Q9H3S4,1
DB02323,Q9H3S4,0
DB02433,Q9H3S4,0
DB01919,P17612,1
DB01940,P17612,1
DB02155,P17612,1
DB02482,P17612,1
DB02611,P17612,1
DB03374,P17612,1
DB04098,P17612,1
DB04522,P17612,1
DB04530,P17612,1
DB04707,P17612,1
DB06959,P17612,1
DB06977,P17612,1
DB07107,P17612,1
DB07124,P17612,1
DB07204,P17612,1
DB07235,P17612,1
DB07458,P17612,1
DB07583,P17612,1
DB07854,P17612,1
DB07855,P17612,1
DB07856,P17612,1
DB07857,P17612,1
DB07858,P17612,1
DB07859,P17612,1
DB07860,P17612,1
DB07876,P17612,1
DB07947,P17612,1
DB07995,P17612,1
DB07996,P17612,1
DB07997,P17612,1
DB08070,P17612,1
DB08073,P17612,1
DB08113,P17612,1
DB08114,P17612,1
DB08148,P17612,1
DB08149,P17612,1
DB08150,P17612,1
DB08162,P17612,1
DB08231,P17612,1
DB08568,P17612,1
DB08569,P17612,1
DB08756,P17612,1
DB08846,P17612,1
DB12010,P17612,1
DB07088,P17612,0
DB01208,P17612,0
DB14515,P17612,0
DB03757,P17612,0
DB01971,P17612,0
DB07761,P17612,0
DB14641,P17612,0
DB06946,P17612,0
DB02970,P17612,0
DB07825,P17612,0
DB02715,P17612,0
DB05339,P17612,0
DB02458,P17612,0
DB02262,P17612,0
DB03068,P17612,0
DB00180,P17612,0
DB06772,P17612,0
DB13925,P17612,0
DB08867,P17612,0
DB03359,P17612,0
DB08308,P17612,0
DB07311,P17612,0
DB05053,P17612,0
DB08277,P17612,0
DB08508,P17612,0
DB07152,P17612,0
DB04800,P17612,0
DB06857,P17612,0
DB03248,P17612,0
DB03086,P17612,0
DB07837,P17612,0
DB07247,P17612,0
DB02164,P17612,0
DB07381,P17612,0
DB03730,P17612,0
DB02869,P17612,0
DB11431,P17612,0
DB03631,P17612,0
DB00705,P17612,0
DB04967,P17612,0
DB02125,P17612,0
DB07330,P17612,0
DB08348,P17612,0
DB07029,P17612,0
DB01567,A8MPY1,1
DB01837,A8MPY1,0
DB00142,O14841,1
DB03616,O14841,0
DB00171,P31749,1
DB01169,P31749,1
DB01645,P31749,1
DB01863,P31749,1
DB02709,P31749,1
DB06486,P31749,1
DB06641,P31749,1
DB07584,P31749,1
DB07585,P31749,1
DB04338,P31749,0
DB03746,P31749,0
DB15647,P31749,0
DB02616,P31749,0
DB02222,P31749,0
DB07908,P31749,0
DB04244,P31749,0
DB03110,P31749,0
DB04186,P31749,0
DB01593,P78330,1
DB03292,P78330,1
DB14487,P78330,1
DB14533,P78330,1
DB01433,P78330,0
DB12095,P78330,0
DB02541,P78330,0
DB00481,P78330,0
DB00537,B4YQT9,1
DB01236,B4YQT9,0
DB04395,Q04230,1
DB07035,Q04230,0
DB01017,P99999,1
DB02110,P99999,1
DB03317,P99999,1
DB03366,P99999,1
DB03934,P99999,1
DB03977,P99999,1
DB04249,P99999,1
DB11638,P99999,1
DB14034,P99999,0
DB03325,P99999,0
DB03782,P99999,0
DB11577,P99999,0
DB14723,P99999,0
DB02955,P99999,0
DB00577,P99999,0
DB04456,P99999,0
DB00153,O60359,1
DB00228,O60359,1
DB00421,O60359,1
DB11148,O60359,1
DB01071,O60359,0
DB08334,O60359,0
DB06944,O60359,0
DB07042,O60359,0
DB03309,P50597,1
DB03765,P50597,0
DB12010,Q8NFD2,1
DB03861,Q8NFD2,0
DB03160,P12998,1
DB06932,P12998,0
DB00114,Q5VZ30,1
DB01678,Q5VZ30,0
DB01593,Q0VD83,1
DB09130,Q0VD83,1
DB14487,Q0VD83,1
DB14533,Q0VD83,1
DB07863,Q0VD83,0
DB04793,Q0VD83,0
DB06470,Q0VD83,0
DB07577,Q0VD83,0
DB06346,P20292,1
DB06991,P20292,0
DB04216,P36542,1
DB07384,P36542,1
DB07394,P36542,1
DB08399,P36542,1
DB08629,P36542,1
DB00916,P36542,0
DB04217,P36542,0
DB04168,P36542,0
DB00772,P36542,0
DB03279,P36542,0
DB02974,P20813,1
DB04664,P20813,1
DB04794,P20813,1
DB08369,P20813,1
DB03313,P20813,0
DB00280,P20813,0
DB04113,P20813,0
DB08213,P20813,0
DB02154,Q79MP6,1
DB02450,Q79MP6,1
DB07534,Q79MP6,0
DB00792,Q79MP6,0
DB03461,P80874,1
DB02776,P80874,0
DB03791,P55055,1
DB03848,P55055,1
DB07080,P55055,1
DB07082,P55055,1
DB11994,P55055,1
DB13174,P55055,1
DB08805,P55055,0
DB07129,P55055,0
DB01947,P55055,0
DB02996,P55055,0
DB07961,P55055,0
DB08018,P55055,0
DB06847,A0A0M3KKX1,1
DB07140,A0A0M3KKX1,1
DB07142,A0A0M3KKX1,1
DB07153,A0A0M3KKX1,1
DB08234,A0A0M3KKX1,1
DB12668,A0A0M3KKX1,0
DB01135,A0A0M3KKX1,0
DB11640,A0A0M3KKX1,0
DB04716,A0A0M3KKX1,0
DB08517,A0A0M3KKX1,0
DB00172,Q7L3T8,1
DB04829,Q7L3T8,0
DB00114,Q8IVA8,1
DB02374,Q8IVA8,0
DB01349,P50052,1
DB03381,P50052,0
DB02035,P50897,1
DB03796,P50897,1
DB06918,P50897,0
DB03558,P50897,0
DB02379,P35557,1
DB07358,P35557,1
DB07359,P35557,1
DB08118,P35557,1
DB08210,P35557,1
DB04021,P35557,0
DB07936,P35557,0
DB05956,P35557,0
DB04079,P35557,0
DB11157,P35557,0
DB11638,P86287,1
DB03305,P86287,0
DB06901,P08217,1
DB08182,P08217,0
DB03147,P35340,1
DB07033,P35340,0
DB01106,O95665,1
DB08623,O95665,0
DB01593,P02538,1
DB14487,P02538,1
DB11642,P02538,0
DB01937,P02538,0
DB00321,Q99720,1
DB00409,Q99720,1
DB00502,Q99720,1
DB00514,Q99720,1
DB00540,Q99720,1
DB00652,Q99720,1
DB00907,Q99720,1
DB00956,Q99720,1
DB01104,Q99720,1
DB01488,Q99720,1
DB01708,Q99720,1
DB03575,Q99720,1
DB06174,Q99720,1
DB09014,Q99720,1
DB11186,Q99720,1
DB13879,Q99720,0
DB08004,Q99720,0
DB13421,Q99720,0
DB08377,Q99720,0
DB01180,Q99720,0
DB04832,Q99720,0
DB03419,Q99720,0
DB02229,Q99720,0
DB07990,Q99720,0
DB06678,Q99720,0
DB08348,Q99720,0
DB04278,Q99720,0
DB08933,Q99720,0
DB00541,Q99720,0
DB15494,Q99720,0
DB02761,P31101,1
DB00752,P31101,0
DB00126,O75936,1
DB08528,O75936,0
DB01606,P18251,1
DB04930,P18251,0
DB00759,P0A7W7,1
DB09093,P0A7W7,1
DB12455,P0A7W7,1
DB06738,P0A7W7,0
DB08688,P0A7W7,0
DB02869,P0A7W7,0
DB09130,P08865,1
DB04109,P08865,0
DB01800,P15273,1
DB08433,P15273,1
DB02793,P15273,0
DB09221,P15273,0
DB09130,P31946,1
DB12695,P31946,1
DB01045,P31946,0
DB01597,P31946,0
DB01017,O15264,1
DB12010,O15264,1
DB00399,O15264,0
DB04829,O15264,0
DB00562,Q8N1Q1,1
DB00606,Q8N1Q1,1
DB00909,Q8N1Q1,1
DB07115,Q8N1Q1,1
DB07728,Q8N1Q1,0
DB01296,Q8N1Q1,0
DB00495,Q8N1Q1,0
DB11831,Q8N1Q1,0
DB11638,Q5SSJ5,1
DB14013,Q5SSJ5,0
DB01810,Q9UBX1,1
DB01871,Q9UBX1,1
DB02243,Q9UBX1,1
DB03536,Q9UBX1,1
DB03573,Q9UBX1,1
DB03691,Q9UBX1,1
DB07913,Q9UBX1,1
DB08775,Q9UBX1,1
DB02262,Q9UBX1,0
DB00494,Q9UBX1,0
DB00647,Q9UBX1,0
DB02104,Q9UBX1,0
DB02159,Q9UBX1,0
DB02181,Q9UBX1,0
DB05984,Q9UBX1,0
DB08250,Q9UBX1,0
DB01065,Q92753,1
DB00419,Q92753,0
DB08209,Q9I5F3,1
DB00567,Q9I5F3,0
DB02078,P61322,1
DB07902,P61322,0
DB12010,O14976,1
DB11477,O14976,0
DB01709,P13929,1
DB01819,P13929,1
DB02726,P13929,1
DB03645,P13929,1
DB07541,P13929,0
DB08386,P13929,0
DB00610,P13929,0
DB07046,P13929,0
DB02659,Q02221,1
DB04464,Q02221,1
DB03692,Q02221,0
DB03549,Q02221,0
DB00135,P54577,1
DB01766,P54577,1
DB02709,P54577,1
DB03978,P54577,1
DB07205,P54577,1
DB08371,P54577,1
DB08617,P54577,1
DB03813,P54577,0
DB06886,P54577,0
DB04008,P54577,0
DB02281,P54577,0
DB02115,P54577,0
DB02494,P54577,0
DB04098,P54577,0
DB04272,P04079,1
DB01438,P04079,0
DB00114,Q96GA7,1
DB03928,Q96GA7,0
DB11638,P14642,1
DB07179,P14642,0
DB12339,Q9P2E9,1
DB07935,Q9P2E9,0
DB03740,Q9Y286,1
DB01037,Q9Y286,0
DB03486,Q8WVQ1,1
DB07502,Q8WVQ1,0
DB03147,Q9UHQ9,1
DB08791,Q9UHQ9,0
DB00171,Q13564,1
DB08154,Q13564,0
DB00246,P08173,1
DB00321,P08173,1
DB00334,P08173,1
DB00340,P08173,1
DB00342,P08173,1
DB00363,P08173,1
DB00366,P08173,1
DB00376,P08173,1
DB00387,P08173,1
DB00408,P08173,1
DB00411,P08173,1
DB00424,P08173,1
DB00454,P08173,1
DB00458,P08173,1
DB00496,P08173,1
DB00540,P08173,1
DB00543,P08173,1
DB00568,P08173,1
DB00572,P08173,1
DB00622,P08173,1
DB00715,P08173,1
DB00725,P08173,1
DB00726,P08173,1
DB00747,P08173,1
DB00767,P08173,1
DB00777,P08173,1
DB00809,P08173,1
DB00835,P08173,1
DB00934,P08173,1
DB00940,P08173,1
DB01019,P08173,1
DB01036,P08173,1
DB01069,P08173,1
DB01085,P08173,1
DB01142,P08173,1
DB01151,P08173,1
DB01221,P08173,1
DB01224,P08173,1
DB01238,P08173,1
DB01239,P08173,1
DB01403,P08173,1
DB01409,P08173,1
DB01591,P08173,1
DB01625,P08173,1
DB03128,P08173,1
DB06702,P08173,1
DB06787,P08173,1
DB08897,P08173,1
DB09076,P08173,1
DB09089,P08173,1
DB09167,P08173,1
DB09194,P08173,1
DB11181,P08173,1
DB11235,P08173,1
DB11855,P08173,1
DB12278,P08173,1
DB13581,P08173,1
DB14185,P08173,1
DB05913,P08173,0
DB03022,P08173,0
DB00330,P08173,0
DB03021,P08173,0
DB02570,P08173,0
DB02326,P08173,0
DB11586,P08173,0
DB08751,P08173,0
DB00968,P08173,0
DB06413,P08173,0
DB03112,P08173,0
DB09207,P08173,0
DB01128,P08173,0
DB12670,P08173,0
DB03572,P08173,0
DB08352,P08173,0
DB02125,P08173,0
DB03435,P08173,0
DB01548,P08173,0
DB08746,P08173,0
DB08695,P08173,0
DB07466,P08173,0
DB02145,P08173,0
DB02534,P08173,0
DB03069,P08173,0
DB08601,P08173,0
DB00925,P08173,0
DB04120,P08173,0
DB00462,P08173,0
DB01370,P08173,0
DB01218,P08173,0
DB03345,P08173,0
DB07321,P08173,0
DB03175,P08173,0
DB00801,P08173,0
DB07606,P08173,0
DB14028,P08173,0
DB07332,P08173,0
DB12061,P08173,0
DB07743,P08173,0
DB08583,P08173,0
DB00548,P08173,0
DB06347,P08173,0
DB04253,P08173,0
DB02501,P08173,0
DB03553,P08173,0
DB09067,P08173,0
DB01497,P08173,0
DB08173,P08173,0
DB11582,P08173,0
DB04316,P08173,0
DB03639,P08173,0
DB07342,P08173,0
DB01895,P08173,0
DB00938,P08173,0
DB00203,P08173,0
DB04404,P08173,0
DB08456,P08173,0
DB03661,P07711,1
DB07477,P07711,1
DB12010,P07711,1
DB00268,P07711,0
DB01061,P07711,0
DB08499,P07711,0
DB00551,P18314,1
DB05265,P18314,1
DB03648,P18314,0
DB07132,P18314,0
DB00172,Q96EM0,1
DB07508,Q96EM0,0
DB00157,P09622,1
DB03147,P09622,1
DB08126,P09622,0
DB00411,P09622,0
DB03147,P08373,1
DB07296,P08373,1
DB01676,P08373,0
DB03262,P08373,0
DB00114,Q96GD0,1
DB03860,Q96GD0,0
DB03556,Q9KL51,1
DB02884,Q9KL51,0
DB03247,P63462,1
DB03313,P63462,0
DB01593,P00736,1
DB14487,P00736,1
DB14533,P00736,1
DB07347,P00736,0
DB07192,P00736,0
DB04526,P00736,0
DB08889,P40306,1
DB07959,P40306,0
DB03247,P56122,1
DB14583,P56122,0
DB00721,Q9NPA1,1
DB01110,Q9NPA1,1
DB09089,Q9NPA1,1
DB03698,Q9NPA1,0
DB08568,Q9NPA1,0
DB03313,Q9NPA1,0
DB01593,P29622,1
DB09130,P29622,1
DB14487,P29622,1
DB07244,P29622,0
DB07618,P29622,0
DB11478,P29622,0
DB12340,Q92934,1
DB01076,Q92934,0
DB00514,P13498,1
DB01378,P13498,0
DB08226,Q9Z9H6,1
DB03425,Q9Z9H6,0
DB02980,P24289,1
DB03011,P24289,1
DB06913,P24289,0
DB04656,P24289,0
DB08161,Q7BJM5,1
DB00890,Q7BJM5,0
DB00446,P0ADY7,1
DB04155,P0ADY7,0
DB01254,P54756,1
DB12010,P54756,1
DB06957,P54756,0
DB08128,P54756,0
DB02010,P43403,1
DB12010,P43403,1
DB11201,P43403,0
DB04983,P43403,0
DB00202,P08172,1
DB00246,P08172,1
DB00280,P08172,1
DB00321,P08172,1
DB00332,P08172,1
DB00334,P08172,1
DB00340,P08172,1
DB00342,P08172,1
DB00363,P08172,1
DB00366,P08172,1
DB00376,P08172,1
DB00383,P08172,1
DB00387,P08172,1
DB00392,P08172,1
DB00408,P08172,1
DB00411,P08172,1
DB00424,P08172,1
DB00434,P08172,1
DB00454,P08172,1
DB00458,P08172,1
DB00462,P08172,1
DB00483,P08172,1
DB00496,P08172,1
DB00505,P08172,1
DB00508,P08172,1
DB00517,P08172,1
DB00540,P08172,1
DB00543,P08172,1
DB00568,P08172,1
DB00572,P08172,1
DB00622,P08172,1
DB00715,P08172,1
DB00725,P08172,1
DB00726,P08172,1
DB00728,P08172,1
DB00747,P08172,1
DB00767,P08172,1
DB00777,P08172,1
DB00804,P08172,1
DB00809,P08172,1
DB00835,P08172,1
DB00907,P08172,1
DB00934,P08172,1
DB00940,P08172,1
DB00986,P08172,1
DB01019,P08172,1
DB01036,P08172,1
DB01062,P08172,1
DB01069,P08172,1
DB01075,P08172,1
DB01085,P08172,1
DB01135,P08172,1
DB01142,P08172,1
DB01148,P08172,1
DB01151,P08172,1
DB01221,P08172,1
DB01224,P08172,1
DB01226,P08172,1
DB01231,P08172,1
DB01238,P08172,1
DB01239,P08172,1
DB01336,P08172,1
DB01337,P08172,1
DB01338,P08172,1
DB01403,P08172,1
DB01409,P08172,1
DB01591,P08172,1
DB03128,P08172,1
DB04834,P08172,1
DB06153,P08172,1
DB06702,P08172,1
DB06787,P08172,1
DB08801,P08172,1
DB08897,P08172,1
DB09076,P08172,1
DB09089,P08172,1
DB09167,P08172,1
DB09194,P08172,1
DB09262,P08172,1
DB09300,P08172,1
DB11181,P08172,1
DB11235,P08172,1
DB11855,P08172,1
DB12278,P08172,1
DB13581,P08172,1
DB14185,P08172,1
DB04839,P08172,0
DB07298,P08172,0
DB08573,P08172,0
DB04092,P08172,0
DB07012,P08172,0
DB03549,P08172,0
DB04007,P08172,0
DB07942,P08172,0
DB12070,P08172,0
DB09123,P08172,0
DB02727,P08172,0
DB05295,P08172,0
DB01091,P08172,0
DB09241,P08172,0
DB07872,P08172,0
DB08916,P08172,0
DB00603,P08172,0
DB04735,P08172,0
DB02721,P08172,0
DB07844,P08172,0
DB11951,P08172,0
DB07324,P08172,0
DB01650,P08172,0
DB00249,P08172,0
DB07722,P08172,0
DB04665,P08172,0
DB08771,P08172,0
DB00837,P08172,0
DB01392,P08172,0
DB07522,P08172,0
DB07613,P08172,0
DB04489,P08172,0
DB01664,P08172,0
DB00864,P08172,0
DB07912,P08172,0
DB01198,P08172,0
DB07401,P08172,0
DB08398,P08172,0
DB03576,P08172,0
DB01715,P08172,0
DB03991,P08172,0
DB12107,P08172,0
DB08229,P08172,0
DB07866,P08172,0
DB02495,P08172,0
DB07320,P08172,0
DB08307,P08172,0
DB00263,P08172,0
DB04216,P08172,0
DB11195,P08172,0
DB00704,P08172,0
DB01045,P08172,0
DB03891,P08172,0
DB05476,P08172,0
DB00740,P08172,0
DB02546,P08172,0
DB03435,P08172,0
DB03695,P08172,0
DB03202,P08172,0
DB07678,P08172,0
DB02726,P08172,0
DB05521,P08172,0
DB04198,P08172,0
DB13751,P08172,0
DB14014,P08172,0
DB11623,P08172,0
DB04538,P08172,0
DB05511,P08172,0
DB06124,P08172,0
DB00719,P08172,0
DB03615,P08172,0
DB04048,P08172,0
DB04197,P08172,0
DB08649,P08172,0
DB11691,P08172,0
DB03688,P08172,0
DB02503,P08172,0
DB08144,P08172,0
DB02029,P08172,0
DB04326,P08172,0
DB02716,P08172,0
DB01972,P08172,0
DB06802,P08172,0
DB14544,P08172,0
DB01147,P08172,0
DB02875,P08172,0
DB00786,Q9H239,1
DB07129,Q9H239,0
DB02180,O60551,1
DB02271,O60551,1
DB07061,O60551,1
DB07838,O60551,1
DB08697,O60551,0
DB04036,O60551,0
DB00694,O60551,0
DB06287,O60551,0
DB01593,P07357,1
DB14487,P07357,1
DB01355,P07357,0
DB03940,P07357,0
DB03999,P25275,1
DB03492,P25275,0
DB00114,Q99259,1
DB00142,Q99259,1
DB04465,Q99259,0
DB06374,Q99259,0
DB00242,P56282,1
DB08800,P56282,0
DB03147,P37747,1
DB08122,P37747,0
DB02506,P62136,1
DB12610,P62136,0
DB00150,Q9UGM6,1
DB01210,Q9UGM6,0
DB01593,P15531,1
DB02181,P15531,1
DB02345,P15531,1
DB02569,P15531,1
DB02607,P15531,1
DB02887,P15531,1
DB03103,P15531,1
DB03491,P15531,1
DB04068,P15531,1
DB04315,P15531,1
DB04366,P15531,1
DB04542,P15531,1
DB09130,P15531,1
DB14487,P15531,1
DB14533,P15531,1
DB07293,P15531,0
DB07834,P15531,0
DB08314,P15531,0
DB06124,P15531,0
DB00852,P15531,0
DB14530,P15531,0
DB01367,P15531,0
DB02744,P15531,0
DB07700,P15531,0
DB04682,P15531,0
DB08283,P15531,0
DB04373,P15531,0
DB01927,P15531,0
DB04377,P15531,0
DB04345,P15531,0
DB00674,A9X444,1
DB02122,A9X444,0
DB02956,Q56748,1
DB08083,Q56748,0
DB00721,Q9Y6K1,1
DB04600,Q9Y6K1,0
DB01016,Q8TD43,1
DB08759,Q8TD43,0
DB02823,P00634,1
DB03498,P00634,1
DB04031,P00634,1
DB04522,P00634,1
DB07915,P00634,0
DB03546,P00634,0
DB06974,P00634,0
DB11994,P00634,0
DB03942,P37551,1
DB08001,P37551,0
DB04272,Q9WZ40,1
DB08704,Q9WZ40,0
DB03685,P25971,1
DB07738,P25971,0
DB12010,O00238,1
DB00998,O00238,0
DB02172,P12070,1
DB03206,P12070,1
DB11195,P12070,1
DB07934,P12070,0
DB06997,P12070,0
DB04008,P12070,0
DB01752,P14385,1
DB01910,P14385,1
DB07862,P14385,0
DB08025,P14385,0
DB00163,P05771,1
DB00675,P05771,1
DB01738,P05771,1
DB06486,P05771,1
DB08846,P05771,1
DB14001,P05771,1
DB14002,P05771,1
DB04388,P05771,0
DB07479,P05771,0
DB02521,P05771,0
DB05297,P05771,0
DB07326,P05771,0
DB04128,P05771,0
DB06964,P05771,0
DB03619,P31224,1
DB03825,P31224,1
DB04209,P31224,1
DB00498,P31224,0
DB01666,P31224,0
DB07754,P31224,0
DB03026,P0AB87,1
DB04326,P0AB87,1
DB00960,P0AB87,0
DB06670,P0AB87,0
DB00143,P08263,1
DB01915,P08263,1
DB02486,P08263,1
DB02943,P08263,1
DB03003,P08263,1
DB03310,P08263,1
DB03602,P08263,1
DB04132,P08263,1
DB13014,P08263,1
DB11740,P08263,0
DB03523,P08263,0
DB06134,P08263,0
DB08460,P08263,0
DB07253,P08263,0
DB02480,P08263,0
DB04714,P08263,0
DB09235,P08263,0
DB03340,P08263,0
DB02580,Q8ZIV7,1
DB03481,Q8ZIV7,0
DB03316,P10600,1
DB00161,P10600,0
DB00157,O00217,1
DB08071,O00217,0
DB08185,P80371,1
DB04315,P80371,0
DB09130,P02750,1
DB03968,P02750,0
DB01218,P46925,1
DB02505,P46925,1
DB03063,P46925,1
DB04373,P46925,1
DB04378,P46925,1
DB11638,P46925,1
DB04683,P46925,0
DB03068,P46925,0
DB04867,P46925,0
DB04092,P46925,0
DB00725,P46925,0
DB01662,P46925,0
DB03619,P33517,1
DB01955,P33517,0
DB00157,O75380,1
DB02979,O75380,0
DB04646,P83791,1
DB08453,P83791,1
DB00393,P83791,0
DB08322,P83791,0
DB00157,P04406,1
DB02059,P04406,1
DB03893,P04406,1
DB07347,P04406,1
DB09092,P04406,1
DB09130,P04406,1
DB11638,P04406,1
DB05408,P04406,0
DB06637,P04406,0
DB02843,P04406,0
DB07771,P04406,0
DB00603,P04406,0
DB08150,P04406,0
DB08221,P04406,0
DB00147,O00764,1
DB00165,O00764,1
DB03909,O00764,1
DB04770,O00764,1
DB04776,O00764,1
DB08414,O00764,0
DB07221,O00764,0
DB13953,O00764,0
DB09230,O00764,0
DB03719,O00764,0
DB02949,P04164,1
DB03224,P04164,1
DB04503,P04164,0
DB06856,P04164,0
DB03147,P61432,1
DB08024,P61432,0
DB04346,Q8Z2X8,1
DB02865,Q8Z2X8,0
DB00384,P51172,1
DB00594,P51172,1
DB01425,P51172,0
DB03804,P51172,0
DB00166,Q9Y234,1
DB07140,Q9Y234,0
DB07365,P06202,1
DB00529,P06202,0
DB03147,Q888A4,1
DB09526,Q888A4,0
DB00560,P0A7S9,1
DB01632,P0A7S9,0
DB00228,Q9UK17,1
DB00280,Q9UK17,1
DB00458,Q9UK17,1
DB01069,Q9UK17,1
DB01110,Q9UK17,1
DB01115,Q9UK17,1
DB04855,Q9UK17,1
DB06217,Q9UK17,1
DB06637,Q9UK17,1
DB11633,Q9UK17,1
DB01355,Q9UK17,0
DB00821,Q9UK17,0
DB13257,Q9UK17,0
DB06918,Q9UK17,0
DB03016,Q9UK17,0
DB00220,Q9UK17,0
DB01876,Q9UK17,0
DB01051,Q9UK17,0
DB12465,Q9UK17,0
DB07473,Q9UK17,0
DB06248,Q15722,1
DB09285,Q15722,1
DB12961,Q15722,1
DB00293,Q15722,0
DB03373,Q15722,0
DB01481,Q15722,0
DB12010,Q9UK32,1
DB05993,Q9UK32,0
DB02425,P9WMC1,1
DB08469,P9WMC1,1
DB08470,P9WMC1,1
DB08471,P9WMC1,1
DB05713,P9WMC1,0
DB07239,P9WMC1,0
DB08186,P9WMC1,0
DB07896,P9WMC1,0
DB00688,Q03393,1
DB03886,Q03393,1
DB04970,Q03393,0
DB01603,Q03393,0
DB01942,O34714,1
DB03748,O34714,0
DB11638,Q8IJ60,1
DB01988,Q8IJ60,0
DB08574,P55196,1
DB08299,P55196,0
DB02379,Q6L8H2,1
DB01414,Q6L8H2,0
DB03814,Q9X9L0,1
DB11591,Q9X9L0,0
DB02059,P00438,1
DB02362,P00438,1
DB02839,P00438,1
DB03147,P00438,1
DB04242,P00438,1
DB04583,P00438,0
DB05229,P00438,0
DB04315,P00438,0
DB03355,P00438,0
DB02991,P00438,0
DB06955,Q83WG3,1
DB07588,Q83WG3,1
DB00940,Q83WG3,0
DB02185,Q83WG3,0
DB08848,P48065,1
DB09212,P48065,0
DB11638,Q8IL86,1
DB08521,Q8IL86,0
DB00145,O60391,1
DB00193,O60391,1
DB00228,O60391,1
DB00289,O60391,1
DB00312,O60391,1
DB00333,O60391,1
DB00418,O60391,1
DB00659,O60391,1
DB00843,O60391,1
DB00874,O60391,1
DB01043,O60391,1
DB01159,O60391,1
DB01173,O60391,1
DB01174,O60391,1
DB01238,O60391,1
DB01520,O60391,1
DB01708,O60391,1
DB04896,O60391,1
DB06738,O60391,1
DB06741,O60391,1
DB09409,O60391,1
DB09481,O60391,1
DB11823,O60391,1
DB13146,O60391,1
DB07429,O60391,0
DB02869,O60391,0
DB03730,O60391,0
DB07427,O60391,0
DB07084,O60391,0
DB01059,O60391,0
DB01871,O60391,0
DB04414,O60391,0
DB09195,O60391,0
DB06716,O60391,0
DB00448,O60391,0
DB02659,O60391,0
DB00720,O60391,0
DB02794,O60391,0
DB00920,O60391,0
DB08910,O60391,0
DB00451,O60391,0
DB08263,O60391,0
DB04713,O60391,0
DB03470,O60391,0
DB00842,O60391,0
DB08215,O60391,0
DB01206,O60391,0
DB01198,O60391,0
DB00157,Q02338,1
DB06414,Q02338,0
DB01677,P80040,1
DB04505,P80040,0
DB00456,P00811,1
DB01147,P00811,1
DB01896,P00811,1
DB02094,P00811,1
DB02247,P00811,1
DB02503,P00811,1
DB02588,P00811,1
DB02627,P00811,1
DB02772,P00811,1
DB02797,P00811,1
DB02858,P00811,1
DB03140,P00811,1
DB03437,P00811,1
DB03530,P00811,1
DB03658,P00811,1
DB04035,P00811,1
DB04293,P00811,1
DB04360,P00811,1
DB06922,P00811,1
DB07057,P00811,1
DB07114,P00811,1
DB07541,P00811,1
DB07663,P00811,1
DB07803,P00811,1
DB07823,P00811,1
DB07824,P00811,1
DB07825,P00811,1
DB07850,P00811,1
DB07927,P00811,1
DB08306,P00811,1
DB08336,P00811,1
DB08337,P00811,1
DB08375,P00811,1
DB08551,P00811,1
DB08552,P00811,1
DB08573,P00811,1
DB08623,P00811,1
DB08731,P00811,1
DB07301,P00811,0
DB13985,P00811,0
DB00916,P00811,0
DB08344,P00811,0
DB04379,P00811,0
DB07591,P00811,0
DB06981,P00811,0
DB00387,P00811,0
DB11477,P00811,0
DB00431,P00811,0
DB03907,P00811,0
DB03154,P00811,0
DB11967,P00811,0
DB04514,P00811,0
DB03113,P00811,0
DB00627,P00811,0
DB06996,P00811,0
DB00882,P00811,0
DB01412,P00811,0
DB03037,P00811,0
DB06791,P00811,0
DB11079,P00811,0
DB03553,P00811,0
DB03358,P00811,0
DB11365,P00811,0
DB01382,P00811,0
DB09079,P00811,0
DB07666,P00811,0
DB06512,P00811,0
DB08642,P00811,0
DB07944,P00811,0
DB03478,P00811,0
DB00748,P00811,0
DB01115,P00811,0
DB08558,P00811,0
DB08893,P00811,0
DB07446,P00811,0
DB07241,P00811,0
DB04315,P51151,1
DB01902,P51151,0
DB11638,P62241,1
DB08846,P62241,0
DB08367,P44783,1
DB03107,P44783,0
DB00157,P09601,1
DB01942,P09601,1
DB02073,P09601,1
DB02468,P09601,1
DB03906,P09601,1
DB04803,P09601,1
DB04912,P09601,1
DB06914,P09601,1
DB07342,P09601,1
DB00924,P09601,0
DB07142,P09601,0
DB02876,P09601,0
DB08151,P09601,0
DB00686,P09601,0
DB00615,P09601,0
DB08019,P09601,0
DB06789,P09601,0
DB08822,P09601,0
DB07677,Q9Y6F1,1
DB08058,Q9Y6F1,1
DB08348,Q9Y6F1,1
DB09074,Q9Y6F1,1
DB12332,Q9Y6F1,1
DB08416,Q9Y6F1,0
DB00160,Q9Y6F1,0
DB04934,Q9Y6F1,0
DB02029,Q9Y6F1,0
DB04079,Q9Y6F1,0
DB00119,O15375,1
DB07050,O15375,0
DB03171,P00929,1
DB04143,P00929,1
DB07732,P00929,1
DB07745,P00929,1
DB07748,P00929,1
DB07773,P00929,1
DB07890,P00929,1
DB07894,P00929,1
DB07925,P00929,1
DB07951,P00929,1
DB07952,P00929,1
DB07953,P00929,1
DB06367,P00929,0
DB02217,P00929,0
DB09028,P00929,0
DB04593,P00929,0
DB08284,P00929,0
DB02314,P00929,0
DB03783,P00929,0
DB03700,P00929,0
DB00935,P00929,0
DB01630,P00929,0
DB03583,P00929,0
DB00876,P00929,0
DB00514,P19878,1
DB06506,P19878,0
DB00157,P07195,1
DB02401,P07195,1
DB03940,P07195,1
DB09118,P07195,1
DB11638,P07195,1
DB00852,P07195,0
DB04715,P07195,0
DB01829,P07195,0
DB09239,P07195,0
DB03449,P07195,0
DB00153,O60840,1
DB00228,O60840,1
DB00243,O60840,1
DB00252,O60840,1
DB00273,O60840,1
DB00393,O60840,1
DB00421,O60840,1
DB00568,O60840,1
DB00653,O60840,1
DB00825,O60840,1
DB01110,O60840,1
DB01118,O60840,1
DB01388,O60840,1
DB04855,O60840,1
DB04920,O60840,1
DB09089,O60840,1
DB09229,O60840,1
DB09231,O60840,1
DB09232,O60840,1
DB09236,O60840,1
DB09238,O60840,1
DB11148,O60840,1
DB13720,O60840,0
DB02955,O60840,0
DB08684,O60840,0
DB01628,O60840,0
DB04502,O60840,0
DB02595,O60840,0
DB00256,O60840,0
DB07743,O60840,0
DB07496,O60840,0
DB08734,O60840,0
DB06506,O60840,0
DB04617,O60840,0
DB07906,O60840,0
DB02109,O60840,0
DB01129,O60840,0
DB00564,O60840,0
DB00736,O60840,0
DB08182,O60840,0
DB01602,O60840,0
DB12070,O60840,0
DB13931,O60840,0
DB02833,O60840,0
DB00848,Q23022,1
DB04079,Q23022,0
DB02306,Q9UKL6,1
DB04372,Q9UKL6,1
DB02170,Q9UKL6,0
DB00396,Q9UKL6,0
DB04200,Q6PKH6,1
DB09401,Q6PKH6,0
DB04464,Q92696,1
DB07780,Q92696,1
DB07841,Q92696,1
DB07589,Q92696,0
DB01250,Q92696,0
DB06249,Q92696,0
DB05154,P9WIP7,1
DB00364,P9WIP7,0
DB03247,P00323,1
DB02628,P00323,0
DB00716,Q13258,1
DB03153,Q13258,0
DB00400,P10875,1
DB01331,P10875,0
DB01981,Q9F5I8,1
DB07250,Q9F5I8,0
DB03205,P27505,1
DB03347,P27505,0
DB02937,P18843,1
DB04099,P18843,1
DB03393,P18843,0
DB08220,P18843,0
DB00157,P30838,1
DB02983,P30838,0
DB00141,O60513,1
DB02885,O60513,0
DB02596,Q96T66,1
DB03227,Q96T66,1
DB04099,Q96T66,1
DB00170,Q96T66,0
DB00947,Q96T66,0
DB03081,Q96T66,0
DB11638,Q8I0V4,1
DB01903,Q8I0V4,0
DB00786,P22894,1
DB02326,P22894,1
DB02953,P22894,1
DB03207,P22894,1
DB03622,P22894,1
DB03636,P22894,1
DB03880,P22894,1
DB06971,P22894,1
DB07397,P22894,1
DB07713,P22894,1
DB07772,P22894,1
DB07900,P22894,1
DB08028,P22894,1
DB08403,P22894,1
DB08476,P22894,1
DB00775,P22894,0
DB08617,P22894,0
DB03304,P22894,0
DB00914,P22894,0
DB01265,P22894,0
DB06153,P22894,0
DB07649,P22894,0
DB02018,P22894,0
DB06884,P22894,0
DB04521,P22894,0
DB03364,P22894,0
DB01028,P22894,0
DB00892,P22894,0
DB04073,P22894,0
DB06834,P22894,0
DB00267,P0AD68,1
DB00274,P0AD68,1
DB00303,P0AD68,1
DB00430,P0AD68,1
DB00438,P0AD68,1
DB00578,P0AD68,1
DB01000,P0AD68,1
DB01327,P0AD68,1
DB01328,P0AD68,1
DB01329,P0AD68,1
DB01331,P0AD68,1
DB01413,P0AD68,1
DB01415,P0AD68,1
DB01416,P0AD68,1
DB01602,P0AD68,1
DB04918,P0AD68,1
DB09050,P0AD68,1
DB09319,P0AD68,1
DB08109,P0AD68,0
DB01829,P0AD68,0
DB07852,P0AD68,0
DB04353,P0AD68,0
DB07449,P0AD68,0
DB03242,P0AD68,0
DB06147,P0AD68,0
DB02643,P0AD68,0
DB02843,P0AD68,0
DB05932,P0AD68,0
DB01858,P0AD68,0
DB00790,P0AD68,0
DB00610,P0AD68,0
DB01931,P0AD68,0
DB01338,P0AD68,0
DB08618,P0AD68,0
DB08151,P0AD68,0
DB00306,P0AD68,0
DB04079,P02974,1
DB04522,P02974,1
DB06838,P02974,1
DB01827,P02974,0
DB05479,P02974,0
DB02548,P02974,0
DB01780,P62258,1
DB12695,P62258,1
DB00588,P62258,0
DB05714,P62258,0
DB05470,P05231,1
DB05513,P05231,1
DB05767,P05231,1
DB06083,P05231,1
DB09221,P05231,1
DB11967,P05231,1
DB12140,P05231,1
DB06791,P05231,0
DB02738,P05231,0
DB09343,P05231,0
DB12890,P05231,0
DB03750,P05231,0
DB04769,P05231,0
DB03679,P05231,0
DB00246,P50406,1
DB00321,P50406,1
DB00334,P50406,1
DB00363,P50406,1
DB00408,P50406,1
DB00458,P50406,1
DB00477,P50406,1
DB00502,P50406,1
DB00543,P50406,1
DB00715,P50406,1
DB00924,P50406,1
DB01142,P50406,1
DB01224,P50406,1
DB01238,P50406,1
DB01239,P50406,1
DB01488,P50406,1
DB04829,P50406,1
DB04946,P50406,1
DB05993,P50406,1
DB06140,P50406,1
DB06144,P50406,1
DB06148,P50406,1
DB06216,P50406,1
DB09225,P50406,1
DB09304,P50406,1
DB11273,P50406,1
DB12141,P50406,1
DB13025,P50406,1
DB13345,P50406,1
DB14185,P50406,1
DB06410,P50406,0
DB07213,P50406,0
DB05246,P50406,0
DB02548,P50406,0
DB02118,P50406,0
DB00130,P50406,0
DB11641,P50406,0
DB13978,P50406,0
DB06968,P50406,0
DB01851,P50406,0
DB04541,P50406,0
DB01116,P50406,0
DB00652,P50406,0
DB03517,P50406,0
DB04066,P50406,0
DB07459,P50406,0
DB08649,P50406,0
DB09230,P50406,0
DB12015,P50406,0
DB02933,P50406,0
DB04638,P50406,0
DB04068,P50406,0
DB07136,P50406,0
DB05229,P50406,0
DB08214,P50406,0
DB13581,P50406,0
DB04723,P50406,0
DB03085,P50406,0
DB03855,P50406,0
DB08936,P50406,0
DB04137,P0A6T8,1
DB01433,P0A6T8,0
DB03461,P76187,1
DB07378,P76187,0
DB00228,Q9UIX4,1
DB01069,Q9UIX4,1
DB01110,Q9UIX4,1
DB08806,Q9UIX4,0
DB04460,Q9UIX4,0
DB03491,Q9UIX4,0
DB00142,Q8TCU5,1
DB00193,Q8TCU5,1
DB00228,Q8TCU5,1
DB00289,Q8TCU5,1
DB00312,Q8TCU5,1
DB00333,Q8TCU5,1
DB00392,Q8TCU5,1
DB00418,Q8TCU5,1
DB00514,Q8TCU5,1
DB00659,Q8TCU5,1
DB00721,Q8TCU5,1
DB00843,Q8TCU5,1
DB00874,Q8TCU5,1
DB00898,Q8TCU5,1
DB00915,Q8TCU5,1
DB01043,Q8TCU5,1
DB01159,Q8TCU5,1
DB01173,Q8TCU5,1
DB01174,Q8TCU5,1
DB01221,Q8TCU5,1
DB01238,Q8TCU5,1
DB01520,Q8TCU5,1
DB01549,Q8TCU5,1
DB01708,Q8TCU5,1
DB03575,Q8TCU5,1
DB04896,Q8TCU5,1
DB04926,Q8TCU5,1
DB06151,Q8TCU5,1
DB06738,Q8TCU5,1
DB06741,Q8TCU5,1
DB09409,Q8TCU5,1
DB09481,Q8TCU5,1
DB11823,Q8TCU5,1
DB13146,Q8TCU5,1
DB04267,Q8TCU5,0
DB03329,Q8TCU5,0
DB01112,Q8TCU5,0
DB00812,Q8TCU5,0
DB07277,Q8TCU5,0
DB11064,Q8TCU5,0
DB03929,Q8TCU5,0
DB01328,Q8TCU5,0
DB04883,Q8TCU5,0
DB07967,Q8TCU5,0
DB02122,Q8TCU5,0
DB04577,Q8TCU5,0
DB03726,Q8TCU5,0
DB13720,Q8TCU5,0
DB03587,Q8TCU5,0
DB04315,Q8TCU5,0
DB08007,Q8TCU5,0
DB00408,Q8TCU5,0
DB08903,Q8TCU5,0
DB07630,Q8TCU5,0
DB07384,Q8TCU5,0
DB05796,Q8TCU5,0
DB02517,Q8TCU5,0
DB00141,Q8TCU5,0
DB00467,Q8TCU5,0
DB00845,Q8TCU5,0
DB07789,Q8TCU5,0
DB04610,Q8TCU5,0
DB03936,Q8TCU5,0
DB02480,Q8TCU5,0
DB03045,Q8TCU5,0
DB01439,Q8TCU5,0
DB01837,Q8TCU5,0
DB06134,Q8TCU5,0
DB12615,L0LZJ6,1
DB08610,L0LZJ6,0
DB09130,P63261,1
DB11638,P63261,1
DB01775,P63261,0
DB05983,P63261,0
DB01593,P04003,1
DB09130,P04003,1
DB14487,P04003,1
DB14533,P04003,1
DB01619,P04003,0
DB07663,P04003,0
DB07041,P04003,0
DB07011,P04003,0
DB01752,O60678,1
DB08119,O60678,0
DB03461,P0C188,1
DB08478,P0C188,0
DB00167,P45954,1
DB00313,P45954,1
DB04249,P45954,0
DB00622,P45954,0
DB04272,P9WN39,1
DB08680,P9WN39,0
DB01942,P0A7E1,1
DB02262,P0A7E1,1
DB03247,P0A7E1,1
DB03963,P0A7E1,0
DB04063,P0A7E1,0
DB04429,P0A7E1,0
DB02892,P04964,1
DB03590,P04964,1
DB08788,P04964,0
DB01930,P04964,0
DB02890,P08244,1
DB03668,P08244,1
DB13934,P08244,0
DB02948,P08244,0
DB07052,P9WGV3,1
DB05885,P9WGV3,0
DB03309,P19622,1
DB00765,P19622,0
DB01942,Q9NQX3,1
DB03366,Q9NQX3,1
DB03766,Q9NQX3,1
DB06229,Q9NQX3,0
DB01587,Q9NQX3,0
DB04252,Q9NQX3,0
DB12637,Q6QNK2,1
DB14530,Q6QNK2,0
DB01282,P30559,1
DB09059,P30559,1
DB13929,P30559,1
DB04832,P30559,0
DB01548,P30559,0
DB03877,P30559,0
DB01873,P68363,1
DB03010,P68363,1
DB07574,P68363,1
DB03673,P68363,0
DB05676,P68363,0
DB03565,P68363,0
DB07914,Q59721,1
DB08341,Q59721,0
DB09130,P14866,1
DB00242,P14866,0
DB08648,P0A9J8,1
DB00990,P0A9J8,0
DB00243,Q9UNX9,1
DB01110,Q9UNX9,1
DB01392,Q9UNX9,1
DB04855,Q9UNX9,1
DB11148,Q9UNX9,1
DB07449,Q9UNX9,0
DB03307,Q9UNX9,0
DB00617,Q9UNX9,0
DB05542,Q9UNX9,0
DB03073,Q9UNX9,0
DB00153,Q9UBN1,1
DB00228,Q9UBN1,1
DB00421,Q9UBN1,1
DB11148,Q9UBN1,1
DB07127,Q9UBN1,0
DB00507,Q9UBN1,0
DB02670,Q9UBN1,0
DB14006,Q9UBN1,0
DB00218,P11388,1
DB00276,P11388,1
DB00380,P11388,1
DB00385,P11388,1
DB00444,P11388,1
DB00445,P11388,1
DB00467,P11388,1
DB00487,P11388,1
DB00537,P11388,1
DB00685,P11388,1
DB00694,P11388,1
DB00773,P11388,1
DB00970,P11388,1
DB00978,P11388,1
DB00997,P11388,1
DB01059,P11388,1
DB01165,P11388,1
DB01177,P11388,1
DB01179,P11388,1
DB01204,P11388,1
DB01208,P11388,1
DB01645,P11388,1
DB04576,P11388,1
DB04967,P11388,1
DB04975,P11388,1
DB05022,P11388,1
DB05129,P11388,1
DB05706,P11388,1
DB06013,P11388,1
DB06263,P11388,1
DB06362,P11388,1
DB06420,P11388,1
DB06421,P11388,1
DB09047,P11388,1
DB03323,P11388,0
DB07797,P11388,0
DB03939,P11388,0
DB06781,P11388,0
DB02180,P11388,0
DB04054,P11388,0
DB00593,P11388,0
DB01045,P11388,0
DB03045,P11388,0
DB00604,P11388,0
DB07650,P11388,0
DB00682,P11388,0
DB06946,P11388,0
DB08564,P11388,0
DB02468,P11388,0
DB03442,P11388,0
DB08916,P11388,0
DB03815,P11388,0
DB01535,P11388,0
DB08601,P11388,0
DB02420,P11388,0
DB03824,P11388,0
DB08284,P11388,0
DB03013,P11388,0
DB14050,P11388,0
DB03958,P11388,0
DB04033,P11388,0
DB08480,P11388,0
DB03473,P11388,0
DB03467,P11388,0
DB05928,P11388,0
DB04365,P11388,0
DB07336,P11388,0
DB00945,P11388,0
DB08515,P60900,1
DB02260,P60900,0
DB00188,P20618,1
DB08515,P20618,1
DB08889,P20618,1
DB08875,P20618,0
DB01114,P20618,0
DB02878,P20618,0
DB00171,O15439,1
DB04715,O15439,0
DB00480,Q96SW2,1
DB01041,Q96SW2,1
DB08910,Q96SW2,1
DB06421,Q96SW2,0
DB04085,Q96SW2,0
DB08932,Q96SW2,0
DB11638,P50250,1
DB03147,P50250,0
DB11638,Q8IHS5,1
DB04057,Q8IHS5,0
DB07546,P19784,1
DB12010,P19784,1
DB01025,P19784,0
DB03628,P19784,0
DB04395,Q96QT4,1
DB04447,Q96QT4,1
DB04690,Q96QT4,0
DB04187,Q96QT4,0
DB00380,Q02880,1
DB00694,Q02880,1
DB00773,Q02880,1
DB00970,Q02880,1
DB04395,Q02880,1
DB05022,Q02880,1
DB06362,Q02880,1
DB06421,Q02880,1
DB08651,Q02880,1
DB08910,Q02880,0
DB07300,Q02880,0
DB06832,Q02880,0
DB02044,Q02880,0
DB02145,Q02880,0
DB04410,Q02880,0
DB13988,Q02880,0
DB08167,Q02880,0
DB07118,Q02880,0
DB00356,Q12791,1
DB00436,Q12791,1
DB00721,Q12791,1
DB00774,Q12791,1
DB00999,Q12791,1
DB01110,Q12791,1
DB01119,Q12791,1
DB01159,Q12791,1
DB04209,Q12791,1
DB09089,Q12791,1
DB08314,Q12791,0
DB08042,Q12791,0
DB00421,Q12791,0
DB03428,Q12791,0
DB07635,Q12791,0
DB06204,Q12791,0
DB01670,Q12791,0
DB07567,Q12791,0
DB00843,Q12791,0
DB08451,Q12791,0
DB03814,Q9X5N2,1
DB04033,Q9X5N2,1
DB03006,Q9X5N2,0
DB00632,Q9X5N2,0
DB07705,P9WPN5,1
DB07971,P9WPN5,1
DB07972,P9WPN5,1
DB14028,P9WPN5,0
DB07667,P9WPN5,0
DB11772,P9WPN5,0
DB03464,P0AE12,1
DB07004,P0AE12,0
DB08818,Q96S86,1
DB06974,Q96S86,0
DB14533,P02790,1
DB01844,P02790,0
DB04869,Q16602,1
DB12228,Q16602,1
DB12457,Q16602,1
DB15328,Q16602,1
DB15688,Q16602,1
DB04861,Q16602,0
DB04590,Q16602,0
DB09120,Q16602,0
DB00309,Q16602,0
DB03551,Q16602,0
DB02542,P0CG47,1
DB09151,P0CG47,0
DB03814,P0AEG6,1
DB00389,P0AEG6,0
DB11638,P21291,1
DB01695,P21291,0
DB01752,Q9WYV8,1
DB03473,Q9WYV8,1
DB01767,Q9WYV8,0
DB02766,Q9WYV8,0
DB03247,P50618,1
DB07800,P50618,0
DB14074,Q8T6S0,1
DB06894,Q8T6S0,0
DB09061,P47775,1
DB14011,P47775,1
DB01351,P47775,0
DB00313,P47775,0
DB00142,Q07075,1
DB05252,Q07075,0
DB04310,Q819U0,1
DB01932,Q819U0,0
DB07937,Q836J0,1
DB07021,Q836J0,0
DB00214,P55011,1
DB00761,P55011,1
DB00887,P55011,1
DB01325,P55011,1
DB00184,P55011,0
DB02077,P55011,0
DB12924,P55011,0
DB01267,P55011,0
DB00143,Q99735,1
DB08044,Q99735,0
DB00151,Q16878,1
DB00157,Q16878,1
DB11541,Q16878,0
DB03393,Q16878,0
DB00143,O15217,1
DB09112,O15217,0
DB08185,P80380,1
DB04167,P80380,0
DB01593,O14791,1
DB14487,O14791,1
DB14533,O14791,1
DB00882,O14791,0
DB04119,O14791,0
DB08226,O14791,0
DB03247,Q9WZW1,1
DB04272,Q9WZW1,1
DB04345,Q9WZW1,1
DB08618,Q9WZW1,0
DB06982,Q9WZW1,0
DB07714,Q9WZW1,0
DB00282,P14324,1
DB00399,P14324,1
DB00630,P14324,1
DB00710,P14324,1
DB00884,P14324,1
DB01785,P14324,1
DB02508,P14324,1
DB02552,P14324,1
DB04714,P14324,1
DB06255,P14324,1
DB06548,P14324,1
DB07780,P14324,1
DB07841,P14324,1
DB02761,P14324,0
DB00687,P14324,0
DB01037,P14324,0
DB04461,P14324,0
DB00980,P14324,0
DB04218,P14324,0
DB08697,P14324,0
DB12598,P14324,0
DB04328,P14324,0
DB12191,P14324,0
DB08460,P14324,0
DB06689,P14324,0
DB08860,P14324,0
DB00243,Q9UI33,1
DB00273,Q9UI33,1
DB00313,Q9UI33,1
DB00555,Q9UI33,1
DB00564,Q9UI33,1
DB00776,Q9UI33,1
DB00907,Q9UI33,1
DB00909,Q9UI33,1
DB01069,Q9UI33,1
DB05541,Q9UI33,1
DB09085,Q9UI33,1
DB09088,Q9UI33,1
DB09342,Q9UI33,1
DB09345,Q9UI33,1
DB11186,Q9UI33,1
DB13269,Q9UI33,1
DB08236,Q9UI33,0
DB03614,Q9UI33,0
DB03020,Q9UI33,0
DB08357,Q9UI33,0
DB04887,Q9UI33,0
DB02655,Q9UI33,0
DB03139,Q9UI33,0
DB03170,Q9UI33,0
DB07460,Q9UI33,0
DB07579,Q9UI33,0
DB03824,Q9UI33,0
DB00294,Q9UI33,0
DB04490,Q9UI33,0
DB11327,Q9UI33,0
DB00926,Q9UI33,0
DB12555,Q9UI33,0
DB02236,P08179,1
DB02540,P08179,1
DB02794,P08179,1
DB04264,P08179,1
DB07687,P08179,0
DB05939,P08179,0
DB15624,P08179,0
DB07513,P08179,0
DB00142,Q16099,1
DB00237,Q16099,1
DB00273,Q16099,1
DB02643,Q16099,0
DB08354,Q16099,0
DB03132,Q16099,0
DB03091,P0ABA0,1
DB08774,P0ABA0,0
DB01826,P9WN25,1
DB03317,P9WN25,1
DB04517,P9WN25,0
DB04580,P9WN25,0
DB08185,P62658,1
DB04775,P62658,0
DB09061,F1T0I5,1
DB14011,F1T0I5,1
DB04577,F1T0I5,0
DB02160,F1T0I5,0
DB01094,P55157,1
DB04852,P55157,1
DB05678,P55157,1
DB08827,P55157,1
DB08073,P55157,0
DB01155,P55157,0
DB01548,P55157,0
DB03784,P55157,0
DB08396,P01768,1
DB08635,P01768,1
DB07451,P01768,0
DB03895,P01768,0
DB06965,P22088,1
DB06966,P22088,1
DB07990,P22088,1
DB08419,P22088,1
DB06345,P22088,0
DB00331,P22088,0
DB01710,P22088,0
DB02905,P22088,0
DB01421,Q5SHN7,1
DB08185,Q5SHN7,1
DB04331,Q5SHN7,0
DB03595,Q5SHN7,0
DB01755,P56690,1
DB04271,P56690,0
DB08874,Q18BX5,1
DB00798,Q18BX5,0
DB05018,P06280,1
DB03085,P06280,0
DB02899,Q5SII2,1
DB01036,Q5SII2,0
DB08080,Q8WWL2,1
DB03949,Q8WWL2,0
DB08590,Q9NWZ3,1
DB12010,Q9NWZ3,1
DB05229,Q9NWZ3,0
DB01973,Q9NWZ3,0
DB04022,P42085,1
DB04575,P42085,0
DB00360,P17752,1
DB12095,P17752,1
DB02265,P17752,0
DB08292,P17752,0
DB00157,O75251,1
DB04411,O75251,0
DB02745,P62312,1
DB03685,P62312,1
DB04272,P62312,1
DB08435,P62312,0
DB07757,P62312,0
DB07668,P62312,0
DB02303,Q12882,1
DB02338,Q12882,1
DB03048,Q12882,1
DB03147,Q12882,1
DB03247,Q12882,1
DB03419,Q12882,1
DB03516,Q12882,1
DB03554,Q12882,1
DB09257,Q12882,1
DB09327,Q12882,1
DB02087,Q12882,0
DB04618,Q12882,0
DB00419,Q12882,0
DB08535,Q12882,0
DB13879,Q12882,0
DB02132,Q12882,0
DB09274,Q12882,0
DB07439,Q12882,0
DB00724,Q12882,0
DB04681,Q12882,0
DB02701,P11439,1
DB08348,P11439,1
DB04563,P11439,0
DB13877,P11439,0
DB01691,P0AEK4,1
DB01865,P0AEK4,1
DB02379,P0AEK4,1
DB03030,P0AEK4,1
DB03534,P0AEK4,1
DB04030,P0AEK4,1
DB08265,P0AEK4,1
DB08604,P0AEK4,1
DB08605,P0AEK4,1
DB01663,P0AEK4,0
DB08755,P0AEK4,0
DB02965,P0AEK4,0
DB08784,P0AEK4,0
DB02679,P0AEK4,0
DB00306,P0AEK4,0
DB04324,P0AEK4,0
DB02165,P0AEK4,0
DB07707,P0AEK4,0
DB12010,P49840,1
DB07029,P49840,0
DB03151,Q7SIA3,1
DB03410,Q7SIA3,0
DB01880,P16113,1
DB04066,P16113,1
DB04563,P16113,0
DB01870,P16113,0
DB08325,Q9HCP0,1
DB07639,Q9HCP0,0
DB03374,P33590,1
DB03881,P33590,0
DB04141,P31040,1
DB04657,P31040,1
DB04795,P31040,1
DB08689,P31040,1
DB09270,P31040,1
DB04004,P31040,0
DB07159,P31040,0
DB04972,P31040,0
DB03594,P31040,0
DB00979,P31040,0
DB00197,P05121,1
DB09130,P05121,1
DB02606,P05121,0
DB08130,P05121,0
DB08226,Q8RQE7,1
DB08266,Q8RQE7,1
DB00786,Q8RQE7,0
DB04880,Q8RQE7,0
DB12010,Q9H2K8,1
DB01939,Q9H2K8,0
DB02061,P19424,1
DB08712,P19424,0
DB01880,P14174,1
DB02728,P14174,1
DB07718,P14174,1
DB07888,P14174,1
DB08333,P14174,1
DB08334,P14174,1
DB08335,P14174,1
DB08765,P14174,1
DB03413,P14174,0
DB02722,P14174,0
DB01890,P14174,0
DB05482,P14174,0
DB06995,P14174,0
DB00353,P14174,0
DB01899,P14174,0
DB04738,P14174,0
DB01694,O25927,1
DB08558,O25927,1
DB09552,O25927,0
DB01645,O25927,0
DB04315,P21980,1
DB11254,P21980,1
DB01427,P21980,0
DB04014,P21980,0
DB02338,Q07982,1
DB02379,Q07982,1
DB03345,Q07982,1
DB00230,Q07982,0
DB00293,Q07982,0
DB01020,Q07982,0
DB03945,P02741,1
DB02086,P02741,0
DB00761,Q9Y666,1
DB07476,Q9Y666,0
DB00186,Q16445,1
DB00189,Q16445,1
DB00228,Q16445,1
DB00231,Q16445,1
DB00237,Q16445,1
DB00241,Q16445,1
DB00252,Q16445,1
DB00292,Q16445,1
DB00306,Q16445,1
DB00312,Q16445,1
DB00349,Q16445,1
DB00371,Q16445,1
DB00402,Q16445,1
DB00404,Q16445,1
DB00418,Q16445,1
DB00463,Q16445,1
DB00475,Q16445,1
DB00543,Q16445,1
DB00546,Q16445,1
DB00555,Q16445,1
DB00599,Q16445,1
DB00603,Q16445,1
DB00628,Q16445,1
DB00659,Q16445,1
DB00683,Q16445,1
DB00690,Q16445,1
DB00753,Q16445,1
DB00794,Q16445,1
DB00801,Q16445,1
DB00818,Q16445,1
DB00829,Q16445,1
DB00842,Q16445,1
DB00849,Q16445,1
DB00897,Q16445,1
DB00898,Q16445,1
DB01028,Q16445,1
DB01043,Q16445,1
DB01068,Q16445,1
DB01107,Q16445,1
DB01159,Q16445,1
DB01189,Q16445,1
DB01205,Q16445,1
DB01215,Q16445,1
DB01236,Q16445,1
DB01351,Q16445,1
DB01352,Q16445,1
DB01353,Q16445,1
DB01354,Q16445,1
DB01355,Q16445,1
DB01437,Q16445,1
DB01483,Q16445,1
DB01489,Q16445,1
DB01496,Q16445,1
DB01511,Q16445,1
DB01544,Q16445,1
DB01545,Q16445,1
DB01553,Q16445,1
DB01558,Q16445,1
DB01559,Q16445,1
DB01587,Q16445,1
DB01588,Q16445,1
DB01589,Q16445,1
DB01594,Q16445,1
DB01595,Q16445,1
DB01708,Q16445,1
DB01956,Q16445,1
DB05087,Q16445,1
DB09017,Q16445,1
DB09118,Q16445,1
DB09166,Q16445,1
DB11582,Q16445,1
DB11859,Q16445,1
DB11901,Q16445,1
DB12537,Q16445,1
DB13335,Q16445,1
DB13437,Q16445,1
DB13643,Q16445,1
DB13837,Q16445,1
DB13872,Q16445,1
DB14028,Q16445,1
DB14672,Q16445,1
DB14715,Q16445,1
DB14719,Q16445,1
DB15489,Q16445,1
DB00146,Q16445,0
DB04526,Q16445,0
DB00777,Q16445,0
DB01140,Q16445,0
DB03719,Q16445,0
DB02252,Q16445,0
DB01324,Q16445,0
DB01735,Q16445,0
DB14500,Q16445,0
DB04426,Q16445,0
DB01100,Q16445,0
DB00400,Q16445,0
DB00118,Q16445,0
DB01060,Q16445,0
DB08595,Q16445,0
DB04260,Q16445,0
DB08015,Q16445,0
DB03468,Q16445,0
DB07086,Q16445,0
DB07079,Q16445,0
DB00714,Q16445,0
DB08836,Q16445,0
DB03065,Q16445,0
DB07903,Q16445,0
DB09401,Q16445,0
DB07409,Q16445,0
DB01736,Q16445,0
DB02027,Q16445,0
DB07123,Q16445,0
DB03373,Q16445,0
DB03100,Q16445,0
DB04585,Q16445,0
DB07686,Q16445,0
DB06213,Q16445,0
DB01980,Q16445,0
DB03321,Q16445,0
DB08667,Q16445,0
DB03627,Q16445,0
DB07375,Q16445,0
DB07997,Q16445,0
DB08342,Q16445,0
DB03553,Q16445,0
DB01911,Q16445,0
DB07073,Q16445,0
DB08514,Q16445,0
DB05710,Q16445,0
DB07204,Q16445,0
DB08326,Q16445,0
DB07873,Q16445,0
DB08090,Q16445,0
DB03916,Q16445,0
DB08181,Q16445,0
DB01767,Q16445,0
DB03574,Q16445,0
DB03525,Q16445,0
DB03881,Q16445,0
DB09237,Q16445,0
DB12466,Q16445,0
DB00438,Q16445,0
DB01987,Q16445,0
DB00953,Q16445,0
DB08741,Q16445,0
DB07404,Q16445,0
DB03425,Q16445,0
DB03894,Q16445,0
DB01885,Q16445,0
DB00250,Q16445,0
DB08594,Q16445,0
DB01029,Q16445,0
DB05343,Q16445,0
DB06890,Q16445,0
DB01710,Q16445,0
DB02297,Q16445,0
DB02616,Q16445,0
DB03970,Q16445,0
DB09079,Q16445,0
DB06191,Q16445,0
DB00354,Q16445,0
DB02353,Q16445,0
DB04767,Q16445,0
DB04642,Q16445,0
DB04379,Q16445,0
DB04064,Q16445,0
DB02651,Q16445,0
DB03147,Q96RQ9,1
DB03214,Q96RQ9,1
DB04166,Q96RQ9,1
DB04272,Q96RQ9,1
DB07026,Q96RQ9,0
DB06977,Q96RQ9,0
DB06868,Q96RQ9,0
DB07446,Q96RQ9,0
DB12010,O95819,1
DB04004,O95819,0
DB12695,Q12874,1
DB04586,Q12874,0
DB07045,Q99933,1
DB07525,Q99933,0
DB00659,P41594,1
DB06201,P41594,1
DB12733,P41594,1
DB03809,P41594,0
DB04178,P41594,0
DB04273,P41594,0
DB00481,P04155,1
DB04468,P04155,1
DB03565,P04155,0
DB09091,P04155,0
DB02024,Q75WK2,1
DB02238,Q75WK2,1
DB13269,Q75WK2,0
DB04690,Q75WK2,0
DB02893,Q9KQN0,1
DB03649,Q9KQN0,0
DB01629,P12758,1
DB02256,P12758,1
DB02681,P12758,1
DB03101,P12758,1
DB04485,P12758,1
DB06872,P12758,1
DB06873,P12758,1
DB07437,P12758,1
DB07439,P12758,1
DB00429,P12758,0
DB08220,P12758,0
DB07002,P12758,0
DB00191,P12758,0
DB08313,P12758,0
DB08096,P12758,0
DB07242,P12758,0
DB01959,P12758,0
DB02384,P12758,0
DB00157,O96000,1
DB09244,O96000,0
DB03963,Q13426,1
DB04261,Q13426,0
DB01250,P51580,1
DB00492,P51580,0
DB00309,Q9H4B7,1
DB01229,Q9H4B7,1
DB01248,Q9H4B7,1
DB01873,Q9H4B7,1
DB03010,Q9H4B7,1
DB06772,Q9H4B7,1
DB08871,Q9H4B7,1
DB12334,Q9H4B7,1
DB12695,Q9H4B7,1
DB02702,Q9H4B7,0
DB03466,Q9H4B7,0
DB07448,Q9H4B7,0
DB04522,Q9H4B7,0
DB08698,Q9H4B7,0
DB00154,Q9H4B7,0
DB07548,Q9H4B7,0
DB07491,Q9H4B7,0
DB06900,Q9H4B7,0
DB03909,Q12756,1
DB04395,Q12756,1
DB03977,Q12756,0
DB04432,Q12756,0
DB12010,Q9BVS4,1
DB11653,Q9BVS4,0
DB00174,Q15758,1
DB13146,Q15758,1
DB01876,Q15758,0
DB03314,Q15758,0
DB03814,P60355,1
DB08701,P60355,0
DB00675,Q04759,1
DB02010,Q04759,1
DB02482,Q04759,1
DB04522,Q04759,1
DB12010,Q04759,1
DB03938,Q04759,0
DB01410,Q04759,0
DB00709,Q04759,0
DB07141,Q04759,0
DB04137,Q04759,0
DB09130,Q06323,1
DB02838,Q06323,0
DB01593,P09871,1
DB02371,P09871,1
DB09130,P09871,1
DB14487,P09871,1
DB14533,P09871,1
DB04013,P09871,0
DB03664,P09871,0
DB02964,P09871,0
DB01736,P09871,0
DB00736,P09871,0
DB03147,Q47PU3,1
DB03871,Q47PU3,0
DB04651,P06709,1
DB05607,P06709,0
DB07646,P95673,1
DB03489,P95673,0
DB02496,P45568,1
DB02948,P45568,1
DB03649,P45568,1
DB03949,P45568,0
DB02235,P45568,0
DB04400,P45568,0
DB02879,P29723,1
DB01203,P29723,0
DB00973,P15144,1
DB06196,P15144,1
DB08025,P15144,0
DB07723,P15144,0
DB00435,P04731,1
DB01593,P04731,1
DB12965,P04731,1
DB14487,P04731,1
DB14533,P04731,1
DB00261,P04731,0
DB14635,P04731,0
DB01788,P04731,0
DB02803,P04731,0
DB00196,P04731,0
DB01857,P71447,1
DB02317,P71447,1
DB02835,P71447,1
DB02905,P71447,0
DB04495,P71447,0
DB04788,P71447,0
DB09130,P01861,1
DB02645,P01861,0
DB02386,P28838,1
DB07448,P28838,1
DB08766,P28838,1
DB09026,P28838,0
DB08633,P28838,0
DB05442,P28838,0
DB03461,Q9WZS7,1
DB03022,Q9WZS7,0
DB06893,Q9I5I9,1
DB06894,Q9I5I9,1
DB07403,Q9I5I9,0
DB00235,Q9I5I9,0
DB00143,Q16772,1
DB04521,Q16772,1
DB02142,Q16772,0
DB03782,Q16772,0
DB04137,P38424,1
DB04315,P38424,1
DB00436,P38424,0
DB03824,P38424,0
DB02552,P62617,1
DB03821,P62617,0
DB01675,Q9UKU7,1
DB03147,Q9UKU7,1
DB00392,Q9UKU7,0
DB06281,Q9UKU7,0
DB04464,P0CG48,1
DB03939,P0CG48,0
DB04530,O60493,1
DB02786,O60493,0
DB00909,O75493,1
DB07721,O75493,0
DB01766,Q13526,1
DB06867,Q13526,1
DB01428,Q13526,0
DB07573,Q13526,0
DB00288,P04083,1
DB00591,P04083,1
DB00741,P04083,1
DB00959,P04083,1
DB01013,P04083,1
DB01222,P04083,1
DB01234,P04083,1
DB14538,P04083,1
DB14539,P04083,1
DB14540,P04083,1
DB14541,P04083,1
DB14542,P04083,1
DB14543,P04083,1
DB14544,P04083,1
DB14631,P04083,1
DB14649,P04083,1
DB14669,P04083,1
DB07356,P04083,0
DB01097,P04083,0
DB00200,P04083,0
DB02213,P04083,0
DB06878,P04083,0
DB04194,P04083,0
DB07068,P04083,0
DB07196,P04083,0
DB13873,P04083,0
DB04856,P04083,0
DB00447,P04083,0
DB12379,P04083,0
DB01196,P04083,0
DB01537,P04083,0
DB07573,P04083,0
DB07967,P04083,0
DB13581,P04083,0
DB12010,Q8NI60,1
DB01107,Q8NI60,0
DB01853,Q46393,1
DB13139,Q46393,0
DB02152,Q02750,1
DB03115,Q02750,1
DB05239,Q02750,1
DB06616,Q02750,1
DB06892,Q02750,1
DB07046,Q02750,1
DB07101,Q02750,1
DB08130,Q02750,1
DB08208,Q02750,1
DB08911,Q02750,1
DB11689,Q02750,1
DB00429,Q02750,0
DB01741,Q02750,0
DB00220,Q02750,0
DB06134,Q02750,0
DB07510,Q02750,0
DB11730,Q02750,0
DB00198,Q02750,0
DB06952,Q02750,0
DB08057,Q02750,0
DB01162,Q02750,0
DB04100,Q02750,0
DB00243,Q9NY46,1
DB00252,Q9NY46,1
DB00273,Q9NY46,1
DB00313,Q9NY46,1
DB00555,Q9NY46,1
DB00564,Q9NY46,1
DB00776,Q9NY46,1
DB00907,Q9NY46,1
DB00909,Q9NY46,1
DB01069,Q9NY46,1
DB05232,Q9NY46,1
DB05541,Q9NY46,1
DB06218,Q9NY46,1
DB09085,Q9NY46,1
DB09088,Q9NY46,1
DB09342,Q9NY46,1
DB09345,Q9NY46,1
DB11186,Q9NY46,1
DB13269,Q9NY46,1
DB03613,Q9NY46,0
DB00393,Q9NY46,0
DB02511,Q9NY46,0
DB03557,Q9NY46,0
DB07647,Q9NY46,0
DB07572,Q9NY46,0
DB08319,Q9NY46,0
DB07732,Q9NY46,0
DB03766,Q9NY46,0
DB01854,Q9NY46,0
DB07730,Q9NY46,0
DB03507,Q9NY46,0
DB11157,Q9NY46,0
DB08462,Q9NY46,0
DB04751,Q9NY46,0
DB00607,Q9NY46,0
DB07901,Q9NY46,0
DB07108,Q9NY46,0
DB08535,Q9NY46,0
DB00142,Q13003,1
DB00237,Q13003,1
DB00273,Q13003,1
DB08820,Q13003,0
DB15566,Q13003,0
DB07541,Q13003,0
DB04272,P38516,1
DB07477,P38516,0
DB00144,Q9UG56,1
DB02828,Q9UG56,0
DB00201,Q13370,1
DB01427,Q13370,1
DB01640,Q13370,1
DB01970,Q13370,1
DB07954,Q13370,1
DB09283,Q13370,1
DB04538,Q13370,0
DB02312,Q13370,0
DB08047,Q13370,0
DB03866,Q13370,0
DB07659,Q13370,0
DB04175,Q13370,0
DB00282,O95749,1
DB00399,O95749,1
DB00710,O95749,1
DB02552,O95749,1
DB04695,O95749,1
DB04714,O95749,1
DB06548,O95749,1
DB06830,O95749,1
DB06931,O95749,1
DB07221,O95749,1
DB07410,O95749,1
DB07780,O95749,1
DB07841,O95749,1
DB07873,O95749,1
DB08529,O95749,1
DB07017,O95749,0
DB00723,O95749,0
DB00249,O95749,0
DB07924,O95749,0
DB04276,O95749,0
DB03150,O95749,0
DB07288,O95749,0
DB00909,O95749,0
DB03746,O95749,0
DB02220,O95749,0
DB00344,O95749,0
DB02803,O95749,0
DB11447,O95749,0
DB14061,O95749,0
DB08419,O95749,0
DB07207,P13726,1
DB07247,P13726,1
DB08232,P13726,1
DB06442,P13726,0
DB00769,P13726,0
DB06891,P13726,0
DB01864,Q08188,1
DB01972,Q08188,1
DB03152,Q08188,1
DB04315,Q08188,1
DB01839,Q08188,0
DB09295,Q08188,0
DB04075,Q08188,0
DB03348,Q08188,0
DB03260,Q9RZ04,1
DB02008,Q9RZ04,0
DB04315,P15170,1
DB04288,P15170,0
DB01025,P08700,1
DB01593,P08700,1
DB09221,P08700,1
DB14487,P08700,1
DB14533,P08700,1
DB04742,P08700,0
DB03041,P08700,0
DB03991,P08700,0
DB00699,P08700,0
DB11496,P08700,0
DB03147,P18925,1
DB02188,P18925,0
DB08603,P15636,1
DB08310,P15636,0
DB03366,P74645,1
DB03499,P74645,1
DB04455,P74645,1
DB03138,P74645,0
DB04522,P74645,0
DB05038,P74645,0
DB08688,Q9NPJ3,1
DB00795,Q9NPJ3,0
DB03814,P25006,1
DB00541,P25006,0
DB03909,P00558,1
DB04510,P00558,1
DB09130,P00558,1
DB11638,P00558,1
DB07156,P00558,0
DB07259,P00558,0
DB04196,P00558,0
DB04382,P00558,0
DB02007,P06744,1
DB02076,P06744,1
DB02093,P06744,1
DB02548,P06744,1
DB03042,P06744,1
DB03581,P06744,1
DB03937,P06744,1
DB04493,P06744,1
DB09130,P06744,1
DB11638,P06744,1
DB08304,P06744,0
DB02613,P06744,0
DB06230,P06744,0
DB00519,P06744,0
DB07123,P06744,0
DB00674,P06744,0
DB07073,P06744,0
DB01180,P06744,0
DB08281,P06744,0
DB02301,P06744,0
DB08364,Q9KM65,1
DB08582,Q9KM65,0
DB12010,O15197,1
DB04381,O15197,0
DB00561,O14649,1
DB01159,O14649,1
DB07823,O14649,0
DB03754,O14649,0
DB00210,P10276,1
DB00459,P10276,1
DB00523,P10276,1
DB00755,P10276,1
DB00799,P10276,1
DB00926,P10276,1
DB00982,P10276,1
DB04942,P10276,1
DB12808,P10276,1
DB00275,P10276,0
DB07239,P10276,0
DB02470,P10276,0
DB01958,P10276,0
DB08363,P10276,0
DB01587,P10276,0
DB07560,P10276,0
DB08365,P10276,0
DB11915,P10276,0
DB03203,P15151,1
DB08231,P15151,1
DB05188,P15151,0
DB02484,P15151,0
DB03310,P0CG30,1
DB01936,P0CG30,0
DB02824,Q9X266,1
DB03576,Q9X266,1
DB04083,Q9X266,1
DB00503,Q9X266,0
DB03075,Q9X266,0
DB02961,Q9X266,0
DB00171,Q04771,1
DB08597,Q04771,1
DB12010,Q04771,1
DB08704,Q04771,0
DB15489,Q04771,0
DB07209,Q04771,0
DB02257,P13376,1
DB03042,P13376,1
DB08143,P13376,0
DB02599,P13376,0
DB03345,Q96GD3,1
DB02801,Q96GD3,0
DB08868,Q99500,1
DB01179,Q99500,0
DB06989,P23467,1
DB07068,P23467,1
DB07127,P23467,1
DB08678,P23467,1
DB02376,P23467,0
DB03232,P23467,0
DB04353,P23467,0
DB01612,P23467,0
DB03088,P01709,1
DB04557,P01709,0
DB09131,P04080,1
DB11799,P04080,0
DB02557,P23276,1
DB00549,P23276,0
DB01844,Q9UNI1,1
DB02114,Q9UNI1,1
DB02341,Q9UNI1,1
DB03202,Q9UNI1,1
DB03702,Q9UNI1,1
DB03757,Q9UNI1,1
DB03890,Q9UNI1,1
DB03925,Q9UNI1,1
DB06951,Q9UNI1,1
DB07433,Q9UNI1,1
DB07955,Q9UNI1,1
DB07956,Q9UNI1,1
DB07957,Q9UNI1,1
DB08007,Q9UNI1,1
DB08614,Q9UNI1,1
DB08640,Q9UNI1,1
DB08641,Q9UNI1,1
DB09225,Q9UNI1,0
DB00732,Q9UNI1,0
DB06749,Q9UNI1,0
DB07631,Q9UNI1,0
DB01709,Q9UNI1,0
DB06948,Q9UNI1,0
DB04066,Q9UNI1,0
DB01163,Q9UNI1,0
DB00135,Q9UNI1,0
DB08164,Q9UNI1,0
DB07860,Q9UNI1,0
DB00433,Q9UNI1,0
DB00787,Q9UNI1,0
DB04052,Q9UNI1,0
DB03260,Q9UNI1,0
DB07079,Q9UNI1,0
DB03296,Q9UNI1,0
DB00155,Q9ULW8,1
DB00230,Q9ULW8,0
DB03147,P38038,1
DB03461,P38038,1
DB08474,P38038,0
DB09119,P38038,0
DB00114,P00505,1
DB00128,P00505,1
DB00142,P00505,1
DB00151,P00505,1
DB02783,P00505,1
DB07858,P00505,0
DB08480,P00505,0
DB04967,P00505,0
DB07314,P00505,0
DB04139,P00505,0
DB00848,P48181,1
DB02566,P48181,0
DB00148,P17540,1
DB13191,P17540,1
DB08635,P17540,0
DB03555,P17540,0
DB03059,Q06319,1
DB03147,Q06319,1
DB00866,Q06319,0
DB00588,Q06319,0
DB00570,Q9UJT0,1
DB02724,Q9UJT0,0
DB01411,P12724,1
DB02098,P12724,1
DB04272,P12724,1
DB04803,P12724,0
DB09236,P12724,0
DB01168,P12724,0
DB00184,Q9UGM1,1
DB00237,Q9UGM1,1
DB00898,Q9UGM1,1
DB05137,Q9UGM1,1
DB08837,Q9UGM1,1
DB02236,Q9UGM1,0
DB02551,Q9UGM1,0
DB08068,Q9UGM1,0
DB07868,Q9UGM1,0
DB03544,Q9UGM1,0
DB00131,Q9Y478,1
DB00331,Q9Y478,1
DB00945,Q9Y478,1
DB12010,Q9Y478,1
DB02469,Q9Y478,0
DB04107,Q9Y478,0
DB00710,Q9Y478,0
DB07982,Q9Y478,0
DB00778,P0A7J6,1
DB01211,P0A7J6,1
DB01369,P0A7J6,1
DB01627,P0A7J6,1
DB08232,P0A7J6,0
DB03623,P0A7J6,0
DB02104,P0A7J6,0
DB02940,P0A7J6,0
DB03363,P04036,1
DB04267,P04036,1
DB07112,P04036,0
DB06016,P04036,0
DB01373,Q01082,1
DB03401,Q01082,1
DB07382,Q01082,0
DB07830,Q01082,0
DB09069,P09110,1
DB02811,P09110,0
DB02580,Q74EF5,1
DB07849,Q74EF5,0
DB12010,Q9H0K1,1
DB08702,Q9H0K1,0
DB00114,Q9NUV7,1
DB04707,Q9NUV7,0
DB01593,Q8N907,1
DB14487,Q8N907,1
DB05868,Q8N907,0
DB08701,Q8N907,0
DB01593,P01871,1
DB14487,P01871,1
DB04108,P01871,0
DB03798,P01871,0
DB01069,Q99677,1
DB08915,Q99677,0
DB08896,Q16832,1
DB12010,Q16832,1
DB00463,Q16832,0
DB04642,Q16832,0
DB01593,P00748,1
DB06689,P00748,1
DB12598,P00748,1
DB14487,P00748,1
DB00367,P00748,0
DB09224,P00748,0
DB02035,P00748,0
DB07526,P00748,0
DB00157,P49189,1
DB02986,P49189,0
DB00127,P41180,1
DB01012,P41180,1
DB05255,P41180,1
DB05695,P41180,1
DB11093,P41180,1
DB11348,P41180,1
DB12865,P41180,1
DB14481,P41180,1
DB04008,P41180,0
DB04416,P41180,0
DB07831,P41180,0
DB02873,P41180,0
DB00130,P41180,0
DB03730,P41180,0
DB03515,P41180,0
DB01959,P41180,0
DB07344,Q8IVS2,1
DB00200,Q8IVS2,0
DB02968,P18357,1
DB03530,P18357,1
DB01149,P18357,0
DB03104,P18357,0
DB11638,Q8IAW0,1
DB03037,Q8IAW0,0
DB08515,P25788,1
DB12695,P25788,1
DB01240,P25788,0
DB01763,P25788,0
DB05265,Q8NFA2,1
DB07541,Q8NFA2,0
DB00232,P22748,1
DB00273,P22748,1
DB00311,P22748,1
DB00436,P22748,1
DB00562,P22748,1
DB00606,P22748,1
DB00703,P22748,1
DB00774,P22748,1
DB00819,P22748,1
DB00869,P22748,1
DB00909,P22748,1
DB01021,P22748,1
DB01144,P22748,1
DB01194,P22748,1
DB08846,P22748,1
DB09460,P22748,1
DB04719,P22748,0
DB00636,P22748,0
DB06750,P22748,0
DB11973,P22748,0
DB08910,P22748,0
DB03283,P22748,0
DB07876,P22748,0
DB03233,P22748,0
DB07763,P22748,0
DB05461,P22748,0
DB04082,P22748,0
DB15250,P22748,0
DB02642,P22748,0
DB04083,P22748,0
DB01043,P22748,0
DB02588,P22748,0
DB00145,Q8WU03,1
DB08524,Q8WU03,0
DB02327,Q65CX5,1
DB02743,Q65CX5,1
DB04248,Q65CX5,1
DB00188,Q65CX5,0
DB03203,Q65CX5,0
DB05487,Q65CX5,0
DB01662,P17538,1
DB01704,P17538,1
DB01963,P17538,1
DB03976,P17538,1
DB07380,P17538,1
DB07383,P17538,1
DB07668,P17538,1
DB07749,P17538,1
DB07899,P17538,1
DB08119,P17538,1
DB08374,P17538,1
DB08565,P17538,1
DB08566,P17538,1
DB08692,P17538,1
DB08693,P17538,1
DB08379,P17538,0
DB02666,P17538,0
DB01069,P17538,0
DB03516,P17538,0
DB00451,P17538,0
DB05013,P17538,0
DB07569,P17538,0
DB08933,P17538,0
DB11638,P17538,0
DB00469,P17538,0
DB07685,P17538,0
DB00290,P17538,0
DB09204,P17538,0
DB07158,P17538,0
DB08564,P17538,0
DB00246,P28223,1
DB00247,P28223,1
DB00248,P28223,1
DB00315,P28223,1
DB00321,P28223,1
DB00334,P28223,1
DB00363,P28223,1
DB00370,P28223,1
DB00408,P28223,1
DB00409,P28223,1
DB00420,P28223,1
DB00434,P28223,1
DB00458,P28223,1
DB00477,P28223,1
DB00502,P28223,1
DB00540,P28223,1
DB00543,P28223,1
DB00555,P28223,1
DB00574,P28223,1
DB00589,P28223,1
DB00604,P28223,1
DB00623,P28223,1
DB00656,P28223,1
DB00679,P28223,1
DB00696,P28223,1
DB00714,P28223,1
DB00715,P28223,1
DB00726,P28223,1
DB00734,P28223,1
DB00751,P28223,1
DB00777,P28223,1
DB00805,P28223,1
DB00843,P28223,1
DB00875,P28223,1
DB00924,P28223,1
DB00933,P28223,1
DB00934,P28223,1
DB01079,P28223,1
DB01142,P28223,1
DB01149,P28223,1
DB01151,P28223,1
DB01175,P28223,1
DB01186,P28223,1
DB01200,P28223,1
DB01221,P28223,1
DB01224,P28223,1
DB01238,P28223,1
DB01239,P28223,1
DB01242,P28223,1
DB01267,P28223,1
DB01392,P28223,1
DB01403,P28223,1
DB01442,P28223,1
DB01454,P28223,1
DB01488,P28223,1
DB01537,P28223,1
DB01614,P28223,1
DB01618,P28223,1
DB01621,P28223,1
DB01622,P28223,1
DB01623,P28223,1
DB01624,P28223,1
DB04599,P28223,1
DB04842,P28223,1
DB04908,P28223,1
DB04946,P28223,1
DB05316,P28223,1
DB05492,P28223,1
DB06016,P28223,1
DB06077,P28223,1
DB06144,P28223,1
DB06148,P28223,1
DB06153,P28223,1
DB06216,P28223,1
DB06229,P28223,1
DB06288,P28223,1
DB06446,P28223,1
DB06512,P28223,1
DB06678,P28223,1
DB08810,P28223,1
DB08815,P28223,1
DB08839,P28223,1
DB08922,P28223,1
DB08927,P28223,1
DB09061,P28223,1
DB09128,P28223,1
DB09167,P28223,1
DB09194,P28223,1
DB09195,P28223,1
DB09223,P28223,1
DB09225,P28223,1
DB09286,P28223,1
DB09304,P28223,1
DB11273,P28223,1
DB12141,P28223,1
DB12163,P28223,1
DB12177,P28223,1
DB12465,P28223,1
DB12555,P28223,1
DB12693,P28223,1
DB13025,P28223,1
DB13345,P28223,1
DB13940,P28223,1
DB13948,P28223,1
DB14010,P28223,1
DB14011,P28223,1
DB14185,P28223,1
DB07157,P28223,0
DB02738,P28223,0
DB08458,P28223,0
DB09204,P28223,0
DB03133,P28223,0
DB03218,P28223,0
DB03512,P28223,0
DB01303,P28223,0
DB08910,P28223,0
DB08063,P28223,0
DB07010,P28223,0
DB01748,P28223,0
DB12379,P28223,0
DB02848,P28223,0
DB07718,P28223,0
DB04282,P28223,0
DB08751,P28223,0
DB12130,P28223,0
DB04734,P28223,0
DB01401,P28223,0
DB01985,P28223,0
DB03652,P28223,0
DB04762,P28223,0
DB07029,P28223,0
DB01732,P28223,0
DB04241,P28223,0
DB05239,P28223,0
DB07719,P28223,0
DB01102,P28223,0
DB07668,P28223,0
DB11613,P28223,0
DB00596,P28223,0
DB03037,P28223,0
DB02733,P28223,0
DB03031,P28223,0
DB00558,P28223,0
DB00798,P28223,0
DB06919,P28223,0
DB07927,P28223,0
DB07327,P28223,0
DB00902,P28223,0
DB07316,P28223,0
DB02643,P28223,0
DB12668,P28223,0
DB02373,P28223,0
DB08081,P28223,0
DB00419,P28223,0
DB03750,P28223,0
DB03127,P28223,0
DB00722,P28223,0
DB03827,P28223,0
DB03887,P28223,0
DB07008,P28223,0
DB03748,P28223,0
DB09080,P28223,0
DB00705,P28223,0
DB00663,P28223,0
DB00748,P28223,0
DB08156,P28223,0
DB02972,P28223,0
DB08547,P28223,0
DB02659,P28223,0
DB07043,P28223,0
DB01437,P28223,0
DB08432,P28223,0
DB07928,P28223,0
DB01108,P28223,0
DB08399,P28223,0
DB02851,P28223,0
DB01782,P28223,0
DB00593,P28223,0
DB03696,P28223,0
DB04776,P28223,0
DB00208,P28223,0
DB03876,P28223,0
DB03323,P28223,0
DB05034,P28223,0
DB03309,P28223,0
DB07216,P28223,0
DB00455,P28223,0
DB08388,P28223,0
DB07766,P28223,0
DB08760,P28223,0
DB03326,P28223,0
DB08208,P28223,0
DB08893,P28223,0
DB02571,P28223,0
DB05422,P28223,0
DB04863,P28223,0
DB02482,P28223,0
DB01878,P28223,0
DB08023,P28223,0
DB03023,P28223,0
DB00115,P28223,0
DB08564,P28223,0
DB07423,P28223,0
DB08638,P28223,0
DB08400,P28223,0
DB02497,P28223,0
DB01299,P28223,0
DB04483,P28223,0
DB08507,P28223,0
DB03958,P28223,0
DB15496,P28223,0
DB08234,P28223,0
DB00256,P28223,0
DB07160,P28223,0
DB12010,Q16512,1
DB00967,Q16512,0
DB07918,Q72EF3,1
DB07229,Q72EF3,0
DB04447,Q02192,1
DB00713,Q02192,0
DB03751,Q9ZGH3,1
DB07200,Q9ZGH3,0
DB06637,Q96RP8,1
DB13931,Q96RP8,0
DB11638,Q8IJN7,1
DB02721,Q8IJN7,0
DB03461,P55818,1
DB01564,P55818,0
DB00831,P26447,1
DB09130,P26447,1
DB08132,P26447,0
DB01586,P26447,0
DB00843,P01584,1
DB01017,P01584,1
DB05260,P01584,1
DB05412,P01584,1
DB05442,P01584,1
DB05470,P01584,1
DB05767,P01584,1
DB11967,P01584,1
DB12140,P01584,1
DB07027,P01584,0
DB08120,P01584,0
DB07588,P01584,0
DB01328,P01584,0
DB14631,P01584,0
DB00711,P01584,0
DB04687,P01584,0
DB07502,P01584,0
DB08143,P01584,0
DB02196,Q16222,1
DB03397,Q16222,1
DB08755,Q16222,0
DB02323,Q16222,0
DB00159,O14842,1
DB08172,O14842,0
DB11638,Q8IDI5,1
DB11582,Q8IDI5,0
DB01593,P22792,1
DB12271,P22792,1
DB14487,P22792,1
DB14533,P22792,1
DB02028,P22792,0
DB06909,P22792,0
DB13983,P22792,0
DB01146,P22792,0
DB04788,Q8RQE9,1
DB08226,Q8RQE9,1
DB08266,Q8RQE9,1
DB04538,Q8RQE9,0
DB00926,Q8RQE9,0
DB00409,Q8RQE9,0
DB00171,P49902,1
DB06408,P49902,1
DB03165,P49902,0
DB03628,P49902,0
DB01942,P0A6K3,1
DB02276,P0A6K3,1
DB04310,P0A6K3,1
DB04368,P0A6K3,1
DB08523,P0A6K3,1
DB02098,P0A6K3,0
DB01767,P0A6K3,0
DB04065,P0A6K3,0
DB02876,P0A6K3,0
DB08916,P0A6K3,0
DB02608,Q56148,1
DB02930,Q56148,1
DB04411,Q56148,1
DB02386,Q56148,0
DB01122,Q56148,0
DB08108,Q56148,0
DB02253,P74334,1
DB04233,P74334,1
DB05562,P74334,0
DB08046,P74334,0
DB02377,P30793,1
DB01466,P30793,0
DB03440,P14779,1
DB04257,P14779,1
DB08086,P14779,1
DB08091,P14779,0
DB02198,P14779,0
DB08120,P14779,0
DB01972,Q05599,1
DB04203,Q05599,0
DB00157,P00374,1
DB00205,P00374,1
DB00563,P00374,1
DB00642,P00374,1
DB00798,P00374,1
DB01131,P00374,1
DB01157,P00374,1
DB02104,P00374,1
DB02427,P00374,1
DB02559,P00374,1
DB02583,P00374,1
DB02919,P00374,1
DB03060,P00374,1
DB03125,P00374,1
DB03351,P00374,1
DB03461,P00374,1
DB03695,P00374,1
DB03886,P00374,1
DB03987,P00374,1
DB06358,P00374,1
DB06813,P00374,1
DB07140,P00374,1
DB07141,P00374,1
DB07142,P00374,1
DB07144,P00374,1
DB08234,P00374,1
DB08406,P00374,1
DB08448,P00374,1
DB08642,P00374,1
DB12483,P00374,0
DB04871,P00374,0
DB01120,P00374,0
DB09460,P00374,0
DB03227,P00374,0
DB02426,P00374,0
DB01175,P00374,0
DB00575,P00374,0
DB06892,P00374,0
DB12941,P00374,0
DB00846,P00374,0
DB08436,P00374,0
DB04040,P00374,0
DB00198,P00374,0
DB08771,P00374,0
DB04200,P00374,0
DB03739,P00374,0
DB02540,P00374,0
DB01196,P00374,0
DB14013,P00374,0
DB08573,P00374,0
DB11613,P00374,0
DB04298,P00374,0
DB01915,P00374,0
DB00268,P00374,0
DB01366,P00374,0
DB02762,P00374,0
DB03384,P00374,0
DB09085,P00374,0
DB01702,P06875,1
DB07331,P06875,1
DB08193,P06875,1
DB08327,P06875,1
DB08559,P06875,1
DB06901,P06875,0
DB01110,P06875,0
DB01296,P06875,0
DB07595,P06875,0
DB04933,P06875,0
DB12010,P29376,1
DB07187,P29376,0
DB01676,P71278,1
DB02060,P71278,1
DB02508,P71278,1
DB03247,P71278,1
DB03651,P71278,1
DB04528,P71278,1
DB07373,P71278,1
DB01774,P71278,0
DB12107,P71278,0
DB00671,P71278,0
DB07867,P71278,0
DB06367,P71278,0
DB07561,P71278,0
DB07101,P71278,0
DB00518,P68371,1
DB00643,P68371,1
DB01873,P68371,1
DB03010,P68371,1
DB04910,P68371,1
DB12695,P68371,1
DB01414,P68371,0
DB01819,P68371,0
DB08258,P68371,0
DB01048,P68371,0
DB03048,P68371,0
DB00359,P68371,0
DB01632,Q27796,1
DB01942,Q27796,1
DB04198,Q27796,1
DB04566,Q27796,1
DB08240,Q27796,0
DB04369,Q27796,0
DB01727,Q27796,0
DB00251,Q27796,0
DB12010,P07332,1
DB04397,P07332,0
DB01863,Q9H4M7,1
DB09555,Q9H4M7,0
DB02169,P36873,1
DB02860,P36873,1
DB04738,P36873,1
DB03717,P36873,0
DB03435,P36873,0
DB11275,P36873,0
DB00548,P00582,1
DB08432,P00582,1
DB00684,P00582,0
DB02923,P00582,0
DB00852,Q9Y2D1,1
DB00542,Q9Y2D1,0
DB00155,O95865,1
DB01628,O95865,0
DB00775,P08514,1
DB04863,P08514,1
DB06472,P08514,1
DB07244,P08514,0
DB07380,P08514,0
DB01692,P08514,0
DB11638,Q76NM6,1
DB05475,Q76NM6,0
DB00126,Q9GZT9,1
DB01592,Q9GZT9,1
DB04847,Q9GZT9,1
DB07112,Q9GZT9,1
DB08687,Q9GZT9,1
DB14488,Q9GZT9,1
DB14489,Q9GZT9,1
DB14490,Q9GZT9,1
DB14491,Q9GZT9,1
DB14501,Q9GZT9,1
DB02893,Q9GZT9,0
DB05398,Q9GZT9,0
DB02752,Q9GZT9,0
DB01090,Q9GZT9,0
DB02024,Q9GZT9,0
DB07181,Q9GZT9,0
DB04608,Q9GZT9,0
DB06689,Q9GZT9,0
DB04490,Q9GZT9,0
DB07553,Q9GZT9,0
DB08604,Q6GI75,1
DB11155,Q6GI75,1
DB14002,Q6GI75,0
DB08329,Q6GI75,0
DB02018,P20231,1
DB04654,P20231,1
DB04764,P20231,1
DB06962,P20231,1
DB08536,P20231,0
DB03462,P20231,0
DB07986,P20231,0
DB04185,P20231,0
DB04751,Q15418,1
DB12010,Q15418,1
DB07988,Q15418,0
DB03189,Q15418,0
DB02975,Q83JC4,1
DB04315,Q83JC4,1
DB07729,Q83JC4,0
DB01213,Q83JC4,0
DB09130,P22626,1
DB11638,P22626,1
DB08111,P22626,0
DB11431,P22626,0
DB00128,Q9UJS0,1
DB07256,Q9UJS0,0
DB01946,Q09013,1
DB01452,Q09013,0
DB09060,Q9EXV5,1
DB00610,Q9EXV5,0
DB11638,P06748,1
DB03889,P06748,0
DB02185,Q6UWM7,1
DB02379,Q6UWM7,1
DB02471,Q6UWM7,1
DB03430,Q6UWM7,1
DB08430,Q6UWM7,1
DB07039,Q6UWM7,0
DB03128,Q6UWM7,0
DB08656,Q6UWM7,0
DB02980,Q6UWM7,0
DB03323,Q6UWM7,0
DB08378,P12883,1
DB01647,P12883,0
DB11638,C0H571,1
DB08326,C0H571,0
DB02010,P49137,1
DB07234,P49137,1
DB07406,P49137,1
DB07430,P49137,1
DB07431,P49137,1
DB07728,P49137,1
DB08358,P49137,1
DB08210,P49137,0
DB08724,P49137,0
DB08090,P49137,0
DB07100,P49137,0
DB03109,P49137,0
DB00319,P49137,0
DB08498,P49137,0
DB00228,Q9UJ96,1
DB01069,Q9UJ96,1
DB01110,Q9UJ96,1
DB06896,Q9UJ96,0
DB06866,Q9UJ96,0
DB08868,Q9UJ96,0
DB00174,Q969I6,1
DB06061,Q969I6,0
DB03247,Q60049,1
DB08011,Q60049,0
DB02255,P16112,1
DB08513,P16112,0
DB02580,A3FMN7,1
DB05395,A3FMN7,0
DB00812,Q16647,1
DB01240,Q16647,1
DB08675,Q16647,1
DB08180,Q16647,0
DB03300,Q16647,0
DB04767,Q16647,0
DB00182,P18089,1
DB00193,P18089,1
DB00217,P18089,1
DB00246,P18089,1
DB00248,P18089,1
DB00268,P18089,1
DB00292,P18089,1
DB00363,P18089,1
DB00368,P18089,1
DB00397,P18089,1
DB00408,P18089,1
DB00433,P18089,1
DB00457,P18089,1
DB00477,P18089,1
DB00484,P18089,1
DB00502,P18089,1
DB00540,P18089,1
DB00543,P18089,1
DB00575,P18089,1
DB00589,P18089,1
DB00629,P18089,1
DB00668,P18089,1
DB00697,P18089,1
DB00714,P18089,1
DB00715,P18089,1
DB00726,P18089,1
DB00734,P18089,1
DB00797,P18089,1
DB00800,P18089,1
DB00925,P18089,1
DB00934,P18089,1
DB00935,P18089,1
DB00964,P18089,1
DB01018,P18089,1
DB01069,P18089,1
DB01136,P18089,1
DB01151,P18089,1
DB01175,P18089,1
DB01186,P18089,1
DB01200,P18089,1
DB01224,P18089,1
DB01238,P18089,1
DB01267,P18089,1
DB01365,P18089,1
DB01392,P18089,1
DB01403,P18089,1
DB01576,P18089,1
DB01577,P18089,1
DB04846,P18089,1
DB04855,P18089,1
DB05271,P18089,1
DB05461,P18089,1
DB05492,P18089,1
DB06148,P18089,1
DB06153,P18089,1
DB06216,P18089,1
DB06229,P18089,1
DB06262,P18089,1
DB06678,P18089,1
DB06694,P18089,1
DB06707,P18089,1
DB09167,P18089,1
DB09194,P18089,1
DB09195,P18089,1
DB09202,P18089,1
DB09205,P18089,1
DB09229,P18089,1
DB09304,P18089,1
DB11273,P18089,1
DB11278,P18089,1
DB11477,P18089,1
DB11577,P18089,1
DB13025,P18089,1
DB13345,P18089,1
DB14185,P18089,1
DB05938,P18089,0
DB00568,P18089,0
DB01248,P18089,0
DB00179,P18089,0
DB07552,P18089,0
DB03647,P18089,0
DB00757,P18089,0
DB00881,P18089,0
DB00907,P18089,0
DB02143,P18089,0
DB07718,P18089,0
DB04179,P18089,0
DB00972,P18089,0
DB01489,P18089,0
DB04106,P18089,0
DB05713,P18089,0
DB13257,P18089,0
DB08323,P18089,0
DB01908,P18089,0
DB07270,P18089,0
DB04271,P18089,0
DB01117,P18089,0
DB01147,P18089,0
DB05327,P18089,0
DB00281,P18089,0
DB04267,P18089,0
DB08507,P18089,0
DB02537,P18089,0
DB02879,P18089,0
DB11641,P18089,0
DB02510,P18089,0
DB04845,P18089,0
DB02197,P18089,0
DB08457,P18089,0
DB04724,P18089,0
DB07923,P18089,0
DB04471,P18089,0
DB08180,P18089,0
DB14783,P18089,0
DB02396,P18089,0
DB02630,P18089,0
DB07629,P18089,0
DB07519,P18089,0
DB06663,P18089,0
DB02749,P18089,0
DB04426,P18089,0
DB02870,P18089,0
DB02961,P18089,0
DB01130,P18089,0
DB09225,P18089,0
DB00710,P18089,0
DB04233,P18089,0
DB07868,P18089,0
DB01078,P18089,0
DB00849,P18089,0
DB00367,P18089,0
DB01138,P18089,0
DB02871,P18089,0
DB04250,P18089,0
DB00738,P18089,0
DB03172,P18089,0
DB03321,P18089,0
DB07869,P18089,0
DB07787,P18089,0
DB08504,P18089,0
DB08348,P18089,0
DB00172,P18089,0
DB08603,P18089,0
DB07658,P18089,0
DB03138,P18089,0
DB06955,P18089,0
DB14568,P18089,0
DB07722,P18089,0
DB07403,P18089,0
DB07150,P18089,0
DB01069,P43657,1
DB00705,P43657,0
DB06886,P00781,1
DB08665,P00781,0
DB00493,B2ZTR6,1
DB02485,B2ZTR6,0
DB00171,Q07912,1
DB04367,Q07912,1
DB11986,Q07912,1
DB12010,Q07912,1
DB04473,Q07912,0
DB01197,Q07912,0
DB08066,Q07912,0
DB02689,Q07912,0
DB12532,P01350,1
DB07808,P01350,0
DB11093,P80303,1
DB11348,P80303,1
DB14481,P80303,1
DB07635,P80303,0
DB02964,P80303,0
DB08754,P80303,0
DB03026,P0AB74,1
DB04574,P0AB74,0
DB01873,Q13509,1
DB03010,Q13509,1
DB04845,Q13509,1
DB12695,Q13509,1
DB00253,Q13509,0
DB02850,Q13509,0
DB03343,Q13509,0
DB02161,Q13509,0
DB01992,P23181,1
DB03566,P23181,1
DB03971,P23181,0
DB02530,P23181,0
DB00114,Q53ET4,1
DB00116,Q53ET4,1
DB00145,Q53ET4,1
DB01771,Q53ET4,0
DB01199,Q53ET4,0
DB04594,Q53ET4,0
DB00201,O76083,1
DB03597,O76083,1
DB07954,O76083,1
DB09283,O76083,1
DB08464,O76083,0
DB00654,O76083,0
DB07085,O76083,0
DB06677,O76083,0
DB00403,P32238,1
DB04856,P32238,1
DB04867,P32238,1
DB01830,P32238,0
DB00489,P32238,0
DB07975,P32238,0
DB01942,P30749,1
DB01733,P30749,0
DB03813,P0A6Q3,1
DB03260,P0A6Q3,0
DB02088,P0AE18,1
DB02151,P0AE18,1
DB02909,P0AE18,1
DB03799,P0AE18,1
DB04015,P0AE18,1
DB07304,P0AE18,1
DB07305,P0AE18,1
DB07308,P0AE18,1
DB07407,P0AE18,1
DB07408,P0AE18,1
DB07591,P0AE18,1
DB07758,P0AE18,1
DB07759,P0AE18,1
DB08451,P0AE18,1
DB08666,P0AE18,1
DB08667,P0AE18,1
DB08668,P0AE18,1
DB08669,P0AE18,1
DB08670,P0AE18,1
DB08671,P0AE18,1
DB08718,P0AE18,1
DB08757,P0AE18,1
DB08758,P0AE18,1
DB03227,P0AE18,0
DB04496,P0AE18,0
DB01173,P0AE18,0
DB11760,P0AE18,0
DB01709,P0AE18,0
DB03336,P0AE18,0
DB04654,P0AE18,0
DB08087,P0AE18,0
DB07515,P0AE18,0
DB06151,P0AE18,0
DB01731,P0AE18,0
DB00889,P0AE18,0
DB00593,P0AE18,0
DB03066,P0AE18,0
DB13914,P0AE18,0
DB02261,P0AE18,0
DB03836,P0AE18,0
DB08046,P0AE18,0
DB01036,P0AE18,0
DB02759,P0AE18,0
DB02034,P0AE18,0
DB08776,P0AE18,0
DB05714,P0AE18,0
DB03247,O00141,1
DB07837,O00141,1
DB08191,O00141,1
DB03190,O00141,0
DB04371,O00141,0
DB01158,O00141,0
DB02587,Q08462,1
DB06843,Q08462,1
DB09121,Q08462,1
DB06696,Q08462,0
DB01923,Q08462,0
DB07882,Q08462,0
DB04566,P0C0H6,1
DB04862,P0C0H6,1
DB09093,P0C0H6,0
DB05737,P0C0H6,0
DB00126,Q9NXG6,1
DB04633,Q9NXG6,0
DB00151,P49589,1
DB08719,P49589,0
DB00594,Q16515,1
DB07657,Q16515,0
DB02467,P20339,1
DB04137,P20339,1
DB04315,P20339,1
DB12466,P20339,0
DB02704,P20339,0
DB04044,P20339,0
DB11638,Q8ID50,1
DB00379,Q8ID50,0
DB00172,P23284,1
DB04447,P23284,1
DB02816,P23284,0
DB05521,P23284,0
DB02023,P08337,1
DB02466,P08337,0
DB02379,P0AEE5,1
DB00699,P0AEE5,0
DB00129,P00480,1
DB00155,P00480,1
DB02011,P00480,1
DB04185,P00480,1
DB02341,P00480,0
DB07743,P00480,0
DB01401,P00480,0
DB03679,P00480,0
DB01069,P47900,1
DB08748,P47900,0
DB02451,Q146M9,1
DB14146,Q146M9,0
DB12825,P61182,1
DB01280,P61182,0
DB11638,Q7KQM4,1
DB09201,Q7KQM4,0
DB02494,P15085,1
DB02652,P15085,1
DB03012,P15085,1
DB03201,P15085,1
DB03441,P15085,1
DB04058,P15085,1
DB04316,P15085,1
DB06924,P15085,1
DB07351,P15085,1
DB07484,P15085,1
DB07506,P15085,1
DB08368,P15085,1
DB08762,P15085,1
DB04454,P15085,0
DB05045,P15085,0
DB06494,P15085,0
DB00276,P15085,0
DB03440,P15085,0
DB00169,P15085,0
DB02153,P15085,0
DB03669,P15085,0
DB01489,P15085,0
DB06903,P15085,0
DB03940,P15085,0
DB08411,P15085,0
DB07354,P15085,0
DB08903,P9WPS1,1
DB01843,P9WPS1,0
DB07896,O52791,1
DB00700,O52791,0
DB07664,Q16566,1
DB07676,Q16566,1
DB06209,Q16566,0
DB04661,Q16566,0
DB04147,A0A0H2WWQ9,1
DB01821,A0A0H2WWQ9,0
DB00338,P35869,1
DB00379,P35869,1
DB00393,P35869,1
DB00499,P35869,1
DB01076,P35869,1
DB01097,P35869,1
DB02052,P35869,1
DB02709,P35869,1
DB04216,P35869,1
DB06732,P35869,1
DB07715,P35869,1
DB08624,P35869,1
DB08995,P35869,1
DB11577,P35869,1
DB11937,P35869,1
DB12116,P35869,1
DB12328,P35869,1
DB12379,P35869,1
DB01783,P35869,0
DB02772,P35869,0
DB01048,P35869,0
DB03134,P35869,0
DB07248,P35869,0
DB00525,P35869,0
DB07662,P35869,0
DB03063,P35869,0
DB00469,P35869,0
DB06771,P35869,0
DB11328,P35869,0
DB07929,P35869,0
DB02082,P35869,0
DB07581,P35869,0
DB08701,P35869,0
DB01412,P35869,0
DB07257,P35869,0
DB02921,P35869,0
DB00157,Q86Y39,1
DB08806,Q86Y39,0
DB01717,P00568,1
DB08171,P00568,0
DB08234,Q81R22,1
DB03065,Q81R22,0
DB04147,P23528,1
DB09130,P23528,1
DB11638,P23528,1
DB01664,P23528,0
DB00846,P23528,0
DB01535,P23528,0
DB00132,O95864,1
DB07059,O95864,0
DB09130,P05543,1
DB01426,P05543,0
DB01861,P46976,1
DB03435,P46976,1
DB00683,P46976,0
DB01356,P46976,0
DB00561,Q9NPC2,1
DB01159,Q9NPC2,1
DB06847,Q9NPC2,0
DB01544,Q9NPC2,0
DB00170,P02818,1
DB01022,P02818,1
DB03847,P02818,1
DB05260,P02818,1
DB02196,P02818,0
DB02457,P02818,0
DB13720,P02818,0
DB04418,P02818,0
DB00116,O95954,1
DB00142,O95954,1
DB03256,O95954,1
DB02799,O95954,0
DB09295,O95954,0
DB07067,O95954,0
DB01972,P41007,1
DB03315,P41007,1
DB03685,P41007,1
DB08063,P41007,0
DB01157,P41007,0
DB08003,P41007,0
DB02884,P08048,1
DB08087,P08048,0
DB01593,P35527,1
DB09130,P35527,1
DB14487,P35527,1
DB14533,P35527,1
DB08475,P35527,0
DB02906,P35527,0
DB02386,P35527,0
DB07287,P35527,0
DB00834,P07288,1
DB04839,P07288,1
DB07012,P07288,0
DB06444,P07288,0
DB01862,P03023,1
DB08297,P03023,1
DB00603,P03023,0
DB09279,P03023,0
DB00155,P29475,1
DB00843,P29475,1
DB01221,P29475,1
DB01821,P29475,1
DB01942,P29475,1
DB01997,P29475,1
DB02027,P29475,1
DB02044,P29475,1
DB02077,P29475,1
DB02143,P29475,1
DB02644,P29475,1
DB02727,P29475,1
DB02991,P29475,1
DB03144,P29475,1
DB03147,P29475,1
DB03247,P29475,1
DB03449,P29475,1
DB03461,P29475,1
DB03707,P29475,1
DB03710,P29475,1
DB03892,P29475,1
DB04223,P29475,1
DB08018,P29475,1
DB08019,P29475,1
DB09241,P29475,1
DB02690,P29475,0
DB03193,P29475,0
DB07874,P29475,0
DB02079,P29475,0
DB08321,P29475,0
DB06757,P29475,0
DB07439,P29475,0
DB12831,P29475,0
DB03341,P29475,0
DB04643,P29475,0
DB05518,P29475,0
DB07564,P29475,0
DB08600,P29475,0
DB02516,P29475,0
DB07988,P29475,0
DB07325,P29475,0
DB08031,P29475,0
DB04371,P29475,0
DB04693,P29475,0
DB08626,P29475,0
DB00847,P29475,0
DB00525,P29475,0
DB02647,P29475,0
DB12153,P29475,0
DB04144,P29475,0
DB03309,P72181,1
DB03317,P72181,1
DB03469,P72181,1
DB04722,P72181,0
DB04244,P72181,0
DB08531,P72181,0
DB01956,P54965,1
DB02659,P54965,1
DB03619,P54965,1
DB13837,P54965,0
DB00695,P54965,0
DB00641,P54965,0
DB12010,Q13873,1
DB04371,Q13873,0
DB00491,Q14697,1
DB07875,Q14697,0
DB12010,P19525,1
DB00585,P19525,0
DB02225,P09598,1
DB03827,P09598,1
DB02849,P09598,0
DB07653,P09598,0
DB00852,O95644,1
DB00706,O95644,0
DB02379,P38940,1
DB00327,P38940,0
DB00131,P49773,1
DB01972,P49773,1
DB02162,P49773,1
DB02183,P49773,1
DB03349,P49773,1
DB00014,P49773,0
DB06964,P49773,0
DB05298,P49773,0
DB00493,P49773,0
DB07522,P49773,0
DB02470,Q9HVZ0,1
DB08637,Q9HVZ0,0
DB01915,P07097,1
DB01992,P07097,1
DB02039,P07097,1
DB02160,P07097,1
DB03045,P07097,1
DB03059,P07097,1
DB08328,P07097,1
DB08408,P07097,1
DB06635,P07097,0
DB00713,P07097,0
DB07048,P07097,0
DB02596,P07097,0
DB03017,P07097,0
DB04361,P07097,0
DB02129,P07097,0
DB07044,P07097,0
DB02430,P36673,1
DB03719,P36673,0
DB11638,Q8IKF0,1
DB04585,Q8IKF0,0
DB02343,P83788,1
DB00970,P83788,0
DB00142,Q13255,1
DB04256,Q13255,1
DB00987,Q13255,0
DB04843,Q13255,0
DB08185,P62663,1
DB02915,P62663,0
DB00141,Q9UJ70,1
DB13729,Q9UJ70,0
DB01373,P00450,1
DB01592,P00450,1
DB01593,P00450,1
DB12965,P00450,1
DB14487,P00450,1
DB14488,P00450,1
DB14489,P00450,1
DB14490,P00450,1
DB14491,P00450,1
DB14501,P00450,1
DB14533,P00450,1
DB13934,P00450,0
DB08087,P00450,0
DB03298,P00450,0
DB04410,P00450,0
DB01139,P00450,0
DB01147,P00450,0
DB01393,P00450,0
DB02191,P00450,0
DB01863,P00450,0
DB07717,P00450,0
DB04974,P00450,0
DB03661,Q9X0G9,1
DB07129,Q9X0G9,0
DB00995,P30044,1
DB03608,P30044,1
DB06726,P30044,0
DB08806,P30044,0
DB11638,P62753,1
DB11614,P62753,0
DB00250,P0C0X1,1
DB08082,P0C0X1,0
DB00171,Q16671,1
DB03708,Q16671,0
DB02379,O60264,1
DB02670,O60264,1
DB03410,O60264,0
DB03267,O60264,0
DB04395,P51570,1
DB02633,P51570,0
DB07649,P0AF14,1
DB07488,P0AF14,0
DB07340,Q9NQS7,1
DB02851,Q9NQS7,0
DB01633,O85465,1
DB01642,O85465,1
DB02017,O85465,1
DB02061,O85465,1
DB02379,O85465,1
DB03584,O85465,1
DB03862,O85465,1
DB04086,O85465,1
DB04545,O85465,1
DB03290,O85465,0
DB01422,O85465,0
DB08692,O85465,0
DB06928,O85465,0
DB02095,O85465,0
DB02300,O85465,0
DB04562,O85465,0
DB04109,O85465,0
DB06781,O85465,0
DB00157,P15428,1
DB07646,P15428,0
DB00453,P0A7X3,1
DB00560,P0A7X3,1
DB00595,P0A7X3,1
DB01017,P0A7X3,1
DB01301,P0A7X3,1
DB08653,P0A7X3,0
DB07054,P0A7X3,0
DB07681,P0A7X3,0
DB06421,P0A7X3,0
DB01412,P0A7X3,0
DB03909,Q8ZKR2,1
DB04568,Q8ZKR2,1
DB06016,Q8ZKR2,0
DB02636,Q8ZKR2,0
DB02717,Q59325,1
DB01630,Q59325,0
DB12010,Q8TD19,1
DB08114,Q8TD19,0
DB00114,O94903,1
DB00172,O94903,1
DB00250,O94903,0
DB02644,O94903,0
DB11093,Q96L12,1
DB11348,Q96L12,1
DB14481,Q96L12,1
DB01741,Q96L12,0
DB00191,Q96L12,0
DB14491,Q96L12,0
DB01731,P42768,1
DB02606,P42768,0
DB00819,P29972,1
DB02451,P29972,1
DB09338,P29972,1
DB01001,P29972,0
DB07817,P29972,0
DB04764,P29972,0
DB02053,Q84CU3,1
DB02059,Q84CU3,1
DB02611,Q84CU3,0
DB01676,Q84CU3,0
DB06757,Q15750,1
DB07722,Q15750,0
DB00157,P50213,1
DB06757,P50213,1
DB09092,P50213,1
DB09130,P50213,1
DB02838,P50213,0
DB04221,P50213,0
DB00117,P50213,0
DB02144,P50213,0
DB01254,P54760,1
DB07249,P54760,1
DB07250,P54760,1
DB07251,P54760,1
DB07252,P54760,1
DB07253,P54760,1
DB07254,P54760,1
DB07255,P54760,1
DB07256,P54760,1
DB11973,P54760,1
DB12010,P54760,1
DB01567,P54760,0
DB08822,P54760,0
DB00666,P54760,0
DB03936,P54760,0
DB12271,P54760,0
DB02690,P54760,0
DB04866,P54760,0
DB04894,P54760,0
DB00327,P54760,0
DB05479,P54760,0
DB09526,P54760,0
DB01241,O94956,1
DB05521,O94956,1
DB13931,O94956,0
DB01703,O94956,0
DB09061,P24462,1
DB11994,P24462,1
DB14011,P24462,1
DB08768,P24462,0
DB08287,P24462,0
DB02424,P24462,0
DB02059,Q9NTG7,1
DB01968,Q9NTG7,0
DB01327,P76577,1
DB09050,P76577,1
DB04209,P76577,0
DB00624,P76577,0
DB02355,O32393,1
DB02596,O32393,1
DB07706,O32393,1
DB06230,O32393,0
DB02168,O32393,0
DB03565,O32393,0
DB04141,P07919,1
DB04799,P07919,1
DB07401,P07919,1
DB07763,P07919,1
DB07778,P07919,1
DB08330,P07919,1
DB08453,P07919,1
DB08690,P07919,1
DB00710,P07919,0
DB00157,P07919,0
DB03323,P07919,0
DB01511,P07919,0
DB03423,P07919,0
DB04762,P07919,0
DB03540,P07919,0
DB00524,P07919,0
DB12010,Q9Y2K2,1
DB08182,Q9Y2K2,0
DB03796,Q9X1H9,1
DB01583,Q9X1H9,0
DB00491,Q8TET4,1
DB08645,Q8TET4,0
DB09130,P02656,1
DB05399,P02656,0
DB11653,P41968,1
DB07352,P41968,0
DB08264,P0A112,1
DB07174,P0A112,0
DB04147,P0C0Y8,1
DB08215,P0C0Y8,1
DB08690,P0C0Y8,1
DB00825,P0C0Y8,0
DB09147,P0C0Y8,0
DB00307,P0C0Y8,0
DB00153,Q08289,1
DB00228,Q08289,1
DB00243,Q08289,1
DB00252,Q08289,1
DB00270,Q08289,1
DB00273,Q08289,1
DB00393,Q08289,1
DB00401,Q08289,1
DB00421,Q08289,1
DB00622,Q08289,1
DB00653,Q08289,1
DB00825,Q08289,1
DB01023,Q08289,1
DB01054,Q08289,1
DB01110,Q08289,1
DB01115,Q08289,1
DB01118,Q08289,1
DB01388,Q08289,1
DB04855,Q08289,1
DB06712,Q08289,1
DB09089,Q08289,1
DB09231,Q08289,1
DB09232,Q08289,1
DB09236,Q08289,1
DB09238,Q08289,1
DB11148,Q08289,1
DB08356,Q08289,0
DB08121,Q08289,0
DB08786,Q08289,0
DB07238,Q08289,0
DB07031,Q08289,0
DB03583,Q08289,0
DB03041,Q08289,0
DB15688,Q08289,0
DB02984,Q08289,0
DB01631,Q08289,0
DB00690,Q08289,0
DB07394,Q08289,0
DB01444,Q08289,0
DB00342,Q08289,0
DB07309,Q08289,0
DB06831,Q08289,0
DB15690,Q08289,0
DB01708,Q08289,0
DB01209,Q08289,0
DB08686,Q08289,0
DB02276,Q08289,0
DB03133,Q08289,0
DB00266,Q08289,0
DB01624,Q08289,0
DB08644,Q08289,0
DB01428,Q08289,0
DB01254,P42685,1
DB08896,P42685,1
DB12010,P42685,1
DB15035,P42685,1
DB04279,P42685,0
DB04380,P42685,0
DB04233,P42685,0
DB04751,P42685,0
DB01643,P00469,1
DB02301,P00469,1
DB03541,P00469,1
DB03685,P00469,1
DB03761,P00469,1
DB03798,P00469,1
DB03800,P00469,1
DB06860,P00469,1
DB07507,P00469,1
DB07511,P00469,1
DB08204,P00469,1
DB08627,P00469,0
DB05482,P00469,0
DB04720,P00469,0
DB07593,P00469,0
DB03677,P00469,0
DB07738,P00469,0
DB07227,P00469,0
DB02790,P00469,0
DB07040,P00469,0
DB07177,P00469,0
DB00863,P00469,0
DB11638,Q8II73,1
DB04436,Q8II73,0
DB09130,P62807,1
DB06472,P62807,0
DB01973,P0A115,1
DB02153,P0A115,1
DB03572,P0A115,0
DB07111,P0A115,0
DB00783,Q99527,1
DB01645,Q99527,1
DB05939,Q99527,1
DB13952,Q99527,1
DB13953,Q99527,1
DB13954,Q99527,1
DB13955,Q99527,1
DB13956,Q99527,1
DB04835,Q99527,0
DB08815,Q99527,0
DB01605,Q99527,0
DB00871,Q99527,0
DB12141,Q99527,0
DB07416,Q99527,0
DB08305,Q99527,0
DB07490,Q99527,0
DB02292,P08842,1
DB02735,P08842,1
DB14071,P08842,0
DB00546,P08842,0
DB01159,P23634,1
DB01189,P23634,1
DB05562,P23634,0
DB08130,P23634,0
DB01819,Q57265,1
DB02787,Q57265,1
DB03499,Q57265,1
DB14581,Q57265,0
DB07964,Q57265,0
DB02336,Q57265,0
DB00157,P00326,1
DB01213,P00326,1
DB01711,P00326,1
DB02131,P00326,1
DB02249,P00326,1
DB02659,P00326,1
DB02721,P00326,1
DB02757,P00326,1
DB02822,P00326,1
DB02871,P00326,1
DB03020,P00326,1
DB03061,P00326,1
DB03226,P00326,1
DB03559,P00326,1
DB04071,P00326,1
DB04113,P00326,1
DB04312,P00326,1
DB04448,P00326,1
DB06153,P00326,0
DB07373,P00326,0
DB11660,P00326,0
DB00146,P00326,0
DB00802,P00326,0
DB02492,P00326,0
DB02887,P00326,0
DB03423,P00326,0
DB07126,P00326,0
DB08165,P00326,0
DB01604,P00326,0
DB04716,P00326,0
DB07384,P00326,0
DB02615,P00326,0
DB13940,P00326,0
DB00303,P00326,0
DB11641,P00326,0
DB04144,P00326,0
DB00581,P06864,1
DB03115,P06864,0
DB04324,P53582,1
DB07901,P53582,1
DB07902,P53582,1
DB07903,P53582,1
DB03733,P53582,0
DB08598,P53582,0
DB08527,P53582,0
DB00401,P53582,0
DB02854,P9WGT1,1
DB07608,P9WGT1,0
DB01254,P11142,1
DB07045,P11142,1
DB09130,P11142,1
DB11638,P11142,1
DB03848,P11142,0
DB08459,P11142,0
DB07483,P11142,0
DB02593,P11142,0
DB07908,P07737,1
DB11638,P07737,1
DB06420,P07737,0
DB08304,P07737,0
DB02451,P04118,1
DB04233,P04118,1
DB08222,P04118,1
DB07122,P04118,0
DB08161,P04118,0
DB07605,P04118,0
DB02451,P60063,1
DB03739,P60063,0
DB02546,O15379,1
DB05015,O15379,1
DB05223,O15379,1
DB06603,O15379,1
DB11830,O15379,1
DB02676,O15379,0
DB04538,O15379,0
DB08693,O15379,0
DB00842,O15379,0
DB08685,O15379,0
DB12695,P06753,1
DB04794,P06753,0
DB07817,Q4L5E3,1
DB08550,Q4L5E3,0
DB12010,O95747,1
DB03555,O95747,0
DB00980,P48039,1
DB01065,P48039,1
DB02709,P48039,1
DB06594,P48039,1
DB09071,P48039,1
DB07779,P48039,0
DB00674,P48039,0
DB09131,P48039,0
DB08141,P48039,0
DB04545,P48039,0
DB05015,Q9UQL6,1
DB06603,Q9UQL6,1
DB08709,Q9UQL6,0
DB08214,Q9UQL6,0
DB04137,P61587,1
DB04083,P61587,0
DB01841,P00691,1
DB02120,P00691,1
DB02379,P00691,1
DB01260,P00691,0
DB03033,P00691,0
DB06201,P00691,0
DB01727,P77541,1
DB08351,P77541,0
DB00182,P23975,1
DB00191,P23975,1
DB00193,P23975,1
DB00226,P23975,1
DB00234,P23975,1
DB00245,P23975,1
DB00285,P23975,1
DB00289,P23975,1
DB00321,P23975,1
DB00344,P23975,1
DB00408,P23975,1
DB00422,P23975,1
DB00454,P23975,1
DB00458,P23975,1
DB00476,P23975,1
DB00514,P23975,1
DB00540,P23975,1
DB00543,P23975,1
DB00579,P23975,1
DB00715,P23975,1
DB00726,P23975,1
DB00830,P23975,1
DB00852,P23975,1
DB00907,P23975,1
DB00924,P23975,1
DB00934,P23975,1
DB00937,P23975,1
DB00988,P23975,1
DB01104,P23975,1
DB01105,P23975,1
DB01114,P23975,1
DB01142,P23975,1
DB01149,P23975,1
DB01151,P23975,1
DB01156,P23975,1
DB01170,P23975,1
DB01173,P23975,1
DB01175,P23975,1
DB01221,P23975,1
DB01242,P23975,1
DB01364,P23975,1
DB01442,P23975,1
DB01454,P23975,1
DB01576,P23975,1
DB01577,P23975,1
DB01579,P23975,1
DB04821,P23975,1
DB04836,P23975,1
DB04840,P23975,1
DB04889,P23975,1
DB04896,P23975,1
DB05642,P23975,1
DB05964,P23975,1
DB06148,P23975,1
DB06156,P23975,1
DB06204,P23975,1
DB06333,P23975,1
DB06700,P23975,1
DB06701,P23975,1
DB08918,P23975,1
DB09068,P23975,1
DB09167,P23975,1
DB09185,P23975,1
DB09225,P23975,1
DB12305,P23975,1
DB13931,P23975,1
DB14754,P23975,1
DB13988,P23975,0
DB01632,P23975,0
DB01218,P23975,0
DB06981,P23975,0
DB04702,P23975,0
DB08525,P23975,0
DB06421,P23975,0
DB08377,P23975,0
DB02768,P23975,0
DB05421,P23975,0
DB03882,P23975,0
DB03286,P23975,0
DB01178,P23975,0
DB01885,P23975,0
DB04176,P23975,0
DB07434,P23975,0
DB04866,P23975,0
DB14481,P23975,0
DB00196,P23975,0
DB02851,P23975,0
DB00847,P23975,0
DB01131,P23975,0
DB01991,P23975,0
DB08042,P23975,0
DB02883,P23975,0
DB01100,P23975,0
DB03241,P23975,0
DB06367,P23975,0
DB04498,P23975,0
DB00115,P23975,0
DB01778,P23975,0
DB06856,P23975,0
DB03886,P23975,0
DB02556,P23975,0
DB00347,P23975,0
DB07782,P23975,0
DB11915,P23975,0
DB11582,P23975,0
DB07984,P23975,0
DB07528,P23975,0
DB07934,P23975,0
DB07116,P23975,0
DB02818,P23975,0
DB04392,P23975,0
DB03083,P23975,0
DB11653,P23975,0
DB04494,P23975,0
DB04622,P23975,0
DB00656,P23975,0
DB01135,P23975,0
DB07105,P23975,0
DB08396,P23975,0
DB03709,P23975,0
DB03843,P23975,0
DB00479,P23975,0
DB08555,P23975,0
DB02347,P23975,0
DB00443,P23975,0
DB02230,P23975,0
DB02429,P23975,0
DB02579,P23975,0
DB02603,P23975,0
DB00585,P23975,0
DB06311,P23975,0
DB06931,P23975,0
DB08164,P23975,0
DB01876,P23975,0
DB02845,P22266,1
DB02657,P22266,0
DB01065,P27797,1
DB09130,P27797,1
DB11093,P27797,1
DB11348,P27797,1
DB14481,P27797,1
DB03234,P27797,0
DB06751,P27797,0
DB00239,P27797,0
DB09324,P27797,0
DB00836,P27797,0
DB12010,Q9Y463,1
DB07907,Q9Y463,0
DB04646,P83797,1
DB08453,P83797,1
DB03719,P83797,0
DB08855,P83797,0
DB00173,P17802,1
DB02379,P17802,1
DB03366,P17802,1
DB09462,P17802,1
DB00708,P17802,0
DB00351,P17802,0
DB02911,P17802,0
DB08398,P17802,0
DB12010,Q13188,1
DB02087,Q13188,0
DB02319,Q46856,1
DB07687,Q46856,0
DB01727,Q99798,1
DB03964,Q99798,1
DB04072,Q99798,1
DB04351,Q99798,1
DB04562,Q99798,1
DB01625,Q99798,0
DB02810,Q99798,0
DB00186,Q99798,0
DB03501,Q99798,0
DB02934,Q99798,0
DB00515,P01023,1
DB00626,P01023,1
DB01593,P01023,1
DB12965,P01023,1
DB14487,P01023,1
DB14533,P01023,1
DB02670,P01023,0
DB02395,P01023,0
DB08063,P01023,0
DB02158,P01023,0
DB00833,P01023,0
DB03844,P01023,0
DB14017,O75533,1
DB02614,O75533,0
DB12095,Q8IWU9,1
DB03321,Q8IWU9,0
DB01034,P0A953,1
DB03017,P0A953,1
DB03600,P0A953,1
DB04302,P0A953,1
DB04519,P0A953,1
DB08359,P0A953,1
DB08627,P0A953,1
DB08628,P0A953,1
DB02834,P0A953,0
DB01401,P0A953,0
DB00172,P0A953,0
DB03938,P0A953,0
DB04116,P0A953,0
DB07951,P0A953,0
DB07100,P0A953,0
DB00403,P0A953,0
DB04491,Q9KX40,1
DB11937,Q9KX40,0
DB00698,P17117,1
DB03247,P17117,1
DB08148,P17117,0
DB07773,P17117,0
DB03448,P34096,1
DB02242,P34096,0
DB03017,P9WNG3,1
DB03264,P9WNG3,1
DB07611,P9WNG3,1
DB07650,P9WNG3,1
DB08171,P9WNG3,1
DB08684,P9WNG3,1
DB08712,P9WNG3,1
DB07953,P9WNG3,0
DB03049,P9WNG3,0
DB08527,P9WNG3,0
DB01785,P9WNG3,0
DB06988,P9WNG3,0
DB07647,P9WNG3,0
DB12789,P9WNG3,0
DB00848,Q27218,1
DB08655,Q27218,0
DB03661,P96113,1
DB01240,P96113,0
DB01003,P25815,1
DB01039,P25815,0
DB01296,P33673,1
DB14058,P33673,0
DB00141,Q9UK23,1
DB03350,Q9UK23,0
DB01694,A0A0H2URW2,1
DB06988,A0A0H2URW2,0
DB03660,P42790,1
DB03750,P42790,1
DB03978,P42790,1
DB02871,P42790,0
DB04575,P42790,0
DB04894,P42790,0
DB07909,Q7Z3Y4,1
DB02341,Q7Z3Y4,0
DB01593,P02649,1
DB09130,P02649,1
DB14487,P02649,1
DB14533,P02649,1
DB07445,P02649,0
DB01439,P02649,0
DB08168,P02649,0
DB08143,P02649,0
DB03280,P0A721,1
DB04700,P0A721,0
DB11638,Q8I5H4,1
DB00874,Q8I5H4,0
DB02527,P31323,1
DB09280,P31323,0
DB00562,Q9Y2D0,1
DB00606,Q9Y2D0,1
DB00909,Q9Y2D0,1
DB08846,Q9Y2D0,1
DB04098,Q9Y2D0,0
DB00153,Q9Y2D0,0
DB04394,Q9Y2D0,0
DB02135,Q9Y2D0,0
DB00228,O95259,1
DB00458,O95259,1
DB00637,O95259,1
DB01069,O95259,1
DB01110,O95259,1
DB02694,O95259,0
DB00606,O95259,0
DB02358,O95259,0
DB08765,O95259,0
DB04380,O95259,0
DB00435,P14902,1
DB09061,P14902,1
DB14011,P14902,1
DB03864,P14902,0
DB07634,P14902,0
DB07830,P14902,0
DB00184,P32297,1
DB00237,P32297,1
DB00333,P32297,1
DB00472,P32297,1
DB00514,P32297,1
DB00848,P32297,1
DB00898,P32297,1
DB00915,P32297,1
DB01090,P32297,1
DB01156,P32297,1
DB01227,P32297,1
DB01273,P32297,1
DB05710,P32297,1
DB07720,P32297,1
DB09028,P32297,1
DB00421,P32297,0
DB02980,P32297,0
DB01092,P32297,0
DB01011,P32297,0
DB07730,P32297,0
DB03546,P32297,0
DB03309,P32297,0
DB00909,P32297,0
DB06734,P32297,0
DB06827,P32297,0
DB00220,P32297,0
DB05993,P32297,0
DB01731,P32297,0
DB03376,P32297,0
DB02633,P32297,0
DB02832,P17846,1
DB08776,P17846,0
DB00132,P32418,1
DB00159,P32418,1
DB04855,P32418,1
DB06231,P32418,1
DB02363,P32418,0
DB03106,P32418,0
DB08142,P32418,0
DB04854,P32418,0
DB00201,P35913,1
DB09283,P35913,1
DB06634,P35913,0
DB03766,P35913,0
DB02761,Q9ZHG9,1
DB04467,Q9ZHG9,1
DB01917,Q9ZHG9,0
DB06876,Q9ZHG9,0
DB12695,P10599,1
DB00212,P10599,0
DB00786,Q9Y5R2,1
DB00946,Q9Y5R2,0
DB11638,Q15637,1
DB06972,Q15637,0
DB12010,P42680,1
DB15035,P42680,1
DB03700,P42680,0
DB14542,P42680,0
DB02379,P0AEX9,1
DB03323,P0AEX9,1
DB03995,P0AEX9,1
DB04530,P0AEX9,1
DB08227,P0AEX9,1
DB07193,P0AEX9,0
DB03734,P0AEX9,0
DB11712,P0AEX9,0
DB11937,P0AEX9,0
DB00403,P0AEX9,0
DB04233,O33407,1
DB01784,O33407,0
DB01982,Q9KWT5,1
DB02734,Q9KWT5,1
DB03652,Q9KWT5,1
DB02800,Q9KWT5,0
DB01632,Q9KWT5,0
DB13191,Q9KWT5,0
DB00186,P28472,1
DB00189,P28472,1
DB00228,P28472,1
DB00231,P28472,1
DB00237,P28472,1
DB00241,P28472,1
DB00252,P28472,1
DB00292,P28472,1
DB00306,P28472,1
DB00312,P28472,1
DB00349,P28472,1
DB00371,P28472,1
DB00402,P28472,1
DB00404,P28472,1
DB00431,P28472,1
DB00463,P28472,1
DB00475,P28472,1
DB00543,P28472,1
DB00546,P28472,1
DB00555,P28472,1
DB00592,P28472,1
DB00602,P28472,1
DB00603,P28472,1
DB00628,P28472,1
DB00659,P28472,1
DB00683,P28472,1
DB00690,P28472,1
DB00753,P28472,1
DB00794,P28472,1
DB00801,P28472,1
DB00818,P28472,1
DB00829,P28472,1
DB00842,P28472,1
DB00897,P28472,1
DB00898,P28472,1
DB01028,P28472,1
DB01043,P28472,1
DB01068,P28472,1
DB01107,P28472,1
DB01159,P28472,1
DB01189,P28472,1
DB01205,P28472,1
DB01215,P28472,1
DB01236,P28472,1
DB01437,P28472,1
DB01489,P28472,1
DB01511,P28472,1
DB01544,P28472,1
DB01545,P28472,1
DB01553,P28472,1
DB01558,P28472,1
DB01559,P28472,1
DB01567,P28472,1
DB01587,P28472,1
DB01588,P28472,1
DB01589,P28472,1
DB01594,P28472,1
DB01595,P28472,1
DB01708,P28472,1
DB01956,P28472,1
DB06716,P28472,1
DB09017,P28472,1
DB09118,P28472,1
DB09166,P28472,1
DB11582,P28472,1
DB11859,P28472,1
DB11901,P28472,1
DB12458,P28472,1
DB12537,P28472,1
DB13335,P28472,1
DB13437,P28472,1
DB13643,P28472,1
DB13837,P28472,1
DB13872,P28472,1
DB14028,P28472,1
DB14672,P28472,1
DB14715,P28472,1
DB14719,P28472,1
DB15489,P28472,1
DB08253,P28472,0
DB15690,P28472,0
DB12379,P28472,0
DB08482,P28472,0
DB01961,P28472,0
DB01565,P28472,0
DB03091,P28472,0
DB02694,P28472,0
DB08489,P28472,0
DB00289,P28472,0
DB08046,P28472,0
DB02943,P28472,0
DB08000,P28472,0
DB08656,P28472,0
DB02593,P28472,0
DB08001,P28472,0
DB14914,P28472,0
DB01066,P28472,0
DB03796,P28472,0
DB08846,P28472,0
DB04918,P28472,0
DB04764,P28472,0
DB00496,P28472,0
DB00260,P28472,0
DB00203,P28472,0
DB08184,P28472,0
DB02591,P28472,0
DB07580,P28472,0
DB02297,P28472,0
DB02324,P28472,0
DB04047,P28472,0
DB12455,P28472,0
DB01407,P28472,0
DB00280,P28472,0
DB08320,P28472,0
DB03164,P28472,0
DB00487,P28472,0
DB07118,P28472,0
DB00689,P28472,0
DB11936,P28472,0
DB05542,P28472,0
DB08079,P28472,0
DB07076,P28472,0
DB04298,P28472,0
DB00622,P28472,0
DB07597,P28472,0
DB00400,P28472,0
DB05869,P28472,0
DB07108,P28472,0
DB04557,P28472,0
DB01108,P28472,0
DB04164,P28472,0
DB03143,P28472,0
DB07074,P28472,0
DB08007,P28472,0
DB06694,P28472,0
DB02987,P28472,0
DB03824,P28472,0
DB07177,P28472,0
DB13421,P28472,0
DB03012,P28472,0
DB08209,P28472,0
DB06791,P28472,0
DB04143,P28472,0
DB07049,P28472,0
DB05490,P28472,0
DB02048,P28472,0
DB02469,P28472,0
DB07583,P28472,0
DB02218,P28472,0
DB03931,P28472,0
DB03201,P28472,0
DB01709,P28472,0
DB00798,P28472,0
DB01197,P28472,0
DB00749,P28472,0
DB03525,P28472,0
DB03964,P28472,0
DB06429,P28472,0
DB02494,P62750,1
DB07374,P62750,1
DB08437,P62750,1
DB11638,P62750,1
DB07048,P62750,0
DB00564,P62750,0
DB08257,P62750,0
DB02956,P62750,0
DB00157,P03897,1
DB12615,P03897,0
DB03963,P0A745,1
DB09053,P0A745,0
DB03761,P0CI79,1
DB07406,P0CI79,0
DB01649,P06730,1
DB01960,P06730,1
DB02716,P06730,1
DB08217,P06730,1
DB02506,P06730,0
DB04772,P06730,0
DB13036,P06730,0
DB01207,P06730,0
DB03247,P16099,1
DB00973,P16099,0
DB02680,P49424,1
DB03814,P49424,1
DB04084,P49424,1
DB04483,P49424,1
DB04275,P49424,0
DB02873,P49424,0
DB01223,P49424,0
DB07541,P49424,0
DB08038,P49862,1
DB02968,P49862,0
DB00274,C1KC03,1
DB00430,C1KC03,1
DB01000,C1KC03,1
DB01607,C1KC03,1
DB04409,C1KC03,0
DB08234,C1KC03,0
DB00431,C1KC03,0
DB00405,C1KC03,0
DB00257,O15554,1
DB00468,O15554,1
DB00721,O15554,1
DB01110,O15554,1
DB01159,O15554,1
DB09089,O15554,1
DB05020,O15554,0
DB03388,O15554,0
DB03737,O15554,0
DB08235,O15554,0
DB09227,O15554,0
DB00645,O15554,0
DB00130,P15104,1
DB00142,P15104,1
DB08800,P15104,0
DB03745,P15104,0
DB00120,P07101,1
DB00135,P07101,1
DB00360,P07101,1
DB00765,P07101,1
DB03552,P07101,1
DB04400,P07101,1
DB02889,P07101,0
DB06090,P07101,0
DB07446,P07101,0
DB08310,P07101,0
DB02925,P07101,0
DB11642,P07101,0
DB00242,P00491,1
DB00900,P00491,1
DB01667,P00491,1
DB02222,P00491,1
DB02230,P00491,1
DB02377,P00491,1
DB02391,P00491,1
DB02568,P00491,1
DB02796,P00491,1
DB02857,P00491,1
DB03101,P00491,1
DB03551,P00491,1
DB03609,P00491,1
DB03881,P00491,1
DB04076,P00491,1
DB04260,P00491,1
DB04335,P00491,1
DB04753,P00491,1
DB04754,P00491,1
DB04757,P00491,1
DB06185,P00491,1
DB03065,P00491,0
DB07776,P00491,0
DB01071,P00491,0
DB00756,P00491,0
DB00812,P00491,0
DB00876,P00491,0
DB06422,P00491,0
DB08295,P00491,0
DB01117,P00491,0
DB01289,P00491,0
DB07260,P00491,0
DB03437,P00491,0
DB08571,P00491,0
DB04879,P00491,0
DB08758,P00491,0
DB04297,P00491,0
DB02239,P00491,0
DB02902,P00491,0
DB05219,P00491,0
DB11633,P00491,0
DB07429,P00491,0
DB00228,P16389,1
DB01069,P16389,1
DB01110,P16389,1
DB06637,P16389,1
DB03150,P16389,0
DB00150,P16389,0
DB00159,P16389,0
DB04915,P16389,0
DB03814,Q9Y468,1
DB08666,Q9Y468,0
DB02153,Q9RRU8,1
DB02384,Q9RRU8,0
DB01942,P39841,1
DB03042,P39841,0
DB02379,Q26609,1
DB04058,Q26609,0
DB00415,P46059,1
DB00417,P46059,1
DB00493,P46059,1
DB00713,P46059,1
DB01053,P46059,1
DB01212,P46059,1
DB03793,P46059,1
DB09213,P46059,1
DB09147,P46059,0
DB00578,P46059,0
DB08065,P46059,0
DB01833,P46059,0
DB06894,P46059,0
DB05087,P46059,0
DB04176,P46059,0
DB08683,P46059,0
DB03963,Q9Y678,1
DB06739,Q9Y678,0
DB02270,P16384,1
DB09225,P16384,0
DB12010,Q6DT37,1
DB04063,Q6DT37,0
DB01631,P80188,1
DB01672,P80188,1
DB01926,P80188,1
DB02710,P80188,1
DB04043,P80188,1
DB04476,P80188,1
DB00655,P80188,0
DB12670,P80188,0
DB04623,P80188,0
DB00243,P80188,0
DB00425,P80188,0
DB07835,P80188,0
DB00697,Q9Y2I1,1
DB08838,Q9Y2I1,1
DB09242,Q9Y2I1,1
DB04741,Q9Y2I1,0
DB07193,Q9Y2I1,0
DB09095,Q9Y2I1,0
DB12010,Q16513,1
DB07698,Q16513,0
DB11638,Q8IM16,1
DB00812,Q8IM16,0
DB00481,P50453,1
DB04578,P50453,0
DB00131,O43741,1
DB00945,O43741,1
DB12010,O43741,1
DB04606,O43741,0
DB01224,O43741,0
DB08456,O43741,0
DB00171,P10398,1
DB09140,P10398,0
DB00182,P14416,1
DB00246,P14416,1
DB00248,P14416,1
DB00268,P14416,1
DB00334,P14416,1
DB00363,P14416,1
DB00372,P14416,1
DB00391,P14416,1
DB00408,P14416,1
DB00409,P14416,1
DB00413,P14416,1
DB00420,P14416,1
DB00433,P14416,1
DB00450,P14416,1
DB00458,P14416,1
DB00477,P14416,1
DB00490,P14416,1
DB00502,P14416,1
DB00508,P14416,1
DB00540,P14416,1
DB00543,P14416,1
DB00555,P14416,1
DB00568,P14416,1
DB00589,P14416,1
DB00623,P14416,1
DB00679,P14416,1
DB00696,P14416,1
DB00714,P14416,1
DB00715,P14416,1
DB00726,P14416,1
DB00734,P14416,1
DB00777,P14416,1
DB00805,P14416,1
DB00831,P14416,1
DB00850,P14416,1
DB00875,P14416,1
DB00915,P14416,1
DB00933,P14416,1
DB00934,P14416,1
DB00988,P14416,1
DB01038,P14416,1
DB01043,P14416,1
DB01063,P14416,1
DB01069,P14416,1
DB01100,P14416,1
DB01151,P14416,1
DB01175,P14416,1
DB01184,P14416,1
DB01186,P14416,1
DB01200,P14416,1
DB01221,P14416,1
DB01224,P14416,1
DB01233,P14416,1
DB01235,P14416,1
DB01238,P14416,1
DB01239,P14416,1
DB01267,P14416,1
DB01392,P14416,1
DB01403,P14416,1
DB01425,P14416,1
DB01549,P14416,1
DB01614,P14416,1
DB01618,P14416,1
DB01621,P14416,1
DB01622,P14416,1
DB01623,P14416,1
DB01624,P14416,1
DB04599,P14416,1
DB04842,P14416,1
DB04844,P14416,1
DB04857,P14416,1
DB04888,P14416,1
DB04889,P14416,1
DB04924,P14416,1
DB04946,P14416,1
DB05271,P14416,1
DB05316,P14416,1
DB05964,P14416,1
DB06016,P14416,1
DB06077,P14416,1
DB06144,P14416,1
DB06148,P14416,1
DB06216,P14416,1
DB06229,P14416,1
DB06288,P14416,1
DB06454,P14416,1
DB06477,P14416,1
DB08815,P14416,1
DB08922,P14416,1
DB09018,P14416,1
DB09097,P14416,1
DB09128,P14416,1
DB09194,P14416,1
DB09207,P14416,1
DB09223,P14416,1
DB09224,P14416,1
DB09225,P14416,1
DB09286,P14416,1
DB11274,P14416,1
DB11275,P14416,1
DB12061,P14416,1
DB12093,P14416,1
DB12478,P14416,1
DB12518,P14416,1
DB12579,P14416,1
DB13025,P14416,1
DB13345,P14416,1
DB14185,P14416,1
DB07318,P14416,0
DB01320,P14416,0
DB02798,P14416,0
DB09555,P14416,0
DB09038,P14416,0
DB00397,P14416,0
DB02936,P14416,0
DB08726,P14416,0
DB14065,P14416,0
DB03668,P14416,0
DB07131,P14416,0
DB08446,P14416,0
DB01430,P14416,0
DB03446,P14416,0
DB02180,P14416,0
DB07400,P14416,0
DB08927,P14416,0
DB09235,P14416,0
DB00284,P14416,0
DB01571,P14416,0
DB00359,P14416,0
DB08754,P14416,0
DB14491,P14416,0
DB03042,P14416,0
DB08543,P14416,0
DB06843,P14416,0
DB04521,P14416,0
DB08633,P14416,0
DB09079,P14416,0
DB00731,P14416,0
DB03325,P14416,0
DB04689,P14416,0
DB07051,P14416,0
DB01393,P14416,0
DB01934,P14416,0
DB02561,P14416,0
DB08521,P14416,0
DB06931,P14416,0
DB09112,P14416,0
DB01073,P14416,0
DB09203,P14416,0
DB03175,P14416,0
DB08725,P14416,0
DB02137,P14416,0
DB01026,P14416,0
DB13346,P14416,0
DB01433,P14416,0
DB02289,P14416,0
DB00173,P14416,0
DB11740,P14416,0
DB04770,P14416,0
DB08256,P14416,0
DB13925,P14416,0
DB05710,P14416,0
DB01207,P14416,0
DB05678,P14416,0
DB02684,P14416,0
DB07297,P14416,0
DB00955,P14416,0
DB02610,P14416,0
DB01156,P14416,0
DB06481,P14416,0
DB00199,P14416,0
DB12110,P14416,0
DB07089,P14416,0
DB04169,P14416,0
DB11943,P14416,0
DB06905,P14416,0
DB04662,P14416,0
DB02077,P14416,0
DB07931,P14416,0
DB07705,P14416,0
DB08701,P14416,0
DB01274,P14416,0
DB03568,P14416,0
DB03495,P14416,0
DB00872,P14416,0
DB07877,P14416,0
DB08370,P14416,0
DB07379,P14416,0
DB07414,P14416,0
DB13119,P14416,0
DB03087,P14416,0
DB03679,P14416,0
DB05428,P14416,0
DB11791,P14416,0
DB06912,P14416,0
DB02546,P14416,0
DB07190,P14416,0
DB02201,P14416,0
DB08449,P14416,0
DB07579,P14416,0
DB01863,P14416,0
DB03759,P14416,0
DB04324,P14416,0
DB03192,P14416,0
DB06877,P14416,0
DB02353,P14416,0
DB02856,P14416,0
DB08873,P14416,0
DB05229,P14416,0
DB06730,P14416,0
DB07589,P14416,0
DB06917,P14416,0
DB02528,P14416,0
DB01947,P14416,0
DB06859,P14416,0
DB00634,P14416,0
DB12010,Q96BR1,1
DB01854,Q96BR1,0
DB04233,Q72JD8,1
DB06860,Q72JD8,0
DB00143,Q8TED1,1
DB03310,Q8TED1,1
DB12978,Q8TED1,0
DB00687,Q8TED1,0
DB00118,P31153,1
DB08030,P31153,0
DB00153,P54289,1
DB00228,P54289,1
DB00230,P54289,1
DB00270,P54289,1
DB00308,P54289,1
DB00401,P54289,1
DB00421,P54289,1
DB00622,P54289,1
DB00996,P54289,1
DB01023,P54289,1
DB01054,P54289,1
DB04838,P54289,1
DB06712,P54289,1
DB08872,P54289,1
DB11148,P54289,1
DB07743,P54289,0
DB04862,P54289,0
DB08785,P54289,0
DB01553,P54289,0
DB07778,P54289,0
DB00896,P54289,0
DB04280,P54289,0
DB04220,P54289,0
DB03098,P54289,0
DB08396,P54289,0
DB08333,P54289,0
DB00635,P54289,0
DB04351,P54289,0
DB03707,P54289,0
DB09204,P54289,0
DB03814,P52664,1
DB07489,P52664,0
DB07812,P31751,1
DB07859,P31751,1
DB07947,P31751,1
DB08073,P31751,1
DB00277,P31751,0
DB05431,P31751,0
DB08022,P31751,0
DB09034,P31751,0
DB02031,P0A884,1
DB02223,P0A884,1
DB02256,P0A884,1
DB02301,P0A884,1
DB02467,P0A884,1
DB02752,P0A884,1
DB02899,P0A884,1
DB03038,P0A884,1
DB03157,P0A884,1
DB03274,P0A884,1
DB03541,P0A884,1
DB03558,P0A884,1
DB03761,P0A884,1
DB03800,P0A884,1
DB03818,P0A884,1
DB04447,P0A884,1
DB04457,P0A884,1
DB04503,P0A884,1
DB04530,P0A884,1
DB04586,P0A884,1
DB04696,P0A884,1
DB08131,P0A884,1
DB02989,P0A884,0
DB03276,P0A884,0
DB08594,P0A884,0
DB07359,P0A884,0
DB02688,P0A884,0
DB07360,P0A884,0
DB04622,P0A884,0
DB04155,P0A884,0
DB00969,P0A884,0
DB06954,P0A884,0
DB02164,P0A884,0
DB07893,P0A884,0
DB08523,P0A884,0
DB03540,P0A884,0
DB06884,P0A884,0
DB06151,P0A884,0
DB04409,P0A884,0
DB05239,P0A884,0
DB08511,P0A884,0
DB00727,P0A884,0
DB08055,P0A884,0
DB02341,P0A884,0
DB00142,P48507,1
DB00151,P48507,1
DB04027,P48507,0
DB04537,P48507,0
DB00398,P15056,1
DB05984,P15056,1
DB06999,P15056,1
DB07000,P15056,1
DB08553,P15056,1
DB08881,P15056,1
DB08896,P15056,1
DB08912,P15056,1
DB11718,P15056,1
DB12010,P15056,1
DB14840,P15056,1
DB08602,P15056,0
DB06274,P15056,0
DB04724,P15056,0
DB03531,P15056,0
DB03725,P15056,0
DB06347,P15056,0
DB01155,P15056,0
DB06930,P15056,0
DB03660,P15056,0
DB08810,P15056,0
DB06847,P15056,0
DB00157,O43677,1
DB03587,O43677,0
DB00128,P30520,1
DB05540,P30520,1
DB07832,P30520,0
DB00819,P30520,0
DB00218,P43700,1
DB00365,P43700,1
DB00467,P43700,1
DB00487,P43700,1
DB00537,P43700,1
DB00685,P43700,1
DB00827,P43700,1
DB00978,P43700,1
DB01059,P43700,1
DB01137,P43700,1
DB01155,P43700,1
DB01165,P43700,1
DB01208,P43700,1
DB01405,P43700,1
DB04576,P43700,1
DB06771,P43700,1
DB09047,P43700,1
DB12924,P43700,1
DB04674,P43700,0
DB06292,P43700,0
DB02778,P43700,0
DB02813,P43700,0
DB04007,P43700,0
DB04457,P43700,0
DB02180,P43700,0
DB08639,P43700,0
DB03755,P43700,0
DB07850,P43700,0
DB05710,P43700,0
DB07342,P43700,0
DB06972,P43700,0
DB07696,P43700,0
DB03136,P43700,0
DB05855,P43700,0
DB02729,P43700,0
DB08316,P43700,0
DB03815,P69923,1
DB06929,P69923,0
DB00126,P09172,1
DB00822,P09172,1
DB00988,P09172,1
DB11181,P09172,0
DB06881,P09172,0
DB01990,P09172,0
DB11638,Q8I3Z5,1
DB06695,Q8I3Z5,0
DB03247,Q9F0J6,1
DB09050,Q9F0J6,0
DB00337,P62942,1
DB00864,P62942,1
DB00877,P62942,1
DB01712,P62942,1
DB01723,P62942,1
DB01951,P62942,1
DB02311,P62942,1
DB02888,P62942,1
DB03338,P62942,1
DB03621,P62942,1
DB04012,P62942,1
DB04094,P62942,1
DB05814,P62942,1
DB08231,P62942,1
DB08520,P62942,1
DB08597,P62942,1
DB00457,P62942,0
DB13948,P62942,0
DB01626,P62942,0
DB03230,P62942,0
DB04879,P62942,0
DB04158,P62942,0
DB04605,P62942,0
DB04662,P62942,0
DB04427,P62942,0
DB09049,P62942,0
DB07895,P62942,0
DB04578,P62942,0
DB04438,P62942,0
DB02530,P62942,0
DB03022,P62942,0
DB02549,P62942,0
DB02082,Q92930,1
DB04315,Q92930,1
DB06958,Q92930,0
DB01299,Q92930,0
DB04788,Q8RQE8,1
DB08226,Q8RQE8,1
DB08266,Q8RQE8,1
DB02061,Q8RQE8,0
DB06670,Q8RQE8,0
DB08053,Q8RQE8,0
DB01133,P61421,1
DB01202,P61421,0
DB00114,P34897,1
DB00116,P34897,1
DB00145,P34897,1
DB11638,P34897,1
DB00957,P34897,0
DB01915,P34897,0
DB00551,P34897,0
DB03064,P34897,0
DB00255,P03372,1
DB00269,P03372,1
DB00304,P03372,1
DB00367,P03372,1
DB00396,P03372,1
DB00431,P03372,1
DB00481,P03372,1
DB00539,P03372,1
DB00603,P03372,1
DB00624,P03372,1
DB00648,P03372,1
DB00655,P03372,1
DB00675,P03372,1
DB00756,P03372,1
DB00783,P03372,1
DB00823,P03372,1
DB00841,P03372,1
DB00882,P03372,1
DB00890,P03372,1
DB00947,P03372,1
DB00957,P03372,1
DB00977,P03372,1
DB01065,P03372,1
DB01108,P03372,1
DB01183,P03372,1
DB01185,P03372,1
DB01196,P03372,1
DB01357,P03372,1
DB01406,P03372,1
DB01428,P03372,1
DB01431,P03372,1
DB01593,P03372,1
DB01645,P03372,1
DB01708,P03372,1
DB01878,P03372,1
DB02187,P03372,1
DB02615,P03372,1
DB02709,P03372,1
DB02715,P03372,1
DB02746,P03372,1
DB02757,P03372,1
DB02901,P03372,1
DB03467,P03372,1
DB03742,P03372,1
DB03802,P03372,1
DB04216,P03372,1
DB04468,P03372,1
DB04471,P03372,1
DB04573,P03372,1
DB04574,P03372,1
DB04575,P03372,1
DB04824,P03372,1
DB04930,P03372,1
DB04938,P03372,1
DB05487,P03372,1
DB05966,P03372,1
DB06202,P03372,1
DB06249,P03372,1
DB06374,P03372,1
DB06401,P03372,1
DB06710,P03372,1
DB06732,P03372,1
DB06871,P03372,1
DB06898,P03372,1
DB06927,P03372,1
DB07086,P03372,1
DB07087,P03372,1
DB07195,P03372,1
DB07567,P03372,1
DB07638,P03372,1
DB07678,P03372,1
DB07707,P03372,1
DB07708,P03372,1
DB07712,P03372,1
DB07931,P03372,1
DB07932,P03372,1
DB07933,P03372,1
DB07991,P03372,1
DB08020,P03372,1
DB08047,P03372,1
DB08048,P03372,1
DB08320,P03372,1
DB08398,P03372,1
DB08595,P03372,1
DB08737,P03372,1
DB08773,P03372,1
DB09070,P03372,1
DB09086,P03372,1
DB09371,P03372,1
DB11064,P03372,1
DB11219,P03372,1
DB11478,P03372,1
DB11541,P03372,1
DB11619,P03372,1
DB12450,P03372,1
DB13869,P03372,1
DB13943,P03372,1
DB13944,P03372,1
DB13946,P03372,1
DB13951,P03372,1
DB13952,P03372,1
DB13953,P03372,1
DB13954,P03372,1
DB13955,P03372,1
DB13956,P03372,1
DB14487,P03372,1
DB14533,P03372,1
DB14641,P03372,1
DB15690,P03372,1
DB01236,P03372,0
DB07873,P03372,0
DB07456,P03372,0
DB01179,P03372,0
DB15328,P03372,0
DB02589,P03372,0
DB01031,P03372,0
DB02810,P03372,0
DB02611,P03372,0
DB08293,P03372,0
DB08605,P03372,0
DB07486,P03372,0
DB00872,P03372,0
DB07612,P03372,0
DB00829,P03372,0
DB08167,P03372,0
DB08835,P03372,0
DB00751,P03372,0
DB05460,P03372,0
DB01439,P03372,0
DB07981,P03372,0
DB02731,P03372,0
DB06367,P03372,0
DB08414,P03372,0
DB01736,P03372,0
DB00487,P03372,0
DB04731,P03372,0
DB08638,P03372,0
DB02802,P03372,0
DB01868,P03372,0
DB08370,P03372,0
DB05034,P03372,0
DB00767,P03372,0
DB02235,P03372,0
DB00861,P03372,0
DB01355,P03372,0
DB00127,P03372,0
DB07997,P03372,0
DB04564,P03372,0
DB04006,P03372,0
DB07989,P03372,0
DB06894,P03372,0
DB07196,P03372,0
DB02852,P03372,0
DB07681,P03372,0
DB06689,P03372,0
DB03165,P03372,0
DB13615,P03372,0
DB02535,P03372,0
DB09047,P03372,0
DB01991,P03372,0
DB06654,P03372,0
DB00786,P03372,0
DB08903,P03372,0
DB02878,P03372,0
DB09149,P03372,0
DB14488,P03372,0
DB07032,P03372,0
DB03211,P03372,0
DB12339,P03372,0
DB03183,P03372,0
DB04135,P03372,0
DB07957,P03372,0
DB06716,P03372,0
DB12887,P03372,0
DB01918,P03372,0
DB03199,P03372,0
DB00106,P03372,0
DB07129,P03372,0
DB04432,P03372,0
DB03627,P03372,0
DB06603,P03372,0
DB07819,P03372,0
DB01081,P03372,0
DB04030,P03372,0
DB04009,P03372,0
DB01140,P03372,0
DB07428,P03372,0
DB14028,P03372,0
DB11842,P03372,0
DB00845,P03372,0
DB03793,P03372,0
DB08390,P03372,0
DB07671,P03372,0
DB06159,P03372,0
DB12070,P03372,0
DB05936,P03372,0
DB03466,P03372,0
DB07457,P03372,0
DB13934,P03372,0
DB07724,P03372,0
DB05943,P03372,0
DB00394,P03372,0
DB08751,P03372,0
DB03964,P03372,0
DB08546,P03372,0
DB06246,P03372,0
DB04045,P03372,0
DB00985,P03372,0
DB08912,P03372,0
DB12466,P03372,0
DB06836,P03372,0
DB12670,P03372,0
DB03366,P03372,0
DB05295,P03372,0
DB08292,P03372,0
DB04514,P03372,0
DB01030,P03372,0
DB03881,P03372,0
DB12010,Q56UN5,1
DB07495,Q56UN5,0
DB02854,Q8NBQ5,1
DB07578,Q8NBQ5,0
DB00157,P10515,1
DB03758,P10515,1
DB03760,P10515,1
DB04502,P10515,0
DB03775,P10515,0
DB04258,P10515,0
DB03532,O08398,1
DB04163,O08398,0
DB04083,P13254,1
DB03549,P13254,0
DB01593,P05546,1
DB09130,P05546,1
DB14487,P05546,1
DB14533,P05546,1
DB01337,P05546,0
DB04655,P05546,0
DB00922,P05546,0
DB00457,P05546,0
DB00142,Q05586,1
DB00193,Q05586,1
DB00228,Q05586,1
DB00289,Q05586,1
DB00312,Q05586,1
DB00333,Q05586,1
DB00418,Q05586,1
DB00454,Q05586,1
DB00659,Q05586,1
DB00843,Q05586,1
DB00874,Q05586,1
DB01043,Q05586,1
DB01173,Q05586,1
DB01174,Q05586,1
DB01238,Q05586,1
DB01708,Q05586,1
DB01931,Q05586,1
DB03929,Q05586,1
DB04620,Q05586,1
DB04896,Q05586,1
DB05824,Q05586,1
DB06151,Q05586,1
DB06738,Q05586,1
DB06741,Q05586,1
DB08838,Q05586,1
DB08954,Q05586,1
DB09409,Q05586,1
DB09481,Q05586,1
DB11823,Q05586,1
DB13146,Q05586,1
DB07151,Q05586,0
DB00860,Q05586,0
DB00733,Q05586,0
DB01409,Q05586,0
DB08068,Q05586,0
DB01216,Q05586,0
DB01703,Q05586,0
DB07451,Q05586,0
DB00495,Q05586,0
DB00530,Q05586,0
DB01108,Q05586,0
DB00787,Q05586,0
DB12637,Q05586,0
DB03390,Q05586,0
DB06987,Q05586,0
DB07032,Q05586,0
DB00197,Q05586,0
DB01076,Q05586,0
DB00216,Q05586,0
DB07124,Q05586,0
DB07792,Q05586,0
DB13857,Q05586,0
DB06967,Q05586,0
DB05553,Q05586,0
DB09338,Q05586,0
DB07606,Q05586,0
DB06145,Q05586,0
DB00379,Q05586,0
DB06869,Q05586,0
DB08568,Q05586,0
DB00121,Q96RQ3,1
DB02461,Q96RQ3,0
DB02576,Q05488,1
DB00295,Q05488,0
DB00153,Q8WXS5,1
DB00228,Q8WXS5,1
DB00421,Q8WXS5,1
DB11148,Q8WXS5,1
DB07966,Q8WXS5,0
DB02668,Q8WXS5,0
DB07046,Q8WXS5,0
DB02211,Q8WXS5,0
DB08325,Q12866,1
DB12010,Q12866,1
DB14068,Q12866,0
DB08709,Q12866,0
DB01987,P27302,1
DB06786,P27302,0
DB11638,Q8ILF7,1
DB07115,Q8ILF7,0
DB00114,P04181,1
DB00129,P04181,1
DB02054,P04181,1
DB02821,P04181,1
DB00509,P04181,0
DB00864,P04181,0
DB02045,P04181,0
DB06923,P04181,0
DB11672,O15440,1
DB14635,O15440,1
DB01799,O15440,0
DB08632,O15440,0
DB12010,Q59H18,1
DB04346,Q59H18,0
DB01069,Q9UBL9,1
DB03633,Q9UBL9,0
DB00171,P42336,1
DB00201,P42336,1
DB08059,P42336,1
DB11772,P42336,1
DB12015,P42336,1
DB12483,P42336,1
DB07428,P42336,0
DB02494,P42336,0
DB08661,P42336,0
DB08238,P42336,0
DB02124,P42336,0
DB00769,P42336,0
DB01752,P25924,1
DB04522,P25924,1
DB02906,P25924,0
DB04719,P25924,0
DB03216,P23526,1
DB03273,P23526,1
DB03769,P23526,1
DB09130,P23526,1
DB08533,P23526,0
DB03346,P23526,0
DB04246,P23526,0
DB07867,P23526,0
DB00293,P04818,1
DB00322,P04818,1
DB00432,P04818,1
DB00441,P04818,1
DB00544,P04818,1
DB00563,P04818,1
DB00642,P04818,1
DB01101,P04818,1
DB01643,P04818,1
DB03541,P04818,1
DB03800,P04818,1
DB04530,P04818,1
DB05116,P04818,1
DB06813,P04818,1
DB07577,P04818,1
DB08478,P04818,1
DB08479,P04818,1
DB08734,P04818,1
DB09256,P04818,1
DB09327,P04818,1
DB07735,P04818,0
DB08167,P04818,0
DB01178,P04818,0
DB07270,P04818,0
DB06212,P04818,0
DB03505,P04818,0
DB08778,P04818,0
DB02162,P04818,0
DB06852,P04818,0
DB07916,P04818,0
DB04113,P04818,0
DB01303,P04818,0
DB04229,P04818,0
DB00846,P04818,0
DB03358,P04818,0
DB08126,P04818,0
DB03124,P04818,0
DB02810,P04818,0
DB06918,P04818,0
DB02395,P04818,0
DB02334,Q97E82,1
DB08272,Q97E82,0
DB03721,P25311,1
DB09130,P25311,1
DB08412,P25311,0
DB01488,P25311,0
DB01857,P41789,1
DB15488,P41789,0
DB00157,O43175,1
DB12890,O43175,0
DB00143,O60760,1
DB00755,O60760,1
DB01897,O60760,1
DB03310,O60760,1
DB07613,O60760,1
DB07614,O60760,1
DB07615,O60760,1
DB07616,O60760,1
DB07917,O60760,1
DB08313,O60760,1
DB08695,O60760,1
DB08790,O60760,1
DB11936,O60760,0
DB02453,O60760,0
DB01242,O60760,0
DB03369,O60760,0
DB06967,O60760,0
DB04617,O60760,0
DB04644,O60760,0
DB08906,O60760,0
DB07661,O60760,0
DB06903,O60760,0
DB01084,O60760,0
DB03820,O60760,0
DB01032,Q9NYV7,1
DB02499,Q9NYV7,0
DB00125,P00966,1
DB00128,P00966,1
DB00155,P00966,1
DB00171,P00966,1
DB01212,P00966,0
DB07200,P00966,0
DB04846,P00966,0
DB06979,P00966,0
DB00155,O94760,1
DB00213,O94760,1
DB00736,O94760,1
DB05351,O94760,1
DB08873,O94760,0
DB07306,O94760,0
DB07907,O94760,0
DB07853,O94760,0
DB11093,Q9UBV8,1
DB11348,Q9UBV8,1
DB14481,Q9UBV8,1
DB02636,Q9UBV8,0
DB08363,Q9UBV8,0
DB02264,Q9UBV8,0
DB08273,P04211,1
DB08295,P04211,1
DB12110,P04211,0
DB07044,P04211,0
DB03247,P69772,1
DB05137,P69772,0
DB01069,Q93086,1
DB05961,Q93086,0
DB00143,P21266,1
DB03310,P21266,1
DB02704,P21266,0
DB08507,P21266,0
DB04447,P60493,1
DB07229,P60493,0
DB02772,P05655,1
DB06090,P05655,0
DB00201,P0DMS8,1
DB00640,P0DMS8,1
DB00824,P0DMS8,1
DB01223,P0DMS8,1
DB05511,P0DMS8,1
DB12010,P0DMS8,1
DB04395,P0DMS8,0
DB04347,P0DMS8,0
DB02007,P0DMS8,0
DB03459,P0DMS8,0
DB03160,P0DMS8,0
DB07356,P0DMS8,0
DB02338,Q01782,1
DB02532,Q01782,1
DB03461,Q01782,1
DB04400,Q01782,1
DB13139,Q01782,0
DB04502,Q01782,0
DB06785,Q01782,0
DB01862,Q01782,0
DB02364,P0ADA1,1
DB03366,P0ADA1,1
DB04519,P0ADA1,1
DB06847,P0ADA1,0
DB00716,P0ADA1,0
DB04698,P0ADA1,0
DB03247,P10340,1
DB07245,P10340,0
DB04646,P83793,1
DB08453,P83793,1
DB06940,P83793,0
DB08023,P83793,0
DB12010,O15146,1
DB07217,O15146,0
DB00548,P66010,1
DB09330,P66010,0
DB14058,O13332,1
DB00648,O13332,0
DB08226,Q5SKW1,1
DB08266,Q5SKW1,1
DB09513,Q5SKW1,0
DB01428,Q5SKW1,0
DB02659,P00403,1
DB04464,P00403,1
DB05412,P00403,1
DB02865,P00403,0
DB03627,P00403,0
DB04885,P00403,0
DB00136,P31260,1
DB05155,P31260,0
DB02659,P10606,1
DB04464,P10606,1
DB02190,P10606,0
DB12662,P10606,0
DB01955,P45124,1
DB01553,P45124,0
DB00171,P53041,1
DB07827,P53041,0
DB07041,P43813,1
DB06013,P43813,0
DB03541,P13100,1
DB03800,P13100,1
DB03904,P13100,0
DB02198,P13100,0
DB00142,Q05932,1
DB00293,Q05932,1
DB02770,Q05932,0
DB01130,Q05932,0
DB03085,P11413,1
DB03461,P11413,1
DB05107,P11413,1
DB11638,P11413,1
DB14514,P11413,0
DB12001,P11413,0
DB04466,P11413,0
DB02147,P11413,0
DB09130,Q6MZM0,1
DB01756,Q6MZM0,0
DB00228,Q9H3M0,1
DB01069,Q9H3M0,1
DB01110,Q9H3M0,1
DB07366,Q9H3M0,0
DB03467,Q9H3M0,0
DB09121,Q9H3M0,0
DB00721,Q16558,1
DB01110,Q16558,1
DB09089,Q16558,1
DB03130,Q16558,0
DB04797,Q16558,0
DB03073,Q16558,0
DB02547,O60547,1
DB04315,O60547,1
DB00887,O60547,0
DB07385,O60547,0
DB01969,O75390,1
DB01992,O75390,1
DB02637,O75390,1
DB03182,O75390,1
DB03499,O75390,1
DB04230,O75390,1
DB04272,O75390,1
DB04761,O75390,0
DB02833,O75390,0
DB00172,O75390,0
DB04330,O75390,0
DB08763,O75390,0
DB08572,O75390,0
DB08416,O75390,0
DB04233,P0A917,1
DB00738,P0A917,0
DB04257,O31440,1
DB02704,O31440,0
DB05260,Q9S427,1
DB00817,Q9S427,0
DB00006,P00734,1
DB00170,P00734,1
DB00278,P00734,1
DB01123,P00734,1
DB01593,P00734,1
DB01725,P00734,1
DB01766,P00734,1
DB01767,P00734,1
DB02287,P00734,1
DB02723,P00734,1
DB03136,P00734,1
DB03159,P00734,1
DB03847,P00734,1
DB03865,P00734,1
DB04136,P00734,1
DB04591,P00734,1
DB04697,P00734,1
DB04722,P00734,1
DB04771,P00734,1
DB04772,P00734,1
DB04786,P00734,1
DB04898,P00734,1
DB05714,P00734,1
DB06695,P00734,1
DB06838,P00734,1
DB06841,P00734,1
DB06845,P00734,1
DB06850,P00734,1
DB06853,P00734,1
DB06858,P00734,1
DB06859,P00734,1
DB06861,P00734,1
DB06865,P00734,1
DB06866,P00734,1
DB06868,P00734,1
DB06869,P00734,1
DB06878,P00734,1
DB06911,P00734,1
DB06919,P00734,1
DB06929,P00734,1
DB06936,P00734,1
DB06942,P00734,1
DB06947,P00734,1
DB06996,P00734,1
DB07005,P00734,1
DB07016,P00734,1
DB07027,P00734,1
DB07083,P00734,1
DB07088,P00734,1
DB07091,P00734,1
DB07095,P00734,1
DB07105,P00734,1
DB07120,P00734,1
DB07128,P00734,1
DB07131,P00734,1
DB07133,P00734,1
DB07143,P00734,1
DB07165,P00734,1
DB07190,P00734,1
DB07211,P00734,1
DB07277,P00734,1
DB07278,P00734,1
DB07279,P00734,1
DB07353,P00734,1
DB07366,P00734,1
DB07376,P00734,1
DB07400,P00734,1
DB07440,P00734,1
DB07461,P00734,1
DB07508,P00734,1
DB07515,P00734,1
DB07521,P00734,1
DB07522,P00734,1
DB07527,P00734,1
DB07548,P00734,1
DB07549,P00734,1
DB07550,P00734,1
DB07639,P00734,1
DB07658,P00734,1
DB07659,P00734,1
DB07660,P00734,1
DB07665,P00734,1
DB07718,P00734,1
DB07741,P00734,1
DB07796,P00734,1
DB07809,P00734,1
DB07897,P00734,1
DB07934,P00734,1
DB07944,P00734,1
DB07946,P00734,1
DB08061,P00734,1
DB08062,P00734,1
DB08152,P00734,1
DB08187,P00734,1
DB08254,P00734,1
DB08422,P00734,1
DB08546,P00734,1
DB08624,P00734,1
DB09130,P00734,1
DB09332,P00734,1
DB12598,P00734,1
DB12831,P00734,1
DB14487,P00734,1
DB08618,P00734,0
DB03186,P00734,0
DB07479,P00734,0
DB01014,P00734,0
DB01685,P00734,0
DB02213,P00734,0
DB00937,P00734,0
DB08497,P00734,0
DB07714,P00734,0
DB07392,P00734,0
DB08335,P00734,0
DB06976,P00734,0
DB00686,P00734,0
DB08766,P00734,0
DB02378,P00734,0
DB00979,P00734,0
DB07815,P00734,0
DB01178,P00734,0
DB12026,P00734,0
DB00121,P00734,0
DB07099,P00734,0
DB03517,P00734,0
DB00737,P00734,0
DB01200,P00734,0
DB04125,P00734,0
DB04776,P00734,0
DB03602,P00734,0
DB03967,P00734,0
DB08173,P00734,0
DB08855,P00734,0
DB08084,P00734,0
DB01190,P00734,0
DB01021,P00734,0
DB01298,P00734,0
DB03218,P00734,0
DB06684,P00734,0
DB07317,P00734,0
DB04777,P00734,0
DB03894,P00734,0
DB00875,P00734,0
DB08811,P00734,0
DB08126,P00734,0
DB03619,P00734,0
DB04770,P00734,0
DB00348,P00734,0
DB00621,P00734,0
DB02027,P00734,0
DB00139,P00734,0
DB07966,P00734,0
DB03892,P00734,0
DB04502,P00734,0
DB07466,P00734,0
DB01895,P00734,0
DB01440,P00734,0
DB13876,P00734,0
DB00880,P00734,0
DB02395,P00734,0
DB08877,P00734,0
DB03555,P00734,0
DB01134,P00734,0
DB08368,P00734,0
DB01669,P00734,0
DB02548,P00734,0
DB03909,P00734,0
DB05492,P00734,0
DB01951,P00734,0
DB03955,P00734,0
DB09167,P00734,0
DB02104,P00734,0
DB08486,P00734,0
DB08603,P00734,0
DB07760,P00734,0
DB06216,P00734,0
DB03253,P00734,0
DB00717,P00734,0
DB15690,P00734,0
DB01675,P00734,0
DB07973,P00734,0
DB07547,P00734,0
DB02532,P00734,0
DB03489,P00734,0
DB13174,P00734,0
DB04028,P00734,0
DB01888,P00734,0
DB03631,P00734,0
DB00253,P00734,0
DB07339,P00734,0
DB01367,P00734,0
DB09555,P00734,0
DB00388,P00734,0
DB02516,P00734,0
DB01629,P00734,0
DB07551,P00734,0
DB06813,P00734,0
DB02977,P00734,0
DB09299,P00734,0
DB07207,P00734,0
DB02135,P00734,0
DB06817,P00734,0
DB03124,P00734,0
DB14541,P00734,0
DB07829,P00734,0
DB04983,P00734,0
DB00157,O43674,1
DB04163,O43674,0
DB00157,P09417,1
DB03814,P09417,1
DB02663,P09417,0
DB00365,P09417,0
DB02899,P41022,1
DB07253,P41022,0
DB12245,K7YNB3,1
DB07426,K7YNB3,0
DB00114,Q2TU84,1
DB00142,Q2TU84,1
DB06124,Q2TU84,0
DB01463,Q2TU84,0
DB03106,P34024,1
DB03607,P34024,0
DB15495,P35232,1
DB15496,P35232,1
DB09275,P35232,0
DB11447,P35232,0
DB00619,P16234,1
DB01268,P16234,1
DB06589,P16234,1
DB06595,P16234,1
DB08896,P16234,1
DB08901,P16234,1
DB09078,P16234,1
DB09079,P16234,1
DB12010,P16234,1
DB12147,P16234,1
DB12742,P16234,1
DB14840,P16234,1
DB04637,P16234,0
DB01406,P16234,0
DB04195,P16234,0
DB00233,P16234,0
DB04190,P16234,0
DB04505,P16234,0
DB07075,P16234,0
DB06941,P16234,0
DB09345,P16234,0
DB07520,P16234,0
DB08691,P16234,0
DB03768,P16234,0
DB12965,Q8N339,1
DB07498,Q8N339,0
DB02201,Q99470,1
DB00894,Q99470,0
DB04522,P51584,1
DB07767,P51584,1
DB08587,P51584,1
DB08589,P51584,1
DB08711,P51584,1
DB00549,P51584,0
DB00686,P51584,0
DB06413,P51584,0
DB08204,P51584,0
DB12340,P51584,0
DB01254,Q9NYL2,1
DB12010,Q9NYL2,1
DB14488,Q9NYL2,0
DB01608,Q9NYL2,0
DB02134,P45563,1
DB02377,P45563,1
DB04107,P45563,0
DB02120,P45563,0
DB12965,P13640,1
DB03143,P13640,0
DB00945,P11021,1
DB09130,P11021,1
DB07875,P11021,0
DB03752,P11021,0
DB03419,Q8X444,1
DB07075,Q8X444,0
DB07703,Q9ZGI2,1
DB08431,Q9ZGI2,1
DB08759,Q9ZGI2,1
DB03598,Q9ZGI2,0
DB01250,Q9ZGI2,0
DB08680,Q9ZGI2,0
DB04529,P96558,1
DB00852,P96558,0
DB01808,P08692,1
DB03289,P08692,1
DB03352,P08692,1
DB04456,P08692,1
DB08927,P08692,0
DB01646,P08692,0
DB07225,P08692,0
DB07848,P08692,0
DB03995,O69007,1
DB07615,O69007,0
DB02029,P34913,1
DB03677,P34913,1
DB04213,P34913,1
DB06345,P34913,1
DB08256,P34913,1
DB08257,P34913,1
DB08258,P34913,1
DB08259,P34913,1
DB12610,P34913,1
DB02022,P34913,0
DB02182,P34913,0
DB03180,P34913,0
DB12742,P34913,0
DB04424,P34913,0
DB00367,P34913,0
DB03270,P34913,0
DB07341,P34913,0
DB09270,P34913,0
DB02333,Q02169,1
DB01481,Q02169,0
DB12010,Q00537,1
DB02942,Q00537,0
DB01973,P29600,1
DB07342,P29600,0
DB04310,Q9HBH1,1
DB04368,Q9HBH1,1
DB02901,Q9HBH1,0
DB00898,Q9HBH1,0
DB11638,P46940,1
DB03807,P46940,0
DB04552,O60656,1
DB04824,O60656,1
DB07145,O60656,0
DB08393,O60656,0
DB00228,O43526,1
DB00321,O43526,1
DB00939,O43526,1
DB01069,O43526,1
DB01110,O43526,1
DB04953,O43526,1
DB11584,O43526,0
DB01177,O43526,0
DB08864,O43526,0
DB05413,O43526,0
DB06152,O43526,0
DB01814,O43526,0
DB00615,P07900,1
DB00716,P07900,1
DB02359,P07900,1
DB02424,P07900,1
DB02550,P07900,1
DB02754,P07900,1
DB02840,P07900,1
DB03093,P07900,1
DB03137,P07900,1
DB03504,P07900,1
DB03749,P07900,1
DB03809,P07900,1
DB03899,P07900,1
DB04054,P07900,1
DB04216,P07900,1
DB04254,P07900,1
DB04505,P07900,1
DB04588,P07900,1
DB05134,P07900,1
DB06070,P07900,1
DB06956,P07900,1
DB06957,P07900,1
DB06958,P07900,1
DB06961,P07900,1
DB06964,P07900,1
DB06969,P07900,1
DB07100,P07900,1
DB07317,P07900,1
DB07319,P07900,1
DB07324,P07900,1
DB07325,P07900,1
DB07495,P07900,1
DB07502,P07900,1
DB07594,P07900,1
DB07601,P07900,1
DB07877,P07900,1
DB08194,P07900,1
DB08197,P07900,1
DB08436,P07900,1
DB08442,P07900,1
DB08443,P07900,1
DB08557,P07900,1
DB08786,P07900,1
DB08787,P07900,1
DB08788,P07900,1
DB08789,P07900,1
DB09130,P07900,1
DB09221,P07900,1
DB12442,P07900,1
DB11386,P07900,0
DB07202,P07900,0
DB07030,P07900,0
DB01177,P07900,0
DB06587,P07900,0
DB00174,P07900,0
DB02763,P07900,0
DB05642,P07900,0
DB08756,P07900,0
DB00381,P07900,0
DB03421,P07900,0
DB05223,P07900,0
DB04807,P07900,0
DB02821,P07900,0
DB04394,P07900,0
DB00665,P07900,0
DB03079,P07900,0
DB08629,P07900,0
DB08837,P07900,0
DB06207,P07900,0
DB03352,P07900,0
DB01182,P07900,0
DB08238,P07900,0
DB00219,P07900,0
DB03502,P07900,0
DB01039,P07900,0
DB03464,P07900,0
DB02936,P07900,0
DB02690,P07900,0
DB06710,P07900,0
DB03366,P07900,0
DB03834,P07900,0
DB07144,P07900,0
DB00420,P07900,0
DB08124,P07900,0
DB02229,P07900,0
DB03373,P07900,0
DB00295,P07900,0
DB04659,P07900,0
DB02334,P07900,0
DB04747,P07900,0
DB01108,P07900,0
DB06943,P07900,0
DB07113,P07900,0
DB03886,P07900,0
DB07422,P07900,0
DB08572,P07900,0
DB02279,P07900,0
DB03769,P07900,0
DB01717,Q96MA6,1
DB03057,Q96MA6,0
DB01917,P31133,1
DB00152,P31133,0
DB00852,P18850,1
DB03405,P18850,0
DB01133,Q05209,1
DB08153,Q05209,0
DB02580,Q3JWH7,1
DB08622,Q3JWH7,0
DB02362,P20586,1
DB02839,P20586,1
DB03147,P20586,1
DB03482,P20586,1
DB04242,P20586,1
DB00242,P20586,0
DB03587,P20586,0
DB08653,P20586,0
DB08799,P20586,0
DB04790,P20586,0
DB00131,P55263,1
DB07173,P55263,1
DB07280,P55263,1
DB07595,P55263,0
DB02368,P55263,0
DB07755,P55263,0
DB01189,O75185,1
DB07562,O75185,0
DB01992,Q81EE4,1
DB14146,Q81EE4,0
DB02059,P45799,1
DB05966,P45799,0
DB03003,P0A9D2,1
DB04696,P0A9D2,0
DB01975,P83844,1
DB02059,P83844,1
DB01068,P83844,0
DB13643,P83844,0
DB12245,Q24940,1
DB06447,Q24940,0
DB00114,Q8N5Z0,1
DB00142,Q8N5Z0,1
DB00299,Q8N5Z0,0
DB05220,Q8N5Z0,0
DB00201,O76074,1
DB00203,O76074,1
DB00277,O76074,1
DB00820,O76074,1
DB00862,O76074,1
DB00975,O76074,1
DB01972,O76074,1
DB03597,O76074,1
DB06237,O76074,1
DB06246,O76074,1
DB06267,O76074,1
DB07954,O76074,1
DB08729,O76074,1
DB09283,O76074,1
DB12010,O76074,1
DB08549,O76074,0
DB07641,O76074,0
DB08728,O76074,0
DB08572,O76074,0
DB03974,O76074,0
DB15091,O76074,0
DB00951,O76074,0
DB02940,O76074,0
DB04844,O76074,0
DB01091,O76074,0
DB06203,O76074,0
DB07215,O76074,0
DB07420,O76074,0
DB03716,O76074,0
DB01602,O76074,0
DB02709,Q96EB6,1
DB13978,Q96EB6,1
DB15493,Q96EB6,1
DB08462,Q96EB6,0
DB04482,Q96EB6,0
DB04473,Q96EB6,0
DB01017,P45984,1
DB07020,P45984,1
DB12010,P45984,1
DB15624,P45984,1
DB01149,P45984,0
DB08015,P45984,0
DB01948,P45984,0
DB08550,P45984,0
DB12010,O95835,1
DB03185,O95835,0
DB12010,Q9UHD2,1
DB06856,Q9UHD2,0
DB00122,P49585,1
DB14006,P49585,1
DB01668,P49585,0
DB03836,P49585,0
DB00174,Q9H2H9,1
DB00182,Q9H2H9,0
DB00203,Q13956,1
DB00862,Q13956,1
DB09536,Q13956,0
DB08783,Q13956,0
DB01882,P0A079,1
DB02408,P0A079,1
DB04657,P0A079,0
DB08672,P0A079,0
DB01092,P50993,1
DB01934,P50993,0
DB03884,Q7NSZ5,1
DB02007,Q7NSZ5,0
DB04272,P21408,1
DB04013,P21408,0
DB12245,Q6IX08,1
DB04797,Q6IX08,0
DB02912,Q9X4K7,1
DB04207,Q9X4K7,0
DB08848,Q9NSD5,1
DB06691,Q9NSD5,0
DB02210,P01112,1
DB03226,P01112,1
DB04137,P01112,1
DB04315,P01112,1
DB08751,P01112,1
DB07088,P01112,0
DB09232,P01112,0
DB02408,P01112,0
DB00598,P01112,0
DB08008,P01112,0
DB11638,Q8IJT2,1
DB00367,Q8IJT2,0
DB11638,Q8IIR9,1
DB00655,Q8IIR9,0
DB00735,Q14534,1
DB00857,Q14534,1
DB01091,Q14534,1
DB08846,Q14534,1
DB07347,Q14534,0
DB06886,Q14534,0
DB08341,Q14534,0
DB00316,Q14534,0
DB00119,O15427,1
DB03963,O15427,0
DB12010,Q5S007,1
DB03825,Q5S007,0
DB01812,P52848,1
DB01255,P52848,0
DB08848,P48066,1
DB04022,P48066,0
DB02709,P37840,1
DB09130,P37840,1
DB07782,P37840,0
DB01559,P37840,0
DB00186,P47869,1
DB00189,P47869,1
DB00228,P47869,1
DB00231,P47869,1
DB00237,P47869,1
DB00241,P47869,1
DB00252,P47869,1
DB00292,P47869,1
DB00306,P47869,1
DB00312,P47869,1
DB00334,P47869,1
DB00349,P47869,1
DB00371,P47869,1
DB00402,P47869,1
DB00404,P47869,1
DB00418,P47869,1
DB00425,P47869,1
DB00463,P47869,1
DB00475,P47869,1
DB00543,P47869,1
DB00546,P47869,1
DB00555,P47869,1
DB00599,P47869,1
DB00603,P47869,1
DB00628,P47869,1
DB00659,P47869,1
DB00683,P47869,1
DB00690,P47869,1
DB00753,P47869,1
DB00794,P47869,1
DB00801,P47869,1
DB00818,P47869,1
DB00829,P47869,1
DB00842,P47869,1
DB00849,P47869,1
DB00897,P47869,1
DB00898,P47869,1
DB01028,P47869,1
DB01043,P47869,1
DB01068,P47869,1
DB01107,P47869,1
DB01159,P47869,1
DB01189,P47869,1
DB01198,P47869,1
DB01205,P47869,1
DB01215,P47869,1
DB01236,P47869,1
DB01346,P47869,1
DB01351,P47869,1
DB01352,P47869,1
DB01353,P47869,1
DB01354,P47869,1
DB01355,P47869,1
DB01437,P47869,1
DB01483,P47869,1
DB01489,P47869,1
DB01496,P47869,1
DB01511,P47869,1
DB01544,P47869,1
DB01545,P47869,1
DB01553,P47869,1
DB01558,P47869,1
DB01559,P47869,1
DB01567,P47869,1
DB01587,P47869,1
DB01588,P47869,1
DB01589,P47869,1
DB01594,P47869,1
DB01595,P47869,1
DB01708,P47869,1
DB01956,P47869,1
DB04903,P47869,1
DB05087,P47869,1
DB06579,P47869,1
DB09017,P47869,1
DB09118,P47869,1
DB09166,P47869,1
DB11582,P47869,1
DB11859,P47869,1
DB11901,P47869,1
DB12537,P47869,1
DB13335,P47869,1
DB13437,P47869,1
DB13643,P47869,1
DB13837,P47869,1
DB13872,P47869,1
DB13983,P47869,1
DB13994,P47869,1
DB14028,P47869,1
DB14672,P47869,1
DB14715,P47869,1
DB14719,P47869,1
DB15489,P47869,1
DB14033,P47869,0
DB03818,P47869,0
DB07720,P47869,0
DB04389,P47869,0
DB00880,P47869,0
DB07398,P47869,0
DB07901,P47869,0
DB00387,P47869,0
DB04600,P47869,0
DB00825,P47869,0
DB00532,P47869,0
DB01200,P47869,0
DB01289,P47869,0
DB07903,P47869,0
DB07708,P47869,0
DB00338,P47869,0
DB07367,P47869,0
DB07913,P47869,0
DB12731,P47869,0
DB12153,P47869,0
DB03359,P47869,0
DB08698,P47869,0
DB06460,P47869,0
DB03008,P47869,0
DB08277,P47869,0
DB01581,P47869,0
DB02573,P47869,0
DB03977,P47869,0
DB04451,P47869,0
DB05959,P47869,0
DB00234,P47869,0
DB03624,P47869,0
DB06904,P47869,0
DB11577,P47869,0
DB03825,P47869,0
DB04326,P47869,0
DB01328,P47869,0
DB00963,P47869,0
DB07832,P47869,0
DB02805,P47869,0
DB01410,P47869,0
DB04220,P47869,0
DB03390,P47869,0
DB04634,P47869,0
DB08382,P47869,0
DB06536,P47869,0
DB02106,P47869,0
DB02501,P47869,0
DB00511,P47869,0
DB06830,P47869,0
DB01444,P47869,0
DB01211,P47869,0
DB04062,P47869,0
DB01375,P47869,0
DB01647,P47869,0
DB07607,P47869,0
DB08407,P47869,0
DB00303,P47869,0
DB03032,P47869,0
DB04414,P47869,0
DB06947,P47869,0
DB00550,P47869,0
DB00367,P47869,0
DB02032,P47869,0
DB06909,P47869,0
DB03523,P47869,0
DB04106,P47869,0
DB02190,P47869,0
DB07326,P47869,0
DB02816,P47869,0
DB03531,P47869,0
DB02869,P47869,0
DB03919,P47869,0
DB08575,P47869,0
DB08808,P47869,0
DB03259,P47869,0
DB09041,P47869,0
DB04537,P47869,0
DB08083,P47869,0
DB04166,P47869,0
DB00468,P47869,0
DB08839,P47869,0
DB00399,P47869,0
DB00664,P47869,0
DB00318,P47869,0
DB02152,P47869,0
DB00928,P47869,0
DB02995,P47869,0
DB08627,P47869,0
DB04623,P47869,0
DB13781,P47869,0
DB07161,P47869,0
DB03133,P47869,0
DB00172,O43272,1
DB01877,O43272,0
DB01863,Q99418,1
DB01942,Q99418,1
DB03401,Q99418,1
DB04530,Q99418,1
DB07348,Q99418,1
DB00245,Q99418,0
DB04655,Q99418,0
DB08086,Q99418,0
DB03863,Q99418,0
DB07378,Q99418,0
DB02111,Q27743,1
DB02401,Q27743,1
DB03162,Q27743,1
DB03940,Q27743,1
DB04640,Q27743,1
DB04641,Q27743,1
DB11638,Q27743,1
DB01014,Q27743,0
DB02651,Q27743,0
DB02474,Q27743,0
DB13949,Q27743,0
DB04119,Q27743,0
DB02434,Q27743,0
DB08655,Q27743,0
DB07497,A0A0H3JRU9,1
DB14491,A0A0H3JRU9,0
DB00514,P15153,1
DB08615,P15153,0
DB02032,O08498,1
DB04363,O08498,0
DB08818,O75330,1
DB01041,O75330,0
DB00131,Q07343,1
DB00201,Q07343,1
DB00277,Q07343,1
DB00651,Q07343,1
DB00824,Q07343,1
DB01088,Q07343,1
DB01113,Q07343,1
DB01412,Q07343,1
DB01427,Q07343,1
DB01647,Q07343,1
DB01656,Q07343,1
DB01791,Q07343,1
DB01954,Q07343,1
DB01959,Q07343,1
DB02660,Q07343,1
DB03349,Q07343,1
DB03606,Q07343,1
DB03807,Q07343,1
DB03849,Q07343,1
DB04149,Q07343,1
DB04530,Q07343,1
DB05219,Q07343,1
DB05266,Q07343,1
DB06909,Q07343,1
DB08299,Q07343,1
DB09283,Q07343,1
DB07760,Q07343,0
DB08383,Q07343,0
DB11831,Q07343,0
DB00582,Q07343,0
DB04106,Q07343,0
DB04105,Q07343,0
DB06955,Q07343,0
DB08801,Q07343,0
DB08871,Q07343,0
DB02461,Q07343,0
DB03672,Q07343,0
DB00993,Q07343,0
DB07501,Q07343,0
DB00644,Q07343,0
DB01176,Q07343,0
DB08568,Q07343,0
DB07632,Q07343,0
DB04598,Q07343,0
DB06802,Q07343,0
DB03471,Q07343,0
DB08053,Q07343,0
DB03379,Q07343,0
DB04972,Q07343,0
DB01594,Q07343,0
DB07356,Q07343,0
DB03953,Q07343,0
DB03247,P0A3D9,1
DB05984,P0A3D9,0
DB01050,P07359,1
DB09213,P07359,1
DB11737,P07359,0
DB15091,P07359,0
DB08272,Q9A1B7,1
DB08791,Q9A1B7,0
DB02726,P00512,1
DB04493,P00512,1
DB04197,P00512,0
DB02729,P00512,0
DB00142,Q05329,1
DB01045,Q05329,0
DB12010,O14730,1
DB07370,O14730,0
DB08818,P10915,1
DB00970,P10915,0
DB01254,Q06187,1
DB01863,Q06187,1
DB09053,Q06187,1
DB11703,Q06187,1
DB12010,Q06187,1
DB15035,Q06187,1
DB08309,Q06187,0
DB02579,Q06187,0
DB03867,Q06187,0
DB08180,Q06187,0
DB07932,Q06187,0
DB07792,Q06187,0
DB00367,P18405,1
DB00421,P18405,1
DB01126,P18405,1
DB01216,P18405,1
DB09389,P18405,1
DB09082,P18405,0
DB04739,P18405,0
DB08247,P18405,0
DB00665,P18405,0
DB00635,P18405,0
DB00157,P07864,1
DB03221,P07864,0
DB03340,P45494,1
DB06832,P45494,0
DB06616,P36507,1
DB08911,P36507,1
DB11689,P36507,1
DB11967,P36507,1
DB12010,P36507,1
DB01439,P36507,0
DB08954,P36507,0
DB02934,P36507,0
DB08618,P36507,0
DB02518,P36507,0
DB03403,Q8RQP5,1
DB04555,Q8RQP5,1
DB01086,Q8RQP5,0
DB02766,Q8RQP5,0
DB04450,P0A6A8,1
DB08404,P0A6A8,1
DB08405,P0A6A8,1
DB03966,P0A6A8,0
DB02856,P0A6A8,0
DB01671,P0A6A8,0
DB03317,P14532,1
DB08667,P14532,0
DB04315,Q01698,1
DB08185,Q01698,1
DB04798,Q01698,0
DB01959,Q01698,0
DB00228,P22459,1
DB01069,P22459,1
DB01110,P22459,1
DB02299,P22459,1
DB06637,P22459,1
DB04168,P22459,0
DB00483,P22459,0
DB08130,P22459,0
DB04513,P22459,0
DB01330,P22459,0
DB03716,Q70GK9,1
DB07170,Q70GK9,1
DB01110,Q70GK9,0
DB01213,Q70GK9,0
DB12010,P21709,1
DB07721,P21709,0
DB03481,Q9FA38,1
DB05395,Q9FA38,0
DB14001,Q13574,1
DB06991,Q13574,0
DB12010,Q6P3R8,1
DB12548,Q6P3R8,0
DB12340,Q92843,1
DB06457,Q92843,0
DB09130,Q08288,1
DB04124,Q08288,0
DB04315,P41091,1
DB12339,P41091,0
DB00157,P17568,1
DB00918,P17568,0
DB05047,P23560,1
DB09130,P23560,1
DB11823,P23560,1
DB08648,P23560,0
DB07781,P23560,0
DB01167,P23560,0
DB00143,P35754,1
DB01785,P35754,0
DB00123,Q15046,1
DB03385,Q15046,0
DB01593,P07358,1
DB09130,P07358,1
DB14487,P07358,1
DB08010,P07358,0
DB03010,P07358,0
DB00147,P07358,0
DB00142,Q14831,1
DB04783,Q14831,0
DB02007,P54716,1
DB08248,P54716,0
DB01197,P09960,1
DB02062,P09960,1
DB02352,P09960,1
DB03366,P09960,1
DB03424,P09960,1
DB06828,P09960,1
DB06851,P09960,1
DB06917,P09960,1
DB07094,P09960,1
DB07099,P09960,1
DB07102,P09960,1
DB07104,P09960,1
DB07196,P09960,1
DB07237,P09960,1
DB07258,P09960,1
DB07259,P09960,1
DB07260,P09960,1
DB07292,P09960,1
DB08040,P09960,1
DB08466,P09960,1
DB11781,P09960,1
DB05003,P09960,0
DB08341,P09960,0
DB04847,P09960,0
DB13953,P09960,0
DB08165,P09960,0
DB01142,P09960,0
DB04752,P09960,0
DB07712,P09960,0
DB00456,P09960,0
DB00764,P09960,0
DB11348,P09960,0
DB01160,P09960,0
DB01422,P09960,0
DB08142,P09960,0
DB08806,P09960,0
DB07024,P09960,0
DB02335,P09960,0
DB03153,P09960,0
DB02119,P09960,0
DB06961,P09960,0
DB03199,P09960,0
DB00239,Q04782,1
DB01622,Q04782,0
DB03317,Q9L915,1
DB07255,Q9L915,0
DB04147,P42512,1
DB03880,P42512,0
DB00142,Q13224,1
DB00193,Q13224,1
DB00228,Q13224,1
DB00289,Q13224,1
DB00312,Q13224,1
DB00333,Q13224,1
DB00418,Q13224,1
DB00454,Q13224,1
DB00502,Q13224,1
DB00659,Q13224,1
DB00843,Q13224,1
DB00874,Q13224,1
DB00949,Q13224,1
DB01043,Q13224,1
DB01174,Q13224,1
DB01238,Q13224,1
DB01520,Q13224,1
DB01708,Q13224,1
DB01956,Q13224,1
DB04896,Q13224,1
DB05956,Q13224,1
DB06077,Q13224,1
DB06151,Q13224,1
DB06738,Q13224,1
DB06741,Q13224,1
DB08954,Q13224,1
DB09409,Q13224,1
DB09481,Q13224,1
DB11823,Q13224,1
DB13146,Q13224,1
DB09102,Q13224,0
DB02184,Q13224,0
DB09460,Q13224,0
DB04599,Q13224,0
DB06726,Q13224,0
DB03686,Q13224,0
DB07127,Q13224,0
DB05431,Q13224,0
DB06185,Q13224,0
DB07701,Q13224,0
DB06898,Q13224,0
DB04601,Q13224,0
DB07491,Q13224,0
DB06962,Q13224,0
DB04414,Q13224,0
DB03899,Q13224,0
DB02401,Q13224,0
DB04575,Q13224,0
DB02588,Q13224,0
DB00348,Q13224,0
DB02133,Q13224,0
DB00156,Q13224,0
DB03775,Q13224,0
DB02617,Q13224,0
DB00115,Q13224,0
DB03767,Q13224,0
DB02666,Q13224,0
DB02049,Q13224,0
DB06021,Q13224,0
DB07408,Q13224,0
DB12965,P07438,1
DB03335,P07438,0
DB08515,P28072,1
DB05786,P28072,0
DB00153,Q13698,1
DB00228,Q13698,1
DB00243,Q13698,1
DB00252,Q13698,1
DB00270,Q13698,1
DB00273,Q13698,1
DB00393,Q13698,1
DB00401,Q13698,1
DB00421,Q13698,1
DB00568,Q13698,1
DB00653,Q13698,1
DB00825,Q13698,1
DB00898,Q13698,1
DB01023,Q13698,1
DB01054,Q13698,1
DB01110,Q13698,1
DB01115,Q13698,1
DB01118,Q13698,1
DB01388,Q13698,1
DB04855,Q13698,1
DB04920,Q13698,1
DB06712,Q13698,1
DB09089,Q13698,1
DB09090,Q13698,1
DB09229,Q13698,1
DB09231,Q13698,1
DB09232,Q13698,1
DB09236,Q13698,1
DB09238,Q13698,1
DB11148,Q13698,1
DB00623,Q13698,0
DB03813,Q13698,0
DB07834,Q13698,0
DB07633,Q13698,0
DB07137,Q13698,0
DB02919,Q13698,0
DB01810,Q13698,0
DB08897,Q13698,0
DB04643,Q13698,0
DB07895,Q13698,0
DB01178,Q13698,0
DB08230,Q13698,0
DB14058,Q13698,0
DB14914,Q13698,0
DB03753,Q13698,0
DB06957,Q13698,0
DB00670,Q13698,0
DB04377,Q13698,0
DB06506,Q13698,0
DB12093,Q13698,0
DB11676,Q13698,0
DB03978,Q13698,0
DB01142,Q13698,0
DB06156,Q13698,0
DB05171,Q13698,0
DB03115,Q13698,0
DB04050,Q13698,0
DB02892,Q13698,0
DB06960,Q13698,0
DB03980,Q13698,0
DB00157,P56181,1
DB09270,P56181,1
DB07501,P56181,0
DB04566,P56181,0
DB00128,Q6PI48,1
DB06152,Q6PI48,0
DB03435,Q8T8E9,1
DB11587,Q8T8E9,0
DB00277,P09874,1
DB01593,P09874,1
DB02498,P09874,1
DB02690,P09874,1
DB02701,P09874,1
DB03072,P09874,1
DB03073,P09874,1
DB03509,P09874,1
DB03722,P09874,1
DB04010,P09874,1
DB07096,P09874,1
DB07232,P09874,1
DB07330,P09874,1
DB07787,P09874,1
DB09074,P09874,1
DB11760,P09874,1
DB11793,P09874,1
DB12332,P09874,1
DB13877,P09874,1
DB14487,P09874,1
DB14533,P09874,1
DB04041,P09874,0
DB01081,P09874,0
DB08318,P09874,0
DB02860,P09874,0
DB03657,P09874,0
DB01426,P09874,0
DB12364,P09874,0
DB03372,P09874,0
DB01789,P09874,0
DB08238,P09874,0
DB00648,P09874,0
DB08761,P09874,0
DB02900,P09874,0
DB08147,P09874,0
DB00093,P09874,0
DB08330,P09874,0
DB06771,P09874,0
DB01007,P09874,0
DB03000,P09874,0
DB09371,P09874,0
DB07180,P09874,0
DB07637,P19235,1
DB04419,P19235,0
DB02043,P43457,1
DB02686,P43457,1
DB00150,P43457,0
DB04106,P43457,0
DB12010,Q8IY84,1
DB06872,Q8IY84,0
DB00114,Q9BXA1,1
DB01256,Q9BXA1,0
DB00143,P28161,1
DB02458,P28161,1
DB03310,P28161,1
DB04701,P28161,1
DB03934,P28161,0
DB05339,P28161,0
DB01771,P28161,0
DB00883,P28161,0
DB04687,Q93LD7,1
DB07674,Q93LD7,1
DB07721,Q93LD7,1
DB03057,Q93LD7,0
DB02187,Q93LD7,0
DB09013,Q93LD7,0
DB12010,Q86V86,1
DB08013,Q86V86,0
DB01864,P62330,1
DB04315,P62330,1
DB08231,P62330,1
DB02918,P62330,0
DB02259,P62330,0
DB03725,P62330,0
DB05171,Q9NZ42,1
DB05913,Q9NZ42,0
DB02451,Q5SJ80,1
DB02281,Q5SJ80,0
DB00163,Q9UDX4,1
DB14001,Q9UDX4,1
DB14002,Q9UDX4,1
DB00668,Q9UDX4,0
DB03455,Q9UDX4,0
DB02772,Q9UDX4,0
DB04272,C7C422,1
DB03024,C7C422,0
DB01839,Q8GEZ8,1
DB01721,Q8GEZ8,0
DB01709,Q07412,1
DB01779,Q07412,1
DB02515,Q07412,1
DB02726,Q07412,1
DB02951,Q07412,1
DB04510,Q07412,1
DB01764,Q07412,0
DB04733,Q07412,0
DB02424,Q07412,0
DB02283,Q07412,0
DB01267,Q07412,0
DB11324,Q07412,0
DB08185,Q5SHP2,1
DB00190,Q5SHP2,0
DB01642,Q79G13,1
DB02379,Q79G13,1
DB02467,Q79G13,1
DB03584,Q79G13,1
DB04545,Q79G13,1
DB06263,Q79G13,0
DB00684,Q79G13,0
DB07126,Q79G13,0
DB02458,Q79G13,0
DB00604,Q79G13,0
DB00157,P40925,1
DB03461,P40925,1
DB11638,P40925,1
DB04465,P40925,0
DB07952,P40925,0
DB11740,P40925,0
DB00114,P20132,1
DB00133,P20132,1
DB00656,P20132,0
DB02509,P20132,0
DB00157,Q9UI09,1
DB07623,Q9UI09,0
DB02900,P11717,1
DB09006,P11717,0
DB00255,O95718,1
DB01645,O95718,1
DB07776,O95718,1
DB09217,O95718,0
DB02812,O95718,0
DB08305,O95718,0
DB00114,Q96I15,1
DB05339,Q96I15,0
DB07445,O25928,1
DB02538,O25928,0
DB00419,Q16739,1
DB09039,Q16739,1
DB07849,Q16739,0
DB07313,Q16739,0
DB01775,P45510,1
DB04395,P45510,1
DB08761,P45510,0
DB00250,P45510,0
DB02994,P11488,1
DB04315,P11488,1
DB04444,P11488,1
DB00091,P11488,0
DB00257,P11488,0
DB07646,P11488,0
DB00157,P05091,1
DB00536,P05091,1
DB00822,P05091,1
DB02115,P05091,1
DB04381,P05091,1
DB00395,P05091,0
DB08809,P05091,0
DB07276,P05091,0
DB06879,P05091,0
DB08689,P05091,0
DB01782,Q9UQF2,1
DB07218,Q9UQF2,1
DB07272,Q9UQF2,1
DB07276,Q9UQF2,1
DB11157,Q9UQF2,1
DB01657,Q9UQF2,0
DB04081,Q9UQF2,0
DB14530,Q9UQF2,0
DB02308,Q9UQF2,0
DB00424,Q9UQF2,0
DB02494,P84098,1
DB07374,P84098,1
DB08437,P84098,1
DB08310,P84098,0
DB02396,P84098,0
DB15566,P84098,0
DB04464,P29377,1
DB04083,P29377,0
DB01861,Q14376,1
DB02196,Q14376,1
DB03041,Q14376,1
DB03095,Q14376,1
DB03397,Q14376,1
DB03501,Q14376,1
DB01151,Q14376,0
DB07983,Q14376,0
DB02142,Q14376,0
DB00737,Q14376,0
DB03991,Q14376,0
DB07663,Q14376,0
DB03868,Q48255,1
DB04698,Q48255,1
DB02793,Q48255,0
DB00067,Q48255,0
DB02930,P54278,1
DB08528,P54278,0
DB06903,Q82IZ1,1
DB03812,Q82IZ1,0
DB03461,Q9GV41,1
DB04272,Q9GV41,1
DB08599,Q9GV41,0
DB02838,Q9GV41,0
DB02772,Q9L5C7,1
DB04035,Q9L5C7,1
DB09060,Q9L5C7,1
DB12107,Q9L5C7,1
DB12377,Q9L5C7,1
DB03974,Q9L5C7,0
DB00239,Q9L5C7,0
DB00568,Q9L5C7,0
DB03505,Q9L5C7,0
DB07385,Q9L5C7,0
DB03904,P00378,1
DB07841,P00378,0
DB02659,Q8TDU6,1
DB03619,Q8TDU6,1
DB06777,Q8TDU6,1
DB05790,Q8TDU6,0
DB00163,Q8TDU6,0
DB08250,Q8TDU6,0
DB01665,P07477,1
DB01705,P07477,1
DB01725,P07477,1
DB01737,P07477,1
DB01741,P07477,1
DB01745,P07477,1
DB01767,P07477,1
DB01771,P07477,1
DB01805,P07477,1
DB01836,P07477,1
DB01876,P07477,1
DB01905,P07477,1
DB01939,P07477,1
DB02045,P07477,1
DB02063,P07477,1
DB02081,P07477,1
DB02084,P07477,1
DB02112,P07477,1
DB02269,P07477,1
DB02287,P07477,1
DB02288,P07477,1
DB02354,P07477,1
DB02366,P07477,1
DB02435,P07477,1
DB02463,P07477,1
DB02464,P07477,1
DB02526,P07477,1
DB02665,P07477,1
DB02744,P07477,1
DB02812,P07477,1
DB02875,P07477,1
DB02989,P07477,1
DB03016,P07477,1
DB03081,P07477,1
DB03127,P07477,1
DB03136,P07477,1
DB03159,P07477,1
DB03173,P07477,1
DB03213,P07477,1
DB03243,P07477,1
DB03251,P07477,1
DB03337,P07477,1
DB03373,P07477,1
DB03374,P07477,1
DB03417,P07477,1
DB03443,P07477,1
DB03555,P07477,1
DB03595,P07477,1
DB03608,P07477,1
DB03643,P07477,1
DB03865,P07477,1
DB03876,P07477,1
DB03976,P07477,1
DB04008,P07477,1
DB04107,P07477,1
DB04125,P07477,1
DB04215,P07477,1
DB04238,P07477,1
DB04246,P07477,1
DB04269,P07477,1
DB04301,P07477,1
DB04311,P07477,1
DB04325,P07477,1
DB04336,P07477,1
DB04391,P07477,1
DB04410,P07477,1
DB04424,P07477,1
DB04432,P07477,1
DB04442,P07477,1
DB04446,P07477,1
DB04470,P07477,1
DB04563,P07477,1
DB04654,P07477,1
DB04790,P07477,1
DB04791,P07477,1
DB04792,P07477,1
DB04793,P07477,1
DB06840,P07477,1
DB06845,P07477,1
DB06850,P07477,1
DB06853,P07477,1
DB06855,P07477,1
DB06858,P07477,1
DB06918,P07477,1
DB06923,P07477,1
DB07088,P07477,1
DB07091,P07477,1
DB07095,P07477,1
DB07131,P07477,1
DB07229,P07477,1
DB07368,P07477,1
DB07491,P07477,1
DB07985,P07477,1
DB08184,P07477,1
DB08254,P07477,1
DB08420,P07477,1
DB08763,P07477,1
DB12598,P07477,1
DB13729,P07477,1
DB07356,P07477,0
DB01295,P07477,0
DB01364,P07477,0
DB08659,P07477,0
DB07203,P07477,0
DB07324,P07477,0
DB08576,P07477,0
DB07482,P07477,0
DB03893,P07477,0
DB00651,P07477,0
DB01941,P07477,0
DB07960,P07477,0
DB03063,P07477,0
DB01966,P07477,0
DB07826,P07477,0
DB07688,P07477,0
DB04425,P07477,0
DB07574,P07477,0
DB04430,P07477,0
DB04426,P07477,0
DB06898,P07477,0
DB03325,P07477,0
DB01890,P07477,0
DB00664,P07477,0
DB03881,P07477,0
DB00469,P07477,0
DB02481,P07477,0
DB01251,P07477,0
DB08457,P07477,0
DB06494,P07477,0
DB05234,P07477,0
DB01033,P07477,0
DB01652,P07477,0
DB07398,P07477,0
DB03162,P07477,0
DB04777,P07477,0
DB07854,P07477,0
DB04126,P07477,0
DB03177,P07477,0
DB01483,P07477,0
DB07923,P07477,0
DB04655,P07477,0
DB03227,P07477,0
DB02704,P07477,0
DB08864,P07477,0
DB00369,P07477,0
DB03481,P07477,0
DB00534,P07477,0
DB02873,P07477,0
DB06274,P07477,0
DB08582,P07477,0
DB00827,P07477,0
DB00545,P07477,0
DB07483,P07477,0
DB11761,P07477,0
DB04230,P07477,0
DB03276,P07477,0
DB00558,P07477,0
DB07765,P07477,0
DB00486,P07477,0
DB14539,P07477,0
DB06587,P07477,0
DB07101,P07477,0
DB01854,P07477,0
DB04629,P07477,0
DB07389,P07477,0
DB06961,P07477,0
DB03035,P07477,0
DB04742,P07477,0
DB00188,P07477,0
DB08868,P07477,0
DB02649,P07477,0
DB08181,P07477,0
DB00419,P07477,0
DB06971,P07477,0
DB11367,P07477,0
DB07495,P07477,0
DB02391,P07477,0
DB05792,P07477,0
DB04512,P07477,0
DB14575,P07477,0
DB01209,P07477,0
DB07067,P07477,0
DB14754,P07477,0
DB08737,P07477,0
DB02869,P07477,0
DB08110,P07477,0
DB03754,P07477,0
DB08198,P07477,0
DB08438,P07477,0
DB09203,P07477,0
DB00379,P07477,0
DB02976,P07477,0
DB02754,P07477,0
DB00106,P07477,0
DB05035,P07477,0
DB00944,P07477,0
DB07341,P07477,0
DB13165,P07477,0
DB04315,P62826,1
DB07046,P62826,0
DB01810,P25779,1
DB01871,P25779,1
DB02051,P25779,1
DB02128,P25779,1
DB02200,P25779,1
DB03536,P25779,1
DB03573,P25779,1
DB03691,P25779,1
DB04427,P25779,1
DB04502,P25779,1
DB08309,P25779,0
DB02014,P25779,0
DB08154,P25779,0
DB07410,P25779,0
DB00282,P25779,0
DB08528,P25779,0
DB13345,P25779,0
DB02395,P25779,0
DB07676,P25779,0
DB07870,P25779,0
DB00768,P04271,1
DB01373,P04271,1
DB04464,P04271,1
DB05343,P04271,1
DB06941,P04271,1
DB07004,P04271,1
DB11093,P04271,1
DB11348,P04271,1
DB14481,P04271,1
DB06448,P04271,0
DB07969,P04271,0
DB07184,P04271,0
DB04220,P04271,0
DB03496,P04271,0
DB00415,P04271,0
DB00892,P04271,0
DB04888,P04271,0
DB06454,P04271,0
DB03317,P00136,1
DB08141,P00136,0
DB03297,Q53547,1
DB08013,Q53547,0
DB11093,P06703,1
DB11348,P06703,1
DB14481,P06703,1
DB01642,P06703,0
DB04125,P06703,0
DB01979,P06703,0
DB01915,P02689,1
DB03796,P02689,1
DB04147,P02689,1
DB04224,P02689,1
DB02339,P02689,0
DB06209,P02689,0
DB06195,P02689,0
DB08403,P02689,0
DB00114,Q96A70,1
DB00125,Q96A70,1
DB01394,Q96A70,0
DB13873,Q96A70,0
DB00163,P23743,1
DB14001,P23743,1
DB03651,P23743,0
DB00845,P23743,0
DB12010,Q8IW41,1
DB02706,Q8IW41,0
DB03088,Q03403,1
DB08199,Q03403,0
DB00355,P42971,1
DB00493,P42971,1
DB01598,P42971,1
DB04570,P42971,1
DB04196,P42971,0
DB06684,P42971,0
DB03003,P42971,0
DB04208,P42971,0
DB00212,P00797,1
DB00350,P00797,1
DB00722,P00797,1
DB01844,P00797,1
DB02296,P00797,1
DB02803,P00797,1
DB03024,P00797,1
DB03395,P00797,1
DB03736,P00797,1
DB03968,P00797,1
DB04379,P00797,1
DB04387,P00797,1
DB06899,P00797,1
DB06967,P00797,1
DB07059,P00797,1
DB07113,P00797,1
DB07174,P00797,1
DB07244,P00797,1
DB08099,P00797,1
DB09026,P00797,1
DB12960,P00797,0
DB01339,P00797,0
DB00431,P00797,0
DB03335,P00797,0
DB06414,P00797,0
DB07103,P00797,0
DB00776,P00797,0
DB08128,P00797,0
DB04080,P00797,0
DB06821,P00797,0
DB04172,P00797,0
DB06144,P00797,0
DB01214,P00797,0
DB06698,P00797,0
DB12200,P00797,0
DB08572,P00797,0
DB07959,P00797,0
DB07567,P00797,0
DB00522,P00797,0
DB06966,P00797,0
DB03374,Q9KFR4,1
DB06838,Q9KFR4,0
DB01536,Q00441,1
DB03369,Q00441,1
DB04070,Q00441,1
DB06082,Q00441,0
DB00972,Q00441,0
DB07518,Q00441,0
DB00783,Q14457,1
DB13952,Q14457,1
DB13953,Q14457,1
DB13954,Q14457,1
DB13955,Q14457,1
DB13956,Q14457,1
DB03662,Q14457,0
DB07851,Q14457,0
DB00985,Q14457,0
DB07346,Q14457,0
DB07431,Q14457,0
DB01663,Q14457,0
DB11638,P08670,1
DB12695,P08670,1
DB03540,P08670,0
DB00159,P08670,0
DB01818,P11226,1
DB01979,P11226,1
DB02837,P11226,1
DB03194,P11226,1
DB03721,P11226,1
DB03879,P11226,1
DB04426,P11226,1
DB01752,P11226,0
DB00813,P11226,0
DB08586,P11226,0
DB07538,P11226,0
DB00634,P11226,0
DB13978,P11226,0
DB03753,P11226,0
DB00116,P48728,1
DB00157,P48728,1
DB04789,P48728,1
DB07675,P48728,0
DB07251,P48728,0
DB06993,P48728,0
DB03461,Q9X0A2,1
DB02560,Q9X0A2,0
DB08818,Q9BZV3,1
DB00529,Q9BZV3,0
DB01017,P53778,1
DB02482,P53778,1
DB04395,P53778,1
DB05403,P53778,1
DB02990,P53778,0
DB03804,P53778,0
DB08012,P53778,0
DB03147,P53778,0
DB03366,Q12965,1
DB00151,Q12965,0
DB00126,Q8IVL5,1
DB00172,Q8IVL5,1
DB04272,Q8IVL5,0
DB00382,Q8IVL5,0
DB00246,P34969,1
DB00247,P34969,1
DB00248,P34969,1
DB00315,P34969,1
DB00321,P34969,1
DB00363,P34969,1
DB00408,P34969,1
DB00434,P34969,1
DB00458,P34969,1
DB00477,P34969,1
DB00502,P34969,1
DB00543,P34969,1
DB00589,P34969,1
DB00715,P34969,1
DB00734,P34969,1
DB00751,P34969,1
DB00924,P34969,1
DB00934,P34969,1
DB00988,P34969,1
DB01200,P34969,1
DB01224,P34969,1
DB01238,P34969,1
DB01239,P34969,1
DB01267,P34969,1
DB04946,P34969,1
DB04948,P34969,1
DB06148,P34969,1
DB06216,P34969,1
DB06288,P34969,1
DB08815,P34969,1
DB09068,P34969,1
DB09225,P34969,1
DB09304,P34969,1
DB11273,P34969,1
DB12141,P34969,1
DB13025,P34969,1
DB13345,P34969,1
DB13988,P34969,1
DB14185,P34969,1
DB08710,P34969,0
DB01822,P34969,0
DB06829,P34969,0
DB07854,P34969,0
DB00256,P34969,0
DB02763,P34969,0
DB03484,P34969,0
DB01905,P34969,0
DB05035,P34969,0
DB00469,P34969,0
DB08262,P34969,0
DB08607,P34969,0
DB01081,P34969,0
DB09014,P34969,0
DB01565,P34969,0
DB04544,P34969,0
DB04340,P34969,0
DB02404,P34969,0
DB02326,P34969,0
DB04017,P34969,0
DB02773,P34969,0
DB00524,P34969,0
DB01842,P34969,0
DB08392,P34969,0
DB02505,P34969,0
DB08375,P34969,0
DB07388,P34969,0
DB09099,P34969,0
DB07673,P34969,0
DB07711,P34969,0
DB01992,P34969,0
DB03604,P34969,0
DB03964,P34969,0
DB02381,P34969,0
DB13867,P34969,0
DB08605,P34969,0
DB03748,P34969,0
DB08558,P34969,0
DB02373,P34969,0
DB03088,O43612,1
DB04220,O43612,0
DB00132,Q8NER1,1
DB00159,Q8NER1,1
DB00168,Q8NER1,1
DB00193,Q8NER1,1
DB00316,Q8NER1,1
DB01744,Q8NER1,1
DB02955,Q8NER1,1
DB06515,Q8NER1,1
DB06774,Q8NER1,1
DB09061,Q8NER1,1
DB09120,Q8NER1,1
DB09288,Q8NER1,1
DB11324,Q8NER1,1
DB11345,Q8NER1,1
DB14011,Q8NER1,1
DB14050,Q8NER1,1
DB08185,Q8NER1,0
DB08637,Q8NER1,0
DB08088,Q8NER1,0
DB07706,Q8NER1,0
DB13520,Q8NER1,0
DB12129,Q8NER1,0
DB02215,Q8NER1,0
DB00607,Q8NER1,0
DB07838,Q8NER1,0
DB08593,Q8NER1,0
DB03064,Q8NER1,0
DB06623,Q8NER1,0
DB11811,Q8NER1,0
DB03480,Q8NER1,0
DB01025,Q8NER1,0
DB00821,Q8NER1,0
DB01752,O87696,1
DB01843,O87696,0
DB00795,P24557,1
DB01207,P24557,1
DB03052,P24557,1
DB01569,P24557,0
DB00937,P24557,0
DB06934,P24557,0
DB03813,P0A6Q5,1
DB02180,P0A6Q5,0
DB12010,Q8IVH8,1
DB01401,Q8IVH8,0
DB01373,P12644,1
DB02497,P12644,0
DB01069,P41231,1
DB04786,P41231,1
DB04983,P41231,1
DB01158,P41231,0
DB00800,P41231,0
DB03593,P41231,0
DB12010,P42679,1
DB07486,P42679,0
DB00131,Q13131,1
DB00171,Q13131,1
DB00914,Q13131,1
DB00945,Q13131,1
DB12010,Q13131,1
DB03416,Q13131,0
DB02929,Q13131,0
DB07586,Q13131,0
DB07755,Q13131,0
DB04466,Q13131,0
DB00192,Q14524,1
DB00243,Q14524,1
DB00252,Q14524,1
DB00273,Q14524,1
DB00280,Q14524,1
DB00281,Q14524,1
DB00313,Q14524,1
DB00379,Q14524,1
DB00473,Q14524,1
DB00527,Q14524,1
DB00532,Q14524,1
DB00555,Q14524,1
DB00564,Q14524,1
DB00680,Q14524,1
DB00740,Q14524,1
DB00750,Q14524,1
DB00754,Q14524,1
DB00776,Q14524,1
DB00868,Q14524,1
DB00907,Q14524,1
DB00908,Q14524,1
DB00909,Q14524,1
DB01035,Q14524,1
DB01056,Q14524,1
DB01069,Q14524,1
DB01182,Q14524,1
DB01195,Q14524,1
DB01228,Q14524,1
DB01320,Q14524,1
DB01346,Q14524,1
DB01426,Q14524,1
DB01429,Q14524,1
DB04855,Q14524,1
DB05541,Q14524,1
DB06217,Q14524,1
DB09085,Q14524,1
DB09088,Q14524,1
DB09342,Q14524,1
DB09345,Q14524,1
DB11186,Q14524,1
DB11633,Q14524,1
DB13269,Q14524,1
DB02667,Q14524,0
DB04315,Q14524,0
DB06788,Q14524,0
DB08076,Q14524,0
DB02026,Q14524,0
DB11817,Q14524,0
DB09304,Q14524,0
DB06124,Q14524,0
DB00914,Q14524,0
DB09225,Q14524,0
DB04257,Q14524,0
DB03196,Q14524,0
DB09290,Q14524,0
DB08365,Q14524,0
DB00146,Q14524,0
DB00624,Q14524,0
DB08549,Q14524,0
DB08214,Q14524,0
DB08371,Q14524,0
DB02602,Q14524,0
DB04076,Q14524,0
DB03842,Q14524,0
DB02228,Q14524,0
DB02896,Q14524,0
DB01738,Q14524,0
DB08641,Q14524,0
DB00719,Q14524,0
DB07700,Q14524,0
DB03614,Q14524,0
DB00458,Q14524,0
DB00896,Q14524,0
DB05607,Q14524,0
DB07923,Q14524,0
DB02060,Q14524,0
DB07030,Q14524,0
DB00387,Q14524,0
DB07821,Q14524,0
DB04912,Q14524,0
DB03833,Q14524,0
DB07492,Q14524,0
DB08412,Q14524,0
DB04392,Q14524,0
DB03317,P11712,1
DB11994,P11712,1
DB12319,P11712,1
DB03394,P11712,0
DB01861,P11712,0
DB08498,P11712,0
DB03017,P41235,1
DB08231,P41235,1
DB14914,P41235,0
DB03771,P41235,0
DB04315,P51149,1
DB04022,P51149,0
DB01593,P25713,1
DB12965,P25713,1
DB14487,P25713,1
DB14533,P25713,1
DB09123,P25713,0
DB03932,P25713,0
DB01633,P25713,0
DB02930,P25713,0
DB00817,P0AES6,1
DB03966,P0AES6,1
DB04395,P0AES6,1
DB00162,P0AES6,0
DB09112,P0AES6,0
DB07692,P0AES6,0
DB01958,Q86XF0,1
DB02001,Q86XF0,1
DB02402,Q86XF0,1
DB04163,Q86XF0,1
DB04306,Q86XF0,1
DB07862,Q86XF0,1
DB08203,Q86XF0,1
DB12116,Q86XF0,1
DB07508,Q86XF0,0
DB00468,Q86XF0,0
DB03252,Q86XF0,0
DB04525,Q86XF0,0
DB02531,Q86XF0,0
DB04244,Q86XF0,0
DB02181,Q86XF0,0
DB08663,Q86XF0,0
DB01727,P08200,1
DB02190,P08200,1
DB03461,P08200,1
DB04279,P08200,1
DB02113,P08200,0
DB08228,P08200,0
DB08027,P08200,0
DB07993,P08200,0
DB04716,P52333,1
DB06321,P52333,1
DB08895,P52333,1
DB11817,P52333,1
DB12010,P52333,1
DB15035,P52333,1
DB01115,P52333,0
DB07859,P52333,0
DB07010,P52333,0
DB00603,P52333,0
DB02524,P52333,0
DB04878,P52333,0
DB00173,Q8RLY5,1
DB02168,Q8RLY5,1
DB02753,Q8RLY5,1
DB03371,Q8RLY5,1
DB01262,Q8RLY5,0
DB06710,Q8RLY5,0
DB05339,Q8RLY5,0
DB07105,Q8RLY5,0
DB00122,P36544,1
DB00184,P36544,1
DB00237,P36544,1
DB00241,P36544,1
DB00306,P36544,1
DB00312,P36544,1
DB00333,P36544,1
DB00418,P36544,1
DB00463,P36544,1
DB00514,P36544,1
DB00599,P36544,1
DB00657,P36544,1
DB00674,P36544,1
DB00794,P36544,1
DB00849,P36544,1
DB00898,P36544,1
DB00915,P36544,1
DB01174,P36544,1
DB01199,P36544,1
DB01273,P36544,1
DB01351,P36544,1
DB01352,P36544,1
DB01353,P36544,1
DB01354,P36544,1
DB01355,P36544,1
DB01483,P36544,1
DB01496,P36544,1
DB03128,P36544,1
DB05137,P36544,1
DB05708,P36544,1
DB07720,P36544,1
DB09028,P36544,1
DB09061,P36544,1
DB11726,P36544,1
DB14006,P36544,1
DB14011,P36544,1
DB03173,P36544,0
DB00989,P36544,0
DB07221,P36544,0
DB03894,P36544,0
DB04162,P36544,0
DB02413,P36544,0
DB06133,P36544,0
DB02429,P36544,0
DB02072,P36544,0
DB03905,P36544,0
DB03834,P36544,0
DB00307,P36544,0
DB08246,P36544,0
DB13878,P36544,0
DB03246,P36544,0
DB02461,P36544,0
DB01255,P36544,0
DB07969,P36544,0
DB01939,P36544,0
DB04009,P36544,0
DB03170,P36544,0
DB00446,P36544,0
DB07646,P36544,0
DB02822,P36544,0
DB07815,P36544,0
DB08423,P36544,0
DB03253,P36544,0
DB01758,P36544,0
DB08143,P36544,0
DB02731,P36544,0
DB06756,P36544,0
DB08457,P36544,0
DB11781,P36544,0
DB06836,P36544,0
DB07238,P36544,0
DB03024,P36544,0
DB01819,P0A716,1
DB02433,P0A716,1
DB03113,P0A716,1
DB03936,P0A716,1
DB04729,P0A716,0
DB07718,P0A716,0
DB08693,P0A716,0
DB07901,P0A716,0
DB09130,F7VJQ1,1
DB01071,F7VJQ1,0
DB04272,Q9X1F0,1
DB04544,Q9X1F0,0
DB02657,O34450,1
DB14568,O34450,0
DB02263,Q59931,1
DB03461,Q59931,1
DB00446,Q59931,0
DB08149,Q59931,0
DB00183,P32239,1
DB08222,P32239,0
DB01785,Q13907,1
DB00412,Q13907,0
DB00114,Q9UGI5,1
DB00780,Q9UGI5,1
DB07221,Q9UGI5,0
DB09053,Q9UGI5,0
DB02213,P01556,1
DB02379,P01556,1
DB02474,P01556,1
DB02572,P01556,1
DB02574,P01556,1
DB02802,P01556,1
DB02903,P01556,1
DB03077,P01556,1
DB03235,P01556,1
DB03524,P01556,1
DB03721,P01556,1
DB04073,P01556,1
DB04210,P01556,1
DB07196,P01556,0
DB04277,P01556,0
DB07116,P01556,0
DB14068,P01556,0
DB00172,P01556,0
DB11254,P01556,0
DB01745,P01556,0
DB00754,P01556,0
DB08308,P01556,0
DB01384,P01556,0
DB06134,P01556,0
DB12129,P01556,0
DB04796,P01556,0
DB01758,P0AGJ9,1
DB03325,P0AGJ9,1
DB00880,P0AGJ9,0
DB02370,P0AGJ9,0
DB04087,Q5SJ28,1
DB08724,Q5SJ28,0
DB00560,P0AG59,1
DB00759,P0AG59,1
DB09093,P0AG59,1
DB12455,P0AG59,1
DB12615,P0AG59,1
DB07928,P0AG59,0
DB08815,P0AG59,0
DB07452,P0AG59,0
DB00360,P0AG59,0
DB00173,P0AG59,0
DB01705,P10844,1
DB02379,P10844,1
DB03721,P10844,1
DB04195,P10844,0
DB04841,P10844,0
DB03584,P10844,0
DB06848,Q15661,1
DB06849,Q15661,1
DB12026,Q15661,0
DB00720,Q15661,0
DB01649,Q96C86,1
DB01960,Q96C86,1
DB03593,Q96C86,1
DB03958,Q96C86,1
DB07642,Q96C86,1
DB07643,Q96C86,1
DB07644,Q96C86,1
DB12228,Q96C86,0
DB08171,Q96C86,0
DB07302,Q96C86,0
DB02562,Q96C86,0
DB00176,Q96C86,0
DB11676,Q96C86,0
DB00398,Q96C86,0
DB05383,P35625,1
DB07913,P35625,0
DB02121,P27017,1
DB02736,P27017,1
DB02489,P27017,0
DB00909,P27017,0
DB02379,P40943,1
DB03389,P40943,1
DB07662,P40943,0
DB03333,P40943,0
DB09130,P36955,1
DB06230,P36955,0
DB01942,P9WPE1,1
DB02428,P9WPE1,0
DB03088,P00091,1
DB03317,P00091,1
DB01210,P00091,0
DB03393,P00091,0
DB02801,P9WPX7,1
DB03739,P9WPX7,1
DB09351,P9WPX7,0
DB03202,P9WPX7,0
DB03212,P0AES2,1
DB03237,P0AES2,1
DB03603,P0AES2,1
DB03734,P0AES2,1
DB06872,P0AES2,0
DB03222,P0AES2,0
DB13257,P0AES2,0
DB02508,P0AES2,0
DB00035,P30518,1
DB00067,P30518,1
DB00618,P30518,1
DB00872,P30518,1
DB02638,P30518,1
DB05838,P30518,1
DB06212,P30518,1
DB09059,P30518,1
DB14642,P30518,1
DB00619,P30518,0
DB04082,P30518,0
DB01010,P30518,0
DB02282,P30518,0
DB05389,P30518,0
DB08109,P30518,0
DB07679,P30518,0
DB07953,P30518,0
DB04494,P30518,0
DB02566,P0C8P8,1
DB02940,P0C8P8,1
DB06176,P0C8P8,0
DB02765,P0C8P8,0
DB00482,H3BUU9,1
DB02258,H3BUU9,0
DB04472,O00182,1
DB01170,O00182,0
DB12107,Q9X757,1
DB04244,Q9X757,0
DB08916,Q15303,1
DB12010,Q15303,1
DB12267,Q15303,1
DB15035,Q15303,1
DB00338,Q15303,0
DB02537,Q15303,0
DB00682,Q15303,0
DB00416,Q15303,0
DB00153,O43497,1
DB00228,O43497,1
DB00347,O43497,1
DB00421,O43497,1
DB00568,O43497,1
DB00593,O43497,1
DB00661,O43497,1
DB00909,O43497,1
DB01115,O43497,1
DB01388,O43497,1
DB04841,O43497,1
DB05246,O43497,1
DB09061,O43497,1
DB09089,O43497,1
DB09231,O43497,1
DB09238,O43497,1
DB11148,O43497,1
DB14011,O43497,1
DB00760,O43497,0
DB01392,O43497,0
DB07037,O43497,0
DB12015,O43497,0
DB04210,O43497,0
DB08199,O43497,0
DB07233,O43497,0
DB03903,O43497,0
DB07184,O43497,0
DB04052,O43497,0
DB04065,O43497,0
DB01328,O43497,0
DB09242,O43497,0
DB08631,O43497,0
DB01862,O43497,0
DB04924,O43497,0
DB04560,O43497,0
DB01099,O43497,0
DB01942,Q13363,1
DB04738,Q13363,0
DB00114,Q8IUZ5,1
DB00160,Q8IUZ5,1
DB03305,Q8IUZ5,0
DB02505,Q8IUZ5,0
DB03317,P0ABK9,1
DB02418,P0ABK9,0
DB01369,P61177,1
DB09232,P61177,0
DB01256,Q9A1X4,1
DB06145,Q9A1X4,1
DB02072,Q9A1X4,0
DB08282,Q9A1X4,0
DB00170,P04070,1
DB00464,P04070,1
DB09131,P04070,1
DB09332,P04070,1
DB00400,P04070,0
DB09034,P04070,0
DB07324,P04070,0
DB01993,P04070,0
DB02942,Q15075,1
DB02104,Q15075,0
DB02109,Q9U8D3,1
DB03510,Q9U8D3,1
DB04315,Q9U8D3,1
DB05659,Q9U8D3,0
DB07187,Q9U8D3,0
DB00871,Q9U8D3,0
DB03127,Q92876,1
DB00737,Q92876,0
DB12010,Q15746,1
DB01895,Q15746,0
DB02265,P04958,1
DB02379,P04958,1
DB03721,P04958,1
DB04265,P04958,1
DB02462,P04958,0
DB00701,P04958,0
DB00562,P04958,0
DB08239,P04958,0
DB00157,Q02252,1
DB07311,Q02252,0
DB00134,Q9H2M3,1
DB03148,Q9H2M3,0
DB04317,P00864,1
DB08531,P00864,0
DB12965,P47944,1
DB07837,P47944,0
DB01863,Q9UN19,1
DB01815,Q9UN19,0
DB07938,P0A017,1
DB08234,P0A017,1
DB08741,P0A017,1
DB04727,P0A017,0
DB01137,P0A017,0
DB00251,P0A017,0
DB00157,Q02218,1
DB00313,Q02218,1
DB09092,Q02218,1
DB08193,Q02218,0
DB05475,Q02218,0
DB14543,Q02218,0
DB11638,Q14103,1
DB02550,Q14103,0
DB04279,Q56268,1
DB03708,Q56268,0
DB00142,P42263,1
DB00237,P42263,1
DB00898,P42263,1
DB01356,P42263,1
DB04599,P42263,1
DB04982,P42263,1
DB05047,P42263,1
DB13146,P42263,1
DB14507,P42263,1
DB14508,P42263,1
DB14509,P42263,1
DB02800,P42263,0
DB02833,P42263,0
DB02352,P42263,0
DB07773,P42263,0
DB07771,P42263,0
DB02124,P42263,0
DB00543,P42263,0
DB11365,P42263,0
DB12339,P42263,0
DB07724,P42263,0
DB09291,P42263,0
DB12010,Q9BRS2,1
DB01774,Q9BRS2,0
DB05540,P0A786,1
DB03940,P0A786,0
DB02153,P32119,1
DB04048,P32119,1
DB09130,P32119,1
DB04762,P32119,0
DB13877,P32119,0
DB08042,P32119,0
DB01858,P43235,1
DB02679,P43235,1
DB02869,P43235,1
DB03405,P43235,1
DB03456,P43235,1
DB03642,P43235,1
DB03891,P43235,1
DB04234,P43235,1
DB04244,P43235,1
DB04523,P43235,1
DB06367,P43235,1
DB06670,P43235,1
DB07563,P43235,1
DB07592,P43235,1
DB07593,P43235,1
DB07965,P43235,1
DB07967,P43235,1
DB08270,P43235,1
DB08287,P43235,1
DB08594,P43235,1
DB03417,P43235,0
DB00531,P43235,0
DB06988,P43235,0
DB07731,P43235,0
DB03854,P43235,0
DB08678,P43235,0
DB12364,P43235,0
DB07876,P43235,0
DB05993,P43235,0
DB00173,P43235,0
DB06689,P43235,0
DB04255,P43235,0
DB06774,P43235,0
DB04023,P43235,0
DB06944,P43235,0
DB00332,P43235,0
DB07913,P43235,0
DB07525,P43235,0
DB09472,P43235,0
DB08267,P43235,0
DB03746,P24670,1
DB03847,P24670,0
DB07813,Q7MUW6,1
DB02205,Q7MUW6,0
DB08868,O95977,1
DB05708,O95977,0
DB00282,P55211,1
DB02033,P55211,0
DB00157,P48448,1
DB09116,P48448,1
DB02496,P48448,0
DB00644,P48448,0
DB05446,P02749,1
DB09130,P02749,1
DB03429,P02749,0
DB07846,P02749,0
DB00193,Q99250,1
DB00243,Q99250,1
DB00252,Q99250,1
DB00273,Q99250,1
DB00313,Q99250,1
DB00555,Q99250,1
DB00564,Q99250,1
DB00776,Q99250,1
DB00818,Q99250,1
DB00907,Q99250,1
DB00909,Q99250,1
DB01069,Q99250,1
DB05232,Q99250,1
DB05541,Q99250,1
DB09085,Q99250,1
DB09088,Q99250,1
DB09342,Q99250,1
DB09345,Q99250,1
DB11186,Q99250,1
DB13269,Q99250,1
DB13520,Q99250,1
DB13908,Q99250,1
DB11979,Q99250,0
DB00583,Q99250,0
DB09295,Q99250,0
DB07701,Q99250,0
DB03830,Q99250,0
DB08014,Q99250,0
DB08590,Q99250,0
DB07320,Q99250,0
DB08995,Q99250,0
DB01649,Q99250,0
DB14540,Q99250,0
DB02168,Q99250,0
DB07467,Q99250,0
DB02018,Q99250,0
DB06707,Q99250,0
DB08054,Q99250,0
DB07571,Q99250,0
DB06834,Q99250,0
DB15566,Q99250,0
DB01408,Q99250,0
DB07730,Q99250,0
DB02214,Q99250,0
DB00114,Q6ZQY3,1
DB03669,Q6ZQY3,0
DB01133,Q93050,1
DB03695,Q93050,0
DB00675,P41743,1
DB03777,P41743,1
DB12010,P41743,1
DB00718,P41743,0
DB06924,P41743,0
DB04196,P41743,0
DB00201,Q9NP56,1
DB09283,Q9NP56,1
DB04735,Q9NP56,0
DB01239,Q9NP56,0
DB00119,P11177,1
DB00157,P11177,1
DB02406,P11177,0
DB02717,P11177,0
DB04931,Q01726,1
DB05479,Q01726,1
DB11653,Q01726,1
DB02572,Q01726,0
DB08151,Q01726,0
DB01380,Q01726,0
DB12010,Q52WX2,1
DB07028,Q52WX2,0
DB00768,P23297,1
DB02020,P23297,0
DB03075,P0A820,1
DB04395,P0A820,1
DB04554,P0A820,1
DB04644,P0A820,0
DB04377,P0A820,0
DB00545,P0A820,0
DB00157,O14561,1
DB00346,O14561,0
DB06281,P11597,1
DB00594,P11597,0
DB02937,P0A6F3,1
DB04551,P0A6F3,1
DB08170,P0A6F3,0
DB01681,P0A6F3,0
DB01048,P01889,1
DB04464,P01889,1
DB02407,P01889,0
DB02721,P01889,0
DB12695,P62736,1
DB03566,P62736,0
DB02379,P01574,1
DB07344,P01574,0
DB01752,Q54527,1
DB01910,Q54527,1
DB03219,Q54527,1
DB08069,Q54527,0
DB07011,Q54527,0
DB00737,Q54527,0
DB14001,Q86XP1,1
DB06961,Q86XP1,0
DB00228,P48547,1
DB01069,P48547,1
DB01110,P48547,1
DB06637,P48547,1
DB04376,P48547,0
DB06979,P48547,0
DB02983,P48547,0
DB03552,P48547,0
DB09130,P43652,1
DB07138,P43652,0
DB03185,P32320,1
DB03501,P32320,0
DB00523,Q15238,1
DB07595,Q15238,0
DB04147,Q46705,1
DB08173,Q46705,0
DB06616,Q13555,1
DB08699,Q13555,1
DB12010,Q13555,1
DB04736,Q13555,0
DB01121,Q13555,0
DB02759,Q13555,0
DB03247,Q51793,1
DB00180,Q51793,0
DB03915,P0AB77,1
DB06836,P0AB77,0
DB00569,P01008,1
DB04464,P01008,1
DB09130,P01008,1
DB07744,P01008,0
DB08077,P01008,0
DB08864,P01008,0
DB07574,Q9BVA1,1
DB03799,Q9BVA1,0
DB02532,P0CG22,1
DB03461,P0CG22,1
DB03541,P0CG22,1
DB07689,P0CG22,1
DB07765,P0CG22,1
DB08354,P0CG22,0
DB06932,P0CG22,0
DB03484,P0CG22,0
DB01165,P0CG22,0
DB03506,P0CG22,0
DB03147,Q15067,1
DB07930,Q15067,1
DB06696,Q15067,0
DB02154,Q15067,0
DB03685,Q9WZI0,1
DB07766,Q9WZI0,0
DB03808,P0A0N5,1
DB03825,P0A0N5,1
DB03895,P0A0N5,1
DB04115,P0A0N5,1
DB08642,P0A0N5,0
DB03812,P0A0N5,0
DB09202,P0A0N5,0
DB04520,P0A0N5,0
DB00246,P35462,1
DB00248,P35462,1
DB00268,P35462,1
DB00334,P35462,1
DB00363,P35462,1
DB00391,P35462,1
DB00408,P35462,1
DB00409,P35462,1
DB00413,P35462,1
DB00477,P35462,1
DB00490,P35462,1
DB00502,P35462,1
DB00543,P35462,1
DB00589,P35462,1
DB00714,P35462,1
DB00988,P35462,1
DB01100,P35462,1
DB01184,P35462,1
DB01186,P35462,1
DB01200,P35462,1
DB01224,P35462,1
DB01235,P35462,1
DB01238,P35462,1
DB01239,P35462,1
DB01267,P35462,1
DB01392,P35462,1
DB01403,P35462,1
DB04946,P35462,1
DB05271,P35462,1
DB06016,P35462,1
DB06148,P35462,1
DB06216,P35462,1
DB06288,P35462,1
DB06454,P35462,1
DB06477,P35462,1
DB09014,P35462,1
DB09207,P35462,1
DB09223,P35462,1
DB09286,P35462,1
DB09289,P35462,1
DB11274,P35462,1
DB11275,P35462,1
DB12061,P35462,1
DB12478,P35462,1
DB13025,P35462,1
DB13345,P35462,1
DB14185,P35462,1
DB04448,P35462,0
DB07099,P35462,0
DB00811,P35462,0
DB01223,P35462,0
DB02556,P35462,0
DB07237,P35462,0
DB08245,P35462,0
DB02602,P35462,0
DB03484,P35462,0
DB03128,P35462,0
DB08628,P35462,0
DB12825,P35462,0
DB00414,P35462,0
DB14649,P35462,0
DB04738,P35462,0
DB08133,P35462,0
DB08174,P35462,0
DB05398,P35462,0
DB00423,P35462,0
DB00158,P35462,0
DB08538,P35462,0
DB02277,P35462,0
DB03677,P35462,0
DB07058,P35462,0
DB11090,P35462,0
DB03049,P35462,0
DB09283,P35462,0
DB12301,P35462,0
DB03139,P35462,0
DB07221,P35462,0
DB01139,P35462,0
DB02942,P35462,0
DB07245,P35462,0
DB04758,P35462,0
DB07495,P35462,0
DB07870,P35462,0
DB03603,P35462,0
DB00175,P35462,0
DB04664,P35462,0
DB03773,P35462,0
DB08444,P35462,0
DB07667,P35462,0
DB04369,P35462,0
DB06706,P35462,0
DB04139,P35462,0
DB03475,P35462,0
DB02861,P35462,0
DB12010,Q9Y4K4,1
DB03501,Q9Y4K4,0
DB00131,P54619,1
DB00945,P54619,1
DB12010,P54619,1
DB07083,P54619,0
DB02770,P54619,0
DB03755,P54619,0
DB00216,P28222,1
DB00246,P28222,1
DB00247,P28222,1
DB00248,P28222,1
DB00315,P28222,1
DB00320,P28222,1
DB00321,P28222,1
DB00334,P28222,1
DB00363,P28222,1
DB00408,P28222,1
DB00543,P28222,1
DB00571,P28222,1
DB00589,P28222,1
DB00669,P28222,1
DB00696,P28222,1
DB00714,P28222,1
DB00715,P28222,1
DB00904,P28222,1
DB00918,P28222,1
DB00952,P28222,1
DB00953,P28222,1
DB00960,P28222,1
DB00998,P28222,1
DB01186,P28222,1
DB01200,P28222,1
DB01221,P28222,1
DB01224,P28222,1
DB01238,P28222,1
DB01239,P28222,1
DB01359,P28222,1
DB01392,P28222,1
DB04884,P28222,1
DB06153,P28222,1
DB06216,P28222,1
DB08807,P28222,1
DB09068,P28222,1
DB09304,P28222,1
DB11273,P28222,1
DB12141,P28222,1
DB13025,P28222,1
DB13345,P28222,1
DB14185,P28222,1
DB06144,P28222,0
DB03410,P28222,0
DB03401,P28222,0
DB04643,P28222,0
DB02998,P28222,0
DB02795,P28222,0
DB07710,P28222,0
DB00245,P28222,0
DB02655,P28222,0
DB02833,P28222,0
DB01163,P28222,0
DB02378,P28222,0
DB08908,P28222,0
DB03686,P28222,0
DB08215,P28222,0
DB02257,P28222,0
DB01452,P28222,0
DB02314,P28222,0
DB01796,P28222,0
DB01273,P28222,0
DB06211,P28222,0
DB00414,P28222,0
DB07647,P28222,0
DB02669,P28222,0
DB08294,P28222,0
DB00620,P28222,0
DB00304,P28222,0
DB00513,P28222,0
DB07478,P28222,0
DB00746,P28222,0
DB07360,P28222,0
DB01871,P28222,0
DB02810,P28222,0
DB04477,P28222,0
DB00633,P28222,0
DB06663,P28222,0
DB01108,P28222,0
DB03828,P28222,0
DB02567,P28222,0
DB01413,P28222,0
DB01033,P28222,0
DB01996,P28222,0
DB02175,Q9FCA6,1
DB02521,Q9FCA6,1
DB03254,Q9FCA6,1
DB03814,Q9FCA6,1
DB06429,Q9FCA6,0
DB07237,Q9FCA6,0
DB05232,Q9FCA6,0
DB13944,Q9FCA6,0
DB00228,Q9UQ05,1
DB01069,Q9UQ05,1
DB01110,Q9UQ05,1
DB03005,Q9UQ05,0
DB07428,Q9UQ05,0
DB00340,Q9UQ05,0
DB00415,Q16348,1
DB00493,Q16348,1
DB00713,Q16348,1
DB01053,Q16348,1
DB07614,Q16348,0
DB04839,Q16348,0
DB08659,Q16348,0
DB07909,Q16348,0
DB09130,P43487,1
DB12695,P43487,1
DB01319,P43487,0
DB08774,P43487,0
DB01593,P01308,1
DB01776,P01308,1
DB08231,P01308,1
DB14487,P01308,1
DB14533,P01308,1
DB06847,P01308,0
DB01844,P01308,0
DB04404,P01308,0
DB07255,P01308,0
DB01790,P01308,0
DB03147,P0AEZ1,1
DB01073,P0AEZ1,0
DB01593,P04279,1
DB14487,P04279,1
DB14533,P04279,1
DB02768,P04279,0
DB02830,P04279,0
DB01394,P04279,0
DB00114,P20711,1
DB00190,P20711,1
DB00968,P20711,1
DB12783,P20711,1
DB02036,P20711,0
DB08782,P20711,0
DB07203,P20711,0
DB04256,P20711,0
DB00381,A0A024R8I1,1
DB00996,A0A024R8I1,1
DB14508,A0A024R8I1,0
DB07151,A0A024R8I1,0
DB00755,Q9NR63,1
DB04564,Q9NR63,0
DB00116,P11586,1
DB00157,P11586,1
DB02358,P11586,1
DB03461,P11586,1
DB04322,P11586,1
DB07498,P11586,0
DB03619,P11586,0
DB08814,P11586,0
DB07973,P11586,0
DB01881,P11586,0
DB03467,Q9P2N6,1
DB03568,Q9P2N6,0
DB01942,P05041,1
DB11160,P05041,0
DB00246,P08912,1
DB00321,P08912,1
DB00340,P08912,1
DB00342,P08912,1
DB00363,P08912,1
DB00366,P08912,1
DB00376,P08912,1
DB00408,P08912,1
DB00454,P08912,1
DB00458,P08912,1
DB00483,P08912,1
DB00496,P08912,1
DB00540,P08912,1
DB00543,P08912,1
DB00568,P08912,1
DB00572,P08912,1
DB00622,P08912,1
DB00715,P08912,1
DB00725,P08912,1
DB00726,P08912,1
DB00747,P08912,1
DB00767,P08912,1
DB00777,P08912,1
DB00835,P08912,1
DB00934,P08912,1
DB00940,P08912,1
DB01036,P08912,1
DB01069,P08912,1
DB01142,P08912,1
DB01151,P08912,1
DB01221,P08912,1
DB01224,P08912,1
DB01238,P08912,1
DB01239,P08912,1
DB01403,P08912,1
DB01409,P08912,1
DB01591,P08912,1
DB06702,P08912,1
DB08897,P08912,1
DB09076,P08912,1
DB09167,P08912,1
DB09194,P08912,1
DB11181,P08912,1
DB11235,P08912,1
DB11855,P08912,1
DB12278,P08912,1
DB13581,P08912,1
DB14185,P08912,1
DB00634,P08912,0
DB05644,P08912,0
DB08235,P08912,0
DB15091,P08912,0
DB01967,P08912,0
DB01975,P08912,0
DB02471,P08912,0
DB00563,P08912,0
DB01120,P08912,0
DB05461,P08912,0
DB00492,P08912,0
DB01159,P08912,0
DB01946,P08912,0
DB08514,P08912,0
DB03227,P08912,0
DB01229,P08912,0
DB13994,P08912,0
DB07878,P08912,0
DB07483,P08912,0
DB00773,P08912,0
DB01692,P08912,0
DB08908,P08912,0
DB08292,P08912,0
DB00517,P08912,0
DB04451,P08912,0
DB01085,P08912,0
DB01810,P08912,0
DB07918,P08912,0
DB03548,P08912,0
DB02904,P08912,0
DB04339,P08912,0
DB06869,P08912,0
DB12130,P08912,0
DB04585,P08912,0
DB00354,P08912,0
DB04674,P08912,0
DB02151,P08912,0
DB02263,P08912,0
DB00759,P08912,0
DB00264,P08912,0
DB07265,P08912,0
DB08054,P08912,0
DB02079,P08912,0
DB00384,P08912,0
DB03544,P08912,0
DB07141,P08912,0
DB07565,P08912,0
DB09235,P08912,0
DB04141,P08574,1
DB04799,P08574,1
DB07401,P08574,1
DB07636,P08574,1
DB07763,P08574,1
DB07778,P08574,1
DB08330,P08574,1
DB08453,P08574,1
DB08690,P08574,1
DB07312,P08574,0
DB07110,P08574,0
DB00561,P08574,0
DB03451,P08574,0
DB05003,P08574,0
DB00346,P08574,0
DB00787,P08574,0
DB07946,P08574,0
DB00985,P08574,0
DB07398,P9WI73,1
DB03886,P9WI73,0
DB04343,P9WKK7,1
DB07906,P9WKK7,0
DB03147,Q44532,1
DB03925,Q44532,0
DB12731,P43490,1
DB06281,P43490,0
DB00172,Q99884,1
DB02011,Q99884,0
DB01752,P07801,1
DB04948,P07801,0
DB00143,P19440,1
DB03210,P19440,0
DB04233,P0A910,1
DB08178,P0A910,0
DB04272,P46849,1
DB06736,P46849,0
DB11638,P08708,1
DB06231,P08708,0
DB00157,O95169,1
DB11842,O95169,0
DB01942,O07347,1
DB04315,O07347,1
DB00865,O07347,0
DB07367,O07347,0
DB02127,P0A434,1
DB02138,P0A434,1
DB03347,P0A434,1
DB05381,P0A434,0
DB02905,P0A434,0
DB07031,P0A434,0
DB01631,P01857,1
DB03740,P01857,1
DB04473,P01857,1
DB04639,P01857,1
DB07371,P01857,1
DB07375,P01857,1
DB07441,P01857,1
DB07672,P01857,1
DB07764,P01857,1
DB07816,P01857,1
DB07881,P01857,1
DB07883,P01857,1
DB07909,P01857,1
DB08294,P01857,1
DB08296,P01857,1
DB08332,P01857,1
DB08377,P01857,1
DB08394,P01857,1
DB08409,P01857,1
DB08410,P01857,1
DB08411,P01857,1
DB08412,P01857,1
DB08562,P01857,1
DB09130,P01857,1
DB07069,P01857,0
DB08806,P01857,0
DB01104,P01857,0
DB00275,P01857,0
DB02391,P01857,0
DB09006,P01857,0
DB08564,P01857,0
DB07862,P01857,0
DB07025,P01857,0
DB03040,P01857,0
DB08077,P01857,0
DB07204,P01857,0
DB04150,P01857,0
DB01110,P01857,0
DB09078,P01857,0
DB04883,P01857,0
DB04099,P01857,0
DB08509,P01857,0
DB00228,P01857,0
DB04270,P01857,0
DB08084,P01857,0
DB07389,P01857,0
DB02681,P01857,0
DB08407,P01857,0
DB00848,Q9N587,1
DB08492,Q9N587,0
DB12010,Q8WU08,1
DB04335,Q8WU08,0
DB01017,Q15759,1
DB08896,Q15759,1
DB01242,Q15759,0
DB08848,Q15759,0
DB03247,Q9ZK53,1
DB01009,Q9ZK53,0
DB00228,O14983,1
DB01189,O14983,1
DB03909,O14983,1
DB04444,O14983,1
DB04638,O14983,1
DB07604,O14983,1
DB00432,O14983,0
DB04185,O14983,0
DB07591,O14983,0
DB12329,O14983,0
DB06990,O14983,0
DB07311,O14983,0
DB08651,P04390,1
DB02553,P04390,0
DB01717,P54819,1
DB03366,P54819,1
DB03507,P54819,0
DB04520,P54819,0
DB03147,Q9RA47,1
DB04003,Q9RA47,0
DB04998,Q9Y6K9,1
DB05289,Q9Y6K9,1
DB04805,Q9Y6K9,0
DB02797,Q9Y6K9,0
DB02552,Q9PM68,1
DB03403,Q9PM68,1
DB00751,Q9PM68,0
DB15598,Q9PM68,0
DB04676,P01877,1
DB08778,P01877,0
DB00126,Q9BY66,1
DB11674,Q9BY66,0
DB05351,P51164,1
DB08936,P51164,0
DB04960,P49356,1
DB06953,P49356,1
DB07216,P49356,1
DB07227,P49356,1
DB07771,P49356,1
DB07780,P49356,1
DB07841,P49356,1
DB07895,P49356,1
DB08674,P49356,1
DB08676,P49356,1
DB02138,P49356,0
DB01408,P49356,0
DB07360,P49356,0
DB06869,P49356,0
DB02843,P49356,0
DB07368,P49356,0
DB04776,P49356,0
DB00718,P49356,0
DB03566,P49356,0
DB08673,P49356,0
DB02379,Q9ZEU2,1
DB02772,Q9ZEU2,1
DB04447,Q9ZEU2,1
DB07800,Q9ZEU2,0
DB00726,Q9ZEU2,0
DB07452,Q9ZEU2,0
DB03366,P06988,1
DB03811,P06988,1
DB04447,P06988,1
DB00256,P06988,0
DB14481,P06988,0
DB02850,P06988,0
DB00157,P14060,1
DB01108,P14060,1
DB01536,P14060,1
DB14538,P14060,1
DB14539,P14060,1
DB14540,P14060,1
DB14541,P14060,1
DB14542,P14060,1
DB14543,P14060,1
DB14544,P14060,1
DB08393,P14060,0
DB04369,P14060,0
DB07220,P14060,0
DB02677,P14060,0
DB02611,P14060,0
DB12026,P14060,0
DB09059,P14060,0
DB02603,P14060,0
DB07894,P14060,0
DB03904,P14060,0
DB00157,Q15738,1
DB00631,Q15738,0
DB11638,Q8IKM5,1
DB02534,Q8IKM5,0
DB00184,Q05901,1
DB00237,Q05901,1
DB00898,Q05901,1
DB00333,Q05901,0
DB02430,Q05901,0
DB02589,Q05901,0
DB04233,P39767,1
DB08782,P39767,0
DB09130,P15814,1
DB08605,P15814,0
DB00321,Q9H3N8,1
DB00363,Q9H3N8,1
DB00408,Q9H3N8,1
DB00477,Q9H3N8,1
DB00543,Q9H3N8,1
DB01142,Q9H3N8,1
DB01238,Q9H3N8,1
DB01620,Q9H3N8,1
DB05381,Q9H3N8,1
DB06148,Q9H3N8,1
DB05855,Q9H3N8,0
DB00780,Q9H3N8,0
DB01702,Q9H3N8,0
DB09018,Q9H3N8,0
DB03144,Q9H3N8,0
DB01627,Q9H3N8,0
DB02733,Q9H3N8,0
DB08115,Q9H3N8,0
DB07067,Q9H3N8,0
DB00161,Q9H3N8,0
DB00171,Q96Q40,1
DB06486,Q96Q40,1
DB12010,Q96Q40,1
DB01009,Q96Q40,0
DB00486,Q96Q40,0
DB04143,Q96Q40,0
DB12010,Q96D53,1
DB02340,Q96D53,0
DB02831,Q7Z4W1,1
DB03461,Q7Z4W1,1
DB11952,Q7Z4W1,0
DB06955,Q7Z4W1,0
DB00157,P08319,1
DB03559,P08319,1
DB07424,P08319,0
DB03822,P08319,0
DB02726,P50921,1
DB00665,P50921,0
DB08901,P22455,1
DB09078,P22455,1
DB12147,P22455,1
DB15102,P22455,1
DB06872,P22455,0
DB03716,P22455,0
DB08420,P22455,0
DB03112,P22455,0
DB02527,P0ACJ8,1
DB06969,P0ACJ8,0
DB00141,P15291,1
DB02696,P15291,1
DB03013,P15291,1
DB03501,P15291,1
DB03685,P15291,1
DB03814,P15291,1
DB03177,P15291,0
DB11345,P15291,0
DB03738,P15291,0
DB06693,P15291,0
DB08440,P15291,0
DB00362,P15291,0
DB01632,Q9NWZ5,1
DB03419,Q9NWZ5,1
DB03685,Q9NWZ5,1
DB04137,Q9NWZ5,1
DB02383,Q9NWZ5,0
DB02226,Q9NWZ5,0
DB09071,Q9NWZ5,0
DB07640,Q9NWZ5,0
DB00852,P18846,1
DB03740,P18846,0
DB02659,P20674,1
DB04464,P20674,1
DB06433,P20674,0
DB00686,P20674,0
DB01133,O75348,1
DB03077,O75348,0
DB12010,O43353,1
DB08670,O43353,0
DB00178,P12821,1
DB00492,P12821,1
DB00519,P12821,1
DB00542,P12821,1
DB00584,P12821,1
DB00616,P12821,1
DB00691,P12821,1
DB00722,P12821,1
DB00790,P12821,1
DB00881,P12821,1
DB00886,P12821,1
DB01180,P12821,1
DB01197,P12821,1
DB01340,P12821,1
DB01348,P12821,1
DB02032,P12821,1
DB03740,P12821,1
DB08836,P12821,1
DB09477,P12821,1
DB13166,P12821,1
DB15565,P12821,1
DB00962,P12821,0
DB02563,P12821,0
DB07295,P12821,0
DB03818,P12821,0
DB01115,P12821,0
DB01082,P12821,0
DB01196,P12821,0
DB03792,P12821,0
DB07056,P12821,0
DB06191,P12821,0
DB06732,P12821,0
DB00902,P12821,0
DB08624,P12821,0
DB08588,P12821,0
DB13996,P12821,0
DB08470,P12821,0
DB02426,P12821,0
DB02326,P12821,0
DB02394,P12821,0
DB01336,P12821,0
DB08666,P12821,0
DB00157,Q99714,1
DB02820,Q99714,1
DB00494,Q99714,0
DB06660,Q99714,0
DB02713,O31616,1
DB03147,O31616,1
DB08010,O31616,0
DB08028,O31616,0
DB11638,Q8I5G6,1
DB06902,Q8I5G6,0
DB01992,P39135,1
DB04419,P39135,0
DB11638,Q8IL88,1
DB00192,Q8IL88,0
DB01992,P0ACC7,1
DB03397,P0ACC7,1
DB03814,P0ACC7,1
DB01020,P0ACC7,0
DB07556,P0ACC7,0
DB03818,P0ACC7,0
DB00157,Q08426,1
DB04459,Q08426,0
DB01060,Q8L103,1
DB08096,Q8L103,0
DB09130,P51884,1
DB00366,P51884,0
DB11638,Q8IDH5,1
DB01342,Q8IDH5,0
DB01593,P02647,1
DB09130,P02647,1
DB14487,P02647,1
DB14533,P02647,1
DB08033,P02647,0
DB02952,P02647,0
DB02559,P02647,0
DB02985,P02647,0
DB02609,P19624,1
DB08556,P19624,0
DB02237,Q08751,1
DB02379,Q08751,1
DB03995,Q08751,1
DB02449,Q08751,0
DB04483,Q08751,0
DB05490,Q08751,0
DB03382,O53240,1
DB06420,O53240,0
DB02036,Q9I7A8,1
DB02810,Q9I7A8,1
DB04310,Q9I7A8,1
DB04150,Q9I7A8,0
DB02774,Q9I7A8,0
DB04652,Q9I7A8,0
DB01812,P0A2W7,1
DB07195,P0A2W7,0
DB11638,O96221,1
DB00433,O96221,0
DB02838,P14920,1
DB02988,P14920,1
DB03147,P14920,1
DB03225,P14920,1
DB03531,P14920,1
DB03793,P14920,1
DB04166,P14920,1
DB07979,P14920,1
DB01621,P14920,0
DB01745,P14920,0
DB03904,P14920,0
DB04836,P14920,0
DB00627,P14920,0
DB01195,P14920,0
DB03113,P14920,0
DB07773,P14920,0
DB02695,P81180,1
DB03309,P81180,1
DB04841,P81180,0
DB03989,P81180,0
DB06960,Q9I596,1
DB04562,Q9I596,0
DB04915,Q16206,1
DB02514,Q16206,0
DB01825,P28720,1
DB02041,P28720,1
DB02441,P28720,1
DB02599,P28720,1
DB03074,P28720,1
DB03304,P28720,1
DB03505,P28720,1
DB03780,P28720,1
DB04004,P28720,1
DB04169,P28720,1
DB04239,P28720,1
DB04543,P28720,1
DB07012,P28720,1
DB07452,P28720,1
DB07481,P28720,1
DB07564,P28720,1
DB07704,P28720,1
DB08267,P28720,1
DB08268,P28720,1
DB08511,P28720,1
DB08512,P28720,1
DB08514,P28720,1
DB03113,P28720,0
DB06696,P28720,0
DB03111,P28720,0
DB06248,P28720,0
DB06956,P28720,0
DB00898,P28720,0
DB08083,P28720,0
DB01078,P28720,0
DB01831,P28720,0
DB02442,P28720,0
DB01410,P28720,0
DB07280,P28720,0
DB04007,P28720,0
DB07056,P28720,0
DB07104,P28720,0
DB08440,P28720,0
DB01466,P28720,0
DB00502,P28720,0
DB07188,P28720,0
DB06918,P28720,0
DB04834,P28720,0
DB14065,P28720,0
DB01958,P22906,1
DB02001,P22906,1
DB02402,P22906,1
DB03814,P22906,1
DB04163,P22906,1
DB04306,P22906,1
DB04436,P22906,0
DB02671,P22906,0
DB02106,P22906,0
DB04072,P22906,0
DB08754,P22906,0
DB07181,P22906,0
DB06663,P32745,1
DB09099,P32745,1
DB13985,P32745,1
DB15494,P32745,1
DB03921,P32745,0
DB14050,P32745,0
DB11842,P32745,0
DB08292,P32745,0
DB00142,Q9UDR5,1
DB00157,Q9UDR5,1
DB02338,Q9UDR5,1
DB04207,Q9UDR5,1
DB08916,Q9UDR5,0
DB01081,Q9UDR5,0
DB08702,Q9UDR5,0
DB00761,Q9UDR5,0
DB00122,Q8TCT1,1
DB08074,Q8TCT1,0
DB06897,P53350,1
DB06963,P53350,1
DB07186,P53350,1
DB07789,P53350,1
DB08059,P53350,1
DB12010,P53350,1
DB07342,P53350,0
DB04459,P53350,0
DB00186,P53350,0
DB07551,P53350,0
DB04270,P53350,0
DB08486,P53350,0
DB01819,P0AB91,1
DB02726,P0AB91,1
DB07440,P0AB91,0
DB02473,P0AB91,0
DB12695,Q96I99,1
DB08186,Q96I99,0
DB04286,P02925,1
DB08883,P02925,0
DB03461,Q9WYS2,1
DB08927,Q9WYS2,0
DB01593,P20742,1
DB14487,P20742,1
DB14533,P20742,1
DB01154,P20742,0
DB04877,P20742,0
DB15688,P20742,0
DB01169,Q13547,1
DB01593,Q13547,1
DB02546,Q13547,1
DB05015,Q13547,1
DB05223,Q13547,1
DB06176,Q13547,1
DB06603,Q13547,1
DB08868,Q13547,1
DB11830,Q13547,1
DB12565,Q13547,1
DB14487,Q13547,1
DB14533,Q13547,1
DB08457,Q13547,0
DB03504,Q13547,0
DB02796,Q13547,0
DB01262,Q13547,0
DB07915,Q13547,0
DB02585,Q13547,0
DB08649,Q13547,0
DB00858,Q13547,0
DB06836,Q13547,0
DB01221,Q13547,0
DB15565,Q13547,0
DB00573,Q13547,0
DB00158,P15328,1
DB05168,P15328,1
DB08118,P15328,0
DB11093,P15328,0
DB00987,P06746,1
DB01592,P06746,1
DB03222,P06746,1
DB07479,P06746,1
DB14488,P06746,1
DB14489,P06746,1
DB14490,P06746,1
DB14491,P06746,1
DB14501,P06746,1
DB11132,P06746,0
DB03198,P06746,0
DB02468,P06746,0
DB00482,P06746,0
DB02144,P06746,0
DB05710,P06746,0
DB02980,P06746,0
DB04951,P06746,0
DB06931,P06746,0
DB02175,P0A793,1
DB03382,P0A793,1
DB02053,P0A793,0
DB08497,P0A793,0
DB00284,O43451,1
DB00491,O43451,1
DB04878,O43451,1
DB00669,O43451,0
DB00975,O43451,0
DB00419,O43451,0
DB02144,Q00169,1
DB03690,Q00169,1
DB02169,Q00169,0
DB07854,Q00169,0
DB11093,P28676,1
DB11348,P28676,1
DB14481,P28676,1
DB04527,P28676,0
DB15102,P28676,0
DB06290,P28676,0
DB00173,P0AF12,1
DB02158,P0AF12,1
DB02281,P0AF12,1
DB02933,P0AF12,1
DB08606,P0AF12,1
DB02375,P0AF12,0
DB03292,P0AF12,0
DB02144,P0AF12,0
DB02994,P0AF12,0
DB02312,P0AF12,0
DB01666,P19883,1
DB06924,P19883,0
DB03814,P36405,1
DB04315,P36405,1
DB02501,P36405,0
DB09099,P36405,0
DB00852,P18847,1
DB04698,P18847,0
DB01864,P9WN95,1
DB04315,P9WN95,1
DB08742,P9WN95,0
DB05864,P9WN95,0
DB00114,O15382,1
DB00142,O15382,1
DB00149,O15382,1
DB00167,O15382,1
DB02142,O15382,1
DB02635,O15382,1
DB04074,O15382,1
DB04931,O15382,0
DB08193,O15382,0
DB07779,O15382,0
DB04052,O15382,0
DB01975,O15382,0
DB04121,O15382,0
DB00315,O15382,0
DB00319,Q8DNB6,1
DB00415,Q8DNB6,1
DB00456,Q8DNB6,1
DB00485,Q8DNB6,1
DB00493,Q8DNB6,1
DB00567,Q8DNB6,1
DB00607,Q8DNB6,1
DB00713,Q8DNB6,1
DB00739,Q8DNB6,1
DB01147,Q8DNB6,1
DB01163,Q8DNB6,1
DB01331,Q8DNB6,1
DB01603,Q8DNB6,1
DB03313,Q8DNB6,1
DB08795,Q8DNB6,1
DB07253,Q8DNB6,0
DB00963,Q8DNB6,0
DB00223,Q8DNB6,0
DB02789,Q8DNB6,0
DB01198,Q8DNB6,0
DB02326,Q8DNB6,0
DB02296,Q8DNB6,0
DB08915,Q8DNB6,0
DB07754,Q8DNB6,0
DB04975,Q8DNB6,0
DB08848,Q8DNB6,0
DB02616,Q8DNB6,0
DB03327,Q8DNB6,0
DB03683,Q8DNB6,0
DB00862,Q8DNB6,0
DB03763,Q9R5V5,1
DB05868,Q9R5V5,0
DB02280,P20906,1
DB01401,P20906,0
DB00698,P0A7R5,1
DB01087,P0A7R5,0
DB01861,P31677,1
DB02007,P31677,1
DB03366,P31677,1
DB03435,P31677,1
DB03488,P31677,1
DB08500,P31677,0
DB01232,P31677,0
DB07481,P31677,0
DB00281,P31677,0
DB03886,P31677,0
DB00181,O75899,1
DB02530,O75899,1
DB05010,O75899,1
DB08891,O75899,1
DB08892,O75899,1
DB01672,O75899,0
DB03180,O75899,0
DB01218,O75899,0
DB04306,O75899,0
DB00340,O75899,0
DB02142,P19938,1
DB09143,P19938,0
DB00157,Q13630,1
DB00440,Q13630,0
DB04119,Q9UQM7,1
DB04447,Q9UQM7,1
DB07766,Q9UQM7,1
DB12010,Q9UQM7,1
DB00162,Q9UQM7,0
DB07344,Q9UQM7,0
DB02415,Q9UQM7,0
DB01639,Q9UQM7,0
DB00173,Q13126,1
DB02158,Q13126,1
DB02281,Q13126,1
DB02282,Q13126,1
DB02933,Q13126,1
DB00916,Q13126,0
DB09237,Q13126,0
DB07976,Q13126,0
DB02452,Q13126,0
DB06154,Q13126,0
DB04395,Q16877,1
DB04493,Q16877,1
DB00559,Q16877,0
DB02078,Q16877,0
DB00166,Q9Y289,1
DB03576,Q9Y289,0
DB12010,Q9HAZ1,1
DB01990,Q9HAZ1,0
DB00201,P42338,1
DB02015,P42338,0
DB00330,P9WNL7,1
DB03695,P9WNL7,0
DB01841,P19571,1
DB02120,P19571,1
DB02379,P19571,1
DB03673,P19571,0
DB00393,P19571,0
DB02009,P19571,0
DB00795,P24752,1
DB09061,P24752,1
DB14011,P24752,1
DB00627,P24752,0
DB07355,P24752,0
DB03518,P24752,0
DB01752,Q9WZX6,1
DB04597,Q9WZX6,0
DB04527,O00187,1
DB03087,O00187,0
DB11093,O14958,1
DB11348,O14958,1
DB14481,O14958,1
DB04729,O14958,0
DB00602,O14958,0
DB01772,O14958,0
DB05171,Q96BI3,1
DB08165,Q96BI3,0
DB11638,P13830,1
DB12061,P13830,0
DB02494,P62913,1
DB07374,P62913,1
DB08437,P62913,1
DB01140,P62913,0
DB07731,P62913,0
DB01079,P62913,0
DB02556,P06850,1
DB02952,P06850,1
DB07033,P06850,0
DB03576,P06850,0
DB02024,P95468,1
DB02242,P95468,1
DB02434,P95468,1
DB02740,P95468,1
DB02758,P95468,1
DB03210,P95468,1
DB03400,P95468,1
DB04051,P95468,1
DB04208,P95468,1
DB04299,P95468,1
DB06819,P95468,1
DB04324,P95468,0
DB04741,P95468,0
DB03217,P95468,0
DB00417,P95468,0
DB08645,P95468,0
DB05786,P95468,0
DB01753,P95468,0
DB07371,P95468,0
DB07065,P95468,0
DB06992,P95468,0
DB08231,P95468,0
DB09130,P48723,1
DB02581,P48723,0
DB00260,Q9L888,1
DB08908,Q9L888,0
DB00201,Q14573,1
DB01082,Q14573,0
DB04147,P0AGG2,1
DB04154,P0AGG2,0
DB03801,P13661,1
DB03401,P13661,0
DB01805,P00782,1
DB01915,P00782,1
DB02442,P00782,1
DB03297,P00782,1
DB04491,P00782,1
DB00190,P00782,0
DB05706,P00782,0
DB03364,P00782,0
DB02773,P00782,0
DB13878,P00782,0
DB01065,P11678,1
DB03909,P11678,0
DB02923,P17297,1
DB13953,P17297,0
DB08541,Q53901,1
DB02712,Q53901,0
DB07180,P51955,1
DB12010,P51955,1
DB08299,P51955,0
DB08629,P51955,0
DB12010,P16591,1
DB00841,P16591,0
DB00619,Q08345,1
DB12010,Q08345,1
DB02986,Q08345,0
DB03446,Q08345,0
DB00178,P46663,1
DB01197,P46663,1
DB01593,P46663,1
DB09477,P46663,1
DB14487,P46663,1
DB14533,P46663,1
DB03916,P46663,0
DB00756,P46663,0
DB04135,P46663,0
DB03523,P46663,0
DB04749,P46663,0
DB00239,P46663,0
DB01133,P27449,1
DB01288,P27449,0
DB00182,P35368,1
DB00211,P35368,1
DB00243,P35368,1
DB00246,P35368,1
DB00248,P35368,1
DB00268,P35368,1
DB00298,P35368,1
DB00321,P35368,1
DB00334,P35368,1
DB00346,P35368,1
DB00363,P35368,1
DB00368,P35368,1
DB00370,P35368,1
DB00388,P35368,1
DB00408,P35368,1
DB00433,P35368,1
DB00457,P35368,1
DB00458,P35368,1
DB00477,P35368,1
DB00490,P35368,1
DB00540,P35368,1
DB00543,P35368,1
DB00575,P35368,1
DB00590,P35368,1
DB00598,P35368,1
DB00622,P35368,1
DB00661,P35368,1
DB00668,P35368,1
DB00679,P35368,1
DB00692,P35368,1
DB00696,P35368,1
DB00697,P35368,1
DB00706,P35368,1
DB00715,P35368,1
DB00723,P35368,1
DB00726,P35368,1
DB00734,P35368,1
DB00745,P35368,1
DB00800,P35368,1
DB00841,P35368,1
DB00908,P35368,1
DB00925,P35368,1
DB00934,P35368,1
DB00935,P35368,1
DB01069,P35368,1
DB01136,P35368,1
DB01142,P35368,1
DB01149,P35368,1
DB01151,P35368,1
DB01162,P35368,1
DB01175,P35368,1
DB01186,P35368,1
DB01200,P35368,1
DB01224,P35368,1
DB01238,P35368,1
DB01267,P35368,1
DB01365,P35368,1
DB01403,P35368,1
DB01576,P35368,1
DB01579,P35368,1
DB01608,P35368,1
DB01614,P35368,1
DB01622,P35368,1
DB04855,P35368,1
DB05492,P35368,1
DB06144,P35368,1
DB06148,P35368,1
DB06153,P35368,1
DB06207,P35368,1
DB06229,P35368,1
DB06262,P35368,1
DB06694,P35368,1
DB08922,P35368,1
DB09128,P35368,1
DB09167,P35368,1
DB09194,P35368,1
DB09195,P35368,1
DB09202,P35368,1
DB09203,P35368,1
DB09204,P35368,1
DB09205,P35368,1
DB09229,P35368,1
DB09286,P35368,1
DB11273,P35368,1
DB11278,P35368,1
DB11577,P35368,1
DB13025,P35368,1
DB13345,P35368,1
DB14185,P35368,1
DB00372,P35368,0
DB08145,P35368,0
DB02205,P35368,0
DB01675,P35368,0
DB07041,P35368,0
DB09291,P35368,0
DB07900,P35368,0
DB07428,P35368,0
DB00520,P35368,0
DB00892,P35368,0
DB04607,P35368,0
DB04104,P35368,0
DB00854,P35368,0
DB04546,P35368,0
DB07032,P35368,0
DB04798,P35368,0
DB01607,P35368,0
DB00114,P35368,0
DB03709,P35368,0
DB02715,P35368,0
DB06274,P35368,0
DB07083,P35368,0
DB01408,P35368,0
DB08486,P35368,0
DB07916,P35368,0
DB00165,P35368,0
DB02474,P35368,0
DB00389,P35368,0
DB07601,P35368,0
DB07231,P35368,0
DB06924,P35368,0
DB12457,P35368,0
DB01117,P35368,0
DB03845,P35368,0
DB07371,P35368,0
DB00957,P35368,0
DB05448,P35368,0
DB08226,P35368,0
DB04970,P35368,0
DB03750,P35368,0
DB08323,P35368,0
DB07182,P35368,0
DB03316,P35368,0
DB00229,P35368,0
DB02395,P35368,0
DB07553,P35368,0
DB00161,P35368,0
DB03397,P35368,0
DB00699,P35368,0
DB03736,P35368,0
DB01160,P35368,0
DB04166,P35368,0
DB04631,P35368,0
DB01583,P35368,0
DB04740,P35368,0
DB03090,P35368,0
DB06884,P35368,0
DB02353,P35368,0
DB04501,P35368,0
DB00524,P35368,0
DB01919,P35368,0
DB08105,P35368,0
DB03927,P35368,0
DB08750,P35368,0
DB03581,P35368,0
DB07943,P35368,0
DB08457,P35368,0
DB04885,P35368,0
DB02341,P35368,0
DB08026,P35368,0
DB04389,P35368,0
DB02921,P35368,0
DB02028,P35368,0
DB04194,P35368,0
DB02201,P35368,0
DB03242,P35368,0
DB07005,P35368,0
DB00174,P35368,0
DB06817,P35368,0
DB02883,P35368,0
DB08712,P35368,0
DB00200,P35368,0
DB11712,P35368,0
DB04409,P35368,0
DB07087,P35368,0
DB06844,P35368,0
DB03661,P35368,0
DB00130,P35368,0
DB00894,P35368,0
DB04141,P22695,1
DB04799,P22695,1
DB07401,P22695,1
DB07763,P22695,1
DB07778,P22695,1
DB08330,P22695,1
DB08453,P22695,1
DB08690,P22695,1
DB02988,P22695,0
DB09462,P22695,0
DB06936,P22695,0
DB03159,P22695,0
DB07379,P22695,0
DB07243,P22695,0
DB04641,P22695,0
DB06268,P22695,0
DB00228,Q9H252,1
DB00308,Q9H252,1
DB00321,Q9H252,1
DB00590,Q9H252,1
DB01069,Q9H252,1
DB01110,Q9H252,1
DB01118,Q9H252,1
DB01162,Q9H252,1
DB02414,Q9H252,0
DB08278,Q9H252,0
DB03591,Q9H252,0
DB08194,Q9H252,0
DB04169,Q9H252,0
DB03359,Q9H252,0
DB07037,Q9H252,0
DB01283,Q9H252,0
DB04716,P29597,1
DB08895,P29597,1
DB12010,P29597,1
DB01520,P29597,0
DB08232,P29597,0
DB03162,P29597,0
DB04147,Q4KH25,1
DB07675,Q4KH25,0
DB00157,P14679,1
DB00548,P14679,1
DB00600,P14679,1
DB01055,P14679,1
DB09526,P14679,1
DB11217,P14679,1
DB11254,P14679,1
DB07219,P14679,0
DB03423,P14679,0
DB03966,P14679,0
DB08463,P14679,0
DB01369,P14679,0
DB01993,P14679,0
DB07340,P14679,0
DB04520,Q54276,1
DB08667,Q54276,0
DB03366,Q816R0,1
DB03392,Q816R0,0
DB03247,Q9FDN7,1
DB03179,Q9FDN7,0
DB00786,Q9H306,1
DB08814,Q9H306,0
DB00157,P03915,1
DB07546,P03915,0
DB12010,Q14164,1
DB02659,Q14164,0
DB03297,Q8GB52,1
DB03504,Q8GB52,0
DB01863,P23677,1
DB03401,P23677,1
DB04395,P23677,1
DB08396,P23677,0
DB00400,P23677,0
DB07604,P23677,0
DB04233,P02931,1
DB07084,P02931,1
DB04783,P02931,0
DB11582,P02931,0
DB03147,P9WIQ1,1
DB03709,P9WIQ1,1
DB08009,P9WIQ1,0
DB08910,P9WIQ1,0
DB04069,P53355,1
DB04395,P53355,1
DB07444,P53355,1
DB12010,P53355,1
DB07834,P53355,0
DB13166,P53355,0
DB08063,P53355,0
DB14514,P53355,0
DB00153,Q9UF02,1
DB00228,Q9UF02,1
DB00421,Q9UF02,1
DB11148,Q9UF02,1
DB08690,Q9UF02,0
DB03312,Q9UF02,0
DB14050,Q9UF02,0
DB03531,Q9UF02,0
DB00142,O15399,1
DB00193,O15399,1
DB00228,O15399,1
DB00289,O15399,1
DB00312,O15399,1
DB00333,O15399,1
DB00418,O15399,1
DB00454,O15399,1
DB00659,O15399,1
DB00843,O15399,1
DB00874,O15399,1
DB01043,O15399,1
DB01173,O15399,1
DB01174,O15399,1
DB01238,O15399,1
DB01520,O15399,1
DB01708,O15399,1
DB04896,O15399,1
DB06151,O15399,1
DB06738,O15399,1
DB06741,O15399,1
DB09409,O15399,1
DB09481,O15399,1
DB11823,O15399,1
DB13146,O15399,1
DB08382,O15399,0
DB07738,O15399,0
DB09147,O15399,0
DB05171,O15399,0
DB08611,O15399,0
DB08259,O15399,0
DB07524,O15399,0
DB02283,O15399,0
DB00745,O15399,0
DB06262,O15399,0
DB01920,O15399,0
DB11186,O15399,0
DB08119,O15399,0
DB00344,O15399,0
DB07984,O15399,0
DB07256,O15399,0
DB04144,O15399,0
DB01045,O15399,0
DB02082,O15399,0
DB02611,O15399,0
DB00469,O15399,0
DB03183,O15399,0
DB06814,O15399,0
DB07917,O15399,0
DB02803,O15399,0
DB01975,O33199,1
DB02059,O33199,1
DB03148,O33199,1
DB00725,O33199,0
DB04972,O33199,0
DB02145,O33199,0
DB06408,P22413,1
DB14719,P22413,0
DB02930,Q59560,1
DB03222,Q59560,1
DB07985,Q59560,0
DB02283,Q59560,0
DB01846,P10802,1
DB01992,P10802,1
DB08120,P10802,1
DB00700,P10802,0
DB01126,P10802,0
DB02131,P10802,0
DB12010,Q9BYT3,1
DB06994,Q9BYT3,0
DB00642,P22102,1
DB02236,P22102,1
DB03546,P22102,1
DB01651,P22102,0
DB02934,P22102,0
DB07528,P22102,0
DB02452,Q9PPP5,1
DB02592,Q9PPP5,0
DB01727,O75874,1
DB03461,O75874,1
DB14568,O75874,1
DB08543,O75874,0
DB04641,O75874,0
DB07130,O75874,0
DB11638,P62277,1
DB04825,P62277,0
DB00142,P00367,1
DB00157,P00367,1
DB00756,P00367,1
DB04137,P00367,1
DB11081,P00367,1
DB04650,P00367,0
DB14126,P00367,0
DB06247,P00367,0
DB07327,P00367,0
DB08642,P00367,0
DB00142,P49448,1
DB00157,P49448,1
DB01031,P49448,0
DB02237,P49448,0
DB02007,P19367,1
DB02379,P19367,1
DB04395,P19367,1
DB06266,P19367,1
DB07552,P19367,0
DB08600,P19367,0
DB03937,P19367,0
DB01099,P19367,0
DB09130,P56537,1
DB00398,P56537,0
DB00627,Q15274,1
DB04169,Q15274,0
DB00116,Q96DP5,1
DB09273,Q96DP5,0
DB00266,Q08257,1
DB03461,Q08257,1
DB14011,Q08257,1
DB00274,Q08257,0
DB01267,Q08257,0
DB04552,Q08257,0
DB07918,Q72EF4,1
DB00128,Q72EF4,0
DB02038,Q8ZNF3,1
DB02142,Q8ZNF3,1
DB02031,Q8ZNF3,0
DB00730,Q8ZNF3,0
DB07490,P0AC47,1
DB07918,P0AC47,1
DB03424,P0AC47,0
DB08308,P0AC47,0
DB02379,P00490,1
DB02843,P00490,1
DB03323,P00490,1
DB09288,P00490,0
DB00953,P00490,0
DB05255,P00490,0
DB04302,P9WQD9,1
DB15493,P9WQD9,0
DB14001,P52429,1
DB07205,P52429,0
DB03994,Q9RP17,1
DB07662,Q9RP17,0
DB04216,P17676,1
DB07696,P17676,0
DB00186,P48169,1
DB00189,P48169,1
DB00228,P48169,1
DB00231,P48169,1
DB00237,P48169,1
DB00241,P48169,1
DB00252,P48169,1
DB00292,P48169,1
DB00306,P48169,1
DB00312,P48169,1
DB00349,P48169,1
DB00371,P48169,1
DB00402,P48169,1
DB00404,P48169,1
DB00418,P48169,1
DB00463,P48169,1
DB00475,P48169,1
DB00543,P48169,1
DB00546,P48169,1
DB00555,P48169,1
DB00599,P48169,1
DB00603,P48169,1
DB00628,P48169,1
DB00659,P48169,1
DB00683,P48169,1
DB00690,P48169,1
DB00753,P48169,1
DB00794,P48169,1
DB00801,P48169,1
DB00818,P48169,1
DB00829,P48169,1
DB00842,P48169,1
DB00849,P48169,1
DB00897,P48169,1
DB00898,P48169,1
DB01028,P48169,1
DB01043,P48169,1
DB01068,P48169,1
DB01107,P48169,1
DB01159,P48169,1
DB01189,P48169,1
DB01205,P48169,1
DB01215,P48169,1
DB01236,P48169,1
DB01351,P48169,1
DB01352,P48169,1
DB01353,P48169,1
DB01354,P48169,1
DB01355,P48169,1
DB01437,P48169,1
DB01483,P48169,1
DB01489,P48169,1
DB01496,P48169,1
DB01511,P48169,1
DB01544,P48169,1
DB01545,P48169,1
DB01553,P48169,1
DB01558,P48169,1
DB01559,P48169,1
DB01587,P48169,1
DB01588,P48169,1
DB01589,P48169,1
DB01594,P48169,1
DB01595,P48169,1
DB01708,P48169,1
DB01956,P48169,1
DB05087,P48169,1
DB09017,P48169,1
DB09118,P48169,1
DB09166,P48169,1
DB11582,P48169,1
DB11859,P48169,1
DB11901,P48169,1
DB12537,P48169,1
DB13335,P48169,1
DB13437,P48169,1
DB13643,P48169,1
DB13837,P48169,1
DB13872,P48169,1
DB14028,P48169,1
DB14672,P48169,1
DB14715,P48169,1
DB14719,P48169,1
DB15489,P48169,1
DB02341,P48169,0
DB00327,P48169,0
DB03773,P48169,0
DB04453,P48169,0
DB01906,P48169,0
DB04651,P48169,0
DB02903,P48169,0
DB03899,P48169,0
DB08226,P48169,0
DB01436,P48169,0
DB04275,P48169,0
DB08762,P48169,0
DB08536,P48169,0
DB00535,P48169,0
DB00393,P48169,0
DB01731,P48169,0
DB02805,P48169,0
DB01012,P48169,0
DB07041,P48169,0
DB04882,P48169,0
DB01600,P48169,0
DB00986,P48169,0
DB08341,P48169,0
DB07081,P48169,0
DB06917,P48169,0
DB07052,P48169,0
DB00346,P48169,0
DB06756,P48169,0
DB00205,P48169,0
DB11737,P48169,0
DB04438,P48169,0
DB00697,P48169,0
DB03364,P48169,0
DB06543,P48169,0
DB04129,P48169,0
DB07050,P48169,0
DB14066,P48169,0
DB07297,P48169,0
DB04348,P48169,0
DB00425,P48169,0
DB02322,P48169,0
DB02292,P48169,0
DB04233,P48169,0
DB06785,P48169,0
DB07491,P48169,0
DB08566,P48169,0
DB02656,P48169,0
DB02581,P48169,0
DB06248,P48169,0
DB00125,P48169,0
DB12455,P48169,0
DB08191,P48169,0
DB08420,P48169,0
DB02646,P48169,0
DB00498,P48169,0
DB03492,P48169,0
DB08819,P48169,0
DB06268,P48169,0
DB07420,P48169,0
DB00953,P48169,0
DB11613,P48169,0
DB03660,P48169,0
DB00497,P48169,0
DB07827,P48169,0
DB00238,P48169,0
DB11478,P48169,0
DB00928,P48169,0
DB01688,P48169,0
DB04451,P48169,0
DB11672,P48169,0
DB00337,P48169,0
DB03623,P48169,0
DB07678,P48169,0
DB07455,P48169,0
DB08462,P48169,0
DB01102,P48169,0
DB04200,P48169,0
DB04871,P48169,0
DB03622,P48169,0
DB01164,P48169,0
DB01805,P48169,0
DB07249,P48169,0
DB06897,P48169,0
DB03677,P48169,0
DB00150,P00953,1
DB01831,P00953,1
DB04537,P00953,1
DB07686,P00953,0
DB02954,P00953,0
DB02384,P00953,0
DB04447,O15169,1
DB07392,O15169,0
DB01768,Q26966,1
DB03296,Q26966,1
DB03369,Q26966,0
DB08282,Q26966,0
DB05476,Q03405,1
DB00471,Q03405,0
DB01987,P0AFG8,1
DB03451,P0AFG8,0
DB02923,P0A108,1
DB07478,P0A108,1
DB07610,P0A108,1
DB01891,P0A108,0
DB01940,P0A108,0
DB01131,P0A108,0
DB00184,Q9GZZ6,1
DB00202,Q9GZZ6,1
DB00237,Q9GZZ6,1
DB00898,Q9GZZ6,1
DB01090,Q9GZZ6,1
DB01116,Q9GZZ6,1
DB05137,Q9GZZ6,1
DB14783,Q9GZZ6,1
DB12518,Q9GZZ6,0
DB01215,Q9GZZ6,0
DB14068,Q9GZZ6,0
DB04271,Q9GZZ6,0
DB03673,Q9GZZ6,0
DB07275,Q9GZZ6,0
DB07897,Q9GZZ6,0
DB00136,Q9GZZ6,0
DB00302,P00747,1
DB00513,P00747,1
DB03709,P00747,1
DB09130,P00747,1
DB12831,P00747,1
DB04377,P00747,0
DB07086,P00747,0
DB08893,P00747,0
DB02017,P00747,0
DB13988,P00747,0
DB00139,P51649,1
DB00157,P51649,1
DB00313,P51649,1
DB00534,P51649,1
DB02683,P51649,0
DB03401,P51649,0
DB04498,P51649,0
DB13729,P51649,0
DB04395,P37093,1
DB01020,P37093,0
DB02835,P36871,1
DB04397,P36871,1
DB06843,P36871,0
DB03240,P36871,0
DB01117,Q02768,1
DB03369,Q02768,0
DB03775,P12996,1
DB02599,P12996,0
DB02836,Q54089,1
DB04315,Q54089,1
DB15569,Q54089,0
DB02567,Q54089,0
DB00515,P02787,1
DB00677,P02787,1
DB01370,P02787,1
DB01592,P02787,1
DB01593,P02787,1
DB06757,P02787,1
DB09130,P02787,1
DB11397,P02787,1
DB14487,P02787,1
DB14488,P02787,1
DB14489,P02787,1
DB14490,P02787,1
DB14491,P02787,1
DB14501,P02787,1
DB14517,P02787,1
DB14518,P02787,1
DB14533,P02787,1
DB07667,P02787,0
DB00794,P02787,0
DB01784,P02787,0
DB12140,P02787,0
DB03462,P02787,0
DB07036,P02787,0
DB02812,P02787,0
DB02709,P02787,0
DB08072,P02787,0
DB07922,P02787,0
DB00907,P02787,0
DB01921,P02787,0
DB04438,P02787,0
DB07965,P02787,0
DB01427,P02787,0
DB01140,P02787,0
DB08746,P02787,0
DB04665,P11509,1
DB07609,P11509,1
DB07617,P11509,1
DB07621,P11509,1
DB07623,P11509,1
DB04542,P11509,0
DB03160,P11509,0
DB07113,P11509,0
DB02035,P11509,0
DB00368,P11509,0
DB02546,O67135,1
DB04297,O67135,1
DB02214,O67135,0
DB03469,O67135,0
DB04147,Q46702,1
DB02522,Q46702,0
DB00398,P07949,1
DB01809,P07949,1
DB05294,P07949,1
DB08875,P07949,1
DB08896,P07949,1
DB08901,P07949,1
DB09078,P07949,1
DB12010,P07949,1
DB12742,P07949,1
DB15685,P07949,1
DB03349,P07949,0
DB07944,P07949,0
DB14011,P07949,0
DB03698,P07949,0
DB00527,P07949,0
DB07544,P07949,0
DB04510,P07949,0
DB01346,P07949,0
DB08560,P07949,0
DB06510,P07949,0
DB04851,Q2M3G0,1
DB14067,Q2M3G0,1
DB07644,Q2M3G0,0
DB01822,Q2M3G0,0
DB03881,Q8I3X4,1
DB11638,Q8I3X4,1
DB02085,Q8I3X4,0
DB01218,Q8I3X4,0
DB00128,Q5T6L4,1
DB00155,Q5T6L4,1
DB03433,Q5T6L4,0
DB02985,Q5T6L4,0
DB02703,P13551,1
DB04315,P13551,1
DB05271,P13551,0
DB03447,P13551,0
DB12695,P09936,1
DB00497,P09936,0
DB11638,Q8I431,1
DB08433,Q8I431,0
DB00634,P0C002,1
DB07951,P0C002,0
DB01760,Q8WX39,1
DB02924,Q8WX39,1
DB03087,Q8WX39,1
DB03711,Q8WX39,1
DB04512,Q8WX39,1
DB13956,Q8WX39,0
DB01774,Q8WX39,0
DB02144,Q8WX39,0
DB01054,Q8WX39,0
DB00221,Q8WX39,0
DB01992,Q04416,1
DB03613,Q04416,1
DB04067,Q04416,1
DB04242,Q04416,1
DB05792,Q04416,0
DB05399,Q04416,0
DB00773,Q04416,0
DB07392,Q04416,0
DB01903,Q9WYT0,1
DB03147,Q9WYT0,1
DB03761,Q9WYT0,1
DB03800,Q9WYT0,1
DB00534,Q9WYT0,0
DB08221,Q9WYT0,0
DB02305,Q9WYT0,0
DB07407,Q9WYT0,0
DB00847,P49146,1
DB05045,P49146,1
DB08677,P49146,0
DB08423,P49146,0
DB00171,P00519,1
DB00619,P00519,1
DB01254,P00519,1
DB03878,P00519,1
DB04868,P00519,1
DB06616,P00519,1
DB07831,P00519,1
DB08043,P00519,1
DB08231,P00519,1
DB08339,P00519,1
DB08350,P00519,1
DB08583,P00519,1
DB08896,P00519,1
DB08901,P00519,1
DB12010,P00519,1
DB12267,P00519,1
DB12323,P00519,1
DB03343,P00519,0
DB01599,P00519,0
DB08804,P00519,0
DB03206,P00519,0
DB08334,P00519,0
DB04472,P00519,0
DB02008,P00519,0
DB08286,P00519,0
DB07305,P00519,0
DB02761,P00519,0
DB08021,P00519,0
DB07819,P00519,0
DB03825,P00519,0
DB01799,P00519,0
DB07225,P00519,0
DB08487,P00519,0
DB08292,P00519,0
DB01666,Q7WUJ1,1
DB08770,Q7WUJ1,0
DB00591,P12429,1
DB03994,P12429,1
DB09095,P12429,1
DB04009,P12429,0
DB06290,P12429,0
DB11837,P12429,0
DB00114,P35520,1
DB00118,P35520,1
DB00133,P35520,1
DB00151,P35520,1
DB04267,P35520,0
DB12161,P35520,0
DB02521,P35520,0
DB07625,P35520,0
DB01593,P01619,1
DB09130,P01619,1
DB14487,P01619,1
DB04318,P01619,0
DB03274,P01619,0
DB01665,P01619,0
DB04631,P07014,1
DB07671,P07014,1
DB08690,P07014,1
DB13083,P07014,0
DB02035,P07014,0
DB04798,P07014,0
DB04178,P17213,1
DB04183,P17213,0
DB01992,P44886,1
DB03626,P44886,0
DB12010,P0C264,1
DB01115,P0C264,0
DB00482,O15530,1
DB01863,O15530,1
DB01933,O15530,1
DB01946,O15530,1
DB02010,O15530,1
DB03777,O15530,1
DB04522,O15530,1
DB06932,O15530,1
DB07033,O15530,1
DB07132,O15530,1
DB07300,O15530,1
DB07456,O15530,1
DB07457,O15530,1
DB12010,O15530,1
DB07230,O15530,0
DB03357,O15530,0
DB01631,O15530,0
DB00437,O15530,0
DB04465,O15530,0
DB02611,O15530,0
DB08364,O15530,0
DB03121,O15530,0
DB03945,O15530,0
DB02333,O15530,0
DB07050,O15530,0
DB03364,O15530,0
DB04071,O15530,0
DB08562,O15530,0
DB11093,Q02818,1
DB11348,Q02818,1
DB14481,Q02818,1
DB04456,Q02818,0
DB07069,Q02818,0
DB08734,Q02818,0
DB04393,O24990,1
DB08604,O24990,1
DB08718,O24990,0
DB04185,O24990,0
DB07553,Q70I53,1
DB08505,Q70I53,1
DB13167,Q70I53,0
DB03321,Q70I53,0
DB02930,P17600,1
DB02899,P17600,0
DB08342,Q9Y296,1
DB02109,Q9Y296,0
DB00451,P05106,1
DB00775,P05106,1
DB02709,P05106,1
DB04863,P05106,1
DB06472,P05106,1
DB15598,P05106,1
DB07858,P05106,0
DB01336,P05106,0
DB00887,P05106,0
DB06677,P05106,0
DB12177,P05106,0
DB00966,P05106,0
DB03083,P78368,1
DB03693,P78368,1
DB04604,P78368,1
DB08822,P78368,0
DB09071,P78368,0
DB06694,P78368,0
DB02786,P15474,1
DB02801,P15474,1
DB04347,P15474,1
DB04656,P15474,1
DB08485,P15474,1
DB05490,P15474,0
DB03746,P15474,0
DB14517,P15474,0
DB07059,P15474,0
DB03807,P15474,0
DB00228,Q9NZV8,1
DB00280,Q9NZV8,1
DB00458,Q9NZV8,1
DB01069,Q9NZV8,1
DB01110,Q9NZV8,1
DB06637,Q9NZV8,1
DB02683,Q9NZV8,0
DB00161,Q9NZV8,0
DB13955,Q9NZV8,0
DB02456,Q9NZV8,0
DB07407,Q9NZV8,0
DB07657,Q9NZV8,0
DB03747,O85361,1
DB08785,O85361,0
DB02580,Q82EE4,1
DB05053,Q82EE4,0
DB00786,O60882,1
DB08271,O60882,1
DB01488,O60882,0
DB08050,O60882,0
DB11638,Q8I3T9,1
DB09212,Q8I3T9,0
DB02987,P00973,1
DB02163,P00973,0
DB03158,P32019,1
DB00903,P32019,0
DB08081,P33905,1
DB09040,P33905,0
DB07821,Q15102,1
DB02247,Q15102,0
DB08869,Q02643,1
DB03581,Q02643,0
DB03147,P16435,1
DB03247,P16435,1
DB03461,P16435,1
DB00491,P16435,0
DB04175,P16435,0
DB02443,P16435,0
DB00157,P43353,1
DB00392,P43353,0
DB00228,Q9Y6J6,1
DB01069,Q9Y6J6,1
DB01110,Q9Y6J6,1
DB02660,Q9Y6J6,0
DB07322,Q9Y6J6,0
DB02441,Q9Y6J6,0
DB03382,P9WG35,1
DB08916,P9WG35,0
DB08513,P35568,1
DB01345,P35568,0
DB03884,P39639,1
DB03908,P39639,0
DB00279,P10827,1
DB00451,P10827,1
DB00509,P10827,1
DB01118,P10827,1
DB01583,P10827,1
DB03176,P10827,1
DB04855,P10827,1
DB05035,P10827,1
DB11712,P10827,0
DB04829,P10827,0
DB06974,P10827,0
DB04470,P10827,0
DB08106,P10827,0
DB04521,P10827,0
DB02018,P10827,0
DB01205,P10827,0
DB00303,P0AD65,1
DB00438,P0AD65,1
DB00578,P0AD65,1
DB00948,P0AD65,1
DB01000,P0AD65,1
DB01163,P0AD65,1
DB01327,P0AD65,1
DB01328,P0AD65,1
DB01329,P0AD65,1
DB01413,P0AD65,1
DB01415,P0AD65,1
DB01598,P0AD65,1
DB01602,P0AD65,1
DB06211,P0AD65,1
DB09050,P0AD65,1
DB09319,P0AD65,1
DB04905,P0AD65,0
DB03273,P0AD65,0
DB00153,P0AD65,0
DB02805,P0AD65,0
DB06094,P0AD65,0
DB03517,P0AD65,0
DB04453,P0AD65,0
DB01340,P0AD65,0
DB02063,P0AD65,0
DB04379,P0AD65,0
DB03525,P0AD65,0
DB08480,P0AD65,0
DB00378,P0AD65,0
DB07137,P0AD65,0
DB14066,P0AD65,0
DB00691,P0AD65,0
DB09401,Q07820,1
DB01196,Q07820,0
DB04530,P9WH11,1
DB03489,P9WH11,0
DB00186,Q9UN88,1
DB00189,Q9UN88,1
DB00228,Q9UN88,1
DB00231,Q9UN88,1
DB00237,Q9UN88,1
DB00241,Q9UN88,1
DB00252,Q9UN88,1
DB00292,Q9UN88,1
DB00306,Q9UN88,1
DB00312,Q9UN88,1
DB00349,Q9UN88,1
DB00371,Q9UN88,1
DB00402,Q9UN88,1
DB00404,Q9UN88,1
DB00463,Q9UN88,1
DB00475,Q9UN88,1
DB00543,Q9UN88,1
DB00546,Q9UN88,1
DB00555,Q9UN88,1
DB00603,Q9UN88,1
DB00628,Q9UN88,1
DB00659,Q9UN88,1
DB00683,Q9UN88,1
DB00690,Q9UN88,1
DB00753,Q9UN88,1
DB00794,Q9UN88,1
DB00801,Q9UN88,1
DB00818,Q9UN88,1
DB00829,Q9UN88,1
DB00842,Q9UN88,1
DB00897,Q9UN88,1
DB00898,Q9UN88,1
DB01028,Q9UN88,1
DB01043,Q9UN88,1
DB01068,Q9UN88,1
DB01107,Q9UN88,1
DB01159,Q9UN88,1
DB01189,Q9UN88,1
DB01205,Q9UN88,1
DB01215,Q9UN88,1
DB01236,Q9UN88,1
DB01437,Q9UN88,1
DB01489,Q9UN88,1
DB01511,Q9UN88,1
DB01544,Q9UN88,1
DB01545,Q9UN88,1
DB01553,Q9UN88,1
DB01558,Q9UN88,1
DB01559,Q9UN88,1
DB01587,Q9UN88,1
DB01588,Q9UN88,1
DB01589,Q9UN88,1
DB01594,Q9UN88,1
DB01595,Q9UN88,1
DB01708,Q9UN88,1
DB01956,Q9UN88,1
DB09017,Q9UN88,1
DB09118,Q9UN88,1
DB09166,Q9UN88,1
DB11582,Q9UN88,1
DB11859,Q9UN88,1
DB11901,Q9UN88,1
DB12537,Q9UN88,1
DB13335,Q9UN88,1
DB13437,Q9UN88,1
DB13643,Q9UN88,1
DB13837,Q9UN88,1
DB13872,Q9UN88,1
DB14028,Q9UN88,1
DB14672,Q9UN88,1
DB14715,Q9UN88,1
DB14719,Q9UN88,1
DB15489,Q9UN88,1
DB04620,Q9UN88,0
DB01774,Q9UN88,0
DB06274,Q9UN88,0
DB02630,Q9UN88,0
DB08995,Q9UN88,0
DB04933,Q9UN88,0
DB01357,Q9UN88,0
DB03837,Q9UN88,0
DB00323,Q9UN88,0
DB08133,Q9UN88,0
DB05868,Q9UN88,0
DB02516,Q9UN88,0
DB07023,Q9UN88,0
DB00699,Q9UN88,0
DB04217,Q9UN88,0
DB08864,Q9UN88,0
DB08702,Q9UN88,0
DB01683,Q9UN88,0
DB08400,Q9UN88,0
DB01273,Q9UN88,0
DB06970,Q9UN88,0
DB01181,Q9UN88,0
DB09076,Q9UN88,0
DB01967,Q9UN88,0
DB00854,Q9UN88,0
DB00894,Q9UN88,0
DB03596,Q9UN88,0
DB07065,Q9UN88,0
DB07308,Q9UN88,0
DB02754,Q9UN88,0
DB01119,Q9UN88,0
DB04526,Q9UN88,0
DB00458,Q9UN88,0
DB07979,Q9UN88,0
DB02528,Q9UN88,0
DB08429,Q9UN88,0
DB03011,Q9UN88,0
DB06843,Q9UN88,0
DB00274,Q9UN88,0
DB07795,Q9UN88,0
DB02338,Q9UN88,0
DB03147,Q9UN88,0
DB07547,Q9UN88,0
DB00513,Q9UN88,0
DB08916,Q9UN88,0
DB07803,Q9UN88,0
DB02787,Q9UN88,0
DB00642,Q9UN88,0
DB05479,Q9UN88,0
DB08342,Q9UN88,0
DB00145,Q9UN88,0
DB05939,Q9UN88,0
DB08389,Q9UN88,0
DB03301,Q9UN88,0
DB14761,Q9UN88,0
DB03984,Q9UN88,0
DB00887,Q9UN88,0
DB11823,Q9UN88,0
DB09041,Q9UN88,0
DB02610,Q9UN88,0
DB04175,Q9UN88,0
DB04793,Q9UN88,0
DB07971,Q9UN88,0
DB11652,Q9UN88,0
DB03233,Q9UN88,0
DB03830,Q9UN88,0
DB02835,Q9UN88,0
DB04140,Q9UN88,0
DB02256,Q9UN88,0
DB07188,Q9UN88,0
DB04248,Q9UN88,0
DB07171,Q9UN88,0
DB01685,Q9UN88,0
DB00122,Q13393,1
DB14006,Q13393,1
DB11672,Q13393,0
DB00848,Q13393,0
DB03796,O43617,1
DB08231,O43617,1
DB08342,O43617,1
DB07167,O43617,0
DB09088,O43617,0
DB00977,O43617,0
DB04201,P56194,1
DB03701,P56194,0
DB11638,Q8IM74,1
DB00372,Q8IM74,0
DB01041,P21802,1
DB01901,P21802,1
DB02058,P21802,1
DB02491,P21802,1
DB08896,P21802,1
DB08901,P21802,1
DB09078,P21802,1
DB09079,P21802,1
DB12010,P21802,1
DB12147,P21802,1
DB15102,P21802,1
DB15685,P21802,1
DB07786,P21802,0
DB00554,P21802,0
DB04631,P21802,0
DB14498,P21802,0
DB11638,P21802,0
DB06174,P21802,0
DB02642,P21802,0
DB03447,P21802,0
DB00204,P21802,0
DB00861,P21802,0
DB01937,P21802,0
DB07950,P21802,0
DB12010,P48729,1
DB02230,P48729,0
DB08515,P25787,1
DB05959,P25787,0
DB00115,Q9Y4U1,1
DB00200,Q9Y4U1,1
DB00139,Q9Y4U1,0
DB08589,Q9Y4U1,0
DB00162,P05090,1
DB09130,P05090,1
DB11362,P05090,0
DB11937,P05090,0
DB02078,P35080,1
DB02580,P35080,1
DB03731,P35080,0
DB02558,P35080,0
DB03897,O67636,1
DB07718,O67636,1
DB02256,O67636,0
DB08204,O67636,0
DB08655,Q92793,1
DB00896,Q92793,0
DB02312,P11546,1
DB04169,P11546,0
DB02175,P09012,1
DB01327,P09012,0
DB02078,Q5LRQ9,1
DB07440,Q5LRQ9,0
DB01561,P00947,1
DB03515,P00947,1
DB04693,P00947,1
DB08308,P00947,1
DB00758,P00947,0
DB04727,P00947,0
DB08807,P00947,0
DB01436,P00947,0
DB01899,P08877,1
DB03023,P08877,0
DB12010,Q7KZI7,1
DB08358,Q7KZI7,0
DB11638,C0H551,1
DB08110,C0H551,0
DB01593,P01019,1
DB09130,P01019,1
DB12548,P01019,1
DB14487,P01019,1
DB08671,P01019,0
DB06581,P01019,0
DB01018,P01019,0
DB02907,P01019,0
DB02659,P15954,1
DB04464,P15954,1
DB07262,P15954,0
DB07935,P15954,0
DB02375,P23458,1
DB04716,P23458,1
DB08877,P23458,1
DB08895,P23458,1
DB11817,P23458,1
DB12010,P23458,1
DB12500,P23458,1
DB15091,P23458,1
DB04074,P23458,0
DB02237,P23458,0
DB07346,P23458,0
DB08403,P23458,0
DB08110,P23458,0
DB07721,P23458,0
DB00787,P23458,0
DB08490,P23458,0
DB01684,P48147,1
DB03382,P48147,1
DB03535,P48147,1
DB03864,P48147,1
DB07148,P48147,1
DB08738,P48147,1
DB08739,P48147,1
DB07724,P48147,0
DB02859,P48147,0
DB07335,P48147,0
DB02751,P48147,0
DB08554,P48147,0
DB07239,P48147,0
DB08964,P48147,0
DB00121,Q9HCC0,1
DB08520,Q9HCC0,0
DB01133,O15342,1
DB06910,O15342,0
DB01133,Q13488,1
DB01354,Q13488,0
DB08231,P63098,1
DB11693,P63098,1
DB00876,P63098,0
DB13751,P63098,0
DB04315,P32056,1
DB14071,P32056,0
DB01694,Q9KVB4,1
DB01795,Q9KVB4,0
DB01785,P62623,1
DB04714,P62623,1
DB02722,P62623,0
DB08613,P62623,0
DB00162,Q8NBN7,1
DB09085,Q8NBN7,0
DB00114,P23378,1
DB07985,P23378,0
DB04237,P00778,1
DB07411,P00778,1
DB06947,P00778,0
DB02135,P00778,0
DB00287,P43088,1
DB00654,P43088,1
DB00905,P43088,1
DB01160,P43088,1
DB08819,P43088,1
DB11660,P43088,1
DB07708,P43088,0
DB08344,P43088,0
DB11362,P43088,0
DB04671,P43088,0
DB07926,P43088,0
DB03109,P43088,0
DB01083,P16233,1
DB02451,P16233,1
DB04233,P16233,1
DB06586,P16233,1
DB08222,P16233,1
DB08399,P16233,0
DB07147,P16233,0
DB04788,P16233,0
DB02477,P16233,0
DB07383,P16233,0
DB00698,P52647,1
DB01235,P52647,0
DB12010,P62344,1
DB00266,P62344,0
DB00173,Q5SL87,1
DB02500,Q5SL87,0
DB06061,Q13233,1
DB11967,Q13233,1
DB12010,Q13233,1
DB02897,Q13233,0
DB04759,Q13233,0
DB02725,Q13233,0
DB00157,Q15800,1
DB01142,Q15800,0
DB02501,P76216,1
DB03582,P76216,1
DB04276,P76216,0
DB00327,P76216,0
DB03068,P0ABF6,1
DB04385,P0ABF6,1
DB08867,P0ABF6,0
DB04392,P0ABF6,0
DB07853,Q9P289,1
DB12010,Q9P289,1
DB08181,Q9P289,0
DB01472,Q9P289,0
DB00155,Q9ULC6,1
DB11691,Q9ULC6,0
DB04540,Q9ULY5,1
DB07472,Q9ULY5,0
DB09130,P05452,1
DB04367,P05452,0
DB02930,P15043,1
DB03840,P15043,0
DB01593,P51693,1
DB09130,P51693,1
DB14487,P51693,1
DB14533,P51693,1
DB03410,P51693,0
DB04031,P51693,0
DB08007,P51693,0
DB02101,P51693,0
DB00153,P62955,1
DB00228,P62955,1
DB00421,P62955,1
DB11148,P62955,1
DB04285,P62955,0
DB00513,P62955,0
DB04518,P62955,0
DB00567,P62955,0
DB04099,O25096,1
DB01078,O25096,0
DB03814,P45314,1
DB11327,P45314,0
DB02379,P23905,1
DB08262,P23905,0
DB04395,P23837,1
DB01342,P23837,0
DB00184,P43681,1
DB00237,P43681,1
DB00241,P43681,1
DB00306,P43681,1
DB00312,P43681,1
DB00333,P43681,1
DB00418,P43681,1
DB00463,P43681,1
DB00514,P43681,1
DB00564,P43681,1
DB00572,P43681,1
DB00599,P43681,1
DB00657,P43681,1
DB00747,P43681,1
DB00753,P43681,1
DB00783,P43681,1
DB00794,P43681,1
DB00849,P43681,1
DB00898,P43681,1
DB00915,P43681,1
DB00981,P43681,1
DB01174,P43681,1
DB01245,P43681,1
DB01273,P43681,1
DB01351,P43681,1
DB01352,P43681,1
DB01353,P43681,1
DB01354,P43681,1
DB01355,P43681,1
DB01483,P43681,1
DB01496,P43681,1
DB05458,P43681,1
DB07720,P43681,1
DB09028,P43681,1
DB13952,P43681,1
DB13953,P43681,1
DB13954,P43681,1
DB13955,P43681,1
DB13956,P43681,1
DB07163,P43681,0
DB02151,P43681,0
DB06997,P43681,0
DB07836,P43681,0
DB06827,P43681,0
DB04602,P43681,0
DB07472,P43681,0
DB02399,P43681,0
DB08653,P43681,0
DB01727,P43681,0
DB01511,P43681,0
DB04348,P43681,0
DB01954,P43681,0
DB08069,P43681,0
DB01080,P43681,0
DB04477,P43681,0
DB06594,P43681,0
DB00632,P43681,0
DB03381,P43681,0
DB11949,P43681,0
DB11943,P43681,0
DB03370,P43681,0
DB03299,P43681,0
DB01112,P43681,0
DB01753,P43681,0
DB11979,P43681,0
DB02438,P43681,0
DB08523,P43681,0
DB06899,P43681,0
DB09067,P43681,0
DB00631,P43681,0
DB08588,P43681,0
DB03730,P43681,0
DB04654,P43681,0
DB08668,P43681,0
DB07299,P43681,0
DB08062,P43681,0
DB04439,P43681,0
DB07737,P43681,0
DB14001,Q9Y6T7,1
DB14975,Q9Y6T7,0
DB09130,P45973,1
DB02780,P45973,0
DB00366,Q14994,1
DB00737,Q14994,1
DB00836,Q14994,1
DB01026,Q14994,1
DB01076,Q14994,1
DB01620,Q14994,1
DB01708,Q14994,1
DB01889,Q14994,1
DB02709,Q14994,1
DB04540,Q14994,1
DB04824,Q14994,1
DB07557,Q14994,1
DB07931,Q14994,1
DB08604,Q14994,1
DB02988,Q14994,0
DB00984,Q14994,0
DB06660,Q14994,0
DB01978,Q14994,0
DB07982,Q14994,0
DB01966,Q14994,0
DB08076,Q14994,0
DB08536,Q14994,0
DB04716,Q14994,0
DB00871,Q14994,0
DB11367,Q14994,0
DB03347,Q14994,0
DB04104,Q14994,0
DB03268,Q14994,0
DB01073,P27707,1
DB02594,P27707,1
DB05494,P27707,1
DB03202,P27707,0
DB01561,P27707,0
DB06471,P27707,0
DB00125,P29474,1
DB00155,P29474,1
DB00360,P29474,1
DB01110,P29474,1
DB01686,P29474,1
DB01821,P29474,1
DB01833,P29474,1
DB01997,P29474,1
DB02027,P29474,1
DB02044,P29474,1
DB02048,P29474,1
DB02077,P29474,1
DB02141,P29474,1
DB02207,P29474,1
DB02234,P29474,1
DB02335,P29474,1
DB02589,P29474,1
DB02911,P29474,1
DB02979,P29474,1
DB02994,P29474,1
DB03065,P29474,1
DB03100,P29474,1
DB03144,P29474,1
DB03305,P29474,1
DB03332,P29474,1
DB03707,P29474,1
DB03910,P29474,1
DB03918,P29474,1
DB03963,P29474,1
DB03974,P29474,1
DB04018,P29474,1
DB04223,P29474,1
DB04534,P29474,1
DB04559,P29474,1
DB07001,P29474,1
DB07244,P29474,1
DB07388,P29474,1
DB08018,P29474,1
DB08019,P29474,1
DB09237,P29474,1
DB01771,P29474,0
DB03032,P29474,0
DB07382,P29474,0
DB01426,P29474,0
DB01435,P29474,0
DB11611,P29474,0
DB02290,P29474,0
DB02789,P29474,0
DB13164,P29474,0
DB03795,P29474,0
DB08752,P29474,0
DB12965,P29474,0
DB02547,P29474,0
DB04783,P29474,0
DB01623,P29474,0
DB02153,P29474,0
DB08676,P29474,0
DB03164,P29474,0
DB00977,P29474,0
DB07680,P29474,0
DB02039,P29474,0
DB03844,P29474,0
DB07067,P29474,0
DB09053,P29474,0
DB00520,P29474,0
DB08642,P29474,0
DB08055,P29474,0
DB02336,P29474,0
DB08954,P29474,0
DB02962,P29474,0
DB04912,P29474,0
DB05234,P29474,0
DB07982,P29474,0
DB03480,P29474,0
DB02165,P29474,0
DB13908,P29474,0
DB00941,P29474,0
DB06156,P29474,0
DB08662,P29474,0
DB02462,P29474,0
DB01872,Q59288,1
DB02186,Q59288,1
DB02305,Q59288,1
DB02945,Q59288,1
DB03156,Q59288,1
DB03389,Q59288,1
DB03569,Q59288,1
DB03863,Q59288,1
DB03879,Q59288,1
DB02413,Q59288,0
DB09401,Q59288,0
DB12418,Q59288,0
DB07653,Q59288,0
DB13083,Q59288,0
DB05553,Q59288,0
DB03905,Q59288,0
DB01607,Q59288,0
DB00684,Q59288,0
DB07669,P17412,1
DB01808,P17412,0
DB12010,Q9Y2H1,1
DB06233,Q9Y2H1,0
DB11638,P38545,1
DB02413,P38545,0
DB08646,P29899,1
DB07640,P29899,0
DB01254,P07947,1
DB12010,P07947,1
DB09212,P07947,0
DB09124,P07947,0
DB03897,P31012,1
DB02966,P31012,0
DB12010,Q8IYT8,1
DB04665,Q8IYT8,0
DB00171,O43681,1
DB06094,O43681,0
DB07338,P32397,1
DB00772,P32397,0
DB04315,P22392,1
DB04551,P22392,0
DB03205,Q8GR64,1
DB12668,Q8GR64,0
DB11093,Q9ULB1,1
DB11348,Q9ULB1,1
DB14481,Q9ULB1,1
DB07906,Q9ULB1,0
DB07456,Q9ULB1,0
DB11575,Q9ULB1,0
DB00153,O00305,1
DB00228,O00305,1
DB00243,O00305,1
DB00252,O00305,1
DB00273,O00305,1
DB00393,O00305,1
DB00421,O00305,1
DB00653,O00305,1
DB00825,O00305,1
DB01110,O00305,1
DB01118,O00305,1
DB01388,O00305,1
DB04855,O00305,1
DB09089,O00305,1
DB09231,O00305,1
DB09232,O00305,1
DB09236,O00305,1
DB09238,O00305,1
DB11148,O00305,1
DB02237,O00305,0
DB08169,O00305,0
DB07649,O00305,0
DB04269,O00305,0
DB03363,O00305,0
DB04948,O00305,0
DB01786,O00305,0
DB03008,O00305,0
DB08688,O00305,0
DB04633,O00305,0
DB01426,O00305,0
DB01339,O00305,0
DB04130,O00305,0
DB02704,O00305,0
DB01352,O00305,0
DB06945,O00305,0
DB05541,O00305,0
DB02932,O00305,0
DB04524,O00305,0
DB00410,P41972,1
DB01068,P41972,0
DB00157,O43181,1
DB11085,O43181,0
DB00123,P30825,1
DB00125,P30825,1
DB00129,P30825,1
DB07755,P30825,0
DB06967,P30825,0
DB07429,P30825,0
DB07898,P84147,1
DB12612,P84147,0
DB12010,Q9H422,1
DB01392,Q9H422,0
DB01169,P29590,1
DB06255,P29590,0
DB03661,Q9H4G4,1
DB06533,Q9H4G4,0
DB00145,P23416,1
DB00431,P23416,1
DB00466,P23416,1
DB00898,P23416,1
DB01043,P23416,1
DB01956,P23416,1
DB03473,P23416,0
DB03925,P23416,0
DB07773,P23416,0
DB06888,P23416,0
DB06362,P23416,0
DB07989,P23416,0
DB01826,P00147,1
DB03845,P00147,0
DB00417,P12256,1
DB01822,P12256,1
DB03661,P12256,1
DB03801,P12256,0
DB07812,P12256,0
DB09205,P12256,0
DB00201,Q14432,1
DB00235,Q14432,1
DB00261,Q14432,1
DB00277,Q14432,1
DB00922,Q14432,1
DB01166,Q14432,1
DB01223,Q14432,1
DB01303,Q14432,1
DB01427,Q14432,1
DB04880,Q14432,1
DB05266,Q14432,1
DB08811,Q14432,1
DB09283,Q14432,1
DB04948,Q14432,0
DB03216,Q14432,0
DB04353,Q14432,0
DB04639,Q14432,0
DB09238,Q14432,0
DB01191,Q14432,0
DB00492,Q14432,0
DB03768,Q14432,0
DB04505,Q14432,0
DB08471,Q14432,0
DB04679,Q14432,0
DB07767,Q14432,0
DB09244,Q14432,0
DB04029,Q9LCC8,1
DB06623,Q9LCC8,0
DB04619,Q84EX5,1
DB04784,Q84EX5,1
DB09272,Q84EX5,0
DB00945,Q84EX5,0
DB08542,P9WNW7,1
DB01127,P9WNW7,0
DB08838,Q9UHC3,1
DB05532,Q9UHC3,0
DB01968,P43683,1
DB02688,P43683,1
DB04454,P43683,1
DB07408,P43683,0
DB08406,P43683,0
DB11581,P43683,0
DB00186,O00591,1
DB00189,O00591,1
DB00228,O00591,1
DB00231,O00591,1
DB00237,O00591,1
DB00241,O00591,1
DB00252,O00591,1
DB00292,O00591,1
DB00306,O00591,1
DB00312,O00591,1
DB00349,O00591,1
DB00371,O00591,1
DB00402,O00591,1
DB00404,O00591,1
DB00463,O00591,1
DB00475,O00591,1
DB00543,O00591,1
DB00546,O00591,1
DB00555,O00591,1
DB00603,O00591,1
DB00628,O00591,1
DB00659,O00591,1
DB00683,O00591,1
DB00690,O00591,1
DB00753,O00591,1
DB00794,O00591,1
DB00801,O00591,1
DB00818,O00591,1
DB00829,O00591,1
DB00842,O00591,1
DB00897,O00591,1
DB00898,O00591,1
DB01028,O00591,1
DB01043,O00591,1
DB01068,O00591,1
DB01107,O00591,1
DB01159,O00591,1
DB01189,O00591,1
DB01205,O00591,1
DB01215,O00591,1
DB01236,O00591,1
DB01437,O00591,1
DB01489,O00591,1
DB01511,O00591,1
DB01544,O00591,1
DB01545,O00591,1
DB01553,O00591,1
DB01558,O00591,1
DB01559,O00591,1
DB01567,O00591,1
DB01587,O00591,1
DB01588,O00591,1
DB01589,O00591,1
DB01594,O00591,1
DB01595,O00591,1
DB01708,O00591,1
DB01956,O00591,1
DB09017,O00591,1
DB09118,O00591,1
DB09166,O00591,1
DB11582,O00591,1
DB11859,O00591,1
DB11901,O00591,1
DB12537,O00591,1
DB13335,O00591,1
DB13437,O00591,1
DB13643,O00591,1
DB13837,O00591,1
DB13872,O00591,1
DB14028,O00591,1
DB14672,O00591,1
DB14715,O00591,1
DB14719,O00591,1
DB15489,O00591,1
DB00697,O00591,0
DB03450,O00591,0
DB08710,O00591,0
DB08077,O00591,0
DB01920,O00591,0
DB09183,O00591,0
DB02279,O00591,0
DB06350,O00591,0
DB07563,O00591,0
DB15665,O00591,0
DB07119,O00591,0
DB03214,O00591,0
DB02342,O00591,0
DB00505,O00591,0
DB01167,O00591,0
DB00904,O00591,0
DB03424,O00591,0
DB08543,O00591,0
DB04400,O00591,0
DB03993,O00591,0
DB03095,O00591,0
DB02835,O00591,0
DB00521,O00591,0
DB02505,O00591,0
DB07118,O00591,0
DB08029,O00591,0
DB04157,O00591,0
DB01340,O00591,0
DB02014,O00591,0
DB00169,O00591,0
DB06861,O00591,0
DB03201,O00591,0
DB00267,O00591,0
DB03936,O00591,0
DB08362,O00591,0
DB08746,O00591,0
DB03900,O00591,0
DB06833,O00591,0
DB09224,O00591,0
DB00841,O00591,0
DB02391,O00591,0
DB07633,O00591,0
DB00362,O00591,0
DB08499,O00591,0
DB07351,O00591,0
DB01403,O00591,0
DB08048,O00591,0
DB00067,O00591,0
DB04651,O00591,0
DB08927,O00591,0
DB01732,O00591,0
DB12305,O00591,0
DB00593,O00591,0
DB04760,O00591,0
DB06910,O00591,0
DB00788,O00591,0
DB02473,O00591,0
DB02813,O00591,0
DB05786,O00591,0
DB08801,O00591,0
DB00412,O00591,0
DB02113,O00591,0
DB06845,O00591,0
DB00629,O00591,0
DB00114,O00591,0
DB01193,O00591,0
DB07722,O00591,0
DB01931,O00591,0
DB03353,O00591,0
DB07990,O00591,0
DB01392,O00591,0
DB00242,O00591,0
DB04972,O00591,0
DB02103,O00591,0
DB00619,P11274,1
DB01254,P11274,1
DB06616,P11274,1
DB08901,P11274,1
DB04088,P11274,0
DB07136,P11274,0
DB04302,P11274,0
DB05806,P11274,0
DB02909,P9WK19,1
DB01767,P9WK19,0
DB03814,P30041,1
DB09130,P30041,1
DB04256,P30041,0
DB08105,P30041,0
DB04327,Q8YSC4,1
DB04510,Q8YSC4,0
DB01593,P60174,1
DB01695,P60174,1
DB02726,P60174,1
DB03026,P60174,1
DB03132,P60174,1
DB03135,P60174,1
DB03314,P60174,1
DB03379,P60174,1
DB03900,P60174,1
DB04326,P60174,1
DB04447,P60174,1
DB04510,P60174,1
DB07387,P60174,1
DB11638,P60174,1
DB14487,P60174,1
DB14533,P60174,1
DB04659,P60174,0
DB04317,P60174,0
DB12769,P60174,0
DB06959,P60174,0
DB06866,P60174,0
DB06083,P60174,0
DB06781,P60174,0
DB00430,P60174,0
DB08698,P60174,0
DB03493,P60174,0
DB03147,P60174,0
DB01767,P60174,0
DB04386,P60174,0
DB02395,P60174,0
DB08568,P60174,0
DB00711,P60174,0
DB01593,P02533,1
DB14487,P02533,1
DB08557,P02533,0
DB03330,P02533,0
DB01942,P22629,1
DB02674,P22629,1
DB03112,P22629,1
DB03139,P22629,1
DB03353,P22629,1
DB03533,P22629,1
DB03549,P22629,1
DB04464,P22629,1
DB04650,P22629,1
DB07667,P22629,1
DB07880,P22629,1
DB08181,P22629,1
DB08196,P22629,1
DB08216,P22629,1
DB08252,P22629,1
DB02986,P22629,0
DB01721,P22629,0
DB04206,P22629,0
DB06345,P22629,0
DB06229,P22629,0
DB07192,P22629,0
DB03280,P22629,0
DB00288,P22629,0
DB01297,P22629,0
DB02261,P22629,0
DB04878,P22629,0
DB07496,P22629,0
DB03195,P22629,0
DB08709,P22629,0
DB07133,P22629,0
DB00537,P20831,1
DB08213,P20831,0
DB08185,P62660,1
DB09090,P62660,0
DB01593,P02747,1
DB09130,P02747,1
DB14487,P02747,1
DB14533,P02747,1
DB07577,P02747,0
DB00333,P02747,0
DB01427,P02747,0
DB11328,P02747,0
DB01783,P0A6I3,1
DB01992,P0A6I3,1
DB04395,P0A6I3,1
DB02329,P0A6I3,0
DB02092,P0A6I3,0
DB05223,P0A6I3,0
DB12010,O75914,1
DB09060,O75914,0
DB08217,P06731,1
DB03931,P06731,0
DB01009,P25024,1
DB07534,P25024,0
DB09130,Q07955,1
DB01670,Q07955,0
DB02240,P28593,1
DB03147,P28593,1
DB03470,P28593,1
DB04299,P28593,1
DB03677,P28593,0
DB05630,P28593,0
DB07456,P28593,0
DB04562,P28593,0
DB00157,P32322,1
DB00172,P32322,1
DB05668,P32322,0
DB08141,P32322,0
DB02032,Q9KKU4,1
DB04645,Q9KKU4,0
DB11638,Q5R2K6,1
DB02437,Q5R2K6,0
DB01050,P12104,1
DB09213,P12104,1
DB04724,P12104,0
DB08530,P12104,0
DB04229,P04377,1
DB08651,P04377,0
DB03247,P00322,1
DB02643,P00322,0
DB03389,Q59675,1
DB03355,Q59675,0
DB11638,C0H546,1
DB07494,C0H546,0
DB00143,Q9H4Y5,1
DB04674,Q9H4Y5,0
DB01702,P00437,1
DB00421,P00437,0
DB01133,Q16864,1
DB03948,Q16864,0
DB02370,Q9X1K9,1
DB11753,Q9X1K9,0
DB03147,Q9Z4P0,1
DB07924,Q9Z4P0,0
DB12695,P52597,1
DB08073,P52597,0
DB01050,P07204,1
DB09213,P07204,1
DB15665,P07204,0
DB00774,P07204,0
DB07608,Q13627,1
DB12010,Q13627,1
DB06248,Q13627,0
DB02565,Q13627,0
DB01650,P46072,1
DB03247,P46072,1
DB03410,P46072,1
DB04268,P46072,0
DB01355,P46072,0
DB03102,P46072,0
DB02379,Q48436,1
DB08112,Q48436,0
DB04315,P18085,1
DB04883,P18085,0
DB01373,P49747,1
DB02776,P49747,0
DB02180,P30418,1
DB02477,P30418,1
DB03062,P30418,1
DB01380,P30418,0
DB13014,P30418,0
DB07735,P30418,0
DB01356,P29218,1
DB03542,P29218,1
DB14507,P29218,1
DB14508,P29218,1
DB14509,P29218,1
DB03286,P29218,0
DB14028,P29218,0
DB00663,P29218,0
DB02388,P29218,0
DB04886,P29218,0
DB02750,Q7Z2Z2,1
DB03619,Q7Z2Z2,1
DB04315,Q7Z2Z2,1
DB00848,Q7Z2Z2,0
DB02424,Q7Z2Z2,0
DB06442,Q7Z2Z2,0
DB03434,P22749,1
DB00209,P22749,0
DB00208,Q9H244,1
DB00374,Q9H244,1
DB00758,Q9H244,1
DB01069,Q9H244,1
DB01240,Q9H244,1
DB05553,Q9H244,1
DB06209,Q9H244,1
DB06350,Q9H244,1
DB06441,Q9H244,1
DB08816,Q9H244,1
DB08249,Q9H244,0
DB02858,Q9H244,0
DB14583,Q9H244,0
DB12702,Q9H244,0
DB03170,Q9H244,0
DB07226,Q9H244,0
DB00765,Q9H244,0
DB00559,Q9H244,0
DB07514,Q9H244,0
DB03435,Q9H244,0
DB02016,P48449,1
DB03696,P48449,1
DB07385,P48449,0
DB05412,P48449,0
DB02659,P22830,1
DB01176,P22830,0
DB06881,Q5L1E2,1
DB00122,Q5L1E2,0
DB02625,Q8I372,1
DB03648,Q8I372,1
DB00256,Q8I372,0
DB04342,Q8I372,0
DB03544,P0AF93,1
DB08763,P0AF93,0
DB08818,Q6UX15,1
DB04573,Q6UX15,0
DB03317,P24092,1
DB04614,P24092,0
DB00129,P05089,1
DB01983,P05089,1
DB02381,P05089,1
DB02499,P05089,1
DB02689,P05089,1
DB03144,P05089,1
DB03731,P05089,1
DB03904,P05089,1
DB04197,P05089,1
DB04530,P05089,1
DB04585,P05089,1
DB04648,P05089,1
DB06757,P05089,1
DB07787,P05089,0
DB01790,P05089,0
DB08202,P05089,0
DB02849,P05089,0
DB00233,P05089,0
DB03661,P05089,0
DB06247,P05089,0
DB11979,P05089,0
DB01080,P05089,0
DB03376,P05089,0
DB08275,P05089,0
DB00344,P05089,0
DB03667,P05089,0
DB02059,P0A9S1,1
DB11328,P0A9S1,0
DB03109,P07254,1
DB04404,P07254,1
DB04628,P07254,1
DB08353,P07254,0
DB04765,P07254,0
DB01345,P07254,0
DB00228,Q9Y6H6,1
DB01069,Q9Y6H6,1
DB01110,Q9Y6H6,1
DB08737,Q9Y6H6,0
DB00416,Q9Y6H6,0
DB00812,Q9Y6H6,0
DB01593,P04004,1
DB09130,P04004,1
DB14487,P04004,1
DB14533,P04004,1
DB09078,P04004,0
DB08704,P04004,0
DB02057,P04004,0
DB11577,P04004,0
DB00198,Q9Y3R4,1
DB00558,Q9Y3R4,1
DB03991,Q9Y3R4,1
DB07960,Q9Y3R4,1
DB02735,Q9Y3R4,0
DB08353,Q9Y3R4,0
DB03753,Q9Y3R4,0
DB04543,Q9Y3R4,0
DB00314,P9WJ63,1
DB06827,P9WJ63,1
DB02079,P9WJ63,0
DB04633,P9WJ63,0
DB02954,Q83P33,1
DB04566,Q83P33,1
DB07862,Q83P33,0
DB01923,Q83P33,0
DB00852,P18848,1
DB00850,P18848,0
DB00675,Q15125,1
DB04425,Q15125,0
DB08231,P0A8V6,1
DB08358,P0A8V6,0
DB01942,P16544,1
DB03461,P16544,1
DB07715,P16544,1
DB04903,P16544,0
DB08583,P16544,0
DB03125,P16544,0
DB12010,P52564,1
DB02613,P52564,0
DB08472,O67854,1
DB08544,O67854,1
DB02240,O67854,0
DB12364,O67854,0
DB03066,Q53464,1
DB03568,Q53464,1
DB07287,Q53464,0
DB08664,Q53464,0
DB04233,Q9HUR5,1
DB00874,Q9HUR5,0
DB09060,Q9F663,1
DB12107,Q9F663,1
DB07140,Q9F663,0
DB08039,Q9F663,0
DB08185,Q5SHQ5,1
DB09351,Q5SHQ5,0
DB00525,Q92206,1
DB00857,Q92206,1
DB04359,Q92206,0
DB03278,Q92206,0
DB12965,P04732,1
DB03594,P04732,0
DB11638,Q8IDD3,1
DB09319,Q8IDD3,0
DB01873,Q9NY65,1
DB03010,Q9NY65,1
DB03341,Q9NY65,0
DB00783,Q9NY65,0
DB02262,Q53ZE5,1
DB03247,Q53ZE5,1
DB02693,Q53ZE5,0
DB08149,Q53ZE5,0
DB01440,Q9HAB3,1
DB02796,Q9HAB3,0
DB00126,Q54873,1
DB01872,Q54873,1
DB02186,Q54873,1
DB03156,Q54873,1
DB04548,Q54873,1
DB08438,Q54873,1
DB11195,Q54873,1
DB04521,Q54873,0
DB07954,Q54873,0
DB00989,Q54873,0
DB07385,Q54873,0
DB09034,Q54873,0
DB03486,Q54873,0
DB14527,Q54873,0
DB00363,Q9NYX4,1
DB00831,Q9NYX4,1
DB04331,Q9NYX4,0
DB08476,Q9NYX4,0
DB02592,Q6GGU4,1
DB02677,Q6GGU4,0
DB00126,Q96Q83,1
DB01024,Q96Q83,0
DB00242,P31350,1
DB05003,P31350,1
DB05260,P31350,1
DB05428,P31350,1
DB07789,P31350,0
DB00725,P31350,0
DB05212,P31350,0
DB01327,P31350,0
DB01593,P80748,1
DB14487,P80748,1
DB03507,P80748,0
DB08163,P80748,0
DB00583,P43155,1
DB01992,P43155,1
DB02648,P43155,1
DB02491,P43155,0
DB07287,P43155,0
DB04876,P43155,0
DB01754,P11309,1
DB02010,P11309,1
DB02656,P11309,1
DB03366,P11309,1
DB03650,P11309,1
DB03777,P11309,1
DB04216,P11309,1
DB04395,P11309,1
DB04522,P11309,1
DB04530,P11309,1
DB04715,P11309,1
DB07151,P11309,1
DB07242,P11309,1
DB07524,P11309,1
DB08022,P11309,1
DB08166,P11309,1
DB08230,P11309,1
DB08705,P11309,1
DB08707,P11309,1
DB08708,P11309,1
DB08709,P11309,1
DB12010,P11309,1
DB07279,P11309,0
DB01830,P11309,0
DB02779,P11309,0
DB01075,P11309,0
DB02428,P11309,0
DB07002,P11309,0
DB07419,P11309,0
DB03899,P11309,0
DB05838,P11309,0
DB04201,P11309,0
DB04253,P11309,0
DB01684,P11309,0
DB08779,P11309,0
DB07473,P11309,0
DB01382,P11309,0
DB08040,P11309,0
DB13174,P11309,0
DB07905,P11309,0
DB07583,P11309,0
DB00836,P11309,0
DB00389,P11309,0
DB12668,P11309,0
DB01593,P14923,1
DB14487,P14923,1
DB07989,P14923,0
DB07650,P14923,0
DB00123,Q8WY07,1
DB00125,Q8WY07,1
DB13146,Q8WY07,1
DB02977,Q8WY07,0
DB02885,Q8WY07,0
DB06203,Q8WY07,0
DB01677,P0C278,1
DB03147,P0C278,1
DB03343,P0C278,1
DB04734,P0C278,1
DB08604,P0C278,0
DB01078,P0C278,0
DB06938,P0C278,0
DB08331,P0C278,0
DB04284,P0AFM2,1
DB04455,P0AFM2,1
DB03614,P0AFM2,0
DB06247,P0AFM2,0
DB08818,Q07021,1
DB09130,Q07021,1
DB03069,Q07021,0
DB00708,Q07021,0
DB01812,Q9Y663,1
DB02264,Q9Y663,1
DB03959,Q9Y663,1
DB03981,Q9Y663,1
DB07238,Q9Y663,0
DB07068,Q9Y663,0
DB02306,Q9Y663,0
DB03312,Q9Y663,0
DB02869,O60911,1
DB04451,O60911,1
DB08126,O60911,0
DB00249,O60911,0
DB04147,P0C0Y7,1
DB08215,P0C0Y7,1
DB08690,P0C0Y7,1
DB02363,P0C0Y7,0
DB02695,P0C0Y7,0
DB05939,P0C0Y7,0
DB01752,Q86VU5,1
DB03179,Q86VU5,1
DB03923,Q86VU5,1
DB07110,Q86VU5,0
DB03798,Q86VU5,0
DB07106,Q86VU5,0
DB12010,Q13153,1
DB09207,Q13153,0
DB00201,O00408,1
DB02315,O00408,1
DB06246,O00408,1
DB07954,O00408,1
DB08811,O00408,1
DB09283,O00408,1
DB07277,O00408,0
DB07352,O00408,0
DB03525,O00408,0
DB03657,O00408,0
DB07972,O00408,0
DB01735,O00408,0
DB00184,P11511,1
DB00357,P11511,1
DB00655,P11511,1
DB00894,P11511,1
DB00990,P11511,1
DB01006,P11511,1
DB01217,P11511,1
DB02342,P11511,1
DB03467,P11511,1
DB04539,P11511,1
DB08480,P11511,0
DB01375,P11511,0
DB03790,P11511,0
DB02097,P11511,0
DB07890,P11511,0
DB04669,P11511,0
DB03944,P11511,0
DB02752,P11511,0
DB08671,P11511,0
DB01548,P11511,0
DB12965,P0DM35,1
DB09319,P0DM35,0
DB08515,P25786,1
DB07511,P25786,0
DB01254,P51692,1
DB03772,P51692,0
DB03751,P26391,1
DB09067,P26391,0
DB01634,P46883,1
DB01657,P46883,1
DB02178,P46883,1
DB02928,P46883,1
DB03631,P46883,1
DB04325,P46883,1
DB04334,P46883,1
DB06240,P46883,0
DB07182,P46883,0
DB02947,P46883,0
DB11477,P46883,0
DB00870,P46883,0
DB02022,P46883,0
DB07059,P46883,0
DB02377,Q9X1T2,1
DB07241,Q9X1T2,0
DB01709,O66496,1
DB01819,O66496,1
DB02053,O66496,1
DB02433,O66496,1
DB02992,O66496,1
DB03248,O66496,1
DB03745,O66496,1
DB03937,O66496,1
DB07081,O66496,0
DB08690,O66496,0
DB08714,O66496,0
DB00678,O66496,0
DB08334,O66496,0
DB03315,O66496,0
DB05104,O66496,0
DB04548,O66496,0
DB01236,Q96ER9,1
DB04970,Q96ER9,0
DB00115,Q99707,1
DB00116,Q99707,1
DB00134,Q99707,1
DB00200,Q99707,1
DB03614,Q99707,1
DB11590,Q99707,1
DB00612,Q99707,0
DB04062,Q99707,0
DB05939,Q99707,0
DB04089,Q99707,0
DB02956,Q99707,0
DB05316,Q99707,0
DB02235,Q93UV9,1
DB05246,Q93UV9,0
DB12010,P30530,1
DB12141,P30530,1
DB07853,P30530,0
DB07587,P30530,0
DB03088,P00138,1
DB06421,P00138,0
DB01069,Q99572,1
DB04607,Q99572,0
DB04315,Q51366,1
DB02054,Q51366,0
DB03366,Q14565,1
DB07913,Q14565,0
DB01752,P11086,1
DB03468,P11086,1
DB03824,P11086,1
DB04273,P11086,1
DB07597,P11086,1
DB07739,P11086,1
DB07747,P11086,1
DB07798,P11086,1
DB07906,P11086,1
DB08128,P11086,1
DB08129,P11086,1
DB08550,P11086,1
DB08631,P11086,1
DB08654,P11086,1
DB05389,P11086,0
DB01299,P11086,0
DB06828,P11086,0
DB04424,P11086,0
DB00469,P11086,0
DB03905,P11086,0
DB06451,P11086,0
DB04720,P11086,0
DB00739,P11086,0
DB01796,P11086,0
DB07844,P11086,0
DB04158,P11086,0
DB07569,P11086,0
DB06868,P11086,0
DB00114,Q59FK2,1
DB08384,Q59FK2,0
DB04450,P53554,1
DB00880,P53554,0
DB02210,Q820S6,1
DB03576,Q820S6,0
DB01593,P04264,1
DB09130,P04264,1
DB14487,P04264,1
DB06403,P04264,0
DB08286,P04264,0
DB06441,P04264,0
DB08235,P61158,1
DB08236,P61158,1
DB08874,P61158,0
DB06558,P61158,0
DB04465,P16278,1
DB06190,P16278,0
DB05786,Q96AE4,1
DB04204,Q96AE4,0
DB00361,P07437,1
DB00541,P07437,1
DB00570,P07437,1
DB01179,P07437,1
DB01394,P07437,1
DB01873,P07437,1
DB03010,P07437,1
DB05284,P07437,1
DB09130,P07437,1
DB11638,P07437,1
DB11641,P07437,1
DB12334,P07437,1
DB15534,P07437,1
DB06637,P07437,0
DB07013,P07437,0
DB07545,P07437,0
DB07602,P07437,0
DB06741,P07437,0
DB13988,P07437,0
DB09074,P07437,0
DB00274,P07437,0
DB03882,P07437,0
DB00500,P07437,0
DB03057,P07437,0
DB07586,P07437,0
DB08284,P07437,0
DB01942,Q81C15,1
DB02511,Q81C15,0
DB03152,Q02761,1
DB08690,Q02761,1
DB07704,Q02761,0
DB07610,Q02761,0
DB02137,Q46509,1
DB08472,Q46509,0
DB00157,P07327,1
DB01213,P07327,1
DB02721,P07327,1
DB04065,P07327,1
DB04271,P07327,0
DB00490,P07327,0
DB03948,P07327,0
DB14063,P07327,0
DB00562,Q9ULX7,1
DB00606,Q9ULX7,1
DB00819,Q9ULX7,1
DB00909,Q9ULX7,1
DB08846,Q9ULX7,1
DB06335,Q9ULX7,0
DB03624,Q9ULX7,0
DB03144,Q9ULX7,0
DB03556,Q9ULX7,0
DB01882,Q9ULX7,0
DB01942,Q9BVM4,1
DB01216,Q9BVM4,0
DB08307,Q53586,1
DB12110,Q53586,0
DB11653,P32245,1
DB12789,P32245,0
DB00210,O60603,1
DB03963,O60603,1
DB05475,O60603,1
DB07255,O60603,0
DB07378,O60603,0
DB12305,O60603,0
DB00250,P0C0X2,1
DB01226,P0C0X2,0
DB03256,P77398,1
DB03685,P77398,1
DB04187,P77398,0
DB02332,P77398,0
DB03147,P55792,1
DB03444,P55792,0
DB00114,Q9HD40,1
DB00932,Q9HD40,0
DB04074,Q9JZW6,1
DB09203,Q9JZW6,0
DB01805,P07478,1
DB01973,P07478,1
DB02464,P07478,1
DB03127,P07478,1
DB03976,P07478,1
DB04325,P07478,1
DB04410,P07478,1
DB00448,P07478,0
DB13170,P07478,0
DB02854,P07478,0
DB12228,P07478,0
DB02475,P07478,0
DB06011,P07478,0
DB07585,P07478,0
DB01643,Q9HU22,1
DB02452,Q9HU22,1
DB02843,Q9HU22,1
DB03723,Q9HU22,1
DB03751,Q9HU22,1
DB04272,Q9HU22,1
DB04485,Q9HU22,1
DB04525,Q9HU22,0
DB06412,Q9HU22,0
DB03657,Q9HU22,0
DB03338,Q9HU22,0
DB08632,Q9HU22,0
DB13946,Q9HU22,0
DB05152,Q9HU22,0
DB00157,P56556,1
DB04133,P56556,0
DB00176,Q12809,1
DB00199,Q12809,1
DB00204,Q12809,1
DB00228,Q12809,1
DB00252,Q12809,1
DB00276,Q12809,1
DB00280,Q12809,1
DB00308,Q12809,1
DB00321,Q12809,1
DB00342,Q12809,1
DB00346,Q12809,1
DB00455,Q12809,1
DB00457,Q12809,1
DB00458,Q12809,1
DB00472,Q12809,1
DB00477,Q12809,1
DB00489,Q12809,1
DB00537,Q12809,1
DB00557,Q12809,1
DB00590,Q12809,1
DB00604,Q12809,1
DB00637,Q12809,1
DB00661,Q12809,1
DB00675,Q12809,1
DB00679,Q12809,1
DB00908,Q12809,1
DB01026,Q12809,1
DB01035,Q12809,1
DB01069,Q12809,1
DB01074,Q12809,1
DB01100,Q12809,1
DB01110,Q12809,1
DB01118,Q12809,1
DB01136,Q12809,1
DB01142,Q12809,1
DB01149,Q12809,1
DB01162,Q12809,1
DB01182,Q12809,1
DB01195,Q12809,1
DB01211,Q12809,1
DB01218,Q12809,1
DB01244,Q12809,1
DB04855,Q12809,1
DB04957,Q12809,1
DB06144,Q12809,1
DB06217,Q12809,1
DB06457,Q12809,1
DB11090,Q12809,1
DB11186,Q12809,1
DB11386,Q12809,1
DB11633,Q12809,1
DB11642,Q12809,1
DB08204,Q12809,0
DB07466,Q12809,0
DB02088,Q12809,0
DB08637,Q12809,0
DB06734,Q12809,0
DB00264,Q12809,0
DB06152,Q12809,0
DB02498,Q12809,0
DB07645,Q12809,0
DB12095,Q12809,0
DB08704,Q12809,0
DB01603,Q12809,0
DB00303,Q12809,0
DB01581,Q12809,0
DB02415,Q12809,0
DB06156,Q12809,0
DB08406,Q12809,0
DB07218,Q12809,0
DB07661,Q12809,0
DB06725,Q12809,0
DB07239,Q12809,0
DB02477,Q12809,0
DB07718,Q12809,0
DB07345,Q12809,0
DB02251,Q12809,0
DB01089,Q12809,0
DB08877,Q12809,0
DB02786,Q12809,0
DB04564,Q12809,0
DB02188,Q12809,0
DB02846,Q12809,0
DB07004,Q12809,0
DB04285,Q12809,0
DB02903,Q12809,0
DB07080,Q12809,0
DB04297,Q12809,0
DB07437,Q12809,0
DB08282,Q12809,0
DB06856,Q12809,0
DB08023,Q12809,0
DB07257,Q12809,0
DB03195,Q12809,0
DB05020,Q12809,0
DB05767,Q12809,0
DB02289,Q12809,0
DB07001,Q12809,0
DB08534,Q12809,0
DB03870,Q12809,0
DB03978,Q12809,0
DB02901,Q12809,0
DB07921,Q12809,0
DB06401,Q12809,0
DB00117,P42357,1
DB02667,P42357,0
DB01593,P07360,1
DB03017,P07360,1
DB04272,P07360,1
DB14487,P07360,1
DB03906,P07360,0
DB07439,P07360,0
DB00117,P07360,0
DB03277,P07360,0
DB04074,P9WQB3,1
DB09083,P9WQB3,0
DB01593,P02766,1
DB09130,P02766,1
DB11644,P02766,1
DB14487,P02766,1
DB14533,P02766,1
DB02567,P02766,0
DB00126,P02766,0
DB03737,P02766,0
DB00790,P02766,0
DB07237,P02766,0
DB11994,P05181,1
DB03142,P05181,0
DB01593,P01009,1
DB01998,P01009,1
DB03345,P01009,1
DB05961,P01009,1
DB09130,P01009,1
DB14487,P01009,1
DB14533,P01009,1
DB07247,P01009,0
DB02511,P01009,0
DB08281,P01009,0
DB01675,P01009,0
DB11995,P01009,0
DB09239,P01009,0
DB07715,P01009,0
DB03317,P00132,1
DB04758,P00132,0
DB00384,P37088,1
DB00594,P37088,1
DB01820,P37088,0
DB07289,P37088,0
DB01812,O14792,1
DB08337,O14792,0
DB12010,Q9UIK4,1
DB05442,Q9UIK4,0
DB00755,P49788,1
DB04601,P49788,0
DB00157,P00352,1
DB00162,P00352,1
DB00755,P00352,1
DB04447,P00352,1
DB02697,P00352,0
DB08591,P00352,0
DB04616,P00352,0
DB11691,P00352,0
DB01064,Q92569,1
DB04141,Q92569,0
DB12010,Q9BXA7,1
DB01241,Q9BXA7,0
DB03811,P60906,1
DB04201,P60906,1
DB00462,P60906,0
DB02188,P60906,0
DB04703,Q96GD4,1
DB06486,Q96GD4,1
DB07340,Q96GD4,1
DB12010,Q96GD4,1
DB11591,Q96GD4,0
DB12731,Q96GD4,0
DB08337,Q96GD4,0
DB00828,Q96GD4,0
DB08717,Q7SIA5,1
DB07414,Q7SIA5,0
DB00157,Q16798,1
DB03680,Q16798,1
DB02797,Q16798,0
DB01463,Q16798,0
DB02580,Q2LU76,1
DB06876,Q2LU76,0
DB01987,Q9LCV9,1
DB09198,Q9LCV9,0
DB00762,P11387,1
DB01030,P11387,1
DB04690,P11387,1
DB04882,P11387,1
DB04967,P11387,1
DB05129,P11387,1
DB05482,P11387,1
DB05630,P11387,1
DB05806,P11387,1
DB06159,P11387,1
DB07354,P11387,1
DB08159,P11387,1
DB11254,P11387,1
DB04544,P11387,0
DB03202,P11387,0
DB01238,P11387,0
DB01001,P11387,0
DB08043,P11387,0
DB04316,P11387,0
DB01388,P11387,0
DB07445,P11387,0
DB14544,P11387,0
DB09279,P11387,0
DB09242,P11387,0
DB02671,P11387,0
DB12323,P11387,0
DB04683,Q13285,1
DB04752,Q13285,1
DB00189,Q13285,0
DB03616,Q13285,0
DB00746,P05067,1
DB01370,P05067,1
DB01593,P05067,1
DB02235,P05067,1
DB02709,P05067,1
DB03754,P05067,1
DB04892,P05067,1
DB05088,P05067,1
DB05938,P05067,1
DB06782,P05067,1
DB09130,P05067,1
DB09148,P05067,1
DB09149,P05067,1
DB09151,P05067,1
DB14487,P05067,1
DB14517,P05067,1
DB14518,P05067,1
DB14533,P05067,1
DB02144,P05067,0
DB07701,P05067,0
DB04474,P05067,0
DB03650,P05067,0
DB02897,P05067,0
DB02281,P05067,0
DB02424,P05067,0
DB03824,P05067,0
DB08693,P05067,0
DB04566,P05067,0
DB00196,P05067,0
DB07533,P05067,0
DB03859,P05067,0
DB04052,P05067,0
DB03811,P05067,0
DB08410,P05067,0
DB01175,P05067,0
DB07042,P05067,0
DB01642,P37698,1
DB02252,P37698,1
DB02379,P37698,1
DB03584,P37698,1
DB03857,P37698,1
DB08756,P37698,0
DB05018,P37698,0
DB00713,P37698,0
DB04293,P37698,0
DB01580,P37698,0
DB01162,P01137,1
DB03597,P01137,0
DB04272,P83787,1
DB07516,P83787,0
DB00171,Q9Y4W6,1
DB00451,Q9Y4W6,0
DB00148,P06732,1
DB02490,P06732,1
DB04027,P06732,1
DB13191,P06732,1
DB14540,P06732,0
DB00473,P06732,0
DB00142,P06732,0
DB02586,P06732,0
DB01813,P0AB80,1
DB03553,P0AB80,1
DB03993,P0AB80,1
DB04063,P0AB80,1
DB05871,P0AB80,0
DB02965,P0AB80,0
DB02238,P0AB80,0
DB03023,P0AB80,0
DB03461,Q14914,1
DB04066,Q14914,1
DB07177,Q14914,1
DB06408,Q14914,0
DB03842,Q14914,0
DB07157,Q14914,0
DB04386,Q9AQS0,1
DB04596,Q9AQS0,1
DB04597,Q9AQS0,1
DB05668,Q9AQS0,0
DB07503,Q9AQS0,0
DB04828,Q9AQS0,0
DB00206,P54219,1
DB00368,P54219,1
DB01442,P54219,1
DB01577,P54219,1
DB02785,P54219,0
DB01071,P54219,0
DB04120,P54219,0
DB04050,P54219,0
DB02546,Q9UBN7,1
DB05015,Q9UBN7,1
DB05223,Q9UBN7,1
DB06176,Q9UBN7,1
DB06603,Q9UBN7,1
DB13346,Q9UBN7,1
DB04272,Q9UBN7,0
DB06684,Q9UBN7,0
DB03017,Q9UBN7,0
DB14509,Q9UBN7,0
DB03722,Q9UBN7,0
DB06781,Q9UBN7,0
DB00627,P49019,1
DB08949,P49019,1
DB06203,P49019,0
DB09013,P49019,0
DB01613,P20594,1
DB03758,P20594,0
DB00228,Q96KK3,1
DB01069,Q96KK3,1
DB01110,Q96KK3,1
DB04453,Q96KK3,0
DB15688,Q96KK3,0
DB02892,Q96KK3,0
DB00389,P07202,1
DB00509,P07202,1
DB00550,P07202,1
DB00763,P07202,1
DB08604,P07202,1
DB11085,P07202,1
DB11496,P07202,1
DB06894,P07202,0
DB03348,P07202,0
DB04892,P07202,0
DB02793,P07202,0
DB08224,P07202,0
DB03751,P07202,0
DB05695,P07202,0
DB03978,P83453,1
DB04765,P83453,0
DB02329,P19992,1
DB01727,P19992,0
DB03088,O68601,1
DB03814,O68601,1
DB00445,O68601,0
DB12693,O68601,0
DB00197,P62508,1
DB00255,P62508,1
DB00675,P62508,1
DB02659,P62508,1
DB04468,P62508,1
DB06884,P62508,1
DB06902,P62508,1
DB06973,P62508,1
DB07485,P62508,1
DB13952,P62508,1
DB13953,P62508,1
DB13954,P62508,1
DB13955,P62508,1
DB13956,P62508,1
DB01367,P62508,0
DB03944,P62508,0
DB05420,P62508,0
DB07243,P62508,0
DB04401,P62508,0
DB08441,P62508,0
DB01433,P62508,0
DB02326,P62508,0
DB08248,P62508,0
DB07175,P62508,0
DB05511,P62508,0
DB08013,P62508,0
DB02242,P62508,0
DB08458,P62508,0
DB11638,P17844,1
DB03056,P17844,0
DB00114,Q9UJX1,1
DB01347,Q9UJX1,0
DB01813,P06986,1
DB02142,P06986,1
DB03997,P06986,1
DB04074,P06986,0
DB03491,P06986,0
DB03747,P06986,0
DB02761,P0A6V7,1
DB08507,P0A6V7,0
DB08506,P04825,1
DB07587,P04825,0
DB00115,Q9UBK8,1
DB00134,Q9UBK8,1
DB03028,Q9UBK8,0
DB08297,Q9UBK8,0
DB03461,Q9X022,1
DB01016,Q9X022,0
DB03461,P46336,1
DB07334,P46336,0
DB03767,P25774,1
DB03837,P25774,1
DB03984,P25774,1
DB07520,P25774,1
DB07587,P25774,1
DB07589,P25774,1
DB07839,P25774,1
DB07878,P25774,1
DB08195,P25774,1
DB08611,P25774,1
DB08752,P25774,1
DB08755,P25774,1
DB12010,P25774,1
DB00273,P25774,0
DB08235,P25774,0
DB01938,P25774,0
DB01901,P25774,0
DB14543,P25774,0
DB04859,P25774,0
DB04173,P25774,0
DB08465,P25774,0
DB05838,P25774,0
DB00283,P25774,0
DB08897,P25774,0
DB08846,P25774,0
DB12961,P25774,0
DB04464,P11350,1
DB07349,P11350,1
DB03840,P11350,0
DB04008,P11350,0
DB01882,P0A078,1
DB02408,P0A078,1
DB08160,P0A078,1
DB08039,P0A078,0
DB08881,P0A078,0
DB01148,P0A078,0
DB02078,A9CJ63,1
DB03234,A9CJ63,0
DB02508,A0A0H2UXE9,1
DB02384,A0A0H2UXE9,0
DB08081,P55408,1
DB08001,P55408,0
DB04464,Q16740,1
DB01625,Q16740,0
DB03553,P69908,1
DB02519,P69908,0
DB00157,O43837,1
DB08037,O43837,0
DB02967,Q05315,1
DB02983,Q05315,1
DB07857,Q05315,0
DB03453,Q05315,0
DB03147,P16640,1
DB02309,P16640,0
DB03196,Q9XBQ3,1
DB03870,Q9XBQ3,1
DB06468,Q9XBQ3,0
DB02830,Q9XBQ3,0
DB01847,P60327,1
DB03364,P60327,1
DB04058,P60327,1
DB11345,P60327,0
DB14072,P60327,0
DB07897,P60327,0
DB00759,P04156,1
DB07301,P04156,0
DB01752,Q9H2P9,1
DB15647,Q9H2P9,0
DB01803,A0A0H3JWX6,1
DB04276,A0A0H3JWX6,1
DB00632,A0A0H3JWX6,0
DB02020,A0A0H3JWX6,0
DB00170,P15559,1
DB00266,P15559,1
DB01927,P15559,1
DB02395,P15559,1
DB02400,P15559,1
DB02633,P15559,1
DB03147,P15559,1
DB03626,P15559,1
DB04090,P15559,1
DB04392,P15559,1
DB07385,P15559,1
DB09061,P15559,1
DB09324,P15559,0
DB08331,P15559,0
DB08324,P15559,0
DB06851,P15559,0
DB00861,P15559,0
DB07715,P15559,0
DB01267,P15559,0
DB11967,P15559,0
DB08204,P15559,0
DB12458,P15559,0
DB07516,P15559,0
DB02801,P15559,0
DB01861,P26393,1
DB02452,P26393,1
DB08725,P26393,0
DB06448,P26393,0
DB00786,P09238,1
DB08271,P09238,1
DB00120,P09238,0
DB03640,P09238,0
DB14001,O75912,1
DB13269,O75912,0
DB00945,P29466,1
DB01017,P29466,1
DB04875,P29466,1
DB05408,P29466,1
DB07733,P29466,1
DB07744,P29466,1
DB07916,P29466,1
DB08657,P29466,0
DB08655,P29466,0
DB01221,P29466,0
DB00293,P29466,0
DB06977,P29466,0
DB08304,P29466,0
DB07724,P29466,0
DB02261,P25105,1
DB09166,P25105,1
DB11614,P25105,1
DB07348,P25105,0
DB02613,P25105,0
DB08717,P25105,0
DB01911,P32396,1
DB02188,P32396,1
DB06510,P32396,0
DB04741,P32396,0
DB03939,P25524,1
DB04135,P25524,1
DB05168,P25524,0
DB06831,P25524,0
DB00121,P05165,1
DB04829,P05165,0
DB03058,P00746,1
DB04459,P00746,1
DB08031,P00746,0
DB02588,P00746,0
DB01992,P96618,1
DB04447,P96618,1
DB07498,P96618,0
DB01331,P96618,0
DB04716,O43293,1
DB07125,O43293,1
DB07242,O43293,1
DB12010,O43293,1
DB02824,O43293,0
DB04860,O43293,0
DB07592,O43293,0
DB12960,O43293,0
DB03727,P06132,1
DB04461,P06132,1
DB03434,P06132,0
DB03264,P06132,0
DB00161,P26640,1
DB07743,P26640,0
DB04450,Q9L6V3,1
DB00731,Q9L6V3,0
DB01864,P62491,1
DB04315,P62491,1
DB02041,P62491,0
DB11644,P62491,0
DB00619,O43519,1
DB12147,O43519,1
DB04620,O43519,0
DB08561,O43519,0
DB02216,P07339,1
DB03028,P07339,1
DB03096,P07339,1
DB07542,P07339,1
DB08740,P07339,1
DB11995,P07339,0
DB02832,P07339,0
DB03399,P07339,0
DB08738,P07339,0
DB14530,P07339,0
DB00216,P28221,1
DB00246,P28221,1
DB00248,P28221,1
DB00315,P28221,1
DB00320,P28221,1
DB00321,P28221,1
DB00334,P28221,1
DB00363,P28221,1
DB00408,P28221,1
DB00589,P28221,1
DB00669,P28221,1
DB00696,P28221,1
DB00714,P28221,1
DB00715,P28221,1
DB00726,P28221,1
DB00734,P28221,1
DB00918,P28221,1
DB00952,P28221,1
DB00953,P28221,1
DB00998,P28221,1
DB01186,P28221,1
DB01200,P28221,1
DB01221,P28221,1
DB01224,P28221,1
DB01238,P28221,1
DB01239,P28221,1
DB01267,P28221,1
DB01392,P28221,1
DB04948,P28221,1
DB06153,P28221,1
DB09304,P28221,1
DB11273,P28221,1
DB12141,P28221,1
DB13025,P28221,1
DB13345,P28221,1
DB14185,P28221,1
DB08146,P28221,0
DB04518,P28221,0
DB08469,P28221,0
DB09555,P28221,0
DB02873,P28221,0
DB00185,P28221,0
DB00287,P28221,0
DB01380,P28221,0
DB01752,P28221,0
DB00355,P28221,0
DB02030,P28221,0
DB00582,P28221,0
DB05134,P28221,0
DB01100,P28221,0
DB08806,P28221,0
DB09332,P28221,0
DB04659,P28221,0
DB00682,P28221,0
DB04207,P28221,0
DB07048,P28221,0
DB07748,P28221,0
DB07066,P28221,0
DB07646,P28221,0
DB04797,P28221,0
DB07659,P28221,0
DB08228,P28221,0
DB08485,P28221,0
DB08891,P28221,0
DB01623,P28221,0
DB04721,P28221,0
DB07202,P28221,0
DB01059,P28221,0
DB01816,P28221,0
DB07450,P28221,0
DB03787,P28221,0
DB00590,P28221,0
DB00228,Q9BQ31,1
DB01069,Q9BQ31,1
DB01110,Q9BQ31,1
DB00821,Q9BQ31,0
DB06835,Q9BQ31,0
DB04845,Q9BQ31,0
DB03909,P06213,1
DB08513,P06213,1
DB09129,P06213,1
DB12010,P06213,1
DB12267,P06213,1
DB14530,P06213,0
DB00498,P06213,0
DB08893,P06213,0
DB01906,P06213,0
DB07838,P06213,0
DB00125,P04424,1
DB02267,P04424,1
DB03814,P04424,1
DB01174,P04424,0
DB06311,P04424,0
DB01337,P04424,0
DB01567,P28476,1
DB02256,P28476,0
DB02453,P08690,1
DB04395,P08690,1
DB04456,P08690,1
DB03868,P08690,0
DB01624,P08690,0
DB04359,P08690,0
DB02365,P02941,1
DB01954,P02941,0
DB01930,P9WIL5,1
DB02596,P9WIL5,1
DB02694,P9WIL5,1
DB03107,P9WIL5,1
DB01934,P9WIL5,0
DB00847,P9WIL5,0
DB12445,P9WIL5,0
DB00348,P9WIL5,0
DB00398,P09619,1
DB00619,P09619,1
DB01254,P09619,1
DB01268,P09619,1
DB06589,P09619,1
DB06595,P09619,1
DB08896,P09619,1
DB09079,P09619,1
DB09221,P09619,1
DB09283,P09619,1
DB12010,P09619,1
DB12147,P09619,1
DB12978,P09619,1
DB14840,P09619,1
DB02145,P09619,0
DB00618,P09619,0
DB13879,P09619,0
DB04821,P09619,0
DB04593,P09619,0
DB05983,P09619,0
DB07801,P09619,0
DB01333,P09619,0
DB08410,P09619,0
DB04160,P09619,0
DB07390,P09619,0
DB02838,P09619,0
DB02833,P09619,0
DB02742,P09619,0
DB01972,Q9A5I5,1
DB07691,Q9A5I5,0
DB00583,O76082,1
DB03130,O76082,0
DB03912,Q9WZK0,1
DB00503,Q9WZK0,0
DB04233,Q9HVJ6,1
DB02493,Q9HVJ6,0
DB08235,O15143,1
DB08236,O15143,1
DB04120,O15143,0
DB03157,O15143,0
DB04066,Q9X2W8,1
DB02220,Q9X2W8,0
DB00583,P50416,1
DB01016,P50416,1
DB01074,P50416,1
DB04687,P50416,0
DB11079,P50416,0
DB06410,P50416,0
DB08784,Q9HBL8,1
DB07586,Q9HBL8,0
DB00130,P17812,1
DB07861,P17812,0
DB01861,P09147,1
DB02421,P09147,1
DB02790,P09147,1
DB03397,P09147,1
DB03435,P09147,1
DB04097,P09147,1
DB00249,P09147,0
DB08040,P09147,0
DB03251,P09147,0
DB08035,P09147,0
DB08086,P09147,0
DB02555,P09147,0
DB02338,P11411,1
DB03461,P11411,1
DB04122,P11411,1
DB04254,P11411,0
DB01413,P11411,0
DB00184,P11411,0
DB00755,Q8NFJ5,1
DB11132,Q8NFJ5,0
DB00951,P33261,1
DB12319,P33261,1
DB05252,P33261,0
DB08185,P33261,0
DB00436,P55017,1
DB00524,P55017,1
DB00562,P55017,1
DB00808,P55017,1
DB00880,P55017,1
DB00999,P55017,1
DB01021,P55017,1
DB01324,P55017,1
DB01325,P55017,1
DB02035,P55017,0
DB03931,P55017,0
DB03912,P55017,0
DB07816,P55017,0
DB06873,P55017,0
DB12582,P55017,0
DB03326,P55017,0
DB07390,P55017,0
DB02320,P55017,0
DB04272,Q2QJL3,1
DB06842,Q2QJL3,0
DB00441,P30085,1
DB03403,P30085,1
DB03435,P30085,1
DB03664,P30085,1
DB04444,P30085,1
DB07719,P30085,0
DB06971,P30085,0
DB03726,P30085,0
DB06919,P30085,0
DB03945,P30085,0
DB00143,P78417,1
DB00498,P78417,0
DB00279,P10828,1
DB00451,P10828,1
DB00509,P10828,1
DB01118,P10828,1
DB01583,P10828,1
DB02106,P10828,1
DB03176,P10828,1
DB03181,P10828,1
DB03604,P10828,1
DB03788,P10828,1
DB05035,P10828,1
DB07425,P10828,1
DB08085,P10828,1
DB03041,P10828,0
DB07552,P10828,0
DB00392,P10828,0
DB01991,P10828,0
DB04533,P10828,0
DB07326,P10828,0
DB01844,P10828,0
DB11921,P10828,0
DB08780,P10828,0
DB01497,P10828,0
DB02621,P10828,0
DB00810,P10828,0
DB01131,P10828,0
DB00831,P63316,1
DB00922,P63316,1
DB01023,P63316,1
DB01244,P63316,1
DB01373,P63316,1
DB01375,P63316,1
DB03944,P63316,1
DB04513,P63316,1
DB07597,P63316,0
DB07697,P63316,0
DB08188,P63316,0
DB00240,P63316,0
DB07684,P63316,0
DB00617,P63316,0
DB07755,P63316,0
DB08139,P63316,0
DB00348,P32754,1
DB02850,P32754,1
DB03010,P32754,0
DB07485,P32754,0
DB07928,P07026,1
DB02783,P07026,0
DB01103,Q15111,1
DB07750,Q15111,0
DB00160,Q5JTZ9,1
DB12305,Q5JTZ9,0
DB03256,Q9WY54,1
DB03760,Q9WY54,1
DB02447,Q9WY54,0
DB07452,Q9WY54,0
DB02527,Q98GN8,1
DB04147,Q98GN8,1
DB00330,Q98GN8,0
DB05271,Q98GN8,0
DB01873,P04350,1
DB03010,P04350,1
DB11638,P04350,1
DB07960,P04350,0
DB08089,P04350,0
DB07879,P04350,0
DB04335,Q9GPQ4,1
DB04546,Q9GPQ4,1
DB08676,Q9GPQ4,0
DB06925,Q9GPQ4,0
DB12010,Q99759,1
DB02023,Q99759,0
DB02659,P51161,1
DB02691,P51161,1
DB04348,P51161,1
DB00170,P51161,0
DB03100,P51161,0
DB11791,P51161,0
DB00141,P54802,1
DB01396,P54802,0
DB02606,P14941,1
DB03461,P14941,1
DB07179,P14941,0
DB09330,P14941,0
DB00174,O43776,1
DB02035,O43776,0
DB00091,P49069,1
DB08253,P49069,0
DB07767,D2YW37,1
DB01684,D2YW37,0
DB07914,Q0S9X1,1
DB07741,Q0S9X1,0
DB02779,Q06124,1
DB00440,Q06124,0
DB02022,P55882,1
DB04787,P55882,0
DB03247,Q9WXV1,1
DB03455,Q9WXV1,0
DB00428,P11168,1
DB00993,P11168,0
DB12010,Q12852,1
DB01119,Q12852,0
DB04522,Q15796,1
DB07890,Q15796,0
DB03147,Q9LAG2,1
DB02578,Q9LAG2,0
DB00906,P30531,1
DB08848,P30531,1
DB05389,P30531,0
DB07721,P30531,0
DB02424,P08238,1
DB02754,P08238,1
DB03758,P08238,1
DB05134,P08238,1
DB06070,P08238,1
DB07594,P08238,1
DB07877,P08238,1
DB08045,P08238,1
DB08153,P08238,1
DB08292,P08238,1
DB08293,P08238,1
DB08346,P08238,1
DB08464,P08238,1
DB08465,P08238,1
DB09221,P08238,1
DB02266,P08238,0
DB07636,P08238,0
DB08126,P08238,0
DB07966,P08238,0
DB07836,P08238,0
DB08359,P08238,0
DB00533,P08238,0
DB06967,P08238,0
DB00919,P08238,0
DB00883,P08238,0
DB04453,P08238,0
DB11753,P08238,0
DB02722,P08238,0
DB03594,P08238,0
DB07557,P08238,0
DB03247,P20932,1
DB03814,P20932,1
DB07060,P20932,1
DB07907,P20932,1
DB04476,P20932,0
DB07127,P20932,0
DB08611,P20932,0
DB00648,P20932,0
DB03147,P05327,1
DB07172,P05327,0
DB01987,P23234,1
DB00322,P23234,0
DB01136,P16581,1
DB03721,P16581,1
DB14061,P16581,0
DB04733,P16581,0
DB02930,P9WI81,1
DB03909,P9WI81,1
DB12010,P9WI81,1
DB02481,P9WI81,0
DB04698,P9WI81,0
DB04488,P9WI81,0
DB02278,P43777,1
DB00748,P43777,0
DB02637,Q70AC7,1
DB03801,Q70AC7,1
DB04553,Q70AC7,1
DB07664,Q70AC7,0
DB03968,Q70AC7,0
DB05482,Q70AC7,0
DB00355,P05193,1
DB04617,P05193,0
DB03147,P61497,1
DB03462,P61497,1
DB00939,P61497,0
DB02952,P61497,0
DB00128,Q12797,1
DB02943,Q12797,0
DB00786,Q9NPA2,1
DB01039,Q9NPA2,1
DB13873,Q9NPA2,1
DB08465,Q9NPA2,0
DB04615,Q9NPA2,0
DB08051,Q9NPA2,0
DB07911,P9WNH5,1
DB04555,P9WNH5,0
DB04209,P29973,1
DB07055,P29973,0
DB00182,P13945,1
DB00217,P13945,1
DB00334,P13945,1
DB00368,P13945,1
DB00540,P13945,1
DB00571,P13945,1
DB00715,P13945,1
DB00726,P13945,1
DB00866,P13945,1
DB00871,P13945,1
DB00938,P13945,1
DB00960,P13945,1
DB00983,P13945,1
DB01001,P13945,1
DB01064,P13945,1
DB01102,P13945,1
DB01118,P13945,1
DB01288,P13945,1
DB01365,P13945,1
DB01407,P13945,1
DB01580,P13945,1
DB04846,P13945,1
DB04861,P13945,1
DB05395,P13945,1
DB06190,P13945,1
DB06262,P13945,1
DB06726,P13945,1
DB08807,P13945,1
DB08808,P13945,1
DB08893,P13945,1
DB11273,P13945,1
DB11278,P13945,1
DB13345,P13945,1
DB08702,P13945,0
DB04005,P13945,0
DB01426,P13945,0
DB08889,P13945,0
DB03727,P13945,0
DB01915,P13945,0
DB07244,P13945,0
DB05990,P13945,0
DB07345,P13945,0
DB03173,P13945,0
DB00975,P13945,0
DB08770,P13945,0
DB06898,P13945,0
DB07633,P13945,0
DB01130,P13945,0
DB01150,P13945,0
DB03515,P13945,0
DB00141,P13945,0
DB03892,P13945,0
DB08161,P13945,0
DB12610,P13945,0
DB09256,P13945,0
DB08136,P13945,0
DB00315,P13945,0
DB03929,P13945,0
DB07901,P13945,0
DB00495,P13945,0
DB01320,P13945,0
DB01851,P13945,0
DB02624,P13945,0
DB00122,P13945,0
DB04381,P13945,0
DB04608,P13945,0
DB01133,P36543,1
DB03612,P36543,0
DB04162,P61713,1
DB03126,P61713,0
DB00157,O14556,1
DB01593,O14556,1
DB02205,O14556,1
DB03331,O14556,1
DB04477,O14556,1
DB11638,O14556,1
DB14487,O14556,1
DB14533,O14556,1
DB11155,O14556,0
DB07737,O14556,0
DB01370,O14556,0
DB13720,O14556,0
DB04680,O14556,0
DB00598,O14556,0
DB00279,O14556,0
DB07036,O14556,0
DB01812,O00204,1
DB02789,O00204,1
DB03309,O00204,1
DB02803,O00204,0
DB01256,O00204,0
DB05102,O00204,0
DB01753,P9WIQ3,1
DB03147,P9WIQ3,1
DB02377,P9WIQ3,0
DB06974,P9WIQ3,0
DB00452,P0A7S3,1
DB00479,P0A7S3,1
DB00560,P0A7S3,1
DB00684,P0A7S3,1
DB00798,P0A7S3,1
DB00919,P0A7S3,1
DB00955,P0A7S3,1
DB01082,P0A7S3,1
DB01172,P0A7S3,1
DB03615,P0A7S3,1
DB04729,P0A7S3,1
DB06696,P0A7S3,1
DB03559,P0A7S3,0
DB06986,P0A7S3,0
DB07300,P0A7S3,0
DB08845,P0A7S3,0
DB00416,P0A7S3,0
DB11745,P0A7S3,0
DB13867,P0A7S3,0
DB03887,P0A7S3,0
DB12783,P0A7S3,0
DB03143,P0A7S3,0
DB04209,P0A7S3,0
DB04696,P0A7S3,0
DB12010,Q9NRP7,1
DB00336,Q9NRP7,0
DB04395,P49368,1
DB11638,P49368,1
DB08799,P49368,0
DB06211,P49368,0
DB00186,P31644,1
DB00189,P31644,1
DB00228,P31644,1
DB00231,P31644,1
DB00237,P31644,1
DB00241,P31644,1
DB00252,P31644,1
DB00292,P31644,1
DB00306,P31644,1
DB00312,P31644,1
DB00334,P31644,1
DB00349,P31644,1
DB00371,P31644,1
DB00395,P31644,1
DB00402,P31644,1
DB00404,P31644,1
DB00418,P31644,1
DB00463,P31644,1
DB00475,P31644,1
DB00543,P31644,1
DB00546,P31644,1
DB00555,P31644,1
DB00599,P31644,1
DB00603,P31644,1
DB00628,P31644,1
DB00659,P31644,1
DB00683,P31644,1
DB00690,P31644,1
DB00753,P31644,1
DB00794,P31644,1
DB00801,P31644,1
DB00818,P31644,1
DB00829,P31644,1
DB00842,P31644,1
DB00849,P31644,1
DB00897,P31644,1
DB00898,P31644,1
DB01028,P31644,1
DB01043,P31644,1
DB01068,P31644,1
DB01107,P31644,1
DB01159,P31644,1
DB01189,P31644,1
DB01198,P31644,1
DB01205,P31644,1
DB01215,P31644,1
DB01236,P31644,1
DB01351,P31644,1
DB01352,P31644,1
DB01353,P31644,1
DB01354,P31644,1
DB01355,P31644,1
DB01437,P31644,1
DB01483,P31644,1
DB01489,P31644,1
DB01496,P31644,1
DB01511,P31644,1
DB01544,P31644,1
DB01545,P31644,1
DB01553,P31644,1
DB01558,P31644,1
DB01559,P31644,1
DB01567,P31644,1
DB01587,P31644,1
DB01588,P31644,1
DB01589,P31644,1
DB01594,P31644,1
DB01595,P31644,1
DB01708,P31644,1
DB01956,P31644,1
DB05087,P31644,1
DB06579,P31644,1
DB09017,P31644,1
DB09118,P31644,1
DB09166,P31644,1
DB11582,P31644,1
DB11859,P31644,1
DB11901,P31644,1
DB12537,P31644,1
DB13335,P31644,1
DB13437,P31644,1
DB13643,P31644,1
DB13837,P31644,1
DB13872,P31644,1
DB13983,P31644,1
DB14028,P31644,1
DB14672,P31644,1
DB14715,P31644,1
DB14719,P31644,1
DB15489,P31644,1
DB05105,P31644,0
DB02816,P31644,0
DB14070,P31644,0
DB04608,P31644,0
DB01408,P31644,0
DB00980,P31644,0
DB07883,P31644,0
DB07542,P31644,0
DB07806,P31644,0
DB15488,P31644,0
DB02377,P31644,0
DB07586,P31644,0
DB02686,P31644,0
DB00887,P31644,0
DB03591,P31644,0
DB07649,P31644,0
DB02141,P31644,0
DB05966,P31644,0
DB07487,P31644,0
DB11359,P31644,0
DB08611,P31644,0
DB07740,P31644,0
DB00446,P31644,0
DB03069,P31644,0
DB07346,P31644,0
DB01466,P31644,0
DB04496,P31644,0
DB03577,P31644,0
DB07424,P31644,0
DB07394,P31644,0
DB07929,P31644,0
DB02073,P31644,0
DB00687,P31644,0
DB01280,P31644,0
DB01692,P31644,0
DB08314,P31644,0
DB02108,P31644,0
DB01649,P31644,0
DB00906,P31644,0
DB13139,P31644,0
DB01863,P31644,0
DB07634,P31644,0
DB00493,P31644,0
DB07641,P31644,0
DB07721,P31644,0
DB04372,P31644,0
DB00141,P31644,0
DB00881,P31644,0
DB07105,P31644,0
DB01429,P31644,0
DB07652,P31644,0
DB03097,P31644,0
DB11692,P31644,0
DB01676,P31644,0
DB09030,P31644,0
DB08367,P31644,0
DB07490,P31644,0
DB00891,P31644,0
DB11963,P31644,0
DB02459,P31644,0
DB06444,P31644,0
DB03145,P31644,0
DB06367,P31644,0
DB03587,P31644,0
DB12455,P31644,0
DB06594,P31644,0
DB03102,P31644,0
DB04312,P31644,0
DB04349,P31644,0
DB01922,P31644,0
DB02871,P31644,0
DB11633,P31644,0
DB15498,P31644,0
DB06879,P31644,0
DB07533,P31644,0
DB07526,P31644,0
DB07118,P31644,0
DB00167,P31644,0
DB02879,P31644,0
DB04869,P31644,0
DB07851,P31644,0
DB03835,P31644,0
DB04242,P31644,0
DB00221,P31644,0
DB02309,P31644,0
DB03415,P31644,0
DB04453,P31644,0
DB04577,P31644,0
DB00136,P31644,0
DB02425,P31644,0
DB01497,O60858,1
DB01548,O60858,1
DB01565,O60858,1
DB01149,O60858,0
DB08589,O60858,0
DB06891,O60858,0
DB00148,P12532,1
DB13191,P12532,1
DB07824,P12532,0
DB07298,P12532,0
DB08562,P01615,1
DB02991,P01615,0
DB00173,P07741,1
DB01632,P07741,1
DB03506,P07741,1
DB04272,P07741,1
DB00912,P07741,0
DB00522,P07741,0
DB00598,P07741,0
DB07030,P07741,0
DB02452,P61888,1
DB08908,P61888,0
DB00167,Q9NSE4,1
DB08336,Q9NSE4,0
DB03880,Q9UNA0,1
DB06837,Q9UNA0,1
DB06945,Q9UNA0,1
DB00547,Q9UNA0,0
DB06889,Q9UNA0,0
DB02214,Q9UNA0,0
DB04233,P32722,1
DB07305,P32722,0
DB01980,Q01693,1
DB02386,Q01693,1
DB02664,Q01693,1
DB03424,Q01693,1
DB12537,Q01693,0
DB00518,Q01693,0
DB07635,Q01693,0
DB03190,Q01693,0
DB11942,O14980,1
DB09148,O14980,0
DB01007,Q16850,1
DB01167,Q16850,1
DB05667,Q16850,1
DB07705,Q16850,1
DB05542,Q16850,0
DB08242,Q16850,0
DB06881,Q16850,0
DB00961,Q16850,0
DB00284,P10253,1
DB00491,P10253,1
DB05351,P10253,0
DB07265,P10253,0
DB01133,P21283,1
DB01694,P21283,1
DB09552,P21283,1
DB03798,P21283,0
DB02985,P21283,0
DB01979,P21283,0
DB02596,Q9XB61,1
DB03215,Q9XB61,1
DB06725,Q9XB61,0
DB07173,Q9XB61,0
DB03147,Q9AGP8,1
DB03256,Q9AGP8,1
DB01583,Q9AGP8,0
DB02546,Q9AGP8,0
DB00786,P03956,1
DB07556,P03956,1
DB07926,P03956,1
DB08403,P03956,1
DB08482,P03956,1
DB08491,P03956,1
DB08555,P03956,0
DB03516,P03956,0
DB04030,P03956,0
DB03739,P03956,0
DB04217,P03956,0
DB09265,P03956,0
DB12965,P80294,1
DB07185,P80294,0
DB08585,Q02054,1
DB08586,Q02054,1
DB06288,Q02054,0
DB02779,Q02054,0
DB07740,Q01581,1
DB00121,Q01581,0
DB11638,Q8IKH8,1
DB00865,Q8IKH8,0
DB00205,P07686,1
DB02813,P07686,1
DB03747,P07686,1
DB03861,P07686,1
DB05490,P07686,0
DB05020,P07686,0
DB00493,P07686,0
DB03593,P07686,0
DB00153,Q9Y698,1
DB00228,Q9Y698,1
DB00421,Q9Y698,1
DB00898,Q9Y698,1
DB11148,Q9Y698,1
DB08289,Q9Y698,0
DB03934,Q9Y698,0
DB00122,Q9Y698,0
DB04641,Q9Y698,0
DB04661,Q9Y698,0
DB00157,P42330,1
DB00328,P42330,1
DB01536,P42330,1
DB01698,P42330,1
DB02056,P42330,1
DB02266,P42330,1
DB03461,P42330,1
DB07700,P42330,1
DB08816,P42330,0
DB06952,P42330,0
DB08600,P42330,0
DB01807,P42330,0
DB08491,P42330,0
DB05381,P42330,0
DB03396,P42330,0
DB01673,P42330,0
DB03088,Q7SIE2,1
DB03389,Q7SIE2,1
DB02664,Q7SIE2,0
DB08286,Q7SIE2,0
DB04699,Q8XL08,1
DB04896,Q8XL08,0
DB02854,P01859,1
DB04688,P01859,1
DB07329,P01859,1
DB07375,P01859,1
DB08323,P01859,1
DB08409,P01859,1
DB08510,P01859,1
DB08547,P01859,1
DB08618,P01859,1
DB14642,P01859,0
DB00949,P01859,0
DB04828,P01859,0
DB07039,P01859,0
DB06155,P01859,0
DB05713,P01859,0
DB03767,P01859,0
DB07363,P01859,0
DB02162,P01859,0
DB03088,P80075,1
DB00240,P80075,0
DB00196,P10613,1
DB00239,P10613,1
DB00251,P10613,1
DB00257,P10613,1
DB00582,P10613,1
DB01007,P10613,1
DB01110,P10613,1
DB01127,P10613,1
DB01153,P10613,1
DB01263,P10613,1
DB04794,P10613,1
DB08933,P10613,1
DB08481,P10613,0
DB01772,P10613,0
DB08244,P10613,0
DB03372,P10613,0
DB07874,P10613,0
DB01146,P10613,0
DB03171,P10613,0
DB00359,P10613,0
DB07778,P10613,0
DB06901,P10613,0
DB08014,P10613,0
DB08664,P10613,0
DB08275,Q8KNZ7,1
DB04869,Q8KNZ7,0
DB03366,P26514,1
DB03389,P26514,1
DB04465,P26514,1
DB08892,P26514,0
DB03594,P26514,0
DB03947,P26514,0
DB07301,Q8GI16,1
DB00572,Q8GI16,0
DB04147,P07173,1
DB04464,P07173,1
DB07392,P07173,1
DB07551,P07173,1
DB07552,P07173,1
DB08215,P07173,1
DB08689,P07173,1
DB08690,P07173,1
DB07995,P07173,0
DB04511,P07173,0
DB04047,P07173,0
DB02242,P07173,0
DB03974,P07173,0
DB03332,P07173,0
DB07983,P07173,0
DB04642,P07173,0
DB11638,P39019,1
DB08089,P39019,0
DB01327,P27169,1
DB01593,P27169,1
DB09130,P27169,1
DB14487,P27169,1
DB14533,P27169,1
DB04715,P27169,0
DB01413,P27169,0
DB02722,P27169,0
DB06980,P27169,0
DB03389,P27169,0
DB02431,Q7SIB1,1
DB08411,Q7SIB1,0
DB11638,Q9TY94,1
DB00273,Q9TY94,0
DB03109,Q13231,1
DB03539,Q13231,1
DB03632,Q13231,1
DB04350,Q13231,1
DB04404,Q13231,1
DB04576,Q13231,0
DB14064,Q13231,0
DB07413,Q13231,0
DB13878,Q13231,0
DB07850,Q13231,0
DB00294,P06401,1
DB00304,P06401,1
DB00351,P06401,1
DB00367,P06401,1
DB00378,P06401,1
DB00396,P06401,1
DB00421,P06401,1
DB00431,P06401,1
DB00588,P06401,1
DB00603,P06401,1
DB00648,P06401,1
DB00717,P06401,1
DB00764,P06401,1
DB00823,P06401,1
DB00834,P06401,1
DB00957,P06401,1
DB01395,P06401,1
DB01406,P06401,1
DB01428,P06401,1
DB01431,P06401,1
DB02746,P06401,1
DB02998,P06401,1
DB04787,P06401,1
DB05253,P06401,1
DB06680,P06401,1
DB06713,P06401,1
DB06730,P06401,1
DB06789,P06401,1
DB08867,P06401,1
DB08906,P06401,1
DB09123,P06401,1
DB09124,P06401,1
DB09389,P06401,1
DB11064,P06401,1
DB11219,P06401,1
DB11619,P06401,1
DB12941,P06401,1
DB13857,P06401,1
DB13867,P06401,1
DB14512,P06401,1
DB14583,P06401,1
DB13025,P06401,0
DB04398,P06401,0
DB02705,P06401,0
DB08163,P06401,0
DB02374,P06401,0
DB00494,P06401,0
DB07538,P06401,0
DB12010,P06401,0
DB01887,P06401,0
DB07618,P06401,0
DB01072,P06401,0
DB08634,P06401,0
DB02213,P06401,0
DB01346,P06401,0
DB09304,P06401,0
DB00422,P06401,0
DB04346,P06401,0
DB00802,P06401,0
DB01708,P06401,0
DB00492,P06401,0
DB00972,P06401,0
DB07982,P06401,0
DB02320,P06401,0
DB08683,P06401,0
DB02789,P06401,0
DB04004,P06401,0
DB04430,P06401,0
DB00474,P06401,0
DB07063,P06401,0
DB01425,P06401,0
DB03252,P06401,0
DB07129,P06401,0
DB04143,P06401,0
DB01908,P06401,0
DB11221,P06401,0
DB07883,P06401,0
DB06155,P06401,0
DB00184,P06401,0
DB14499,P06401,0
DB08397,P06401,0
DB00425,P06401,0
DB09130,P10412,1
DB00007,P10412,0
DB01852,Q6NUS8,1
DB04216,Q6NUS8,1
DB00106,Q6NUS8,0
DB07759,Q6NUS8,0
DB04447,Q9UJ68,1
DB02681,Q9UJ68,0
DB00157,Q02928,1
DB06945,Q02928,0
DB00384,P51170,1
DB00594,P51170,1
DB06830,P51170,0
DB02358,P51170,0
DB02726,P09104,1
DB02816,P09104,0
DB01259,P04626,1
DB05944,P04626,1
DB06021,P04626,1
DB08916,P04626,1
DB11652,P04626,1
DB11973,P04626,1
DB12010,P04626,1
DB12267,P04626,1
DB15035,P04626,1
DB07112,P04626,0
DB07017,P04626,0
DB01663,P04626,0
DB03933,P04626,0
DB01072,P04626,0
DB08890,P04626,0
DB00540,P04626,0
DB01628,P04626,0
DB02474,P04626,0
DB00157,O94788,1
DB00162,O94788,1
DB00755,O94788,1
DB07616,O94788,0
DB01843,O94788,0
DB00723,O94788,0
DB02384,P31992,1
DB02609,P31992,0
DB00328,P14555,1
DB01955,P14555,1
DB02080,P14555,1
DB02448,P14555,1
DB02504,P14555,1
DB02936,P14555,1
DB03017,P14555,1
DB03121,P14555,1
DB03471,P14555,1
DB03784,P14555,1
DB04112,P14555,1
DB04287,P14555,1
DB04786,P14555,1
DB05737,P14555,1
DB01877,P14555,0
DB01425,P14555,0
DB02657,P14555,0
DB00162,P14555,0
DB01321,P14555,0
DB08493,P14555,0
DB02038,P14555,0
DB07220,P14555,0
DB01200,P14555,0
DB08713,P14555,0
DB04405,P14555,0
DB07489,P14555,0
DB03161,P14555,0
DB07452,P14555,0
DB01069,Q9BPV8,1
DB02590,Q9BPV8,0
DB02153,Q57366,1
DB02379,Q57366,1
DB06886,Q57366,0
DB12518,Q57366,0
DB01593,P04075,1
DB02512,P04075,1
DB04326,P04075,1
DB04733,P04075,1
DB08240,P04075,1
DB11638,P04075,1
DB14487,P04075,1
DB14533,P04075,1
DB00657,P04075,0
DB03799,P04075,0
DB00243,P04075,0
DB02044,P04075,0
DB00969,P04075,0
DB03860,P04075,0
DB00831,P04075,0
DB07443,P04075,0
DB00171,Q92887,1
DB01138,Q92887,1
DB07909,Q92887,0
DB02361,Q92887,0
DB01872,P84141,1
DB02227,P84141,1
DB03284,P84141,1
DB04798,P84141,0
DB07927,P84141,0
DB07504,P84141,0
DB00193,P41145,1
DB00289,P41145,1
DB00295,P41145,1
DB00318,P41145,1
DB00321,P41145,1
DB00327,P41145,1
DB00370,P41145,1
DB00396,P41145,1
DB00454,P41145,1
DB00497,P41145,1
DB00514,P41145,1
DB00555,P41145,1
DB00611,P41145,1
DB00647,P41145,1
DB00652,P41145,1
DB00704,P41145,1
DB00708,P41145,1
DB00813,P41145,1
DB00825,P41145,1
DB00836,P41145,1
DB00844,P41145,1
DB00854,P41145,1
DB00899,P41145,1
DB00921,P41145,1
DB01183,P41145,1
DB01209,P41145,1
DB01221,P41145,1
DB01238,P41145,1
DB01439,P41145,1
DB01452,P41145,1
DB01497,P41145,1
DB01535,P41145,1
DB01548,P41145,1
DB01565,P41145,1
DB01571,P41145,1
DB05104,P41145,1
DB05155,P41145,1
DB06148,P41145,1
DB06204,P41145,1
DB06230,P41145,1
DB06274,P41145,1
DB06409,P41145,1
DB06738,P41145,1
DB06800,P41145,1
DB09173,P41145,1
DB09209,P41145,1
DB09272,P41145,1
DB11186,P41145,1
DB11691,P41145,1
DB14146,P41145,1
DB01232,P41145,0
DB02850,P41145,0
DB04847,P41145,0
DB11942,P41145,0
DB00274,P41145,0
DB03111,P41145,0
DB03091,P41145,0
DB02303,P41145,0
DB01661,P41145,0
DB08806,P41145,0
DB07966,P41145,0
DB11278,P41145,0
DB08238,P41145,0
DB06901,P41145,0
DB08779,P41145,0
DB04144,P41145,0
DB02267,P41145,0
DB03189,P41145,0
DB09217,P41145,0
DB01663,P41145,0
DB03020,P41145,0
DB00872,P41145,0
DB02198,P41145,0
DB07470,P41145,0
DB04343,P41145,0
DB08519,P41145,0
DB01606,P41145,0
DB07584,P41145,0
DB02629,P41145,0
DB04889,P41145,0
DB01150,P41145,0
DB04599,P41145,0
DB09418,P41145,0
DB07778,P41145,0
DB01189,P41145,0
DB04288,P41145,0
DB02144,P41145,0
DB00723,P41145,0
DB03078,P41145,0
DB08855,P41145,0
DB08262,P41145,0
DB07881,P41145,0
DB04805,P41145,0
DB01986,P41145,0
DB00554,P41145,0
DB08723,P41145,0
DB03187,P41145,0
DB01607,P41145,0
DB02515,P41145,0
DB07472,P41145,0
DB04272,O33833,1
DB00581,O33833,0
DB01890,P05019,1
DB02643,P05019,1
DB04809,P05019,0
DB07177,P05019,0
DB00176,P31645,1
DB00182,P31645,1
DB00191,P31645,1
DB00193,P31645,1
DB00215,P31645,1
DB00245,P31645,1
DB00285,P31645,1
DB00289,P31645,1
DB00321,P31645,1
DB00344,P31645,1
DB00408,P31645,1
DB00454,P31645,1
DB00458,P31645,1
DB00472,P31645,1
DB00476,P31645,1
DB00514,P31645,1
DB00540,P31645,1
DB00543,P31645,1
DB00574,P31645,1
DB00579,P31645,1
DB00656,P31645,1
DB00661,P31645,1
DB00715,P31645,1
DB00726,P31645,1
DB00805,P31645,1
DB00852,P31645,1
DB00907,P31645,1
DB00924,P31645,1
DB00988,P31645,1
DB01104,P31645,1
DB01105,P31645,1
DB01114,P31645,1
DB01142,P31645,1
DB01149,P31645,1
DB01151,P31645,1
DB01175,P31645,1
DB01191,P31645,1
DB01238,P31645,1
DB01242,P31645,1
DB01442,P31645,1
DB01454,P31645,1
DB01472,P31645,1
DB01577,P31645,1
DB04821,P31645,1
DB04832,P31645,1
DB04836,P31645,1
DB04889,P31645,1
DB04896,P31645,1
DB05422,P31645,1
DB05964,P31645,1
DB06077,P31645,1
DB06148,P31645,1
DB06156,P31645,1
DB06204,P31645,1
DB06684,P31645,1
DB06700,P31645,1
DB06701,P31645,1
DB08839,P31645,1
DB08918,P31645,1
DB09068,P31645,1
DB09167,P31645,1
DB09186,P31645,1
DB09195,P31645,1
DB09225,P31645,1
DB12305,P31645,1
DB06637,P31645,0
DB02185,P31645,0
DB07511,P31645,0
DB07866,P31645,0
DB00685,P31645,0
DB15690,P31645,0
DB07318,P31645,0
DB04661,P31645,0
DB08557,P31645,0
DB07104,P31645,0
DB07494,P31645,0
DB06800,P31645,0
DB09274,P31645,0
DB03975,P31645,0
DB04616,P31645,0
DB08724,P31645,0
DB07768,P31645,0
DB04649,P31645,0
DB01125,P31645,0
DB09166,P31645,0
DB07947,P31645,0
DB03821,P31645,0
DB08827,P31645,0
DB01162,P31645,0
DB00618,P31645,0
DB08587,P31645,0
DB02365,P31645,0
DB00152,P31645,0
DB06292,P31645,0
DB08692,P31645,0
DB08180,P31645,0
DB00144,P31645,0
DB00319,P31645,0
DB00288,P31645,0
DB04653,P31645,0
DB08263,P31645,0
DB02029,P31645,0
DB00350,P31645,0
DB04070,P31645,0
DB07419,P31645,0
DB06321,P31645,0
DB07205,P31645,0
DB00470,P31645,0
DB01004,P31645,0
DB00861,P31645,0
DB04794,P31645,0
DB07096,P31645,0
DB01247,P31645,0
DB07401,P31645,0
DB06850,P31645,0
DB00645,P31645,0
DB06345,P31645,0
DB01872,P31645,0
DB07833,P31645,0
DB04650,P31645,0
DB00809,P31645,0
DB03195,P31645,0
DB03214,P31645,0
DB02571,P31645,0
DB03135,P31645,0
DB02865,P31645,0
DB03812,P31645,0
DB08591,P31645,0
DB04731,P31645,0
DB01876,P31645,0
DB01593,P08185,1
DB09130,P08185,1
DB14487,P08185,1
DB14533,P08185,1
DB12610,P08185,0
DB07275,P08185,0
DB02276,P08185,0
DB02979,P08185,0
DB00459,P09455,1
DB03475,P09455,0
DB12010,Q9UPZ9,1
DB00547,Q9UPZ9,0
DB01992,Q92830,1
DB01218,Q92830,0
DB01965,P9WNS5,1
DB02333,P9WNS5,1
DB03413,P9WNS5,1
DB03800,P9WNS5,1
DB06976,P9WNS5,0
DB08551,P9WNS5,0
DB06240,P9WNS5,0
DB07952,P9WNS5,0
DB02406,P96965,1
DB02531,P96965,1
DB03568,P96965,1
DB03741,P96965,1
DB03750,P96965,1
DB03766,P96965,1
DB03793,P96965,1
DB08517,P96965,0
DB09071,P96965,0
DB02131,P96965,0
DB09275,P96965,0
DB00864,P96965,0
DB03552,P96965,0
DB07352,P96965,0
DB01683,Q8RJN5,1
DB00151,Q8RJN5,0
DB00374,P43119,1
DB01088,P43119,1
DB01160,P43119,1
DB01240,P43119,1
DB05229,P43119,1
DB11362,P43119,1
DB13872,P43119,0
DB03192,P43119,0
DB04325,P43119,0
DB06957,P43119,0
DB06477,P43119,0
DB07274,P43119,0
DB08545,Q6PYX1,1
DB07055,Q6PYX1,0
DB11638,P61978,1
DB12695,P61978,1
DB11740,P61978,0
DB07801,P61978,0
DB00786,Q99542,1
DB01207,Q99542,0
DB01169,P38936,1
DB05928,P38936,0
DB13914,Q12908,1
DB04573,Q12908,0
DB03975,P69488,1
DB00860,P69488,0
DB00591,P09525,1
DB09130,P09525,1
DB08008,P09525,0
DB00426,P09525,0
DB04310,Q82ZJ0,1
DB03480,Q82ZJ0,0
DB00119,P36021,1
DB00686,P36021,0
DB12965,Q14872,1
DB00924,Q14872,0
DB09130,Q96RE1,1
DB07927,Q96RE1,0
DB05154,A0A045ISQ8,1
DB02364,A0A045ISQ8,0
DB12010,P29322,1
DB12271,P29322,0
DB02010,P43405,1
DB06834,P43405,1
DB07159,P43405,1
DB07194,P43405,1
DB08361,P43405,1
DB08846,P43405,1
DB12010,P43405,1
DB07680,P43405,0
DB06133,P43405,0
DB03462,P43405,0
DB04604,P43405,0
DB06868,P43405,0
DB07688,P43405,0
DB02596,P43405,0
DB00487,Q06AK7,1
DB01051,Q06AK7,1
DB07291,Q06AK7,0
DB07958,Q06AK7,0
DB11638,Q8I2Z8,1
DB05494,Q8I2Z8,0
DB02315,Q9UL51,1
DB02527,Q9UL51,1
DB09083,Q9UL51,1
DB02469,Q9UL51,0
DB08423,Q9UL51,0
DB03686,Q9UL51,0
DB04422,Q9WYA5,1
DB07164,Q9WYA5,0
DB03940,P30901,1
DB01932,P30901,0
DB01593,P19823,1
DB09130,P19823,1
DB14487,P19823,1
DB14533,P19823,1
DB15496,P19823,0
DB01819,P19823,0
DB03974,P19823,0
DB01865,P19823,0
DB11638,P42766,1
DB07011,P42766,0
DB01017,P15692,1
DB01120,P15692,1
DB01136,P15692,1
DB03088,P15692,1
DB05294,P15692,1
DB05434,P15692,1
DB05932,P15692,1
DB05969,P15692,1
DB02239,P15692,0
DB01025,P15692,0
DB07397,P15692,0
DB02656,P15692,0
DB04267,P15692,0
DB02309,P15692,0
DB06848,P15692,0
DB01199,P15692,0
DB00153,Q15878,1
DB00228,Q15878,1
DB00273,Q15878,1
DB00421,Q15878,1
DB00555,Q15878,1
DB11148,Q15878,1
DB05088,Q15878,0
DB03923,Q15878,0
DB03400,Q15878,0
DB08110,Q15878,0
DB12141,Q15878,0
DB09129,Q15878,0
DB11638,Q8I0X2,1
DB00409,Q8I0X2,0
DB00131,Q08828,1
DB00171,Q08828,1
DB09121,Q08828,1
DB03544,Q08828,0
DB09291,Q08828,0
DB00208,Q08828,0
DB00303,P24228,1
DB00417,P24228,1
DB00578,P24228,1
DB00760,P24228,1
DB01000,P24228,1
DB01328,P24228,1
DB01329,P24228,1
DB01331,P24228,1
DB01602,P24228,1
DB04570,P24228,1
DB09050,P24228,1
DB09319,P24228,1
DB14879,P24228,1
DB08274,P24228,0
DB00868,P24228,0
DB04254,P24228,0
DB11793,P24228,0
DB07944,P24228,0
DB03626,P24228,0
DB08244,P24228,0
DB08670,P24228,0
DB00493,P24228,0
DB07530,P24228,0
DB13875,P24228,0
DB01102,P24228,0
DB02649,P24228,0
DB01698,P16152,1
DB02709,P16152,1
DB03394,P16152,1
DB03556,P16152,1
DB04216,P16152,1
DB04463,P16152,1
DB11672,P16152,1
DB14635,P16152,1
DB04496,P16152,0
DB04299,P16152,0
DB02799,P16152,0
DB04545,P16152,0
DB07584,P16152,0
DB11828,P16152,0
DB07157,P16152,0
DB03919,P16152,0
DB01250,P01579,1
DB01296,P01579,1
DB07285,P01579,0
DB02970,P01579,0
DB00122,P22303,1
DB00382,P22303,1
DB00411,P22303,1
DB00449,P22303,1
DB00483,P22303,1
DB00545,P22303,1
DB00674,P22303,1
DB00677,P22303,1
DB00733,P22303,1
DB00805,P22303,1
DB00843,P22303,1
DB00863,P22303,1
DB00944,P22303,1
DB00981,P22303,1
DB00989,P22303,1
DB01010,P22303,1
DB01122,P22303,1
DB01199,P22303,1
DB01245,P22303,1
DB01400,P22303,1
DB01805,P22303,1
DB02166,P22303,1
DB02226,P22303,1
DB02343,P22303,1
DB02404,P22303,1
DB02673,P22303,1
DB02825,P22303,1
DB02845,P22303,1
DB03005,P22303,1
DB03128,P22303,1
DB03283,P22303,1
DB03348,P22303,1
DB03359,P22303,1
DB03740,P22303,1
DB03814,P22303,1
DB04021,P22303,1
DB04114,P22303,1
DB04556,P22303,1
DB04614,P22303,1
DB04615,P22303,1
DB04616,P22303,1
DB04617,P22303,1
DB04859,P22303,1
DB04864,P22303,1
DB04892,P22303,1
DB04924,P22303,1
DB06525,P22303,1
DB07555,P22303,1
DB07701,P22303,1
DB07756,P22303,1
DB07846,P22303,1
DB08167,P22303,1
DB08357,P22303,1
DB08615,P22303,1
DB08996,P22303,1
DB14006,P22303,1
DB04331,P22303,0
DB07881,P22303,0
DB00440,P22303,0
DB09131,P22303,0
DB04842,P22303,0
DB04654,P22303,0
DB12500,P22303,0
DB02711,P22303,0
DB00823,P22303,0
DB07457,P22303,0
DB01979,P22303,0
DB08517,P22303,0
DB01672,P22303,0
DB15665,P22303,0
DB02120,P22303,0
DB00714,P22303,0
DB05630,P22303,0
DB02833,P22303,0
DB08294,P22303,0
DB02438,P22303,0
DB03729,P22303,0
DB07772,P22303,0
DB06988,P22303,0
DB02784,P22303,0
DB03210,P22303,0
DB03325,P22303,0
DB04878,P22303,0
DB01356,P22303,0
DB00484,P22303,0
DB00283,P22303,0
DB05154,P22303,0
DB03800,P22303,0
DB03037,P22303,0
DB07857,P22303,0
DB06898,P22303,0
DB03370,P22303,0
DB07256,P22303,0
DB02332,P22303,0
DB02201,P22303,0
DB15493,P22303,0
DB02326,P22303,0
DB01618,P22303,0
DB03331,P22303,0
DB12377,P22303,0
DB03321,P22303,0
DB03416,P22303,0
DB07163,P22303,0
DB01396,P22303,0
DB04191,P22303,0
DB04545,P22303,0
DB09472,P22303,0
DB03896,P22303,0
DB03033,P22303,0
DB00956,P22303,0
DB06713,P22303,0
DB08504,P22303,0
DB03423,P43985,1
DB00120,P43985,0
DB02065,P96945,1
DB02976,P96945,1
DB07630,P96945,0
DB07276,P96945,0
DB12010,P37173,1
DB08720,P37173,0
DB00128,P08243,1
DB00142,P08243,1
DB00171,P08243,1
DB00174,P08243,1
DB01606,P08243,0
DB14501,P08243,0
DB00536,P08243,0
DB03854,P08243,0
DB02026,P16184,1
DB02427,P16184,1
DB02559,P16184,1
DB03461,P16184,1
DB03987,P16184,1
DB01299,P16184,0
DB03696,P16184,0
DB07071,P16184,0
DB07380,P16184,0
DB03048,P16184,0
DB00755,O43174,1
DB13083,O43174,1
DB00337,O43174,0
DB07626,O43174,0
DB08818,P16070,1
DB04529,P16070,0
DB00277,Q7Z5B4,1
DB00482,Q7Z5B4,0
DB04419,P20823,1
DB08375,P20823,0
DB01392,Q99712,1
DB11148,Q99712,1
DB02583,Q99712,0
DB08241,Q99712,0
DB07817,Q4L5E4,1
DB07059,Q4L5E4,0
DB07912,Q9UHY7,1
DB00672,Q9UHY7,0
DB00119,P11498,1
DB00121,P11498,1
DB07497,P11498,1
DB07011,P11498,0
DB04556,P11498,0
DB08161,P11498,0
DB00201,P29274,1
DB00277,P29274,1
DB00358,P29274,1
DB00555,P29274,1
DB00640,P29274,1
DB00651,P29274,1
DB00806,P29274,1
DB00824,P29274,1
DB01303,P29274,1
DB01412,P29274,1
DB04853,P29274,1
DB05009,P29274,1
DB06213,P29274,1
DB08770,P29274,1
DB09273,P29274,1
DB11757,P29274,1
DB14132,P29274,1
DB02104,P29274,0
DB00738,P29274,0
DB04094,P29274,0
DB04534,P29274,0
DB04521,P29274,0
DB01010,P29274,0
DB07463,P29274,0
DB03011,P29274,0
DB00721,P29274,0
DB08295,P29274,0
DB02296,P29274,0
DB01868,P29274,0
DB08034,P29274,0
DB02265,P29274,0
DB02228,P29274,0
DB03981,P29274,0
DB00148,P29274,0
DB07382,O75460,1
DB12010,O75460,1
DB04521,O75460,0
DB15495,O75460,0
DB03435,P39621,1
DB00656,P39621,0
DB04147,P07110,1
DB04233,P07110,1
DB04041,P07110,0
DB08460,P07110,0
DB04092,P15034,1
DB04624,P15034,0
DB02046,Q9UKQ2,1
DB02215,Q9UKQ2,1
DB02255,Q9UKQ2,1
DB02996,Q9UKQ2,1
DB03088,Q9UKQ2,1
DB03880,Q9UKQ2,1
DB08733,Q9UKQ2,1
DB01012,Q9UKQ2,0
DB09149,Q9UKQ2,0
DB08872,Q9UKQ2,0
DB07113,Q9UKQ2,0
DB06077,Q9UKQ2,0
DB01511,Q9UKQ2,0
DB02855,Q9UKQ2,0
DB00140,P30043,1
DB00157,P30043,1
DB02073,P30043,1
DB03247,P30043,1
DB03461,P30043,1
DB04345,P30043,1
DB04363,P30043,1
DB02128,P30043,0
DB07584,P30043,0
DB04970,P30043,0
DB01433,P30043,0
DB03703,P30043,0
DB06970,P30043,0
DB07313,P30043,0
DB00143,O75715,1
DB03310,O75715,1
DB03733,O75715,0
DB06926,O75715,0
DB02346,Q55793,1
DB09183,Q55793,0
DB01661,P60757,1
DB08342,P60757,0
DB00421,P19099,1
DB11837,P19099,1
DB08435,P19099,0
DB04205,P19099,0
DB02494,Q59771,1
DB03884,Q59771,1
DB09006,Q59771,0
DB05695,Q59771,0
DB11093,P30626,1
DB11348,P30626,1
DB14481,P30626,1
DB03704,P30626,0
DB08811,P30626,0
DB00710,P30626,0
DB02809,P00381,1
DB03125,P00381,1
DB01211,P00381,0
DB04465,P00381,0
DB08515,P28066,1
DB04339,P28066,0
DB11638,Q8ILV2,1
DB00588,Q8ILV2,0
DB11638,Q8IKW5,1
DB03164,Q8IKW5,0
DB02379,P23904,1
DB03146,P23904,0
DB03147,P42593,1
DB03247,P42593,1
DB03461,P42593,1
DB03698,P42593,1
DB08070,P42593,0
DB08356,P42593,0
DB08717,P42593,0
DB02669,P42593,0
DB00114,P80404,1
DB00119,P80404,1
DB00142,P80404,1
DB00160,P80404,1
DB00780,P80404,1
DB01080,P80404,1
DB01699,P80404,1
DB04235,P80404,1
DB02435,P80404,0
DB02105,P80404,0
DB07869,P80404,0
DB07481,P80404,0
DB04050,P80404,0
DB03417,P80404,0
DB00933,P80404,0
DB04931,P80404,0
DB03108,P9WKD7,1
DB04496,P9WKD7,1
DB07228,P9WKD7,0
DB02565,P9WKD7,0
DB08912,P53667,1
DB12010,P53667,1
DB12200,P53667,0
DB00547,P53667,0
DB01694,Q746J6,1
DB08622,Q746J6,0
DB04315,Q9Y689,1
DB05521,Q9Y689,0
DB03317,Q9RQB9,1
DB06751,Q9RQB9,0
DB00259,P0AC13,1
DB00263,P0AC13,1
DB00576,P0AC13,1
DB00634,P0AC13,1
DB01015,P0AC13,1
DB01298,P0AC13,1
DB01581,P0AC13,1
DB01582,P0AC13,1
DB06729,P0AC13,1
DB06821,P0AC13,1
DB14033,P0AC13,1
DB06367,P0AC13,0
DB03003,P0AC13,0
DB01834,P0AC13,0
DB03555,P0AC13,0
DB04832,P0AC13,0
DB04107,P0AC13,0
DB00703,P0AC13,0
DB07263,P0AC13,0
DB09272,P0AC13,0
DB06512,P0AC13,0
DB02873,P0AC13,0
DB07171,P42892,1
DB04070,P42892,0
DB08185,P80377,1
DB01744,P80377,0
DB09265,P43220,1
DB13928,P43220,1
DB01354,P43220,0
DB06240,P43220,0
DB02059,P26397,1
DB03069,P26397,1
DB00449,P26397,0
DB06982,P26397,0
DB08080,Q969V6,1
DB08134,Q969V6,0
DB01655,P39304,1
DB01923,P39304,1
DB02630,P39304,1
DB03855,P39304,1
DB04034,P39304,1
DB06910,P39304,0
DB07914,P39304,0
DB01235,P39304,0
DB01786,P39304,0
DB14491,P39304,0
DB00171,P12235,1
DB00720,P12235,1
DB01077,P12235,1
DB01736,P12235,1
DB02426,P12235,1
DB03429,P12235,1
DB04178,P12235,1
DB07165,P12235,0
DB02105,P12235,0
DB00877,P12235,0
DB06866,P12235,0
DB08685,P12235,0
DB07021,P12235,0
DB07913,P12235,0
DB00604,Q13639,1
DB00715,Q13639,1
DB00904,Q13639,1
DB01079,Q13639,1
DB01233,Q13639,1
DB01239,Q13639,1
DB04873,Q13639,1
DB04917,Q13639,1
DB05542,Q13639,1
DB06422,Q13639,1
DB06480,Q13639,1
DB08810,Q13639,1
DB09304,Q13639,1
DB11273,Q13639,1
DB12141,Q13639,1
DB12702,Q13639,1
DB13025,Q13639,1
DB13345,Q13639,1
DB04121,Q13639,0
DB04854,Q13639,0
DB05105,Q13639,0
DB02500,Q13639,0
DB01010,Q13639,0
DB07676,Q13639,0
DB08710,Q13639,0
DB04598,Q13639,0
DB00153,Q13639,0
DB07041,Q13639,0
DB03860,Q13639,0
DB03874,Q13639,0
DB03342,Q13639,0
DB11081,Q13639,0
DB14061,Q13639,0
DB13154,Q13639,0
DB00217,Q13639,0
DB02627,Q13639,0
DB00153,O95180,1
DB00228,O95180,1
DB00270,O95180,1
DB00421,O95180,1
DB00568,O95180,1
DB00661,O95180,1
DB00909,O95180,1
DB01023,O95180,1
DB01054,O95180,1
DB01115,O95180,1
DB01244,O95180,1
DB01388,O95180,1
DB04841,O95180,1
DB09061,O95180,1
DB09089,O95180,1
DB09231,O95180,1
DB09238,O95180,1
DB11148,O95180,1
DB14011,O95180,1
DB01248,O95180,0
DB04409,O95180,0
DB03861,O95180,0
DB00507,O95180,0
DB01822,O95180,0
DB04311,O95180,0
DB04967,O95180,0
DB03344,O95180,0
DB08025,O95180,0
DB07085,O95180,0
DB03721,O95180,0
DB03686,O95180,0
DB02615,O95180,0
DB04233,O95180,0
DB08200,O95180,0
DB01233,O95180,0
DB03623,O95180,0
DB13919,O95180,0
DB04238,O95180,0
DB01032,Q96RD7,1
DB01231,Q96RD7,0
DB02456,P0A6I0,1
DB02883,P0A6I0,1
DB03403,P0A6I0,1
DB04555,P0A6I0,1
DB00331,P0A6I0,0
DB13869,P0A6I0,0
DB02652,P0A6I0,0
DB00565,P0A6I0,0
DB12695,P54578,1
DB00233,P54578,0
DB02097,Q9BZX2,1
DB02431,Q9BZX2,1
DB03403,Q9BZX2,1
DB04005,Q9BZX2,1
DB04527,Q9BZX2,0
DB08160,Q9BZX2,0
DB02252,Q9BZX2,0
DB07071,Q9BZX2,0
DB02379,P13650,1
DB03205,P13650,1
DB04361,P13650,1
DB08385,P13650,0
DB04243,P13650,0
DB00238,P13650,0
DB00440,P0ABQ4,1
DB02015,P0ABQ4,1
DB02363,P0ABQ4,1
DB03461,P0ABQ4,1
DB07262,P0ABQ4,1
DB12769,P0ABQ4,1
DB11632,P0ABQ4,0
DB08094,P0ABQ4,0
DB01616,P0ABQ4,0
DB00628,P0ABQ4,0
DB01808,P0ABQ4,0
DB06838,P0ABQ4,0
DB07918,P0AEK7,1
DB06827,P0AEK7,0
DB01990,P35398,1
DB04540,P35398,1
DB02068,P35398,0
DB03370,P35398,0
DB11638,Q8IDP1,1
DB08757,Q8IDP1,0
DB05465,Q9GZP0,1
DB01430,Q9GZP0,0
DB04395,Q9WZ57,1
DB04983,Q9WZ57,0
DB03232,P0A8X2,1
DB04998,P0A8X2,0
DB01597,P16444,1
DB02408,P16444,0
DB07970,Q15375,1
DB12010,Q15375,1
DB00967,Q15375,0
DB06409,Q15375,0
DB00129,Q9Y619,1
DB07824,Q9Y619,0
DB12228,P10092,1
DB02681,P10092,0
DB00142,Q9UI32,1
DB03629,Q9UI32,0
DB00201,Q13946,1
DB07954,Q13946,1
DB08602,Q13946,1
DB09283,Q13946,1
DB12161,Q13946,0
DB03346,Q13946,0
DB04713,Q13946,0
DB08559,Q13946,0
DB11638,P46781,1
DB13061,P46781,0
DB12010,Q9C098,1
DB06684,Q9C098,0
DB00114,P54687,1
DB00142,P54687,1
DB00149,P54687,1
DB00161,P54687,1
DB00167,P54687,1
DB07544,P54687,1
DB01369,P54687,0
DB02021,P54687,0
DB02965,P54687,0
DB07336,P54687,0
DB07701,P54687,0
DB03861,P54687,0
DB12695,P56385,1
DB03696,P56385,0
DB04315,P40616,1
DB03258,P40616,0
DB01938,P10943,1
DB03229,P10943,0
DB00485,A0A0E1R3H3,1
DB11397,A0A0E1R3H3,0
DB00228,O43525,1
DB00321,O43525,1
DB00939,O43525,1
DB00996,O43525,1
DB01069,O43525,1
DB01110,O43525,1
DB04953,O43525,1
DB07470,O43525,0
DB01226,O43525,0
DB01331,O43525,0
DB07612,O43525,0
DB14507,O43525,0
DB02752,O43525,0
DB04427,O43525,0
DB03247,O07529,1
DB01236,O07529,0
DB01790,P10644,1
DB02315,P10644,1
DB02527,P10644,1
DB11633,P10644,0
DB06924,P10644,0
DB06864,P10644,0
DB00157,P00338,1
DB02483,P00338,1
DB02701,P00338,1
DB03940,P00338,1
DB09118,P00338,1
DB09130,P00338,1
DB11638,P00338,1
DB02334,P00338,0
DB08726,P00338,0
DB01782,P00338,0
DB02504,P00338,0
DB04287,P00338,0
DB04380,P00338,0
DB02949,P00338,0
DB00284,P04746,1
DB01922,P04746,1
DB02218,P04746,1
DB02379,P04746,1
DB02889,P04746,1
DB03088,P04746,1
DB03092,P04746,1
DB03439,P04746,1
DB03495,P04746,1
DB03773,P04746,1
DB03971,P04746,1
DB04453,P04746,1
DB04618,P04746,1
DB08406,P04746,0
DB04610,P04746,0
DB08300,P04746,0
DB07198,P04746,0
DB09088,P04746,0
DB08118,P04746,0
DB01824,P04746,0
DB07969,P04746,0
DB02196,P04746,0
DB11582,P04746,0
DB12329,P04746,0
DB01375,P04746,0
DB04861,P04746,0
DB04147,Q3J1A5,1
DB04884,Q3J1A5,0
DB02595,P41052,1
DB03709,P41052,1
DB01841,P41052,0
DB03222,P41052,0
DB04661,P15813,1
DB06756,P15813,0
DB03380,Q86WA6,1
DB04724,Q86WA6,0
DB09421,P34981,1
DB07462,P34981,0
DB00201,Q08493,1
DB00651,Q08493,1
DB01088,Q08493,1
DB01427,Q08493,1
DB01656,Q08493,1
DB01791,Q08493,1
DB05219,Q08493,1
DB05266,Q08493,1
DB06246,Q08493,1
DB09283,Q08493,1
DB01034,Q08493,0
DB08719,Q08493,0
DB03217,Q08493,0
DB00148,Q08493,0
DB06813,Q08493,0
DB00330,Q08493,0
DB04163,Q08493,0
DB07506,Q08493,0
DB03368,Q08493,0
DB03691,Q08493,0
DB01992,P0A6I8,1
DB03170,P0A6I8,1
DB03912,P0A6I8,1
DB04891,P0A6I8,0
DB07343,P0A6I8,0
DB08313,P0A6I8,0
DB03142,P0A9E0,1
DB04062,P0A9E0,1
DB07043,P0A9E0,0
DB04366,P0A9E0,0
DB00143,P48637,1
DB00145,P48637,1
DB00151,P48637,1
DB03408,P48637,1
DB04395,P48637,1
DB06151,P48637,1
DB09130,P48637,1
DB09026,P48637,0
DB11693,P48637,0
DB07820,P48637,0
DB01634,P48637,0
DB01561,P48637,0
DB08781,P48637,0
DB01632,P48637,0
DB00142,Q14957,1
DB00145,Q14957,1
DB00193,Q14957,1
DB00228,Q14957,1
DB00289,Q14957,1
DB00312,Q14957,1
DB00333,Q14957,1
DB00418,Q14957,1
DB00454,Q14957,1
DB00659,Q14957,1
DB00843,Q14957,1
DB00874,Q14957,1
DB01043,Q14957,1
DB01174,Q14957,1
DB01238,Q14957,1
DB01520,Q14957,1
DB01708,Q14957,1
DB04896,Q14957,1
DB06738,Q14957,1
DB06741,Q14957,1
DB09409,Q14957,1
DB09481,Q14957,1
DB11823,Q14957,1
DB13146,Q14957,1
DB07035,Q14957,0
DB08715,Q14957,0
DB04821,Q14957,0
DB04508,Q14957,0
DB04419,Q14957,0
DB07344,Q14957,0
DB11064,Q14957,0
DB08515,Q14957,0
DB09082,Q14957,0
DB03042,Q14957,0
DB09097,Q14957,0
DB08078,Q14957,0
DB02927,Q14957,0
DB12129,Q14957,0
DB01091,Q14957,0
DB08176,Q14957,0
DB04089,Q14957,0
DB08747,Q14957,0
DB04720,Q14957,0
DB00336,Q14957,0
DB03978,Q14957,0
DB14491,Q14957,0
DB06515,Q14957,0
DB03707,Q14957,0
DB03017,Q9I194,1
DB00880,Q9I194,0
DB00182,P35348,1
DB00211,P35348,1
DB00243,P35348,1
DB00246,P35348,1
DB00248,P35348,1
DB00268,P35348,1
DB00298,P35348,1
DB00321,P35348,1
DB00334,P35348,1
DB00346,P35348,1
DB00363,P35348,1
DB00368,P35348,1
DB00370,P35348,1
DB00388,P35348,1
DB00408,P35348,1
DB00420,P35348,1
DB00433,P35348,1
DB00449,P35348,1
DB00450,P35348,1
DB00457,P35348,1
DB00458,P35348,1
DB00477,P35348,1
DB00490,P35348,1
DB00502,P35348,1
DB00540,P35348,1
DB00543,P35348,1
DB00555,P35348,1
DB00575,P35348,1
DB00590,P35348,1
DB00598,P35348,1
DB00610,P35348,1
DB00622,P35348,1
DB00656,P35348,1
DB00661,P35348,1
DB00668,P35348,1
DB00679,P35348,1
DB00692,P35348,1
DB00696,P35348,1
DB00697,P35348,1
DB00699,P35348,1
DB00706,P35348,1
DB00715,P35348,1
DB00723,P35348,1
DB00726,P35348,1
DB00734,P35348,1
DB00751,P35348,1
DB00777,P35348,1
DB00797,P35348,1
DB00800,P35348,1
DB00831,P35348,1
DB00841,P35348,1
DB00852,P35348,1
DB00865,P35348,1
DB00875,P35348,1
DB00908,P35348,1
DB00925,P35348,1
DB00934,P35348,1
DB00935,P35348,1
DB00964,P35348,1
DB01069,P35348,1
DB01136,P35348,1
DB01142,P35348,1
DB01149,P35348,1
DB01151,P35348,1
DB01162,P35348,1
DB01175,P35348,1
DB01186,P35348,1
DB01200,P35348,1
DB01224,P35348,1
DB01238,P35348,1
DB01253,P35348,1
DB01267,P35348,1
DB01295,P35348,1
DB01364,P35348,1
DB01365,P35348,1
DB01403,P35348,1
DB01472,P35348,1
DB01576,P35348,1
DB01579,P35348,1
DB01614,P35348,1
DB01622,P35348,1
DB01624,P35348,1
DB04855,P35348,1
DB04946,P35348,1
DB04948,P35348,1
DB05492,P35348,1
DB06144,P35348,1
DB06148,P35348,1
DB06153,P35348,1
DB06207,P35348,1
DB06216,P35348,1
DB06229,P35348,1
DB06262,P35348,1
DB06694,P35348,1
DB06706,P35348,1
DB06711,P35348,1
DB06764,P35348,1
DB08922,P35348,1
DB08950,P35348,1
DB09167,P35348,1
DB09194,P35348,1
DB09195,P35348,1
DB09202,P35348,1
DB09203,P35348,1
DB09204,P35348,1
DB09205,P35348,1
DB09229,P35348,1
DB09239,P35348,1
DB09286,P35348,1
DB11273,P35348,1
DB11278,P35348,1
DB11577,P35348,1
DB12278,P35348,1
DB13025,P35348,1
DB13345,P35348,1
DB14185,P35348,1
DB08403,P35348,0
DB01400,P35348,0
DB02928,P35348,0
DB12651,P35348,0
DB09481,P35348,0
DB06587,P35348,0
DB07461,P35348,0
DB07364,P35348,0
DB01204,P35348,0
DB04732,P35348,0
DB03843,P35348,0
DB00272,P35348,0
DB00861,P35348,0
DB05714,P35348,0
DB00154,P35348,0
DB09389,P35348,0
DB01969,P35348,0
DB04098,P35348,0
DB12319,P35348,0
DB09242,P35348,0
DB02280,P35348,0
DB04048,P35348,0
DB14065,P35348,0
DB04653,P35348,0
DB07611,P35348,0
DB07373,P35348,0
DB05018,P35348,0
DB03400,P35348,0
DB06127,P35348,0
DB05855,P35348,0
DB00959,P35348,0
DB04392,P35348,0
DB02818,P35348,0
DB02590,P35348,0
DB00359,P35348,0
DB04845,P35348,0
DB13876,P35348,0
DB11760,P35348,0
DB00836,P35348,0
DB09198,P35348,0
DB02424,P35348,0
DB03516,P35348,0
DB02762,P35348,0
DB03564,P35348,0
DB00772,P35348,0
DB00623,P35348,0
DB02845,P35348,0
DB04328,P35348,0
DB06926,P35348,0
DB00828,P35348,0
DB11837,P35348,0
DB00984,P35348,0
DB00178,P35348,0
DB01056,P35348,0
DB04658,P35348,0
DB08589,P35348,0
DB00910,P35348,0
DB00350,P35348,0
DB07235,P35348,0
DB08869,P35348,0
DB01392,P35348,0
DB06213,P35348,0
DB08744,P35348,0
DB08522,P35348,0
DB07802,P35348,0
DB03557,P35348,0
DB08542,P35348,0
DB02326,P35348,0
DB06859,P35348,0
DB02588,P35348,0
DB14508,P35348,0
DB04284,P35348,0
DB03382,P35348,0
DB07084,P35348,0
DB08436,P35348,0
DB05607,P35348,0
DB02635,P35348,0
DB03495,P35348,0
DB05229,P35348,0
DB03041,P35348,0
DB02500,P35348,0
DB02140,P35348,0
DB03364,P35348,0
DB05339,P35348,0
DB02425,P35348,0
DB11842,P35348,0
DB01910,P35348,0
DB00240,P35348,0
DB03878,P35348,0
DB04772,P35348,0
DB04918,P35348,0
DB07726,P35348,0
DB04752,P35348,0
DB07856,P35348,0
DB07757,P35348,0
DB01195,P35348,0
DB01631,P35348,0
DB04209,P35348,0
DB06693,P35348,0
DB01265,P35348,0
DB02667,P35348,0
DB04829,P35348,0
DB04411,P35348,0
DB08092,P35348,0
DB08257,P35348,0
DB07677,P35348,0
DB03411,P35348,0
DB00257,P35348,0
DB02821,P35348,0
DB00970,P35348,0
DB00358,P35348,0
DB07281,P35348,0
DB00410,P35348,0
DB06875,P35348,0
DB00119,P35348,0
DB07714,P35348,0
DB00616,P08473,1
DB00886,P08473,1
DB02062,P08473,1
DB02557,P08473,1
DB02558,P08473,1
DB02597,P08473,1
DB05796,P08473,1
DB08575,P08473,1
DB08626,P08473,1
DB09292,P08473,1
DB11623,P08473,1
DB04284,P08473,0
DB01430,P08473,0
DB02484,P08473,0
DB00630,P08473,0
DB09477,P08473,0
DB07255,P08473,0
DB00771,P08473,0
DB07736,P08473,0
DB03276,P08473,0
DB06971,P08473,0
DB02168,P08473,0
DB03147,P09788,1
DB08916,P09788,0
DB09130,P61987,1
DB04622,P61987,0
DB01593,O14618,1
DB14487,O14618,1
DB14533,O14618,1
DB15102,O14618,0
DB07859,O14618,0
DB00821,O14618,0
DB04199,P0A1X2,1
DB03812,P0A1X2,0
DB14533,Q02383,1
DB01238,Q02383,0
DB04548,Q53591,1
DB07902,Q53591,0
DB04464,P0C1V1,1
DB03428,P0C1V1,0
DB06970,Q8DNV6,1
DB04662,Q8DNV6,0
DB07853,Q13557,1
DB08039,Q13557,1
DB12010,Q13557,1
DB15494,Q13557,0
DB11942,Q13557,0
DB04188,Q13557,0
DB02976,Q93EK7,1
DB07448,Q93EK7,0
DB02733,P11802,1
DB03496,P11802,1
DB09073,P11802,1
DB11730,P11802,1
DB12001,P11802,1
DB12010,P11802,1
DB08112,P11802,0
DB05220,P11802,0
DB01139,P11802,0
DB07920,P11802,0
DB06933,P11802,0
DB02738,P11802,0
DB04835,P51681,1
DB05501,P51681,1
DB06497,P51681,1
DB06652,P51681,1
DB12960,P51681,1
DB00748,P51681,0
DB04117,P51681,0
DB07173,P51681,0
DB03290,P51681,0
DB04597,P51681,0
DB00120,Q9NSD9,1
DB13179,Q9NSD9,0
DB12695,Q04917,1
DB01319,Q04917,0
DB00246,P47898,1
DB00408,P47898,1
DB01238,P47898,1
DB06216,P47898,1
DB04207,P47898,0
DB11827,P47898,0
DB02521,P47898,0
DB02512,P47898,0
DB00243,Q9NY72,1
DB00313,Q9NY72,1
DB00776,Q9NY72,1
DB00907,Q9NY72,1
DB00909,Q9NY72,1
DB05541,Q9NY72,1
DB13269,Q9NY72,1
DB00894,Q9NY72,0
DB01640,Q9NY72,0
DB07229,Q9NY72,0
DB01145,Q9NY72,0
DB07091,Q9NY72,0
DB00820,Q9NY72,0
DB03756,Q9NY72,0
DB04141,O14949,1
DB04799,O14949,1
DB07401,O14949,1
DB07763,O14949,1
DB07778,O14949,1
DB08330,O14949,1
DB08453,O14949,1
DB08690,O14949,1
DB01159,O14949,0
DB06603,O14949,0
DB12733,O14949,0
DB08560,O14949,0
DB02108,O14949,0
DB02252,O14949,0
DB02123,O14949,0
DB00180,O14949,0
DB04233,Q48152,1
DB09330,Q48152,0
DB00172,Q53H96,1
DB08517,Q53H96,0
DB12010,Q8N5S9,1
DB04890,Q8N5S9,0
DB03814,Q8IWL2,1
DB01394,Q8IWL2,0
DB04447,P65389,1
DB02183,P65389,0
DB12695,P27348,1
DB03868,P27348,0
DB09130,P31942,1
DB00211,P31942,0
DB01942,P42321,1
DB03790,P42321,1
DB04071,P42321,0
DB03577,P42321,0
DB02494,Q9UHA3,1
DB07374,Q9UHA3,1
DB08437,Q9UHA3,1
DB04538,Q9UHA3,0
DB02767,Q9UHA3,0
DB07759,Q9UHA3,0
DB01064,O00459,1
DB02221,O00459,0
DB03467,Q9AIU0,1
DB04216,Q9AIU0,1
DB07810,Q9AIU0,1
DB02370,Q9AIU0,0
DB08597,Q9AIU0,0
DB02085,Q9AIU0,0
DB03592,P9WND1,1
DB03286,P9WND1,0
DB00129,Q9BXI2,1
DB00789,Q9BXI2,0
DB03403,Q9LAK3,1
DB02705,Q9LAK3,0
DB03543,Q56320,1
DB00435,Q56320,0
DB01050,P10415,1
DB01229,P10415,1
DB01248,P10415,1
DB01367,P10415,1
DB05297,P10415,1
DB06307,P10415,1
DB06756,P10415,1
DB08871,P10415,1
DB09213,P10415,1
DB09401,P10415,1
DB11581,P10415,1
DB12191,P10415,1
DB12340,P10415,1
DB03895,P10415,0
DB04610,P10415,0
DB03328,P10415,0
DB00805,P10415,0
DB07022,P10415,0
DB07065,P10415,0
DB04573,P10415,0
DB04745,P10415,0
DB05540,P10415,0
DB06880,P10415,0
DB04934,P10415,0
DB09288,P10415,0
DB02358,P10415,0
DB12010,Q9H4B4,1
DB08801,Q9H4B4,0
DB08818,Q14520,1
DB08254,Q14520,0
DB00134,P50579,1
DB01422,P50579,1
DB02310,P50579,1
DB02640,P50579,1
DB02893,P50579,1
DB03086,P50579,1
DB03396,P50579,1
DB03900,P50579,1
DB04108,P50579,1
DB04324,P50579,1
DB05864,P50579,1
DB07309,P50579,1
DB07313,P50579,1
DB07322,P50579,1
DB07323,P50579,1
DB07377,P50579,1
DB07746,P50579,1
DB08633,P50579,1
DB03953,P50579,0
DB00115,P50579,0
DB02829,P50579,0
DB08270,P50579,0
DB12769,P50579,0
DB02048,P50579,0
DB08460,P50579,0
DB07981,P50579,0
DB02660,P50579,0
DB03429,P50579,0
DB02723,P50579,0
DB07507,P50579,0
DB08575,P50579,0
DB00466,P50579,0
DB03818,P50579,0
DB08396,P50579,0
DB07811,P50579,0
DB07632,P50579,0
DB02034,Q16706,1
DB02318,Q16706,1
DB02492,Q16706,1
DB02742,Q16706,1
DB03008,Q16706,1
DB03414,Q16706,1
DB03955,Q16706,1
DB06984,Q16706,1
DB08321,Q16706,1
DB04392,Q16706,0
DB01569,Q16706,0
DB07388,Q16706,0
DB00139,Q16706,0
DB07228,Q16706,0
DB00599,Q16706,0
DB00359,Q16706,0
DB07954,Q16706,0
DB00557,Q16706,0
DB01955,P0C0T5,1
DB08249,P0C0T5,0
DB03317,P00101,1
DB07329,P00101,0
DB12339,Q9Y221,1
DB02166,Q9Y221,0
DB00945,Q13164,1
DB01017,Q13164,1
DB12010,Q13164,1
DB03769,Q13164,0
DB04282,Q13164,0
DB08871,Q13164,0
DB00615,P0A8V2,1
DB01045,P0A8V2,1
DB01220,P0A8V2,1
DB04934,P0A8V2,1
DB11753,P0A8V2,1
DB01017,P0A8V2,0
DB02253,P0A8V2,0
DB07652,P0A8V2,0
DB02082,P0A8V2,0
DB00752,P0A8V2,0
DB00909,Q9NS85,1
DB02427,Q9NS85,0
DB00184,Q15825,1
DB00237,Q15825,1
DB00898,Q15825,1
DB01273,Q15825,1
DB09028,Q15825,1
DB08515,Q15825,0
DB02565,Q15825,0
DB01378,Q15825,0
DB06614,Q15825,0
DB00782,Q15825,0
DB00186,P18505,1
DB00189,P18505,1
DB00228,P18505,1
DB00231,P18505,1
DB00237,P18505,1
DB00241,P18505,1
DB00252,P18505,1
DB00292,P18505,1
DB00306,P18505,1
DB00312,P18505,1
DB00349,P18505,1
DB00371,P18505,1
DB00402,P18505,1
DB00404,P18505,1
DB00431,P18505,1
DB00463,P18505,1
DB00475,P18505,1
DB00543,P18505,1
DB00546,P18505,1
DB00555,P18505,1
DB00603,P18505,1
DB00628,P18505,1
DB00659,P18505,1
DB00683,P18505,1
DB00690,P18505,1
DB00753,P18505,1
DB00794,P18505,1
DB00801,P18505,1
DB00818,P18505,1
DB00829,P18505,1
DB00842,P18505,1
DB00897,P18505,1
DB00898,P18505,1
DB01028,P18505,1
DB01043,P18505,1
DB01068,P18505,1
DB01107,P18505,1
DB01159,P18505,1
DB01189,P18505,1
DB01205,P18505,1
DB01215,P18505,1
DB01236,P18505,1
DB01437,P18505,1
DB01440,P18505,1
DB01489,P18505,1
DB01511,P18505,1
DB01544,P18505,1
DB01545,P18505,1
DB01553,P18505,1
DB01558,P18505,1
DB01559,P18505,1
DB01567,P18505,1
DB01587,P18505,1
DB01588,P18505,1
DB01589,P18505,1
DB01594,P18505,1
DB01595,P18505,1
DB01708,P18505,1
DB01956,P18505,1
DB09017,P18505,1
DB09118,P18505,1
DB09166,P18505,1
DB11582,P18505,1
DB11859,P18505,1
DB11901,P18505,1
DB12537,P18505,1
DB13335,P18505,1
DB13437,P18505,1
DB13643,P18505,1
DB13837,P18505,1
DB13872,P18505,1
DB14028,P18505,1
DB14672,P18505,1
DB14715,P18505,1
DB14719,P18505,1
DB15489,P18505,1
DB02023,P18505,0
DB00574,P18505,0
DB06880,P18505,0
DB04488,P18505,0
DB02116,P18505,0
DB02501,P18505,0
DB01688,P18505,0
DB00602,P18505,0
DB08016,P18505,0
DB03005,P18505,0
DB09074,P18505,0
DB02443,P18505,0
DB07131,P18505,0
DB00117,P18505,0
DB02801,P18505,0
DB08340,P18505,0
DB00390,P18505,0
DB03905,P18505,0
DB00752,P18505,0
DB00157,P18505,0
DB06786,P18505,0
DB05475,P18505,0
DB00400,P18505,0
DB04269,P18505,0
DB03991,P18505,0
DB00389,P18505,0
DB03247,P18505,0
DB11421,P18505,0
DB01080,P18505,0
DB01216,P18505,0
DB04066,P18505,0
DB01754,P18505,0
DB00146,P18505,0
DB00397,P18505,0
DB07723,P18505,0
DB08123,P18505,0
DB05492,P18505,0
DB03150,P18505,0
DB05913,P18505,0
DB08094,P18505,0
DB00737,P18505,0
DB07006,P18505,0
DB01039,P18505,0
DB00697,P18505,0
DB07174,P18505,0
DB03434,P18505,0
DB02475,P18505,0
DB08214,P18505,0
DB08149,P18505,0
DB00493,P18505,0
DB07543,P18505,0
DB04451,P18505,0
DB08774,P18505,0
DB06558,P18505,0
DB04068,P18505,0
DB02118,P18505,0
DB00651,P18505,0
DB01023,P18505,0
DB03245,P18505,0
DB00848,P18505,0
DB03847,P18505,0
DB08724,P18505,0
DB06595,P18505,0
DB02614,P18505,0
DB02114,P18505,0
DB02783,P18505,0
DB08336,P18505,0
DB12637,P18505,0
DB05232,P18505,0
DB00387,P18505,0
DB01141,P18505,0
DB02571,P18505,0
DB03495,P18505,0
DB08815,P18505,0
DB07577,P18505,0
DB07087,P18505,0
DB00228,Q8TDN1,1
DB01069,Q8TDN1,1
DB01110,Q8TDN1,1
DB07871,Q8TDN1,0
DB07873,Q8TDN1,0
DB03283,Q8TDN1,0
DB01234,P51843,1
DB14649,P51843,1
DB02877,P51843,0
DB00503,P51843,0
DB00181,Q9UBS5,1
DB00837,Q9UBS5,1
DB01956,Q9UBS5,1
DB02530,Q9UBS5,1
DB05010,Q9UBS5,1
DB06354,Q9UBS5,1
DB08891,Q9UBS5,1
DB08892,Q9UBS5,1
DB07981,Q9UBS5,0
DB01774,Q9UBS5,0
DB00740,Q9UBS5,0
DB08839,Q9UBS5,0
DB02723,Q9UBS5,0
DB04540,Q9UBS5,0
DB11738,Q9UBS5,0
DB06841,Q9UBS5,0
DB00114,Q16773,1
DB02142,Q16773,1
DB02556,Q16773,1
DB04083,Q16773,1
DB07950,Q16773,1
DB02877,Q16773,0
DB00674,Q16773,0
DB06374,Q16773,0
DB06148,Q16773,0
DB07662,Q16773,0
DB02379,P26221,1
DB06641,P26221,0
DB00559,P25101,1
DB00945,P25101,1
DB04674,P25101,1
DB04883,P25101,1
DB06199,P25101,1
DB06268,P25101,1
DB06403,P25101,1
DB06460,P25101,1
DB06558,P25101,1
DB06677,P25101,1
DB08932,P25101,1
DB12548,P25101,1
DB09257,P25101,0
DB00231,P25101,0
DB08664,P25101,0
DB13003,P25101,0
DB02300,P25101,0
DB11254,P25101,0
DB08611,P25101,0
DB03751,P25101,0
DB03144,P25101,0
DB00904,P25101,0
DB04360,P25101,0
DB04851,P25101,0
DB04141,P00156,1
DB04799,P00156,1
DB07401,P00156,1
DB07636,P00156,1
DB07763,P00156,1
DB07778,P00156,1
DB08330,P00156,1
DB08453,P00156,1
DB08690,P00156,1
DB05706,P00156,0
DB01888,P00156,0
DB02860,P00156,0
DB03388,P00156,0
DB03695,P00156,0
DB02342,P00156,0
DB04270,P00156,0
DB05448,P00156,0
DB09173,P00156,0
DB09034,O43613,1
DB11951,O43613,1
DB09220,O43613,0
DB04579,O43613,0
DB01992,P07108,1
DB03381,P07108,1
DB00238,P07108,0
DB11660,P07108,0
DB04464,P09152,1
DB07349,P09152,1
DB00845,P09152,0
DB00570,P09152,0
DB00232,P00915,1
DB00273,P00915,1
DB00310,P00915,1
DB00311,P00915,1
DB00381,P00915,1
DB00423,P00915,1
DB00436,P00915,1
DB00562,P00915,1
DB00606,P00915,1
DB00703,P00915,1
DB00774,P00915,1
DB00819,P00915,1
DB00869,P00915,1
DB00880,P00915,1
DB00909,P00915,1
DB01021,P00915,1
DB01031,P00915,1
DB01119,P00915,1
DB01144,P00915,1
DB01194,P00915,1
DB01325,P00915,1
DB08155,P00915,1
DB08156,P00915,1
DB08157,P00915,1
DB08846,P00915,1
DB09460,P00915,1
DB09472,P00915,1
DB01634,P00915,0
DB01066,P00915,0
DB00849,P00915,0
DB01328,P00915,0
DB07572,P00915,0
DB08855,P00915,0
DB07179,P00915,0
DB03996,P00915,0
DB00429,P00915,0
DB11943,P00915,0
DB04872,P00915,0
DB03921,P00915,0
DB02929,P00915,0
DB14034,P00915,0
DB00106,P00915,0
DB15690,P00915,0
DB01997,P00915,0
DB00968,P00915,0
DB01606,P00915,0
DB08057,P00915,0
DB02565,P00915,0
DB08337,P00915,0
DB01163,P00915,0
DB07332,P00915,0
DB08535,P00915,0
DB08308,P00915,0
DB12825,P00915,0
DB08515,Q99436,1
DB02680,Q99436,0
DB12010,Q9BUB5,1
DB04286,Q9BUB5,0
DB02767,P02929,1
DB03017,P02929,1
DB04147,P02929,1
DB08231,P02929,1
DB08222,P02929,0
DB02228,P02929,0
DB02947,P02929,0
DB06948,P02929,0
DB01888,P24941,1
DB02010,P24941,1
DB02052,P24941,1
DB02091,P24941,1
DB02116,P24941,1
DB02197,P24941,1
DB02297,P24941,1
DB02407,P24941,1
DB02538,P24941,1
DB02603,P24941,1
DB02647,P24941,1
DB02733,P24941,1
DB02833,P24941,1
DB02898,P24941,1
DB02915,P24941,1
DB02950,P24941,1
DB02963,P24941,1
DB02973,P24941,1
DB03019,P24941,1
DB03307,P24941,1
DB03365,P24941,1
DB03428,P24941,1
DB03490,P24941,1
DB03496,P24941,1
DB03583,P24941,1
DB03663,P24941,1
DB03737,P24941,1
DB03801,P24941,1
DB04006,P24941,1
DB04101,P24941,1
DB04186,P24941,1
DB04288,P24941,1
DB04407,P24941,1
DB04518,P24941,1
DB04607,P24941,1
DB04662,P24941,1
DB04669,P24941,1
DB06195,P24941,1
DB06616,P24941,1
DB06844,P24941,1
DB06888,P24941,1
DB06944,P24941,1
DB06948,P24941,1
DB06976,P24941,1
DB06983,P24941,1
DB07024,P24941,1
DB07054,P24941,1
DB07065,P24941,1
DB07126,P24941,1
DB07137,P24941,1
DB07163,P24941,1
DB07164,P24941,1
DB07179,P24941,1
DB07203,P24941,1
DB07210,P24941,1
DB07220,P24941,1
DB07431,P24941,1
DB07471,P24941,1
DB07493,P24941,1
DB07501,P24941,1
DB07504,P24941,1
DB07529,P24941,1
DB07531,P24941,1
DB07533,P24941,1
DB07534,P24941,1
DB07538,P24941,1
DB07539,P24941,1
DB07540,P24941,1
DB07562,P24941,1
DB07595,P24941,1
DB07606,P24941,1
DB07612,P24941,1
DB07618,P24941,1
DB07622,P24941,1
DB07685,P24941,1
DB07686,P24941,1
DB07687,P24941,1
DB07688,P24941,1
DB07731,P24941,1
DB07750,P24941,1
DB07751,P24941,1
DB07755,P24941,1
DB07761,P24941,1
DB07790,P24941,1
DB07791,P24941,1
DB07852,P24941,1
DB07889,P24941,1
DB07936,P24941,1
DB07982,P24941,1
DB08066,P24941,1
DB08094,P24941,1
DB08122,P24941,1
DB08123,P24941,1
DB08124,P24941,1
DB08125,P24941,1
DB08126,P24941,1
DB08132,P24941,1
DB08133,P24941,1
DB08134,P24941,1
DB08135,P24941,1
DB08136,P24941,1
DB08137,P24941,1
DB08138,P24941,1
DB08139,P24941,1
DB08140,P24941,1
DB08141,P24941,1
DB08142,P24941,1
DB08178,P24941,1
DB08182,P24941,1
DB08218,P24941,1
DB08219,P24941,1
DB08233,P24941,1
DB08241,P24941,1
DB08247,P24941,1
DB08248,P24941,1
DB08285,P24941,1
DB08309,P24941,1
DB08312,P24941,1
DB08355,P24941,1
DB08441,P24941,1
DB08463,P24941,1
DB08527,P24941,1
DB08531,P24941,1
DB08532,P24941,1
DB08533,P24941,1
DB08534,P24941,1
DB08535,P24941,1
DB08536,P24941,1
DB08537,P24941,1
DB08538,P24941,1
DB08539,P24941,1
DB08572,P24941,1
DB08673,P24941,1
DB08677,P24941,1
DB08694,P24941,1
DB08768,P24941,1
DB01229,P24941,0
DB04000,P24941,0
DB04376,P24941,0
DB08073,P24941,0
DB08574,P24941,0
DB07832,P24941,0
DB01957,P24941,0
DB02801,P24941,0
DB00413,P24941,0
DB07378,P24941,0
DB00126,P24941,0
DB00607,P24941,0
DB08775,P24941,0
DB02124,P24941,0
DB04844,P24941,0
DB02362,P24941,0
DB00344,P24941,0
DB02337,P24941,0
DB07683,P24941,0
DB00545,P24941,0
DB14013,P24941,0
DB00214,P24941,0
DB04657,P24941,0
DB01642,P24941,0
DB01380,P24941,0
DB01651,P24941,0
DB08555,P24941,0
DB04739,P24941,0
DB08654,P24941,0
DB04387,P24941,0
DB04606,P24941,0
DB07290,P24941,0
DB04982,P24941,0
DB03480,P24941,0
DB04918,P24941,0
DB08784,P24941,0
DB07187,P24941,0
DB02648,P24941,0
DB00673,P24941,0
DB02549,P24941,0
DB00333,P24941,0
DB04970,P24941,0
DB14065,P24941,0
DB00585,P24941,0
DB07772,P24941,0
DB00222,P24941,0
DB07078,P24941,0
DB03440,P24941,0
DB09286,P24941,0
DB07991,P24941,0
DB03442,P24941,0
DB00204,P24941,0
DB07888,P24941,0
DB08161,P24941,0
DB09028,P24941,0
DB02904,P24941,0
DB01110,P24941,0
DB02211,P24941,0
DB13908,P24941,0
DB08210,P24941,0
DB03218,P24941,0
DB01007,P24941,0
DB08729,P24941,0
DB05961,P24941,0
DB07759,P24941,0
DB01139,P24941,0
DB08414,P24941,0
DB07861,P24941,0
DB14528,P24941,0
DB08506,P24941,0
DB07017,P24941,0
DB06841,P24941,0
DB01251,P24941,0
DB08717,P24941,0
DB07226,P24941,0
DB12612,P24941,0
DB08190,P24941,0
DB05541,P24941,0
DB00712,P24941,0
DB00928,P24941,0
DB08185,P24941,0
DB00674,P24941,0
DB07349,P24941,0
DB02072,P24941,0
DB00348,P24941,0
DB05434,P24941,0
DB08389,P24941,0
DB03944,P24941,0
DB06965,P24941,0
DB04566,P24941,0
DB08705,P24941,0
DB04346,P24941,0
DB05420,P24941,0
DB07825,P24941,0
DB00746,P24941,0
DB03092,P24941,0
DB04016,P24941,0
DB08715,P24941,0
DB02716,P24941,0
DB07375,P24941,0
DB08264,P24941,0
DB09195,P24941,0
DB08737,P24941,0
DB07718,P24941,0
DB04373,P24941,0
DB01138,P24941,0
DB00731,P24941,0
DB01873,P24941,0
DB06899,P24941,0
DB08278,P24941,0
DB00769,P24941,0
DB02352,P24941,0
DB03661,P24941,0
DB05239,P24941,0
DB02468,P24941,0
DB03979,P24941,0
DB01026,P24941,0
DB00820,P24941,0
DB07033,P24941,0
DB02908,P24941,0
DB01567,P24941,0
DB03034,P24941,0
DB00295,P24941,0
DB07165,P24941,0
DB03807,P24941,0
DB08388,P24941,0
DB06996,P24941,0
DB06075,P24941,0
DB04872,P24941,0
DB02630,P24941,0
DB14059,P24941,0
DB07997,P24941,0
DB08996,P24941,0
DB00152,P24941,0
DB12825,P24941,0
DB06920,P24941,0
DB00228,Q8TAE7,1
DB01069,Q8TAE7,1
DB01110,Q8TAE7,1
DB00580,Q8TAE7,0
DB03219,Q8TAE7,0
DB00348,Q8TAE7,0
DB00115,Q8IVH4,1
DB00200,Q8IVH4,1
DB02353,Q8IVH4,0
DB03268,Q8IVH4,0
DB03090,P0DJ06,1
DB03241,P0DJ06,1
DB03659,P0DJ06,1
DB04387,P0DJ06,1
DB04451,P0DJ06,1
DB00389,P0DJ06,0
DB07044,P0DJ06,0
DB00898,P0DJ06,0
DB07853,P0DJ06,0
DB11779,P0DJ06,0
DB02159,P39126,1
DB04272,P39126,1
DB04349,P39126,1
DB04530,P39126,1
DB07247,P39126,0
DB04067,P39126,0
DB08642,P39126,0
DB08598,P39126,0
DB04315,Q96KC2,1
DB06699,Q96KC2,0
DB02054,P24630,1
DB02142,P24630,1
DB01624,P24630,0
DB03880,P24630,0
DB00143,Q16775,1
DB03889,Q16775,1
DB04408,Q16775,0
DB08012,Q16775,0
DB00157,P20839,1
DB00688,P20839,1
DB00811,P20839,1
DB01024,P20839,1
DB01033,P20839,1
DB03948,P20839,1
DB06408,P20839,1
DB06420,P20839,0
DB07610,P20839,0
DB03344,P20839,0
DB08317,P20839,0
DB04845,P20839,0
DB07086,P20839,0
DB00181,P20839,0
DB11638,Q8ILK3,1
DB00155,Q8ILK3,0
DB00114,O15269,1
DB00133,O15269,1
DB06209,O15269,0
DB06258,O15269,0
DB00127,P52788,1
DB00683,P52788,0
DB03904,P35222,1
DB00222,P35222,0
DB00786,O75900,1
DB08872,O75900,0
DB03793,Q5PXQ6,1
DB09244,Q5PXQ6,0
DB00162,O95237,1
DB02684,O95237,0
DB00157,O75489,1
DB12555,O75489,0
DB00193,P30542,1
DB00201,P30542,1
DB00277,P30542,1
DB00555,P30542,1
DB00640,P30542,1
DB00651,P30542,1
DB00806,P30542,1
DB00824,P30542,1
DB00996,P30542,1
DB01223,P30542,1
DB01303,P30542,1
DB01412,P30542,1
DB04954,P30542,1
DB06471,P30542,1
DB09061,P30542,1
DB11757,P30542,1
DB12569,P30542,1
DB12670,P30542,1
DB03056,P30542,0
DB14069,P30542,0
DB07461,P30542,0
DB07960,P30542,0
DB08542,P30542,0
DB00370,P30542,0
DB02350,P30542,0
DB06354,P30542,0
DB07177,P30542,0
DB07432,P30542,0
DB06124,P30542,0
DB08534,P30542,0
DB07921,P30542,0
DB08848,P30542,0
DB04100,P30542,0
DB04212,P30542,0
DB08291,P30542,0
DB04166,P30542,0
DB02285,P02792,1
DB09147,P02792,1
DB09517,P02792,1
DB13995,P02792,1
DB03901,P02792,0
DB02816,P02792,0
DB04488,P02792,0
DB08268,P02792,0
DB04233,P31243,1
DB08445,P31243,0
DB12107,A0A068JFB7,1
DB01992,A0A068JFB7,0
DB01593,P13645,1
DB09130,P13645,1
DB14487,P13645,1
DB08034,P13645,0
DB02481,P13645,0
DB15598,P13645,0
DB00523,P17936,1
DB06448,P17936,1
DB04301,P17936,0
DB08883,P17936,0
DB01752,P44868,1
DB00739,P44868,0
DB00153,Q02641,1
DB00228,Q02641,1
DB00243,Q02641,1
DB00252,Q02641,1
DB00273,Q02641,1
DB00308,Q02641,1
DB00381,Q02641,1
DB00393,Q02641,1
DB00421,Q02641,1
DB00653,Q02641,1
DB00825,Q02641,1
DB00898,Q02641,1
DB01110,Q02641,1
DB01118,Q02641,1
DB01388,Q02641,1
DB04855,Q02641,1
DB09089,Q02641,1
DB09230,Q02641,1
DB09231,Q02641,1
DB09232,Q02641,1
DB09236,Q02641,1
DB09238,Q02641,1
DB11148,Q02641,1
DB02755,Q02641,0
DB08200,Q02641,0
DB03669,Q02641,0
DB09123,Q02641,0
DB02972,Q02641,0
DB05403,Q02641,0
DB00544,Q02641,0
DB00371,Q02641,0
DB04197,Q02641,0
DB12271,Q02641,0
DB02164,Q02641,0
DB02697,Q02641,0
DB07493,Q02641,0
DB08266,Q02641,0
DB02260,Q02641,0
DB01844,Q02641,0
DB02783,Q02641,0
DB00589,Q02641,0
DB04005,Q02641,0
DB02974,Q02641,0
DB02233,Q02641,0
DB05869,Q02641,0
DB09280,Q02641,0
DB08185,P62662,1
DB02919,P62662,0
DB02667,Q2RJ67,1
DB01511,Q2RJ67,0
DB00417,Q53707,1
DB01603,Q53707,1
DB03791,Q53707,0
DB08198,Q53707,0
DB11638,P50914,1
DB03712,P50914,0
DB11638,Q8IKM6,1
DB08255,Q8IKM6,0
DB03461,P06632,1
DB06212,P06632,0
DB03127,Q9Y5Y6,1
DB13729,Q9Y5Y6,1
DB04792,Q9Y5Y6,0
DB00449,Q9Y5Y6,0
DB07861,P47205,1
DB03221,P47205,0
DB03515,P07445,1
DB03619,P07445,1
DB08569,P07445,0
DB01807,P07445,0
DB03147,P14218,1
DB11586,P14218,0
DB04464,P0A6W9,1
DB08025,P0A6W9,0
DB11638,O77323,1
DB04775,O77323,0
DB02379,P35247,1
DB07193,P35247,0
DB08554,Q5LI27,1
DB00784,Q5LI27,0
DB02182,P0ABE7,1
DB08440,P0ABE7,1
DB04281,P0ABE7,0
DB08513,P0ABE7,0
DB03989,P39265,1
DB00243,P39265,0
DB09130,P02748,1
DB09409,P02748,0
DB04233,P05695,1
DB03542,P05695,0
DB01717,P16304,1
DB03637,P16304,0
DB00277,Q9Y4R7,1
DB08054,Q9Y4R7,0
DB02522,P22983,1
DB03052,P22983,0
DB04649,P0C2P0,1
DB03731,P0C2P0,0
DB06774,Q99623,1
DB15495,Q99623,1
DB15496,Q99623,1
DB15686,Q99623,0
DB04119,Q99623,0
DB00200,Q99623,0
DB04147,P08306,1
DB07430,P08306,0
DB01044,P72525,1
DB06771,P72525,1
DB06928,P72525,0
DB00675,P72525,0
DB04580,Q57VC7,1
DB04605,Q57VC7,1
DB08450,Q57VC7,0
DB00767,Q57VC7,0
DB04398,Q9RW27,1
DB15565,Q9RW27,0
DB00131,P33121,1
DB00171,P33121,1
DB07821,P33121,0
DB08476,P33121,0
DB00759,P02359,1
DB09093,P02359,1
DB12455,P02359,1
DB13092,P02359,1
DB05540,P02359,0
DB09102,P02359,0
DB02762,P02359,0
DB14542,P02359,0
DB01278,O60895,1
DB03886,O60895,0
DB03801,P81006,1
DB13154,P81006,0
DB01099,P12461,1
DB09488,P12461,0
DB00142,P07814,1
DB00172,P07814,1
DB02510,P07814,1
DB02684,P07814,1
DB03376,P07814,1
DB02729,P07814,0
DB05154,P07814,0
DB08432,P07814,0
DB00573,P07814,0
DB14526,P07814,0
DB09275,O25926,1
DB03974,O25926,0
DB00786,P09237,1
DB08170,P09237,1
DB08489,P09237,1
DB08493,P09237,1
DB04180,P09237,0
DB02952,P09237,0
DB04451,P09237,0
DB03731,P09237,0
DB05389,Q7L5Y9,1
DB08528,Q7L5Y9,0
DB01593,P01031,1
DB09130,P01031,1
DB14487,P01031,1
DB14533,P01031,1
DB01813,P01031,0
DB04931,P01031,0
DB07131,P01031,0
DB02491,P01031,0
DB00328,Q8N8N7,1
DB07177,Q8N8N7,1
DB14541,Q8N8N7,0
DB09173,Q8N8N7,0
DB01069,O00398,1
DB07831,O00398,0
DB01652,O68600,1
DB00699,O68600,0
DB00798,P08164,1
DB02596,P08164,1
DB04099,P08164,1
DB00861,P08164,0
DB03746,P08164,0
DB13837,P08164,0
DB02379,Q9BZZ2,1
DB03721,Q9BZZ2,1
DB00688,Q9BZZ2,0
DB08564,Q9BZZ2,0
DB00201,Q9HCR9,1
DB00820,Q9HCR9,1
DB09283,Q9HCR9,1
DB07976,Q9HCR9,0
DB08086,Q9HCR9,0
DB00717,Q9HCR9,0
DB01992,Q92831,1
DB08186,Q92831,1
DB08291,Q92831,1
DB04960,Q92831,0
DB08611,Q92831,0
DB02742,Q92831,0
DB00975,P53805,1
DB02743,P53805,0
DB01046,P51788,1
DB05514,P51788,1
DB02670,P51788,0
DB04562,P51788,0
DB02393,P16118,1
DB02515,P16118,1
DB02930,P16118,1
DB04137,P16118,1
DB04493,P16118,1
DB09351,P16118,0
DB03085,P16118,0
DB08502,P16118,0
DB03112,P16118,0
DB04896,P16118,0
DB00364,P09038,1
DB00686,P09038,1
DB00877,P09038,1
DB03935,P09038,1
DB03959,P09038,1
DB03981,P09038,1
DB05434,P09038,1
DB08323,P09038,0
DB06013,P09038,0
DB03066,P09038,0
DB08409,P09038,0
DB04262,P09038,0
DB07359,P09038,0
DB07405,P09038,0
DB11638,Q8IKK7,1
DB07061,Q8IKK7,0
DB00144,Q9NXE4,1
DB04430,Q9NXE4,0
DB04272,P9WN38,1
DB00733,P9WN38,0
DB04147,Q5RT80,1
DB03999,Q5RT80,0
DB00247,P41595,1
DB00248,P41595,1
DB00315,P41595,1
DB00320,P41595,1
DB00353,P41595,1
DB00477,P41595,1
DB00508,P41595,1
DB00543,P41595,1
DB00574,P41595,1
DB00589,P41595,1
DB00696,P41595,1
DB00714,P41595,1
DB00715,P41595,1
DB00805,P41595,1
DB00924,P41595,1
DB01079,P41595,1
DB01142,P41595,1
DB01186,P41595,1
DB01200,P41595,1
DB01221,P41595,1
DB01238,P41595,1
DB01239,P41595,1
DB01242,P41595,1
DB01392,P41595,1
DB01454,P41595,1
DB04829,P41595,1
DB05461,P41595,1
DB05492,P41595,1
DB05607,P41595,1
DB06016,P41595,1
DB06148,P41595,1
DB06153,P41595,1
DB06216,P41595,1
DB06229,P41595,1
DB06678,P41595,1
DB09286,P41595,1
DB09304,P41595,1
DB11273,P41595,1
DB12141,P41595,1
DB13025,P41595,1
DB13345,P41595,1
DB03741,P41595,0
DB00763,P41595,0
DB07964,P41595,0
DB07463,P41595,0
DB07384,P41595,0
DB03860,P41595,0
DB04772,P41595,0
DB00830,P41595,0
DB04724,P41595,0
DB08396,P41595,0
DB07421,P41595,0
DB08784,P41595,0
DB04789,P41595,0
DB09091,P41595,0
DB08564,P41595,0
DB04608,P41595,0
DB06090,P41595,0
DB07899,P41595,0
DB07834,P41595,0
DB06775,P41595,0
DB01357,P41595,0
DB02850,P41595,0
DB03176,P41595,0
DB06637,P41595,0
DB00157,P41595,0
DB04427,P41595,0
DB07304,P41595,0
DB06447,P41595,0
DB04723,P41595,0
DB07995,P41595,0
DB08601,P41595,0
DB00300,P41595,0
DB08613,P41595,0
DB08762,P41595,0
DB07003,P41595,0
DB03097,P41595,0
DB00528,P41595,0
DB00421,P41595,0
DB06979,P41595,0
DB08420,P41595,0
DB04867,P41595,0
DB01694,Q51782,1
DB02297,Q51782,0
DB00142,P42262,1
DB00237,P42262,1
DB00241,P42262,1
DB00306,P42262,1
DB00312,P42262,1
DB00418,P42262,1
DB00463,P42262,1
DB00599,P42262,1
DB00794,P42262,1
DB00849,P42262,1
DB00898,P42262,1
DB01174,P42262,1
DB01346,P42262,1
DB01351,P42262,1
DB01352,P42262,1
DB01353,P42262,1
DB01354,P42262,1
DB01355,P42262,1
DB01483,P42262,1
DB01496,P42262,1
DB01664,P42262,1
DB02057,P42262,1
DB02347,P42262,1
DB02818,P42262,1
DB02966,P42262,1
DB02999,P42262,1
DB03240,P42262,1
DB03319,P42262,1
DB03759,P42262,1
DB04000,P42262,1
DB04129,P42262,1
DB04152,P42262,1
DB04599,P42262,1
DB04798,P42262,1
DB04982,P42262,1
DB05047,P42262,1
DB07455,P42262,1
DB07598,P42262,1
DB08303,P42262,1
DB08304,P42262,1
DB08305,P42262,1
DB13146,P42262,1
DB09319,P42262,0
DB06890,P42262,0
DB00537,P42262,0
DB07410,P42262,0
DB03169,P42262,0
DB01771,P42262,0
DB01732,P42262,0
DB07671,P42262,0
DB08767,P42262,0
DB01260,P42262,0
DB03116,P42262,0
DB03498,P42262,0
DB08265,P42262,0
DB08399,P42262,0
DB04386,P42262,0
DB06933,P42262,0
DB03659,P42262,0
DB02126,P42262,0
DB00470,P42262,0
DB12130,P42262,0
DB03605,P42262,0
DB02102,P42262,0
DB00558,P42262,0
DB00294,P42262,0
DB03622,P42262,0
DB02609,P42262,0
DB02022,P42262,0
DB07888,P42262,0
DB03365,P42262,0
DB00762,P42262,0
DB02664,P42262,0
DB07589,P42262,0
DB08995,P42262,0
DB01160,P42262,0
DB04465,P42262,0
DB13995,P42262,0
DB02297,P42262,0
DB08602,P42262,0
DB03424,P42262,0
DB07100,P42262,0
DB06964,P42262,0
DB03064,P42262,0
DB00120,Q9UHI5,1
DB00160,Q9UHI5,1
DB07606,Q9UHI5,0
DB02651,Q9UHI5,0
DB04732,P9WHT9,1
DB08113,P9WHT9,0
DB00246,O95264,1
DB00715,O95264,1
DB00898,O95264,1
DB00988,O95264,1
DB01239,O95264,1
DB08839,O95264,1
DB09304,O95264,1
DB11273,O95264,1
DB12141,O95264,1
DB13025,O95264,1
DB13345,O95264,1
DB02742,O95264,0
DB13158,O95264,0
DB00557,O95264,0
DB01291,O95264,0
DB08564,O95264,0
DB03034,O95264,0
DB01184,O95264,0
DB02867,O95264,0
DB07802,O95264,0
DB05412,O95264,0
DB03820,O95264,0
DB03921,P36897,1
DB04434,P36897,1
DB04480,P36897,1
DB07152,P36897,1
DB07267,P36897,1
DB08450,P36897,1
DB12010,P36897,1
DB01059,P36897,0
DB01242,P36897,0
DB02132,P36897,0
DB12742,P36897,0
DB07460,P36897,0
DB00690,P36897,0
DB07155,P36897,0
DB01942,P00780,1
DB02560,P00780,1
DB02677,P00780,1
DB03290,P00780,1
DB03316,P00780,1
DB03607,P00780,1
DB08598,P00780,0
DB14010,P00780,0
DB04346,P00780,0
DB03397,P00780,0
DB06782,P00780,0
DB04280,P00780,0
DB08185,P0DOY6,1
DB00131,P0DOY6,0
DB07669,P17413,1
DB11638,P17413,0
DB00721,Q9Y691,1
DB01110,Q9Y691,1
DB03861,Q9Y691,1
DB09089,Q9Y691,1
DB08164,Q9Y691,0
DB01260,Q9Y691,0
DB06964,Q9Y691,0
DB02867,Q9Y691,0
DB02930,P06710,1
DB05521,P06710,0
DB12010,Q04912,1
DB02405,Q04912,0
DB01201,P9WGY7,1
DB02877,P9WGY7,0
DB00185,P20309,1
DB00193,P20309,1
DB00202,P20309,1
DB00209,P20309,1
DB00246,P20309,1
DB00280,P20309,1
DB00321,P20309,1
DB00332,P20309,1
DB00334,P20309,1
DB00340,P20309,1
DB00342,P20309,1
DB00363,P20309,1
DB00366,P20309,1
DB00376,P20309,1
DB00383,P20309,1
DB00387,P20309,1
DB00408,P20309,1
DB00411,P20309,1
DB00424,P20309,1
DB00434,P20309,1
DB00454,P20309,1
DB00458,P20309,1
DB00462,P20309,1
DB00477,P20309,1
DB00496,P20309,1
DB00502,P20309,1
DB00505,P20309,1
DB00517,P20309,1
DB00540,P20309,1
DB00543,P20309,1
DB00568,P20309,1
DB00572,P20309,1
DB00599,P20309,1
DB00622,P20309,1
DB00715,P20309,1
DB00725,P20309,1
DB00726,P20309,1
DB00747,P20309,1
DB00767,P20309,1
DB00777,P20309,1
DB00809,P20309,1
DB00835,P20309,1
DB00934,P20309,1
DB00940,P20309,1
DB00986,P20309,1
DB01019,P20309,1
DB01036,P20309,1
DB01062,P20309,1
DB01069,P20309,1
DB01085,P20309,1
DB01142,P20309,1
DB01151,P20309,1
DB01221,P20309,1
DB01224,P20309,1
DB01226,P20309,1
DB01231,P20309,1
DB01238,P20309,1
DB01239,P20309,1
DB01337,P20309,1
DB01338,P20309,1
DB01403,P20309,1
DB01409,P20309,1
DB01591,P20309,1
DB01625,P20309,1
DB03128,P20309,1
DB04365,P20309,1
DB04843,P20309,1
DB06153,P20309,1
DB06702,P20309,1
DB06709,P20309,1
DB06787,P20309,1
DB08897,P20309,1
DB09076,P20309,1
DB09089,P20309,1
DB09167,P20309,1
DB09194,P20309,1
DB09262,P20309,1
DB09300,P20309,1
DB11181,P20309,1
DB11235,P20309,1
DB11855,P20309,1
DB12278,P20309,1
DB13581,P20309,1
DB13720,P20309,1
DB14185,P20309,1
DB12582,P20309,0
DB07445,P20309,0
DB09272,P20309,0
DB00156,P20309,0
DB01207,P20309,0
DB09086,P20309,0
DB06207,P20309,0
DB06901,P20309,0
DB02253,P20309,0
DB07421,P20309,0
DB08804,P20309,0
DB04519,P20309,0
DB08305,P20309,0
DB04886,P20309,0
DB02693,P20309,0
DB07868,P20309,0
DB09327,P20309,0
DB07816,P20309,0
DB04644,P20309,0
DB06362,P20309,0
DB02549,P20309,0
DB04791,P20309,0
DB02420,P20309,0
DB14530,P20309,0
DB02867,P20309,0
DB06948,P20309,0
DB03139,P20309,0
DB02290,P20309,0
DB03676,P20309,0
DB11362,P20309,0
DB07589,P20309,0
DB00882,P20309,0
DB03660,P20309,0
DB08882,P20309,0
DB04854,P20309,0
DB08226,P20309,0
DB08571,P20309,0
DB02191,P20309,0
DB04386,P20309,0
DB01064,P20309,0
DB04725,P20309,0
DB07482,P20309,0
DB02780,P20309,0
DB01768,P20309,0
DB00189,P20309,0
DB02345,P20309,0
DB06145,P20309,0
DB06422,P20309,0
DB04839,P20309,0
DB02442,P20309,0
DB08579,P20309,0
DB05116,P20309,0
DB09166,P20309,0
DB07663,P20309,0
DB00709,P20309,0
DB06314,P20309,0
DB11674,P20309,0
DB11831,P20309,0
DB00220,P20309,0
DB08575,P20309,0
DB02530,P20309,0
DB05188,P20309,0
DB03279,P20309,0
DB07565,P20309,0
DB02061,P20309,0
DB08055,P20309,0
DB09173,P20309,0
DB03140,P20309,0
DB03698,P20309,0
DB00608,P20309,0
DB07809,P20309,0
DB04701,P20309,0
DB00006,P20309,0
DB03746,P20309,0
DB04200,P20309,0
DB07434,P20309,0
DB07129,P20309,0
DB09232,P20309,0
DB08001,P20309,0
DB00201,P20309,0
DB02276,P20309,0
DB05928,P20309,0
DB04393,P20309,0
DB08707,P20309,0
DB08642,P20309,0
DB03226,P42328,1
DB12245,P42328,0
DB04396,P02920,1
DB02260,P02920,0
DB01812,Q06520,1
DB02854,Q06520,1
DB04445,Q06520,1
DB08208,Q06520,0
DB07542,Q06520,0
DB00953,Q06520,0
DB00186,P14867,1
DB00189,P14867,1
DB00228,P14867,1
DB00231,P14867,1
DB00237,P14867,1
DB00241,P14867,1
DB00252,P14867,1
DB00273,P14867,1
DB00292,P14867,1
DB00306,P14867,1
DB00312,P14867,1
DB00334,P14867,1
DB00349,P14867,1
DB00371,P14867,1
DB00395,P14867,1
DB00402,P14867,1
DB00404,P14867,1
DB00418,P14867,1
DB00425,P14867,1
DB00463,P14867,1
DB00466,P14867,1
DB00474,P14867,1
DB00475,P14867,1
DB00543,P14867,1
DB00546,P14867,1
DB00555,P14867,1
DB00599,P14867,1
DB00603,P14867,1
DB00628,P14867,1
DB00659,P14867,1
DB00683,P14867,1
DB00690,P14867,1
DB00753,P14867,1
DB00794,P14867,1
DB00801,P14867,1
DB00818,P14867,1
DB00829,P14867,1
DB00837,P14867,1
DB00842,P14867,1
DB00849,P14867,1
DB00897,P14867,1
DB00898,P14867,1
DB00962,P14867,1
DB01028,P14867,1
DB01043,P14867,1
DB01068,P14867,1
DB01107,P14867,1
DB01154,P14867,1
DB01159,P14867,1
DB01174,P14867,1
DB01189,P14867,1
DB01198,P14867,1
DB01205,P14867,1
DB01215,P14867,1
DB01236,P14867,1
DB01346,P14867,1
DB01351,P14867,1
DB01352,P14867,1
DB01353,P14867,1
DB01354,P14867,1
DB01355,P14867,1
DB01437,P14867,1
DB01483,P14867,1
DB01489,P14867,1
DB01496,P14867,1
DB01511,P14867,1
DB01544,P14867,1
DB01545,P14867,1
DB01553,P14867,1
DB01558,P14867,1
DB01559,P14867,1
DB01567,P14867,1
DB01587,P14867,1
DB01588,P14867,1
DB01589,P14867,1
DB01594,P14867,1
DB01595,P14867,1
DB01708,P14867,1
DB01956,P14867,1
DB05087,P14867,1
DB06470,P14867,1
DB06579,P14867,1
DB09017,P14867,1
DB09118,P14867,1
DB09166,P14867,1
DB11582,P14867,1
DB11859,P14867,1
DB11901,P14867,1
DB12458,P14867,1
DB12537,P14867,1
DB13335,P14867,1
DB13437,P14867,1
DB13643,P14867,1
DB13837,P14867,1
DB13872,P14867,1
DB13983,P14867,1
DB14028,P14867,1
DB14672,P14867,1
DB14715,P14867,1
DB14719,P14867,1
DB15489,P14867,1
DB07171,P14867,0
DB04253,P14867,0
DB00751,P14867,0
DB05494,P14867,0
DB07976,P14867,0
DB01942,P14867,0
DB01861,P14867,0
DB01603,P14867,0
DB00479,P14867,0
DB07336,P14867,0
DB11642,P14867,0
DB01747,P14867,0
DB06965,P14867,0
DB02599,P14867,0
DB04853,P14867,0
DB08554,P14867,0
DB04492,P14867,0
DB06678,P14867,0
DB03419,P14867,0
DB08411,P14867,0
DB15690,P14867,0
DB07560,P14867,0
DB07196,P14867,0
DB14508,P14867,0
DB08319,P14867,0
DB07100,P14867,0
DB01367,P14867,0
DB08565,P14867,0
DB02490,P14867,0
DB04277,P14867,0
DB02714,P14867,0
DB00116,P14867,0
DB08805,P14867,0
DB00811,P14867,0
DB07388,P14867,0
DB00244,P14867,0
DB05239,P14867,0
DB08275,P14867,0
DB08639,P14867,0
DB03430,P14867,0
DB08460,P14867,0
DB00776,P14867,0
DB01760,P14867,0
DB07421,P14867,0
DB00551,P14867,0
DB04709,P14867,0
DB02919,P14867,0
DB03070,P14867,0
DB08234,P14867,0
DB00737,P14867,0
DB08606,P14867,0
DB07119,P14867,0
DB02767,P14867,0
DB03300,P14867,0
DB06851,P14867,0
DB00544,P14867,0
DB02904,P14867,0
DB00933,P14867,0
DB03144,P14867,0
DB06886,P14867,0
DB02780,P14867,0
DB08694,P14867,0
DB01407,P14867,0
DB03901,P14867,0
DB04203,P14867,0
DB07845,P14867,0
DB03833,P14867,0
DB15686,P14867,0
DB03021,P14867,0
DB03408,P14867,0
DB04607,P14867,0
DB14527,P14867,0
DB03959,P14867,0
DB00364,P14867,0
DB08605,P14867,0
DB02933,P14867,0
DB02627,P14867,0
DB03999,P14867,0
DB07940,P14867,0
DB07708,P14867,0
DB04512,P14867,0
DB00162,P14867,0
DB01047,P14867,0
DB13914,P14867,0
DB02585,P14867,0
DB07080,P14867,0
DB01373,P14867,0
DB04498,P14867,0
DB11973,P14867,0
DB01773,P14867,0
DB03101,P14867,0
DB05792,P14867,0
DB07104,P14867,0
DB03953,P14867,0
DB02768,P14867,0
DB00792,P14867,0
DB06263,P14867,0
DB03975,P14867,0
DB03472,P14867,0
DB01240,P14867,0
DB00975,P14867,0
DB01694,Q9P2W7,1
DB03435,Q9P2W7,1
DB01950,Q9P2W7,0
DB07662,Q9P2W7,0
DB00157,P23368,1
DB01677,P23368,1
DB03499,P23368,1
DB03589,P23368,1
DB03680,P23368,1
DB02956,P23368,0
DB00919,P23368,0
DB06145,P23368,0
DB09213,P23368,0
DB03710,P23368,0
DB04707,Q13464,1
DB07876,Q13464,1
DB08162,Q13464,1
DB08756,Q13464,1
DB13165,Q13464,1
DB13931,Q13464,1
DB04280,Q13464,0
DB01615,Q13464,0
DB02538,Q13464,0
DB00990,Q13464,0
DB03496,Q13464,0
DB00866,Q13464,0
DB00284,P14410,1
DB00747,P14410,1
DB00984,P14410,0
DB04322,P14410,0
DB11638,Q8IBS5,1
DB00991,Q8IBS5,0
DB02038,P28305,1
DB06321,P28305,0
DB02703,P62580,1
DB02004,P62580,0
DB00786,P24347,1
DB04318,P24347,1
DB07562,P24347,0
DB08029,P24347,0
DB01752,P9WPB3,1
DB02762,P9WPB3,0
DB00945,P04637,1
DB01593,P04637,1
DB03347,P04637,1
DB08363,P04637,1
DB14487,P04637,1
DB14533,P04637,1
DB04389,P04637,0
DB02759,P04637,0
DB07206,P04637,0
DB00834,P04637,0
DB11772,P04637,0
DB02281,P04637,0
DB08162,O75116,1
DB08756,O75116,1
DB12010,O75116,1
DB13165,O75116,1
DB13931,O75116,1
DB02843,O75116,0
DB00348,O75116,0
DB01442,O75116,0
DB08333,O75116,0
DB07953,O75116,0
DB04310,Q93LE9,1
DB03018,Q93LE9,0
DB00155,Q9UM07,1
DB00207,Q9UM07,1
DB00759,Q9UM07,1
DB01082,Q9UM07,1
DB07449,Q9UM07,1
DB00455,Q9UM07,0
DB06442,Q9UM07,0
DB07611,Q9UM07,0
DB08585,Q9UM07,0
DB07409,Q9UM07,0
DB00171,P08183,1
DB00603,P08183,1
DB00778,P08183,1
DB00813,P08183,1
DB04877,P08183,1
DB04881,P08183,1
DB04905,P08183,1
DB06191,P08183,1
DB06240,P08183,1
DB09031,P08183,1
DB14061,P08183,1
DB14062,P08183,1
DB14063,P08183,1
DB14064,P08183,1
DB14065,P08183,1
DB14066,P08183,1
DB14067,P08183,1
DB14068,P08183,1
DB14069,P08183,1
DB14070,P08183,1
DB14071,P08183,1
DB14072,P08183,1
DB04367,P08183,0
DB07203,P08183,0
DB00408,P08183,0
DB00389,P08183,0
DB06964,P08183,0
DB04376,P08183,0
DB00961,P08183,0
DB03588,P08183,0
DB03421,P08183,0
DB13967,P08183,0
DB11541,P08183,0
DB00338,P08183,0
DB01774,P08183,0
DB00365,P08183,0
DB00358,P08183,0
DB07583,P08183,0
DB04201,P08183,0
DB00255,P08183,0
DB04763,P08183,0
DB00987,P08183,0
DB00661,P08183,0
DB12518,P08183,0
DB00198,Q99519,1
DB08558,Q99519,0
DB01809,P08631,1
DB01962,P08631,1
DB04216,P08631,1
DB06616,P08631,1
DB12010,P08631,1
DB02333,P08631,0
DB04673,P08631,0
DB04307,P08631,0
DB07869,P08631,0
DB14062,P08631,0
DB00228,Q92953,1
DB01069,Q92953,1
DB01110,Q92953,1
DB06637,Q92953,1
DB02132,Q92953,0
DB07583,Q92953,0
DB02569,Q92953,0
DB03895,Q92953,0
DB00157,P05093,1
DB00396,P05093,1
DB00421,P05093,1
DB01026,P05093,1
DB05812,P05093,1
DB09061,P05093,1
DB14011,P05093,1
DB07174,P05093,0
DB06891,P05093,0
DB06274,P05093,0
DB03479,P05093,0
DB01884,P05093,0
DB01592,P05093,0
DB02557,P05093,0
DB03461,Q56694,1
DB07049,Q56694,0
DB00156,P26639,1
DB04425,P26639,0
DB01254,P06239,1
DB01830,P06239,1
DB02010,P06239,1
DB03023,P06239,1
DB04003,P06239,1
DB04395,P06239,1
DB06925,P06239,1
DB07146,P06239,1
DB07297,P06239,1
DB08055,P06239,1
DB08056,P06239,1
DB08057,P06239,1
DB08901,P06239,1
DB09079,P06239,1
DB12010,P06239,1
DB15035,P06239,1
DB02128,P06239,0
DB01203,P06239,0
DB06991,P06239,0
DB14059,P06239,0
DB08282,P06239,0
DB04972,P06239,0
DB03437,P06239,0
DB07969,P06239,0
DB03711,P06239,0
DB03346,P06239,0
DB09173,P06239,0
DB06979,P06239,0
DB07258,P06239,0
DB01803,P06239,0
DB03729,P06239,0
DB08897,P06239,0
DB02379,Q7WT42,1
DB03791,Q7WT42,0
DB02379,P29957,1
DB04164,P29957,1
DB06204,P29957,0
DB07464,P29957,0
DB01992,Q9KEQ1,1
DB08682,Q9KEQ1,0
DB01672,P40871,1
DB07606,P40871,0
DB00583,P23786,1
DB01074,P23786,1
DB06840,P23786,0
DB02870,P23786,0
DB04581,Q16769,1
DB04622,Q16769,1
DB04636,Q16769,1
DB04429,Q16769,0
DB03101,Q16769,0
DB08778,Q16769,0
DB00255,P10275,1
DB00367,P10275,1
DB00396,P10275,1
DB00421,P10275,1
DB00499,P10275,1
DB00621,P10275,1
DB00623,P10275,1
DB00624,P10275,1
DB00648,P10275,1
DB00655,P10275,1
DB00665,P10275,1
DB00675,P10275,1
DB00717,P10275,1
DB00858,P10275,1
DB00957,P10275,1
DB00984,P10275,1
DB01026,P10275,1
DB01063,P10275,1
DB01128,P10275,1
DB01185,P10275,1
DB01395,P10275,1
DB01406,P10275,1
DB01420,P10275,1
DB01428,P10275,1
DB01481,P10275,1
DB01541,P10275,1
DB01564,P10275,1
DB01608,P10275,1
DB01708,P10275,1
DB02266,P10275,1
DB02901,P10275,1
DB02932,P10275,1
DB02998,P10275,1
DB04709,P10275,1
DB04839,P10275,1
DB05234,P10275,1
DB06133,P10275,1
DB06412,P10275,1
DB06710,P10275,1
DB06713,P10275,1
DB06718,P10275,1
DB06870,P10275,1
DB07039,P10275,1
DB07286,P10275,1
DB07419,P10275,1
DB07421,P10275,1
DB07422,P10275,1
DB07423,P10275,1
DB07454,P10275,1
DB07717,P10275,1
DB07769,P10275,1
DB08035,P10275,1
DB08087,P10275,1
DB08088,P10275,1
DB08089,P10275,1
DB08461,P10275,1
DB08604,P10275,1
DB08804,P10275,1
DB08867,P10275,1
DB08899,P10275,1
DB09086,P10275,1
DB09123,P10275,1
DB09371,P10275,1
DB09389,P10275,1
DB11064,P10275,1
DB11219,P10275,1
DB11429,P10275,1
DB11447,P10275,1
DB11619,P10275,1
DB11901,P10275,1
DB12941,P10275,1
DB13155,P10275,1
DB13934,P10275,1
DB13943,P10275,1
DB13944,P10275,1
DB13946,P10275,1
DB13951,P10275,1
DB14583,P10275,1
DB14639,P10275,1
DB15488,P10275,1
DB15647,P10275,1
DB07368,P10275,0
DB11345,P10275,0
DB07017,P10275,0
DB03928,P10275,0
DB06543,P10275,0
DB04586,P10275,0
DB01624,P10275,0
DB09351,P10275,0
DB11779,P10275,0
DB01336,P10275,0
DB11952,P10275,0
DB05398,P10275,0
DB00865,P10275,0
DB00770,P10275,0
DB01409,P10275,0
DB07340,P10275,0
DB02558,P10275,0
DB02566,P10275,0
DB07345,P10275,0
DB04835,P10275,0
DB08661,P10275,0
DB07226,P10275,0
DB07164,P10275,0
DB01298,P10275,0
DB01425,P10275,0
DB04033,P10275,0
DB01553,P10275,0
DB08354,P10275,0
DB00251,P10275,0
DB04741,P10275,0
DB04301,P10275,0
DB01583,P10275,0
DB13996,P10275,0
DB05408,P10275,0
DB04598,P10275,0
DB02337,P10275,0
DB00502,P10275,0
DB07223,P10275,0
DB09299,P10275,0
DB06706,P10275,0
DB07228,P10275,0
DB04018,P10275,0
DB07077,P10275,0
DB06512,P10275,0
DB04597,P10275,0
DB02903,P10275,0
DB01419,P10275,0
DB04273,P10275,0
DB14669,P10275,0
DB01228,P10275,0
DB04231,P10275,0
DB07021,P10275,0
DB01685,P10275,0
DB01004,P10275,0
DB00093,P10275,0
DB00447,P10275,0
DB08652,P10275,0
DB00184,P10275,0
DB08312,P10275,0
DB04731,P10275,0
DB00721,P10275,0
DB03761,P10275,0
DB07607,P10275,0
DB02773,P10275,0
DB07173,P10275,0
DB12548,P10275,0
DB02446,P10275,0
DB00723,P10275,0
DB04394,P10275,0
DB05403,P10275,0
DB09076,P10275,0
DB03370,P10275,0
DB12965,P10275,0
DB03110,P10275,0
DB00636,P10275,0
DB03745,P10275,0
DB04311,P10275,0
DB08729,P10275,0
DB02009,P10275,0
DB07897,P10275,0
DB03242,P10275,0
DB02899,P26790,1
DB04147,P26790,1
DB04464,P26790,1
DB09229,P26790,0
DB07999,P26790,0
DB03202,P26790,0
DB12010,P53671,1
DB02952,P53671,0
DB02969,P39593,1
DB12582,P39593,0
DB01942,O31465,1
DB04522,O31465,1
DB00257,O31465,0
DB04698,O31465,0
DB02127,P0A433,1
DB02138,P0A433,1
DB02192,P0A433,1
DB02437,P0A433,1
DB03347,P0A433,1
DB03801,P0A433,1
DB03822,P0A433,1
DB08801,P0A433,0
DB00910,P0A433,0
DB00418,P0A433,0
DB15647,P0A433,0
DB06201,P0A433,0
DB03643,P0A433,0
DB07884,P0A433,0
DB01694,P37672,1
DB06966,P37672,0
DB03147,P26440,1
DB04036,P26440,1
DB08236,P26440,0
DB08915,P26440,0
DB01942,P20472,1
DB07581,P20472,0
DB07080,Q13133,1
DB07929,Q13133,1
DB08063,Q13133,1
DB08175,Q13133,1
DB11994,Q13133,1
DB13174,Q13133,1
DB04946,Q13133,0
DB00314,Q13133,0
DB01077,Q13133,0
DB03330,Q13133,0
DB02998,Q13133,0
DB00649,Q13133,0
DB03161,P95780,1
DB03751,P95780,1
DB07405,P95780,0
DB00414,P95780,0
DB02059,Q9NXA8,1
DB02701,Q9NXA8,1
DB03478,Q9NXA8,1
DB04786,Q9NXA8,1
DB15493,Q9NXA8,1
DB02441,Q9NXA8,0
DB02437,Q9NXA8,0
DB03989,Q9NXA8,0
DB07098,Q9NXA8,0
DB01868,Q9NXA8,0
DB03996,P52732,1
DB04331,P52732,1
DB06040,P52732,1
DB07064,P52732,1
DB08032,P52732,1
DB08033,P52732,1
DB08037,P52732,1
DB08198,P52732,1
DB08239,P52732,1
DB08244,P52732,1
DB08246,P52732,1
DB08250,P52732,1
DB12887,P52732,0
DB04311,P52732,0
DB00608,P52732,0
DB09097,P52732,0
DB01188,P52732,0
DB04520,P52732,0
DB08534,P52732,0
DB03304,P52732,0
DB11745,P52732,0
DB08144,P52732,0
DB04887,P52732,0
DB00238,P52732,0
DB00923,Q70KI2,1
DB01326,Q70KI2,1
DB01005,Q70KI2,0
DB01857,Q70KI2,0
DB09034,O43614,1
DB11951,O43614,1
DB07575,O43614,0
DB03020,O43614,0
DB06660,P21452,1
DB08583,P21452,0
DB03106,P04062,1
DB03740,P04062,1
DB08283,P04062,1
DB08406,P04062,0
DB02515,P04062,0
DB08182,P04062,0
DB00721,Q9H2S1,1
DB01110,Q9H2S1,1
DB09089,Q9H2S1,1
DB01613,Q9H2S1,0
DB03709,Q9H2S1,0
DB11827,Q9H2S1,0
DB00400,Q99456,1
DB11157,Q99456,1
DB01938,Q99456,0
DB08540,Q99456,0
DB03147,Q56839,1
DB03163,Q56839,1
DB00168,Q56839,0
DB00207,Q56839,0
DB00132,Q9NXB9,1
DB04852,Q9NXB9,0
DB08231,O75521,1
DB06282,O75521,0
DB02663,P0A1P6,1
DB04260,P0A1P6,0
DB01692,P9WHE9,1
DB02135,P9WHE9,1
DB02184,P9WHE9,1
DB02290,P9WHE9,1
DB02693,P9WHE9,1
DB02711,P9WHE9,1
DB03022,P9WHE9,1
DB03812,P9WHE9,1
DB03973,P9WHE9,1
DB08016,P9WHE9,1
DB07194,P9WHE9,0
DB04592,P9WHE9,0
DB00277,P9WHE9,0
DB00511,P9WHE9,0
DB07232,P9WHE9,0
DB11936,P9WHE9,0
DB00210,P9WHE9,0
DB04099,P9WHE9,0
DB07184,P9WHE9,0
DB02999,P9WHE9,0
DB11638,Q8IEN3,1
DB02482,Q8IEN3,0
DB02031,O34453,1
DB03144,O34453,1
DB02045,O34453,0
DB00494,O34453,0
DB00131,Q9NR19,1
DB00171,Q9NR19,1
DB02952,Q9NR19,0
DB01947,Q9NR19,0
DB11986,Q16288,1
DB12010,Q16288,1
DB14723,Q16288,1
DB05524,Q16288,0
DB08449,Q16288,0
DB04867,Q16288,0
DB02076,P46859,1
DB03909,P46859,1
DB02820,P46859,0
DB08448,P46859,0
DB00157,P19404,1
DB02112,P19404,0
DB00144,Q16760,1
DB14001,Q16760,1
DB06061,Q16760,0
DB08545,Q16760,0
DB01860,P51003,1
DB02153,P51003,1
DB03896,P51003,1
DB03507,P51003,0
DB03363,P51003,0
DB12070,P51003,0
DB03214,Q96QU6,1
DB04386,Q96QU6,0
DB08249,P28790,1
DB00403,P28790,0
DB08235,P59998,1
DB08236,P59998,1
DB00292,P59998,0
DB02590,P59998,0
DB08235,O15144,1
DB08236,O15144,1
DB03996,O15144,0
DB08835,O15144,0
DB01827,P17931,1
DB04465,P17931,1
DB07429,P17931,0
DB04472,P17931,0
DB01645,Q16678,1
DB02342,Q16678,1
DB03467,Q16678,1
DB04216,Q16678,1
DB06732,Q16678,1
DB07776,Q16678,1
DB09061,Q16678,1
DB14011,Q16678,1
DB00894,Q16678,0
DB00993,Q16678,0
DB11584,Q16678,0
DB11367,Q16678,0
DB04564,Q16678,0
DB03197,Q16678,0
DB13876,Q16678,0
DB04124,Q16678,0
DB02431,P42216,1
DB03403,P42216,1
DB03721,P42216,1
DB04482,P42216,1
DB04555,P42216,1
DB05518,P42216,0
DB00218,P42216,0
DB07320,P42216,0
DB02887,P42216,0
DB05521,P42216,0
DB00126,Q9H6Z9,1
DB04847,Q9H6Z9,1
DB07136,Q9H6Z9,0
DB14541,Q9H6Z9,0
DB00138,Q9UPY5,1
DB00142,Q9UPY5,1
DB00740,Q9UPY5,1
DB00795,Q9UPY5,1
DB06151,Q9UPY5,1
DB11590,Q9UPY5,1
DB02647,Q9UPY5,0
DB08776,Q9UPY5,0
DB03899,Q9UPY5,0
DB07199,Q9UPY5,0
DB02081,Q9UPY5,0
DB04018,Q9UPY5,0
DB09343,P19971,1
DB04618,P19971,0
DB11638,C6KTA4,1
DB05039,C6KTA4,0
DB01321,P44345,1
DB00166,P44345,0
DB08235,O15511,1
DB08236,O15511,1
DB01981,O15511,0
DB04769,O15511,0
DB05961,P05155,1
DB09130,P05155,1
DB12110,P05155,0
DB06991,P05155,0
DB00145,Q969I3,1
DB02192,Q969I3,0
DB02379,O14594,1
DB04396,O14594,1
DB08818,O14594,1
DB03654,O14594,0
DB00948,O14594,0
DB03677,O14594,0
DB11638,C6KT50,1
DB03100,C6KT50,0
DB00126,O00469,1
DB05395,O00469,0
DB00605,P27361,1
DB00945,P27361,1
DB01017,P27361,1
DB01169,P27361,1
DB02733,P27361,1
DB04604,P27361,1
DB06195,P27361,1
DB13930,P27361,1
DB00843,P27361,0
DB07366,P27361,0
DB01234,P27361,0
DB03626,P27361,0
DB03980,P27361,0
DB05541,P27361,0
DB00649,P27361,0
DB07056,P27361,0
DB08185,P80374,1
DB00198,P80374,0
DB12010,P54762,1
DB07225,P54762,0
DB04343,P37330,1
DB03456,P37330,0
DB01752,P0ACC1,1
DB06997,P0ACC1,0
DB00768,P29034,1
DB01373,P29034,1
DB01593,P29034,1
DB09130,P29034,1
DB14487,P29034,1
DB14533,P29034,1
DB13877,P29034,0
DB06726,P29034,0
DB07180,P29034,0
DB00170,P29034,0
DB09227,P29034,0
DB07200,P29034,0
DB02053,Q5SIR5,1
DB03745,Q5SIR5,1
DB06641,Q5SIR5,0
DB02213,Q5SIR5,0
DB00945,Q8TD08,1
DB01017,Q8TD08,1
DB12010,Q8TD08,1
DB08668,Q8TD08,0
DB06148,Q8TD08,0
DB09069,Q8TD08,0
DB01593,P04217,1
DB09130,P04217,1
DB14487,P04217,1
DB07419,P04217,0
DB13074,P04217,0
DB02254,P04217,0
DB02307,P14756,1
DB01452,P14756,0
DB00142,P48506,1
DB00151,P48506,1
DB04459,P48506,0
DB01427,P48506,0
DB02152,P08581,1
DB06314,P08581,1
DB06896,P08581,1
DB06995,P08581,1
DB06997,P08581,1
DB07369,P08581,1
DB07969,P08581,1
DB08079,P08581,1
DB08791,P08581,1
DB08865,P08581,1
DB08875,P08581,1
DB11791,P08581,1
DB12010,P08581,1
DB12200,P08581,1
DB12267,P08581,1
DB12742,P08581,1
DB07543,P08581,0
DB03488,P08581,0
DB09213,P08581,0
DB04334,P08581,0
DB08277,P08581,0
DB00987,P08581,0
DB03967,P08581,0
DB06865,P08581,0
DB08855,P08581,0
DB03390,P08581,0
DB08001,P08581,0
DB04069,P08581,0
DB02010,P08581,0
DB02604,P08581,0
DB02141,P08581,0
DB04132,P08581,0
DB00172,Q4W8W1,1
DB11979,Q4W8W1,0
DB04367,P49759,1
DB08691,P49759,1
DB12010,P49759,1
DB03811,P49759,0
DB00116,P49759,0
DB02327,P49759,0
DB04395,P29323,1
DB12010,P29323,1
DB03834,P29323,0
DB00138,P29323,0
DB07118,A0A0H2Z368,1
DB14069,A0A0H2Z368,0
DB00171,P36896,1
DB12010,P36896,1
DB13879,P36896,0
DB11148,P36896,0
DB00157,P16083,1
DB00170,P16083,1
DB01065,P16083,1
DB01087,P16083,1
DB02709,P16083,1
DB03147,P16083,1
DB03541,P16083,1
DB04216,P16083,1
DB04253,P16083,1
DB07339,P16083,1
DB08190,P16083,1
DB08228,P16083,1
DB08744,P16083,1
DB08057,P16083,0
DB08413,P16083,0
DB03169,P16083,0
DB13985,P16083,0
DB06862,P16083,0
DB08555,P16083,0
DB00872,P16083,0
DB01103,P16083,0
DB09211,P16083,0
DB08089,P16083,0
DB13170,P16083,0
DB07237,P16083,0
DB11275,P16083,0
DB03461,P15770,1
DB04447,P15770,1
DB07021,P15770,0
DB08604,P15770,0
DB08868,Q9H228,1
DB12371,Q9H228,1
DB12612,Q9H228,1
DB08513,Q9H228,0
DB02741,Q9H228,0
DB09014,Q9H228,0
DB02175,O07015,1
DB03297,O07015,1
DB04349,O07015,1
DB02966,O07015,0
DB06979,O07015,0
DB07912,O07015,0
DB01189,P16615,1
DB06157,P16615,1
DB04636,P16615,0
DB04113,P16615,0
DB00157,P30519,1
DB04912,P30519,1
DB01623,P30519,0
DB03059,P30519,0
DB01788,P39594,1
DB02254,P39594,1
DB02885,P39594,1
DB03145,P39594,1
DB03416,P39594,1
DB07782,P39594,1
DB00389,P39594,0
DB03193,P39594,0
DB07290,P39594,0
DB01571,P39594,0
DB01624,P39594,0
DB00789,P39594,0
DB01992,P13702,1
DB03169,P13702,1
DB03518,P13702,1
DB03785,P13702,1
DB04027,P13702,0
DB01592,P13702,0
DB00131,P13702,0
DB05676,P13702,0
DB02232,P07773,1
DB04120,P07773,1
DB02142,P07773,0
DB02308,P07773,0
DB02844,Q9WZC2,1
DB13581,Q9WZC2,0
DB03152,Q02760,1
DB08690,Q02760,1
DB08153,Q02760,0
DB06864,Q02760,0
DB00035,P37288,1
DB00067,P37288,1
DB00093,P37288,1
DB00872,P37288,1
DB02638,P37288,1
DB06212,P37288,1
DB09059,P37288,1
DB13929,P37288,1
DB14642,P37288,1
DB01800,P37288,0
DB07367,P37288,0
DB00920,P37288,0
DB02565,P37288,0
DB02145,P37288,0
DB04396,P37288,0
DB04150,P37288,0
DB02051,P37288,0
DB07857,P37288,0
DB01117,Q08210,1
DB02697,Q08210,0
DB07022,P03951,1
DB07023,P03951,1
DB07071,P03951,1
DB07074,P03951,1
DB07077,P03951,1
DB07212,P03951,1
DB07299,P03951,1
DB07887,P03951,1
DB14533,P03951,1
DB04218,P03951,0
DB04306,P03951,0
DB03169,P03951,0
DB07477,P03951,0
DB02706,P03951,0
DB08466,P03951,0
DB00671,P03951,0
DB01155,P03951,0
DB07706,P03951,0
DB00255,Q15596,1
DB01645,Q15596,1
DB02998,Q15596,1
DB06871,Q15596,1
DB06898,Q15596,1
DB07080,Q15596,1
DB07086,Q15596,1
DB07087,Q15596,1
DB07195,Q15596,1
DB07678,Q15596,1
DB07707,Q15596,1
DB07708,Q15596,1
DB07712,Q15596,1
DB07863,Q15596,1
DB07932,Q15596,1
DB08047,Q15596,1
DB08048,Q15596,1
DB08175,Q15596,1
DB08320,Q15596,1
DB08398,Q15596,1
DB08402,Q15596,1
DB08595,Q15596,1
DB08601,Q15596,1
DB08773,Q15596,1
DB13952,Q15596,1
DB13953,Q15596,1
DB13954,Q15596,1
DB13955,Q15596,1
DB13956,Q15596,1
DB01026,Q15596,0
DB01154,Q15596,0
DB14783,Q15596,0
DB08911,Q15596,0
DB08603,Q15596,0
DB04071,Q15596,0
DB05541,Q15596,0
DB00686,Q15596,0
DB04682,Q15596,0
DB04698,Q15596,0
DB00253,Q15596,0
DB04552,Q15596,0
DB06246,Q15596,0
DB04702,Q15596,0
DB01854,Q15596,0
DB00774,Q15596,0
DB01092,Q15596,0
DB02611,Q15596,0
DB02518,Q15596,0
DB07022,Q15596,0
DB07841,Q15596,0
DB08480,Q15596,0
DB07787,Q15596,0
DB12147,Q15596,0
DB00418,Q15596,0
DB04577,Q15596,0
DB07192,Q15596,0
DB01820,Q15596,0
DB03683,Q15596,0
DB03564,P83849,1
DB06266,P83849,0
DB08785,P16218,1
DB06937,P16218,0
DB00852,P60568,1
DB01327,P60568,1
DB02555,P60568,1
DB02581,P60568,1
DB03372,P60568,1
DB03453,P60568,1
DB03455,P60568,1
DB03957,P60568,1
DB04278,P60568,1
DB06083,P60568,1
DB02060,P60568,0
DB13781,P60568,0
DB00169,P60568,0
DB11421,P60568,0
DB04678,P60568,0
DB07115,P60568,0
DB07327,P60568,0
DB07121,P60568,0
DB07066,P60568,0
DB09209,P60568,0
DB03229,P18548,1
DB03938,P18548,1
DB04074,P18548,1
DB02551,P18548,0
DB00322,P18548,0
DB03040,P18548,0
DB01278,P30988,1
DB00751,P30988,0
DB05255,Q5T601,1
DB01694,Q5T601,0
DB03374,Q6PHW0,1
DB00452,Q6PHW0,0
DB00142,O00341,1
DB01669,O00341,0
DB01717,P27142,1
DB08401,P27142,0
DB00151,Q9HA77,1
DB14072,Q9HA77,0
DB03758,Q15120,1
DB03760,Q15120,1
DB07919,Q15120,0
DB07940,Q15120,0
DB00217,P48048,1
DB00222,P48048,1
DB00350,P48048,1
DB00414,P48048,1
DB01124,P48048,1
DB01382,P48048,1
DB01392,P48048,1
DB08838,P48048,1
DB11148,P48048,1
DB06892,P48048,0
DB05992,P48048,0
DB01919,P48048,0
DB07629,P48048,0
DB02821,P48048,0
DB03531,P48048,0
DB02785,P48048,0
DB03242,P48048,0
DB08431,P48048,0
DB02563,P30084,1
DB02910,P30084,1
DB03059,P30084,1
DB04117,P30084,1
DB04107,P30084,0
DB03843,P30084,0
DB04460,P30084,0
DB11273,P30084,0
DB04447,O87949,1
DB01779,O87949,0
DB01752,P05102,1
DB01115,P05102,0
DB01023,P02585,1
DB01373,P02585,1
DB04682,P02585,1
DB02894,P02585,0
DB00525,P02585,0
DB02616,P02585,0
DB08357,Q6FEW8,1
DB01260,Q6FEW8,0
DB04891,Q15648,1
DB02260,Q15648,0
DB00246,P28566,1
DB00247,P28566,1
DB00315,P28566,1
DB00334,P28566,1
DB00363,P28566,1
DB00408,P28566,1
DB00715,P28566,1
DB01221,P28566,1
DB01224,P28566,1
DB01238,P28566,1
DB01239,P28566,1
DB09304,P28566,1
DB11273,P28566,1
DB12141,P28566,1
DB13025,P28566,1
DB13345,P28566,1
DB14185,P28566,1
DB03260,P28566,0
DB07137,P28566,0
DB01016,P28566,0
DB08838,P28566,0
DB06229,P28566,0
DB02779,P28566,0
DB07161,P28566,0
DB03616,P28566,0
DB01444,P28566,0
DB08181,P28566,0
DB11327,P28566,0
DB07232,P28566,0
DB03886,P28566,0
DB14017,P28566,0
DB03112,P28566,0
DB07632,P28566,0
DB02890,P28566,0
DB01841,P05618,1
DB02120,P05618,1
DB02379,P05618,1
DB03206,P05618,1
DB07308,P05618,0
DB03103,P05618,0
DB04190,P05618,0
DB07897,P05618,0
DB00143,P08684,1
DB00951,P08684,1
DB05478,P08684,1
DB06634,P08684,1
DB11994,P08684,1
DB01871,P08684,0
DB04400,P08684,0
DB00317,P08684,0
DB05298,P08684,0
DB04409,P08684,0
DB12010,P78356,1
DB06262,P78356,0
DB00201,P16499,1
DB09283,P16499,1
DB08008,P16499,0
DB08278,P16499,0
DB04216,Q15393,1
DB00725,Q15393,0
DB00536,P53608,1
DB02573,P53608,0
DB00157,Q9P0J0,1
DB00607,Q9P0J0,0
DB01727,P48735,1
DB13874,P48735,1
DB07444,P48735,0
DB06980,P48735,0
DB00132,Q96RI1,1
DB01586,Q96RI1,1
DB02509,Q96RI1,1
DB02545,Q96RI1,1
DB02659,Q96RI1,1
DB03619,Q96RI1,1
DB04348,Q96RI1,1
DB04557,Q96RI1,1
DB05990,Q96RI1,1
DB06777,Q96RI1,1
DB08220,Q96RI1,1
DB15690,Q96RI1,0
DB00583,Q96RI1,0
DB03855,Q96RI1,0
DB00118,Q96RI1,0
DB00481,Q96RI1,0
DB04577,Q96RI1,0
DB01683,Q96RI1,0
DB08457,Q96RI1,0
DB07900,Q96RI1,0
DB08566,Q96RI1,0
DB04485,Q96RI1,0
DB07805,Q5HEB7,1
DB08187,Q5HEB7,0
DB00157,Q9UBM7,1
DB07226,Q9UBM7,0
DB03401,P35241,1
DB00751,P35241,0
DB01593,Q96PD5,1
DB09130,Q96PD5,1
DB14487,Q96PD5,1
DB14533,Q96PD5,1
DB07610,Q96PD5,0
DB01892,Q96PD5,0
DB14490,Q96PD5,0
DB05824,Q96PD5,0
DB00142,O15067,1
DB03203,O15067,0
DB00162,Q9NYR8,1
DB01180,Q9NYR8,0
