DB03729,P00749,1
DB03729,P31142,0
DB04210,P01556,1
DB04210,P31677,0
DB07104,P09960,1
DB07104,Q14832,0
DB03223,P13639,1
DB03223,O75600,0
DB08597,P62942,1
DB08597,Q04771,1
DB08597,P08506,0
DB08597,P28861,0
DB02761,P0A6V7,1
DB02761,P31101,1
DB02761,P31142,1
DB02761,P77444,1
DB02761,Q01770,1
DB02761,Q16762,1
DB02761,Q5SJI0,1
DB02761,Q7K9G0,1
DB02761,Q9ZHG9,1
DB02761,Q99623,0
DB02761,P27449,0
DB02761,P13929,0
DB02761,Q9HCC0,0
DB02761,Q06323,0
DB02761,P17050,0
DB02761,O95750,0
DB02761,Q99705,0
DB02761,Q49184,0
DB06444,P01375,1
DB06444,P11597,0
DB04488,P15555,1
DB04488,P30038,0
DB11755,O75762,1
DB11755,P08908,1
DB11755,P21554,1
DB11755,P34972,1
DB11755,Q7Z2W7,1
DB11755,Q9Y2T6,1
DB11755,Q9Y5S1,1
DB11755,P41180,0
DB11755,P05166,0
DB11755,P01574,0
DB11755,Q00534,0
DB11755,Q47NK3,0
DB11755,P47985,0
DB11755,P54619,0
DB09236,O00305,1
DB09236,O00555,1
DB09236,O60840,1
DB09236,P54284,1
DB09236,Q01668,1
DB09236,Q02641,1
DB09236,Q08289,1
DB09236,Q13698,1
DB09236,Q13936,1
DB09236,P00558,0
DB09236,P66010,0
DB09236,P0A7D4,0
DB09236,A0A045KKX4,0
DB09236,Q59H18,0
DB09236,Q8IJC6,0
DB09236,Q15493,0
DB09236,P11797,0
DB09236,P0C0F4,0
DB01100,P0DP23,1
DB01100,P14416,1
DB01100,P35462,1
DB01100,Q12809,1
DB01100,P02649,0
DB01100,P01857,0
DB01100,P20292,0
DB01100,Q8I4W4,0
DB03760,P10515,1
DB03760,P23434,1
DB03760,Q15120,1
DB03760,Q9WY54,1
DB03760,P29899,0
DB03760,Q8IDD3,0
DB03760,Q06609,0
DB03760,P28065,0
DB03230,Q8ZKF6,1
DB03230,Q9RN68,0
DB11590,P54710,1
DB11590,Q99707,1
DB11590,Q9UPY5,1
DB11590,Q7RTV2,0
DB11590,P69795,0
DB11590,Q92918,0
DB07150,Q15788,1
DB07150,Q92731,1
DB07150,Q6UWM7,0
DB07150,P51149,0
DB02421,P09147,1
DB02421,Q8VUS7,0
DB01043,O00591,1
DB01043,O14764,1
DB01043,O15399,1
DB01043,O60391,1
DB01043,O75311,1
DB01043,P14416,1
DB01043,P14867,1
DB01043,P18505,1
DB01043,P18507,1
DB01043,P23415,1
DB01043,P23416,1
DB01043,P28472,1
DB01043,P31644,1
DB01043,P34903,1
DB01043,P46098,1
DB01043,P47869,1
DB01043,P47870,1
DB01043,P48167,1
DB01043,P48169,1
DB01043,P78334,1
DB01043,Q05586,1
DB01043,Q12879,1
DB01043,Q13224,1
DB01043,Q14957,1
DB01043,Q16445,1
DB01043,Q693P7,1
DB01043,Q8N1C3,1
DB01043,Q8TCU5,1
DB01043,Q99928,1
DB01043,Q9UN88,1
DB01043,Q96RI1,0
DB01043,P26789,0
DB01043,P55818,0
DB01043,P10398,0
DB01043,Q84EX5,0
DB01043,P50213,0
DB01043,P29350,0
DB01043,P09172,0
DB01043,Q9Y6T7,0
DB01043,Q03426,0
DB01043,Q9KG76,0
DB01043,P40859,0
DB01043,P15056,0
DB01043,Q13547,0
DB01043,P09142,0
DB01043,P96113,0
DB01043,O97313,0
DB01043,Q9H4M7,0
DB01043,P02775,0
DB01043,Q9F5I8,0
DB01043,Q9GZZ6,0
DB01043,P26514,0
DB01043,Q5L1E2,0
DB01043,Q45515,0
DB01043,P47900,0
DB01043,P10844,0
DB01043,Q08638,0
DB01043,Q8IJA9,0
DB01043,P63104,0
DB01043,P23919,0
DB06892,Q02750,1
DB06892,Q99928,0
DB14069,P08183,1
DB14069,P00918,0
DB06258,Q00613,1
DB06258,P43683,0
DB01619,P35367,1
DB01619,P63208,0
DB02496,P0A794,1
DB02496,P45568,1
DB02496,Q59976,0
DB02496,P63208,0
DB09185,P23975,1
DB09185,O15427,0
DB00864,P62942,1
DB00864,P23946,0
DB07782,P39594,1
DB07782,P94548,0
DB02297,P24941,1
DB02297,Q6IBS8,0
DB07707,P03372,1
DB07707,Q15596,1
DB07707,Q27743,0
DB07707,P25311,0
DB13257,P02786,1
DB13257,P69905,1
DB13257,Q9UP52,1
DB13257,P14410,0
DB13257,Q9Y487,0
DB13257,Q54527,0
DB04869,P06881,1
DB04869,Q16602,1
DB04869,P51512,0
DB04869,P49585,0
DB07812,P31751,1
DB07812,P49841,1
DB07812,Q146M9,0
DB07812,P03905,0
DB06082,Q16665,1
DB06082,P05155,0
DB04749,P52699,1
DB04749,P32056,0
DB03825,P0A0N5,1
DB03825,P31224,1
DB03825,P19883,0
DB03825,Q836J0,0
DB02186,Q54873,1
DB02186,Q59288,1
DB02186,Q00496,0
DB02186,P83794,0
DB08705,P11309,1
DB08705,P0AFL3,0
DB01859,P62619,1
DB01859,Q8N5S9,0
DB01967,P77173,1
DB01967,Q83QN9,1
DB01967,P56868,0
DB01967,P69795,0
DB01207,P21731,1
DB01207,P24557,1
DB01207,O08498,0
DB01207,P49840,0
DB07680,P23946,1
DB07680,P23246,0
DB09280,P13569,1
DB09280,Q9RME2,0
DB07336,O14757,1
DB07336,Q9WXS0,0
DB02538,P24941,1
DB02538,P19429,0
DB04392,P15559,1
DB04392,P38489,1
DB04392,P41407,1
DB04392,Q92769,0
DB04392,Q8RQE8,0
DB04392,P22188,0
DB03399,P02144,1
DB03399,P48728,0
DB03871,P00282,1
DB03871,P0AEG6,0
DB01151,P07550,1
DB01151,P08172,1
DB01151,P08173,1
DB01151,P08588,1
DB01151,P08908,1
DB01151,P08912,1
DB01151,P08913,1
DB01151,P11229,1
DB01151,P14416,1
DB01151,P17405,1
DB01151,P18089,1
DB01151,P18825,1
DB01151,P20309,1
DB01151,P23975,1
DB01151,P25100,1
DB01151,P28223,1
DB01151,P28335,1
DB01151,P31645,1
DB01151,P35348,1
DB01151,P35367,1
DB01151,P35368,1
DB01151,P28676,0
DB01151,Q8IE67,0
DB01151,P9WJ63,0
DB01151,Q9NQS7,0
DB01151,P24092,0
DB01151,Q02127,0
DB01151,Q8KN66,0
DB01151,Q02383,0
DB01151,P49760,0
DB01151,Q01995,0
DB01151,Q8GIQ0,0
DB01151,Q5MYR6,0
DB01151,P30838,0
DB01151,P08729,0
DB01151,P52564,0
DB01151,Q8P8J2,0
DB01151,P00480,0
DB01151,P49257,0
DB01151,Q72JJ3,0
DB01151,P15313,0
DB01151,O25926,0
DB00687,P04150,1
DB00687,P08235,1
DB00687,P32927,0
DB00687,Q9HCC0,0
DB08263,Q9NWT6,1
DB08263,P9WHU1,0
DB01298,P0AC13,1
DB01298,Q9H6Z9,0
DB01988,Q16539,1
DB01988,Q72EF3,0
DB00203,O76074,1
DB00203,P18545,1
DB00203,Q13956,1
DB00203,P22694,0
DB00203,Q9NYR8,0
DB00203,P9WNW7,0
DB12267,P00519,1
DB12267,P00533,1
DB12267,P04626,1
DB12267,P06213,1
DB12267,P08069,1
DB12267,P08581,1
DB12267,P36888,1
DB12267,Q15303,1
DB12267,Q9UM73,1
DB12267,P0ACC7,0
DB12267,P0CG48,0
DB12267,C3T8E2,0
DB12267,Q15788,0
DB12267,P80404,0
DB12267,Q08828,0
DB12267,C0H5H0,0
DB12267,Q8N907,0
DB12267,P27797,0
DB04032,P00183,1
DB04032,Q15303,0
DB07416,P01834,1
DB07416,P0A333,1
DB07416,P0A334,1
DB07416,Q9Y3R4,0
DB07416,P62619,0
DB07416,Q03426,0
DB01815,P0A872,1
DB01815,Q65CX5,0
DB00589,P08908,1
DB00589,P08913,1
DB00589,P14416,1
DB00589,P18089,1
DB00589,P18825,1
DB00589,P21728,1
DB00589,P21917,1
DB00589,P21918,1
DB00589,P28221,1
DB00589,P28222,1
DB00589,P28223,1
DB00589,P28335,1
DB00589,P34969,1
DB00589,P35462,1
DB00589,P41595,1
DB00589,Q46604,0
DB00589,P00436,0
DB00589,Q9BXJ7,0
DB00589,Q9K597,0
DB00589,P01106,0
DB00589,Q14541,0
DB00589,P20645,0
DB00589,P22413,0
DB00589,Q8TC12,0
DB00589,Q9H2X6,0
DB00589,P04183,0
DB00589,Q8XL08,0
DB00589,P26196,0
DB00589,O95749,0
DB00589,Q4R2T2,0
DB00166,O43766,1
DB00166,Q9Y234,1
DB00166,Q9Y289,1
DB00166,P11137,0
DB00166,P29559,0
DB00166,P07014,0
DB07804,P00742,1
DB07804,O75493,0
DB05009,P29274,1
DB05009,Q9F5I8,0
DB00179,P04278,1
DB00179,P09917,1
DB00179,Q04230,0
DB00179,P27986,0
DB02839,P00438,1
DB02839,P20586,1
DB02839,Q16322,0
DB02839,P28838,0
DB06594,P28335,1
DB06594,P48039,1
DB06594,P49286,1
DB06594,P39594,0
DB06594,Q6NUS8,0
DB06594,P83796,0
DB09054,O00329,1
DB09054,P69923,0
DB05494,P27707,1
DB05494,Q9GZR5,0
DB12457,Q16602,1
DB12457,P05546,0
DB04810,Q54AI1,1
DB04810,P02749,0
DB03616,P68133,1
DB03616,Q52WX2,0
DB03152,O68874,1
DB03152,P08100,1
DB03152,P19821,1
DB03152,P60844,1
DB03152,Q02760,1
DB03152,Q02761,1
DB03152,Q02762,1
DB03152,Q08188,1
DB03152,Q93RD8,1
DB03152,P20472,0
DB03152,P10145,0
DB03152,P17516,0
DB03152,P0A1X3,0
DB03152,Q16651,0
DB03152,P84888,0
DB03152,Q12879,0
DB03152,O00469,0
DB03152,P07737,0
DB02981,P00509,1
DB02981,P49760,0
DB08273,P04211,1
DB08273,P23083,1
DB08273,P48181,0
DB08273,Q8NEY4,0
DB08139,P24941,1
DB08139,O14976,0
DB01863,O15530,1
DB01863,O43739,1
DB01863,P23677,1
DB01863,P31749,1
DB01863,Q06187,1
DB01863,Q99418,1
DB01863,Q9H4M7,1
DB01863,Q9UN19,1
DB01863,Q9P289,0
DB01863,P0AE12,0
DB01863,O14792,0
DB01863,Q9BY66,0
DB01863,Q9NVS9,0
DB01863,P04439,0
DB01863,P26276,0
DB01863,Q9UKQ2,0
DB01704,P17538,1
DB01704,P29218,0
DB04334,P46881,1
DB04334,P46883,1
DB04334,Q16853,1
DB04334,P00864,0
DB04334,Q8RJN8,0
DB04334,P32745,0
DB03752,P23219,1
DB03752,Q9Z4N6,0
DB02143,P29475,1
DB02143,P0A6W9,0
DB02559,P00374,1
DB02559,P16184,1
DB02559,Q9H4B7,0
DB02559,P07900,0
DB08653,P84887,1
DB08653,P84888,1
DB08653,Q6DT37,0
DB08653,Q92952,0
DB01808,P08692,1
DB01808,P01042,0
DB00818,O00591,1
DB00818,O14764,1
DB00818,P14867,1
DB00818,P18505,1
DB00818,P18507,1
DB00818,P28472,1
DB00818,P31644,1
DB00818,P34903,1
DB00818,P35499,1
DB00818,P47869,1
DB00818,P47870,1
DB00818,P48169,1
DB00818,P78334,1
DB00818,Q16445,1
DB00818,Q8N1C3,1
DB00818,Q99250,1
DB00818,Q99928,1
DB00818,Q9UN88,1
DB00818,P09417,0
DB00818,P09669,0
DB00818,Q8IKH8,0
DB00818,P0C0Y8,0
DB00818,O14920,0
DB00818,P04036,0
DB00818,O75116,0
DB00818,P10153,0
DB00818,Q9Y289,0
DB00818,Q99884,0
DB00818,P0AET8,0
DB00818,Q16698,0
DB00818,Q72JJ3,0
DB00818,P0A434,0
DB00818,P51659,0
DB00818,Q02155,0
DB00818,O15270,0
DB00818,Q8TDR2,0
DB03360,Q9XB59,1
DB03360,O60706,0
DB04017,P21397,1
DB04017,Q15648,0
DB01812,O00204,1
DB01812,O14792,1
DB01812,O43704,1
DB01812,P06612,1
DB01812,P07998,1
DB01812,P0A2W7,1
DB01812,P10153,1
DB01812,P49888,1
DB01812,P50225,1
DB01812,P52848,1
DB01812,Q06520,1
DB01812,Q9Y663,1
DB01812,O60882,0
DB01812,Q9HBL8,0
DB01812,P52895,0
DB01812,P46336,0
DB01812,Q46509,0
DB01812,Q9Y2U5,0
DB01812,Q9P0Z9,0
DB01812,P54756,0
DB01812,O68874,0
DB01812,Q5SHQ5,0
DB01812,P27828,0
DB01812,P08164,0
DB02368,Q8P8J2,1
DB02368,P04252,0
DB07897,P00734,1
DB07897,Q55013,0
DB01901,P05230,1
DB01901,P21802,1
DB01901,Q9Y257,0
DB01901,Q9UBK8,0
DB02296,P00797,1
DB02296,Q9S427,0
DB01537,P28223,1
DB01537,P28335,1
DB01537,P62219,0
DB01537,P42443,0
DB02872,Q00987,1
DB02872,P61586,0
DB03692,P0A921,1
DB03692,P48736,0
DB03304,P28720,1
DB03304,P05543,0
DB08337,P00811,1
DB08337,Q8IVH4,0
DB13174,P09917,1
DB13174,P55055,1
DB13174,Q13133,1
DB13174,O15304,0
DB13174,O06644,0
DB13174,Q96BH3,0
DB04426,P11226,1
DB04426,P19622,0
DB07014,P49841,1
DB07014,P9WJM7,0
DB01251,Q09428,1
DB01251,Q15842,1
DB01251,P51681,0
DB01251,Q07820,0
DB07767,D2YW37,1
DB07767,P10478,1
DB07767,P51584,1
DB07767,Q55813,1
DB07767,P68400,0
DB07767,P12259,0
DB07767,P25942,0
DB07767,Q9X1F0,0
DB03078,P12931,1
DB03078,Q96C86,0
DB08770,P29274,1
DB08770,P16930,0
DB02140,P09668,1
DB02140,Q16798,0
DB01244,O00555,1
DB01244,O95180,1
DB01244,P05023,1
DB01244,P0DP23,1
DB01244,P51787,1
DB01244,P54750,1
DB01244,P63316,1
DB01244,Q01064,1
DB01244,Q12809,1
DB01244,Q9NY47,1
DB01244,P41252,0
DB01244,Q8X444,0
DB01244,Q26609,0
DB01244,P19438,0
DB01244,O31465,0
DB01244,O76083,0
DB01244,P74645,0
DB01244,Q8IE82,0
DB01244,P13661,0
DB01244,Q9PPP5,0
DB03847,P00734,1
DB03847,P00742,1
DB03847,P02818,1
DB03847,P18858,0
DB03847,Q24940,0
DB03847,Q16775,0
DB12305,P23975,1
DB12305,P31645,1
DB12305,Q01959,1
DB12305,Q6LFH8,0
DB12305,P61978,0
DB12305,Q53464,0
DB07032,Q92731,1
DB07032,P50870,0
DB04363,P30043,1
DB04363,P19571,0
DB04662,P24941,1
DB04662,Q9NYL2,0
DB01827,P17931,1
DB01827,Q8GN86,0
DB11951,O43613,1
DB11951,O43614,1
DB11951,P08473,0
DB11951,O66496,0
DB02622,P18031,1
DB02622,Q8IM15,0
DB06011,P27487,1
DB06011,P25942,0
DB07092,P27487,1
DB07092,P51606,0
DB06729,P0AC13,1
DB06729,Q83P33,0
DB02706,P52699,1
DB02706,P63244,0
DB02462,P35228,1
DB02462,P23560,0
DB00769,P04150,1
DB00769,P09063,0
DB02126,P68871,1
DB02126,P69905,1
DB02126,P58758,0
DB02126,P08100,0
DB04898,P00734,1
DB04898,Q96GD0,0
DB11760,P09874,1
DB11760,Q9UGN5,1
DB11760,P12995,0
DB11760,P24752,0
DB08749,P56817,1
DB08749,O14939,0
DB03017,O00206,1
DB03017,P02788,1
DB03017,P02929,1
DB03017,P06971,1
DB03017,P07360,1
DB03017,P0A953,1
DB03017,P0AAI5,1
DB03017,P11766,1
DB03017,P14555,1
DB03017,P17900,1
DB03017,P41235,1
DB03017,P98155,1
DB03017,P9WNG3,1
DB03017,Q07869,1
DB03017,Q9I194,1
DB03017,Q9NZD2,1
DB03017,Q9UNK4,1
DB03017,Q9Y6Y9,1
DB03017,P26358,0
DB03017,P43876,0
DB03017,O00763,0
DB03017,Q5LI27,0
DB03017,P09417,0
DB03017,Q8IW41,0
DB03017,P08254,0
DB03017,P12081,0
DB03017,P00748,0
DB03017,Q26966,0
DB03017,P34897,0
DB03017,O15547,0
DB03017,P27816,0
DB03017,P10997,0
DB03017,P48163,0
DB03017,Q8XJ01,0
DB03017,P13981,0
DB03017,Q9NRF9,0
DB06856,P00749,1
DB06856,Q9HU21,0
DB04834,P08172,1
DB04834,P08603,0
DB00139,P51649,1
DB00139,Q9BXA5,1
DB00139,P03897,0
DB00139,P20742,0
DB07362,O14965,1
DB07362,Q9Y698,0
DB08819,P43088,1
DB08819,Q9A5I5,0
DB11560,Q96S37,1
DB11560,Q9NSA0,1
DB11560,Q9UBN1,0
DB11560,P35913,0
DB12450,P03372,1
DB12450,Q96BR1,0
DB03488,P31677,1
DB03488,P39045,0
DB14672,O00591,1
DB14672,O14764,1
DB14672,P14867,1
DB14672,P18505,1
DB14672,P18507,1
DB14672,P28472,1
DB14672,P31644,1
DB14672,P34903,1
DB14672,P47869,1
DB14672,P47870,1
DB14672,P48169,1
DB14672,P78334,1
DB14672,Q16445,1
DB14672,Q8N1C3,1
DB14672,Q99928,1
DB14672,Q9UN88,1
DB14672,O94956,0
DB14672,P49137,0
DB14672,P47985,0
DB14672,P19793,0
DB14672,O15392,0
DB14672,O95718,0
DB14672,P0AAI5,0
DB14672,P15034,0
DB14672,Q8ZIV7,0
DB14672,P23946,0
DB14672,P77454,0
DB14672,O75185,0
DB14672,Q05329,0
DB14672,P61160,0
DB14672,P48029,0
DB14672,P68826,0
DB03964,Q99798,1
DB03964,O67648,0
DB01231,P08172,1
DB01231,P11229,1
DB01231,P20309,1
DB01231,P14616,0
DB01231,P39662,0
DB01231,P10589,0
DB01133,O15342,1
DB01133,O75348,1
DB01133,O95670,1
DB01133,P15313,1
DB01133,P21281,1
DB01133,P21283,1
DB01133,P23469,1
DB01133,P27449,1
DB01133,P29350,1
DB01133,P36543,1
DB01133,P38606,1
DB01133,P61421,1
DB01133,Q05209,1
DB01133,Q13488,1
DB01133,Q15904,1
DB01133,Q16864,1
DB01133,Q8N8Y2,1
DB01133,Q8NEY4,1
DB01133,Q8NHE4,1
DB01133,Q93050,1
DB01133,Q96A05,1
DB01133,Q96LB4,1
DB01133,Q99437,1
DB01133,Q9HBG4,1
DB01133,Q9UI12,1
DB01133,Q9Y487,1
DB01133,Q9Y5K8,1
DB01133,Q08460,0
DB01133,Q9NY72,0
DB01133,Q9UJM8,0
DB01133,Q13153,0
DB01133,P11444,0
DB01133,Q14627,0
DB01133,P06881,0
DB01133,Q9Y2I1,0
DB01133,P14262,0
DB01133,P00362,0
DB01133,Q15139,0
DB01133,Q08698,0
DB01133,P0A7R5,0
DB01133,Q07820,0
DB01133,Q9Y666,0
DB01133,P25311,0
DB01133,P15043,0
DB01133,P09936,0
DB01133,P02918,0
DB01133,P80374,0
DB01133,Q93TU6,0
DB01133,P18089,0
DB01133,P11409,0
DB01133,O14764,0
DB01133,P05327,0
DB01133,P47229,0
DB01133,P9WPQ5,0
DB08429,P27487,1
DB08429,P69924,0
DB04318,P24347,1
DB04318,O75762,0
DB00703,P00915,1
DB00703,P00918,1
DB00703,P07451,1
DB00703,P22748,1
DB00703,P43166,1
DB00703,P51659,0
DB00703,Q9LCX9,0
DB00703,P32745,0
DB00703,Q5RT80,0
DB00703,P95276,0
DB02681,P12758,1
DB02681,P61024,1
DB02681,P13569,0
DB02681,P34995,0
DB01837,P23219,1
DB01837,O77361,0
DB13940,P28223,1
DB13940,P28335,1
DB13940,P0AFL3,0
DB13940,P20742,0
DB06268,P24530,1
DB06268,P25101,1
DB06268,Q74EF5,0
DB06268,P10340,0
DB06736,P23219,1
DB06736,P35354,1
DB06736,P11229,0
DB06736,P11922,0
DB13934,P10275,1
DB13934,P20035,0
DB00343,Q06432,1
DB00343,Q13936,1
DB00343,P14550,0
DB00343,Q06609,0
DB07741,P00734,1
DB07741,Q07806,0
DB00573,P23219,1
DB00573,P35354,1
DB00573,P37231,1
DB00573,Q07869,1
DB00573,P10828,0
DB00573,P45954,0
DB00573,O15528,0
DB00573,P18545,0
DB03478,Q9NXA8,1
DB03478,P14090,0
DB05045,P49146,1
DB05045,P50391,1
DB05045,P0ABP8,0
DB05045,P00490,0
DB04411,Q56148,1
DB04411,Q96L34,0
DB02868,P0DP23,1
DB02868,Q16720,0
DB02965,P04391,1
DB02965,Q6PIU1,0
DB01170,P23975,1
DB01170,P29274,0
DB08547,P01859,1
DB08547,P06734,0
DB11858,Q9NS75,1
DB11858,Q9Y271,1
DB11858,Q12882,0
DB11858,P18510,0
DB00313,O60939,1
DB00313,P35498,1
DB00313,P35499,1
DB00313,P37231,1
DB00313,P45954,1
DB00313,P51649,1
DB00313,Q01118,1
DB00313,Q02218,1
DB00313,Q03181,1
DB00313,Q07699,1
DB00313,Q07869,1
DB00313,Q14524,1
DB00313,Q15858,1
DB00313,Q8IWT1,1
DB00313,Q92769,1
DB00313,Q99250,1
DB00313,Q9NY46,1
DB00313,Q9NY72,1
DB00313,Q9UI33,1
DB00313,Q9UKV0,1
DB00313,Q9UQD0,1
DB00313,Q9Y5Y9,1
DB00313,P48507,0
DB00313,Q14833,0
DB00313,P53041,0
DB00313,P51178,0
DB00313,P05042,0
DB00313,P83791,0
DB00313,O00206,0
DB00313,Q9BW91,0
DB00313,P04196,0
DB00313,Q96L12,0
DB00313,Q02760,0
DB00313,Q59771,0
DB00313,Q99829,0
DB00313,P0A017,0
DB00313,Q9LAG2,0
DB00313,Q46079,0
DB00313,Q9HAN9,0
DB00313,Q59FW3,0
DB00313,Q70GK9,0
DB00313,Q9RYU4,0
DB00313,O00264,0
DB00313,P0AGE0,0
DB07601,P07900,1
DB07601,O69755,0
DB01791,P27815,1
DB01791,Q07343,1
DB01791,Q08493,1
DB01791,Q08499,1
DB01791,P30559,0
DB01791,P0A872,0
DB01791,Q81VW8,0
DB01791,P20839,0
DB08845,P00509,1
DB08845,P16100,0
DB04336,P07477,1
DB04336,P12758,0
DB03802,P03372,1
DB03802,P08373,0
DB00192,Q14524,1
DB00192,P24182,0
DB09203,P25100,1
DB09203,P35348,1
DB09203,P35368,1
DB09203,Q9UHC9,0
DB09203,P10092,0
DB09203,Q9NVS9,0
DB04068,P15531,1
DB04068,P01031,0
DB02396,P02144,1
DB02396,Q16774,0
DB08293,P08238,1
DB08293,P06988,0
DB04132,P08263,1
DB04132,P09211,1
DB04132,P0CG29,1
DB04132,Q03013,1
DB04132,Q04760,1
DB04132,Q8MU52,1
DB04132,P37231,0
DB04132,Q8WWL2,0
DB04132,P00709,0
DB04132,P61888,0
DB04132,Q88K39,0
DB04132,Q96Q40,0
DB04751,P12931,1
DB04751,Q15418,1
DB04751,Q9Y6M4,1
DB04751,P77836,0
DB04751,P78362,0
DB04751,Q9NYX4,0
DB03157,P0A884,1
DB03157,P06202,0
DB07427,P68871,1
DB07427,P69905,1
DB07427,P06608,0
DB07427,P9WQD9,0
DB03725,P35558,1
DB03725,P20132,0
DB06127,P27487,1
DB06127,P06988,0
DB03382,O53240,1
DB03382,O67040,1
DB03382,P00441,1
DB03382,P0A793,1
DB03382,P37062,1
DB03382,P48147,1
DB03382,P9WG35,1
DB03382,P80099,0
DB03382,Q9H1R3,0
DB03382,P10768,0
DB03382,P07024,0
DB03382,P43353,0
DB03382,Q9Y689,0
DB03382,Q16568,0
DB08306,P00811,1
DB08306,P11439,0
DB01685,P47989,1
DB01685,Q9HAN9,0
DB07950,P63208,1
DB07950,Q16773,1
DB07950,Q9NZK7,1
DB07950,P29957,0
DB07950,Q3J1A5,0
DB07950,P06239,0
DB08441,P24941,1
DB08441,P07766,0
DB01835,P35228,1
DB01835,Q9BQE3,0
DB13167,P35354,1
DB13167,P07602,0
DB07471,P20248,1
DB07471,P24941,1
DB07471,Q9UPZ9,0
DB07471,Q06174,0
DB02999,P42262,1
DB02999,Q13002,1
DB02999,P14854,0
DB02999,P12004,0
DB02779,Q06124,1
DB02779,Q12756,0
DB15566,P04150,1
DB15566,P25024,0
DB07982,P24941,1
DB07982,P46736,0
DB03224,P04164,1
DB03224,P04818,0
DB07638,P03372,1
DB07638,Q92731,1
DB07638,Q6LFH8,0
DB07638,P35916,0
DB00906,P30531,1
DB00906,Q14103,0
DB07994,P56817,1
DB07994,P53420,0
DB00636,Q07869,1
DB00636,Q8N1C3,0
DB01973,P07478,1
DB01973,P0A115,1
DB01973,P27693,1
DB01973,P29600,1
DB01973,P25524,0
DB01973,P13674,0
DB01973,Q13838,0
DB01973,P02924,0
DB03650,P11309,1
DB03650,P52333,0
DB01925,P47228,1
DB01925,P11168,0
DB02700,P06971,1
DB02700,P22695,0
DB03637,P35030,1
DB03637,Q9UHF0,0
DB00754,O75469,1
DB00754,Q14524,1
DB00754,O14957,0
DB00754,Q9UN76,0
DB02753,Q8RLY5,1
DB02753,Q14416,0
DB03574,P06971,1
DB03574,Q7DB61,0
DB03571,P56740,1
DB03571,P76187,0
DB03984,P25774,1
DB03984,O15379,0
DB04779,P09848,1
DB04779,Q8I372,0
DB08645,P00918,1
DB08645,Q99661,0
DB07870,O00763,1
DB07870,Q04917,0
DB04799,O14949,1
DB04799,O14957,1
DB04799,P00156,1
DB04799,P07919,1
DB04799,P08574,1
DB04799,P14927,1
DB04799,P22695,1
DB04799,P31930,1
DB04799,P47985,1
DB04799,Q9UDW1,1
DB04799,Q9HAN9,0
DB04799,P21397,0
DB04799,P63316,0
DB04799,Q00535,0
DB04799,P0AE22,0
DB04799,Q8RLY5,0
DB04799,P15056,0
DB04799,Q99814,0
DB04799,Q6UWN8,0
DB04799,P23919,0
DB00383,P08172,1
DB00383,P11229,1
DB00383,P20309,1
DB00383,P01834,0
DB00383,P18031,0
DB00383,P01009,0
DB03446,P32890,1
DB03446,P60339,0
DB07973,P00742,1
DB07973,P20061,0
DB01604,Q8XJ01,1
DB01604,Q9ZIV5,0
DB07501,P24941,1
DB07501,P04181,0
DB06654,P27338,1
DB06654,Q01468,0
DB03727,P06132,1
DB03727,Q9Y2I1,0
DB03860,Q92731,1
DB03860,Q46822,0
DB03159,P00734,1
DB03159,P00749,1
DB03159,P07477,1
DB03159,P52429,0
DB03159,Q07869,0
DB03159,P14598,0
DB01483,P14867,1
DB01483,P31644,1
DB01483,P34903,1
DB01483,P36544,1
DB01483,P42262,1
DB01483,P43681,1
DB01483,P47869,1
DB01483,P48169,1
DB01483,Q13002,1
DB01483,Q16445,1
DB01483,P07737,0
DB01483,P62136,0
DB01483,P9WN95,0
DB01483,P30613,0
DB01483,P9WJM7,0
DB01483,Q99798,0
DB01483,Q9Y619,0
DB01483,Q8WTV0,0
DB01483,P23284,0
DB01483,O60706,0
DB02061,O85465,1
DB02061,P19424,1
DB02061,P37700,1
DB02061,P09848,0
DB02061,P20906,0
DB02061,P21453,0
DB07413,Q79FX8,1
DB07413,P00778,0
DB08738,P48147,1
DB08738,P54368,0
DB14489,P00450,1
DB14489,P02786,1
DB14489,P02787,1
DB14489,P02794,1
DB14489,P06746,1
DB14489,P39748,1
DB14489,P69905,1
DB14489,Q16595,1
DB14489,Q969S2,1
DB14489,Q96FI4,1
DB14489,Q9BY41,1
DB14489,Q9GZT9,1
DB14489,Q9NZD4,1
DB14489,Q93RD8,0
DB14489,Q819U0,0
DB14489,Q13936,0
DB14489,P43004,0
DB14489,P45494,0
DB14489,P21333,0
DB14489,Q9UEW3,0
DB14489,Q9WZS7,0
DB14489,P19801,0
DB14489,P08243,0
DB14489,P22748,0
DB14489,P04629,0
DB14489,P13196,0
DB08408,P07097,1
DB08408,Q9UNX9,0
DB00126,O00469,1
DB00126,O14832,1
DB00126,O60568,1
DB00126,O75936,1
DB00126,P09172,1
DB00126,P13674,1
DB00126,P19021,1
DB00126,P24300,1
DB00126,Q02809,1
DB00126,Q32P28,1
DB00126,Q54873,1
DB00126,Q6N063,1
DB00126,Q6NS38,1
DB00126,Q8IVL5,1
DB00126,Q8IVL6,1
DB00126,Q8N543,1
DB00126,Q96KS0,1
DB00126,Q96Q83,1
DB00126,Q9BY66,1
DB00126,Q9GZT9,1
DB00126,Q9H6Z9,1
DB00126,Q9NVH6,1
DB00126,Q9NXG6,1
DB00126,Q9H228,0
DB00126,P16083,0
DB00126,Q9Y5S8,0
DB00126,Q16832,0
DB00126,P14621,0
DB00126,P9WIJ3,0
DB00126,Q9H4B7,0
DB00126,P33517,0
DB00126,P03956,0
DB00126,Q04416,0
DB00126,Q08460,0
DB00126,P49915,0
DB00126,P32004,0
DB00126,O52646,0
DB00126,P35346,0
DB00126,P0AEG4,0
DB00126,P33673,0
DB00126,P42085,0
DB00126,P00132,0
DB00126,P14900,0
DB00126,P19801,0
DB00126,P14555,0
DB00126,Q07011,0
DB06771,P43700,1
DB06771,P43702,1
DB06771,P72524,1
DB06771,P72525,1
DB06771,Q16099,0
DB06771,Q9NZK7,0
DB06771,P22262,0
DB06771,P27338,0
DB07791,P24941,1
DB07791,P48357,0
DB07212,P03951,1
DB07212,P51671,0
DB05134,P07900,1
DB05134,P08238,1
DB05134,P08870,0
DB05134,C0H5H0,0
DB02994,P11488,1
DB02994,P15121,1
DB02994,P29474,1
DB02994,Q8GBW6,0
DB02994,P55072,0
DB02994,P23827,0
DB01652,O68600,1
DB01652,P56653,1
DB01652,P9WN38,0
DB01652,P9WPB7,0
DB01148,P08172,1
DB01148,P11229,1
DB01148,P09147,0
DB01148,Q9UKV0,0
DB03709,P00747,1
DB03709,P41052,1
DB03709,P9WIQ1,1
DB03709,Q9X6R4,0
DB03709,Q08853,0
DB03709,P00803,0
DB02951,P0A6L6,1
DB02951,Q07412,1
DB02951,P60723,0
DB02951,P19021,0
DB00377,P46098,1
DB00377,P06850,0
DB04580,Q57VC7,1
DB04580,O43447,0
DB15494,P30872,1
DB15494,P30874,1
DB15494,P32745,1
DB15494,P35346,1
DB15494,P05160,0
DB15494,O95255,0
DB15494,P77398,0
DB15494,P9WGV3,0
DB00450,P14416,1
DB00450,P35348,1
DB00450,Q9UHC9,0
DB00450,Q9WYT0,0
DB00378,P06401,1
DB00378,P09525,0
DB06884,P48552,1
DB06884,P62508,1
DB06884,P06732,0
DB06884,P23297,0
DB08158,Q8AAK6,1
DB08158,P30530,0
DB04315,O07347,1
DB04315,O60547,1
DB04315,P01112,1
DB04315,P0A7D4,1
DB04315,P10114,1
DB04315,P11233,1
DB04315,P11488,1
DB04315,P13551,1
DB04315,P13639,1
DB04315,P15170,1
DB04315,P15531,1
DB04315,P18085,1
DB04315,P20339,1
DB04315,P21980,1
DB04315,P22392,1
DB04315,P32056,1
DB04315,P36405,1
DB04315,P38424,1
DB04315,P40616,1
DB04315,P41091,1
DB04315,P49411,1
DB04315,P51149,1
DB04315,P51151,1
DB04315,P60339,1
DB04315,P60953,1
DB04315,P61586,1
DB04315,P62330,1
DB04315,P62491,1
DB04315,P62826,1
DB04315,P63000,1
DB04315,P63096,1
DB04315,P68104,1
DB04315,P84077,1
DB04315,P9WN95,1
DB04315,Q01698,1
DB04315,Q08188,1
DB04315,Q15382,1
DB04315,Q26000,1
DB04315,Q51366,1
DB04315,Q54089,1
DB04315,Q6NXR0,1
DB04315,Q7Z2Z2,1
DB04315,Q83JC4,1
DB04315,Q8N142,1
DB04315,Q92930,1
DB04315,Q96KC2,1
DB04315,Q9U8D3,1
DB04315,Q9X1F8,1
DB04315,Q9X242,1
DB04315,Q9Y689,1
DB04315,Q9Y6B6,1
DB04315,Q969S2,0
DB04315,Q8TF76,0
DB04315,P30988,0
DB04315,Q9Y6K9,0
DB04315,P08373,0
DB04315,P50618,0
DB04315,Q86YB8,0
DB04315,Q8I5H4,0
DB04315,Q9Y646,0
DB04315,Q96GD0,0
DB04315,P49619,0
DB04315,Q15118,0
DB04315,Q9S400,0
DB04315,Q8NER1,0
DB04315,Q92876,0
DB04315,Q9RQB9,0
DB04315,B7JBP8,0
DB04315,P0ABK9,0
DB04315,P33402,0
DB04315,Q9H2M3,0
DB04315,P06748,0
DB04315,P52045,0
DB04315,P53609,0
DB04315,P29401,0
DB04315,A5HEI4,0
DB04315,P9WI81,0
DB04315,Q9X0P2,0
DB04315,P0A115,0
DB04315,P00751,0
DB04315,Q46509,0
DB04315,Q9Y5Y9,0
DB04315,O95864,0
DB04315,P02461,0
DB04315,O94766,0
DB04315,Q57193,0
DB04315,Q14956,0
DB04315,P08865,0
DB04315,P09758,0
DB04315,P9WN25,0
DB04315,P06702,0
DB04315,P42338,0
DB04315,P27708,0
DB04315,P11362,0
DB04315,Q13547,0
DB04315,P9WGY3,0
DB04315,Q9X0V0,0
DB04315,P00738,0
DB04315,P59846,0
DB04315,P14867,0
DB04315,P54578,0
DB04315,P37108,0
DB02359,P07900,1
DB02359,P11349,0
DB08239,P52732,1
DB08239,Q92831,0
DB05659,P0A3M5,1
DB05659,P0AD69,1
DB05659,Q04707,1
DB05659,Q7L7X3,0
DB05659,P22695,0
DB05659,Q9FA38,0
DB00942,P11229,1
DB00942,P35225,0
DB06543,P25963,1
DB06543,P06149,0
DB02959,Q9RVD6,1
DB02959,Q8Z2X8,0
DB07696,P42574,1
DB07696,Q81C15,0
DB01899,P08877,1
DB01899,O33199,0
DB01053,A0A0H2XJ39,1
DB01053,P46059,1
DB01053,Q16348,1
DB01053,Q8TCC7,1
DB01053,P25021,0
DB01053,Q8N543,0
DB01053,Q9KWU1,0
DB01053,Q8MU52,0
DB08316,P24182,1
DB08316,P07026,0
DB07739,P11086,1
DB07739,P23786,0
DB01332,P02918,1
DB01332,P02919,1
DB01332,P08506,1
DB01332,P22455,0
DB01332,Q16498,0
DB01332,P02753,0
DB07407,P0AE18,1
DB07407,P0AB87,0
DB04933,O00206,1
DB04933,Q13131,0
DB05928,O75469,1
DB05928,P00811,0
DB01173,O15399,1
DB01173,O60391,1
DB01173,P23975,1
DB01173,P35367,1
DB01173,Q05586,1
DB01173,Q8TCU5,1
DB01173,Q9Y5Y9,1
DB01173,P52848,0
DB01173,P0AEB3,0
DB01173,Q96NX5,0
DB01173,P51648,0
DB01173,O15342,0
DB01173,P14621,0
DB01173,P26466,0
DB03890,Q9UNI1,1
DB03890,P12104,0
DB08070,P17612,1
DB08070,P61925,1
DB08070,Q8KN66,0
DB08070,Q70AC7,0
DB04647,P0AEB2,1
DB04647,P0AEB3,1
DB04647,P77173,0
DB04647,P84098,0
DB06436,P35968,1
DB06436,P15538,0
DB04679,P16442,1
DB04679,P05798,0
DB12702,Q13639,1
DB12702,P0C2P0,0
DB03859,P37700,1
DB03859,P04406,0
DB07349,P09152,1
DB07349,P11349,1
DB07349,P11350,1
DB07349,P60844,1
DB07349,P74334,0
DB07349,P43522,0
DB07349,P22340,0
DB07349,Q93LD7,0
DB02671,P02144,1
DB02671,P23222,1
DB02671,Q9X266,0
DB02671,O95644,0
DB03221,P00918,1
DB03221,O75469,0
DB08445,P27487,1
DB08445,O68600,0
DB08085,P10828,1
DB08085,P00846,0
DB09275,O25926,1
DB09275,P29717,0
DB02527,P0ACJ8,1
DB02527,P10644,1
DB02527,P31323,1
DB02527,P94182,1
DB02527,Q98GN8,1
DB02527,Q9UL51,1
DB02527,P42892,0
DB02527,Q9BUF5,0
DB02527,Q03426,0
DB02527,P77967,0
DB02527,P62714,0
DB02527,Q99542,0
DB07078,O14757,1
DB07078,Q57265,0
DB02262,P05020,1
DB02262,P08870,1
DB02262,P0A7E1,1
DB02262,Q02127,1
DB02262,Q53ZE5,1
DB02262,Q96C24,0
DB02262,Q6IA69,0
DB02262,P31358,0
DB02262,P62617,0
DB02262,P97253,0
DB02660,Q07343,1
DB02660,P49902,0
DB04307,P27338,1
DB04307,Q8WVQ1,0
DB03273,P23526,1
DB03273,Q9WZC2,0
DB07521,P00734,1
DB07521,P27142,0
DB13919,P30556,1
DB13919,P05230,0
DB01771,P07477,1
DB01771,Q6LFH8,0
DB00215,P31645,1
DB00215,P35367,1
DB00215,P02788,0
DB00215,P06126,0
DB02795,P04054,1
DB02795,Q9NZK7,1
DB02795,P06396,0
DB02795,Q7NSZ5,0
DB02285,P02792,1
DB02285,A0A045ISQ8,0
DB07474,P08069,1
DB07474,P55072,0
DB04419,P00439,1
DB04419,P01270,1
DB04419,P20823,1
DB04419,O15403,0
DB04419,P16278,0
DB04419,P0AFM2,0
DB12555,P28223,1
DB12555,P0AG16,0
DB07208,P37231,1
DB07208,P31323,0
DB02754,P07900,1
DB02754,P08238,1
DB02754,P47985,0
DB02754,P22234,0
DB07375,P01834,1
DB07375,P01857,1
DB07375,P01859,1
DB07375,P06310,1
DB07375,P25021,0
DB07375,Q6ZZJ1,0
DB07375,P12821,0
DB07375,P08149,0
DB03292,P78330,1
DB03292,Q9P2W7,0
DB07840,P11362,1
DB07840,P51884,0
DB03607,P00780,1
DB03607,Q9WZ40,0
DB00929,P34995,1
DB00929,P35408,1
DB00929,P43115,1
DB00929,P43116,1
DB00929,P0A6I8,0
DB00929,Q9UJ90,0
DB00929,Q51792,0
DB00929,Q8N159,0
DB04235,P80404,1
DB04235,Q9X278,0
DB01807,Q16539,1
DB01807,Q6PIU1,0
DB01982,Q9KWT5,1
DB01982,Q9KWT6,1
DB01982,Q8IJT2,0
DB01982,P05089,0
DB06393,P08908,1
DB06393,P31723,0
DB04476,P80188,1
DB04476,P33032,0
DB04045,Q8GBW6,1
DB04045,P33527,0
DB02362,P00438,1
DB02362,P20586,1
DB02362,Q8TCT1,0
DB02362,Q820T1,0
DB08170,P09237,1
DB08170,P04217,0
DB03256,O95954,1
DB03256,P77398,1
DB03256,Q5KUI2,1
DB03256,Q9AGP8,1
DB03256,Q9WY54,1
DB03256,Q7SIE9,0
DB03256,Q9NR97,0
DB03256,Q46704,0
DB03256,P49411,0
DB03256,Q9Y478,0
DB02130,P26602,1
DB02130,P80371,0
DB00281,P00533,1
DB00281,P02763,1
DB00281,P19652,1
DB00281,P35499,1
DB00281,Q14524,1
DB00281,Q15858,1
DB00281,Q9Y5Y9,1
DB00281,Q00740,0
DB00281,P36946,0
DB00281,P06850,0
DB00281,Q8VUS8,0
DB00281,Q8WXA8,0
DB00281,Q9XBQ3,0
DB00281,P0AD65,0
DB07902,P53582,1
DB07902,Q12797,0
DB06518,Q16539,1
DB06518,Q9KWU1,0
DB04407,P24941,1
DB04407,P04004,0
DB04027,P06732,1
DB04027,P28676,0
DB02047,P23219,1
DB02047,P12429,0
DB14635,O15440,1
DB14635,P09211,1
DB14635,P11473,1
DB14635,P16152,1
DB14635,P37231,1
DB14635,P48551,0
DB14635,P35408,0
DB14635,P09546,0
DB14635,P37672,0
DB14635,Q16539,0
DB03927,P15555,1
DB03927,O95819,0
DB05351,O94760,1
DB05351,P20648,1
DB05351,P51164,1
DB05351,P13073,0
DB05351,Q9A1X4,0
DB05351,Q9ZB17,0
DB07565,P24093,1
DB07565,Q01581,0
DB00621,P10275,1
DB00621,O15350,0
DB04427,P25779,1
DB04427,Q59721,0
DB08827,P55157,1
DB08827,Q7BJM5,0
DB01444,P35372,1
DB01444,P41143,1
DB01444,P06850,0
DB01444,Q8VUT0,0
DB01923,P39304,1
DB01923,P0AD65,0
DB04463,P16152,1
DB04463,P37093,0
DB07686,P24941,1
DB07686,Q15375,0
DB07202,P07333,1
DB07202,Q9TY94,0
DB04776,O00764,1
DB04776,P01589,0
DB07397,P22894,1
DB07397,P47229,0
DB01082,P0A7S3,1
DB01082,Q9UM07,1
DB01082,P48549,0
DB01082,Q75Y35,0
DB08427,P19080,1
DB08427,P02768,0
DB06888,P24941,1
DB06888,P41595,0
DB08324,P25084,1
DB08324,P04406,0
DB07382,O75460,1
DB07382,P07711,0
DB01577,P08913,1
DB01577,P18089,1
DB01577,P18825,1
DB01577,P21397,1
DB01577,P23975,1
DB01577,P27338,1
DB01577,P31645,1
DB01577,P54219,1
DB01577,Q01959,1
DB01577,Q05940,1
DB01577,Q96RJ0,1
DB01577,P45984,0
DB01577,P06858,0
DB01577,Q23022,0
DB01577,P09147,0
DB01577,Q15116,0
DB01577,P37268,0
DB01577,Q06174,0
DB01577,Q939N4,0
DB01577,Q15208,0
DB01577,P00395,0
DB01577,P11362,0
DB00522,P05981,1
DB00522,A0A024R8I1,0
DB02955,P21554,1
DB02955,P34972,1
DB02955,Q8NER1,1
DB02955,P37330,0
DB02955,P13817,0
DB02955,P00747,0
DB00749,P19793,1
DB00749,P23219,1
DB00749,P35354,1
DB00749,P28070,0
DB00749,P00167,0
DB00749,Q6ZMR3,0
DB00651,P27815,1
DB00651,P29274,1
DB00651,P30542,1
DB00651,Q07343,1
DB00651,Q08493,1
DB00651,Q08499,1
DB00651,P25524,0
DB00651,Q8IKM5,0
DB00651,P19938,0
DB00651,Q4VB53,0
DB00651,P20261,0
DB00651,O14578,0
DB02103,P14625,1
DB02103,P0A2W7,0
DB08295,P04211,1
DB08295,P23083,1
DB08295,P74334,0
DB08295,O15269,0
DB09195,P08913,1
DB09195,P18089,1
DB09195,P18825,1
DB09195,P25100,1
DB09195,P28223,1
DB09195,P28335,1
DB09195,P31645,1
DB09195,P35348,1
DB09195,P35367,1
DB09195,P35368,1
DB09195,O14965,0
DB09195,Q9NZV8,0
DB09195,P0A8V6,0
DB09195,Q9NWZ3,0
DB09195,Q01668,0
DB09195,Q8RLY5,0
DB09195,P0AFG8,0
DB09195,P61987,0
DB09195,P32173,0
DB09195,Q13231,0
DB02034,Q16706,1
DB02034,O60882,0
DB02378,P56817,1
DB02378,Q9H306,0
DB07676,P49841,1
DB07676,Q16566,1
DB07676,P38038,0
DB07676,P41240,0
DB11541,P03372,1
DB11541,Q9KM65,0
DB03455,P60568,1
DB03455,Q06110,0
DB00134,P50579,1
DB00134,Q93088,1
DB00134,Q99707,1
DB00134,Q9H2M3,1
DB00134,Q9UBK8,1
DB00134,Q8I3X4,0
DB00134,Q9I596,0
DB00134,Q9REC4,0
DB00134,P28482,0
DB00134,Q8I3Z5,0
DB07468,Q7Z406,1
DB07468,O15239,0
DB00564,O75469,1
DB00564,P35498,1
DB00564,P35499,1
DB00564,P43681,1
DB00564,Q01118,1
DB00564,Q14524,1
DB00564,Q15858,1
DB00564,Q99250,1
DB00564,Q9NY46,1
DB00564,Q9UI33,1
DB00564,Q9UQD0,1
DB00564,Q9Y5Y9,1
DB00564,P48723,0
DB00564,P11836,0
DB00564,P40394,0
DB00564,Q13085,0
DB00564,P0C278,0
DB00564,P19438,0
DB00564,P13500,0
DB00564,P05155,0
DB00564,P01127,0
DB00564,Q9KQN0,0
DB00564,Q9UK17,0
DB00564,Q01234,0
DB01395,P04150,1
DB01395,P06401,1
DB01395,P08235,1
DB01395,P10275,1
DB01395,P35558,0
DB01395,C0H419,0
DB01395,Q9GZT9,0
DB01395,Q9NSD9,0
DB00751,P08913,1
DB00751,P25021,1
DB00751,P28223,1
DB00751,P34969,1
DB00751,P35348,1
DB00751,P35367,1
DB00751,O43272,0
DB00751,Q12866,0
DB00751,Q7SIB1,0
DB00751,P06126,0
DB00751,P0AC44,0
DB00751,P0AF14,0
DB06959,P17612,1
DB06959,P61925,1
DB06959,Q08345,0
DB06959,Q9EXV5,0
DB14754,P23975,1
DB14754,Q01959,1
DB14754,P48443,0
DB14754,Q96L34,0
DB08090,Q08638,1
DB08090,Q9Y2Q3,0
DB02481,P00325,1
DB02481,O76054,0
DB00458,O95259,1
DB00458,P08172,1
DB00458,P08173,1
DB00458,P08908,1
DB00458,P08912,1
DB00458,P11229,1
DB00458,P14416,1
DB00458,P19652,1
DB00458,P20309,1
DB00458,P21728,1
DB00458,P21918,1
DB00458,P23975,1
DB00458,P25100,1
DB00458,P28223,1
DB00458,P28335,1
DB00458,P31645,1
DB00458,P34969,1
DB00458,P35348,1
DB00458,P35367,1
DB00458,P35368,1
DB00458,P50406,1
DB00458,Q01959,1
DB00458,Q12809,1
DB00458,Q9NZV8,1
DB00458,Q9UK17,1
DB00458,Q9ULB1,0
DB00458,Q86US8,0
DB00458,Q13258,0
DB00458,Q16659,0
DB00458,P26391,0
DB00458,Q9HB40,0
DB00458,Q99835,0
DB00458,P11177,0
DB00458,P74645,0
DB00458,O43272,0
DB00458,P72524,0
DB00458,Q16515,0
DB00458,P10696,0
DB00458,P01589,0
DB00458,P51648,0
DB00458,P83791,0
DB00458,Q9C098,0
DB00458,P45059,0
DB00458,P18545,0
DB00458,P27361,0
DB00458,P48065,0
DB00458,Q8GBW6,0
DB00458,Q92930,0
DB00458,Q13131,0
DB00458,P13645,0
DB06292,P31639,1
DB06292,P9WHE9,0
DB01885,P00722,1
DB01885,Q9Y266,0
DB06471,P30542,1
DB06471,Q7SI98,0
DB14530,P00167,1
DB14530,Q59FK2,0
DB01233,P11229,1
DB01233,P14416,1
DB01233,P46098,1
DB01233,Q13639,1
DB01233,Q9P2E9,0
DB01233,P20618,0
DB01233,O34598,0
DB01233,Q9Y663,0
DB02311,P62942,1
DB02311,P11137,0
DB02685,P07858,1
DB02685,Q9ZGH3,0
DB00310,P00915,1
DB00310,Q13621,1
DB00310,P35913,0
DB00310,Q6A8X5,0
DB06828,P09960,1
DB06828,P0A759,0
DB02501,P76216,1
DB02501,Q16773,0
DB08108,P14900,1
DB08108,Q8NFJ5,0
DB00952,P08908,1
DB00952,P28221,1
DB00952,P28222,1
DB00952,P30939,1
DB00952,P33032,0
DB00952,P02929,0
DB00952,P29957,0
DB00952,P54578,0
DB00759,C9EH48,1
DB00759,P02359,1
DB00759,P04156,1
DB00759,P0A7U3,1
DB00759,P0A7V3,1
DB00759,P0A7W7,1
DB00759,P0AG59,1
DB00759,Q9UM07,1
DB00759,Q8L103,0
DB00759,Q15761,0
DB00759,P20292,0
DB00759,P45059,0
DB00759,P28790,0
DB00759,Q9X242,0
DB00759,P32056,0
DB00759,P77444,0
DB08568,P17612,1
DB08568,P61925,1
DB08568,Q14012,0
DB08568,Q4ZHU6,0
DB00138,O60931,1
DB00138,Q9UPY5,1
DB00138,P21917,0
DB00138,O52646,0
DB08476,P22894,1
DB08476,P78508,0
DB00303,P02918,1
DB00303,P02919,1
DB00303,P08506,1
DB00303,P0AD65,1
DB00303,P0AD68,1
DB00303,P24228,1
DB00303,P44469,1
DB00303,P45059,1
DB00303,P01834,0
DB00303,Q93LD7,0
DB00303,O76054,0
DB00303,Q9HD40,0
DB00303,P63316,0
DB00303,P47898,0
DB00303,P47869,0
DB00303,P10253,0
DB04007,P9WNX1,1
DB04007,P49424,0
DB09128,P08908,1
DB09128,P14416,1
DB09128,P18825,1
DB09128,P28223,1
DB09128,P35368,1
DB09128,P01768,0
DB09128,P07110,0
DB09128,Q01814,0
DB09128,Q9H2P9,0
DB09128,P41407,0
DB06350,Q9H244,1
DB06350,Q56313,0
DB03813,P0A6Q3,1
DB03813,P0A6Q5,1
DB03813,Q9ZAG3,0
DB03813,Q8TDU6,0
DB14642,P30518,1
DB14642,P37288,1
DB14642,P47901,1
DB14642,P20906,0
DB14642,P12676,0
DB14642,P35408,0
DB06288,P14416,1
DB06288,P28223,1
DB06288,P34969,1
DB06288,P35462,1
DB06288,P49019,0
DB06288,O15440,0
DB06288,P60953,0
DB06288,P46439,0
DB03877,P00918,1
DB03877,P00491,0
DB08234,A0A0M3KKX1,1
DB08234,P00374,1
DB08234,P0A017,1
DB08234,Q81R22,1
DB08234,P35094,0
DB08234,Q84EX5,0
DB08234,Q15125,0
DB08234,Q9BXA7,0
DB05295,P11473,1
DB05295,Q75Y35,0
DB03087,Q8WX39,1
DB03087,P44490,0
DB07070,Q03181,1
DB07070,Q96RI1,0
DB07313,P50579,1
DB07313,P0AFI7,0
DB00600,P14679,1
DB00600,P48181,0
DB07041,P43813,1
DB07041,Q837V6,1
DB07041,Q9Y6J6,0
DB07041,Q56310,0
DB07260,P09960,1
DB07260,Q8TD08,0
DB05431,P09917,1
DB05431,Q8TDR2,0
DB06834,P43405,1
DB06834,P80357,0
DB02107,Q6UWN8,1
DB02107,P49368,0
DB06732,P03372,1
DB06732,P10589,1
DB06732,P11474,1
DB06732,P35869,1
DB06732,Q16678,1
DB06732,P42345,0
DB06732,Q9KIE5,0
DB06732,Q9Y6B6,0
DB06732,O95665,0
DB06732,Q8N568,0
DB09282,P33402,1
DB09282,Q9HVJ6,0
DB04232,P08254,1
DB04232,P45973,0
DB11363,Q9UM73,1
DB11363,Q96L42,0
DB02091,P20248,1
DB02091,P24941,1
DB02091,P29803,0
DB02091,Q59560,0
DB05943,P31785,1
DB05943,P32927,1
DB05943,P00808,0
DB05943,Q8IDQ9,0
DB04448,P00326,1
DB04448,Q16518,0
DB02057,P42262,1
DB02057,P71447,0
DB11496,P07202,1
DB11496,P27815,0
DB04790,P07477,1
DB04790,Q9HTN2,0
DB03454,P47228,1
DB03454,P80294,0
DB06923,P07477,1
DB06923,P55011,0
DB00970,P11388,1
DB00970,Q02880,1
DB00970,Q6PEY2,0
DB00970,Q75Y35,0
DB08024,P27487,1
DB08024,Q52546,0
DB00278,P00734,1
DB00278,Q836J0,0
DB07813,Q7MUW6,1
DB07813,Q15858,0
DB04012,P62942,1
DB04012,P04377,0
DB08335,P14174,1
DB08335,P09172,0
DB01700,P31939,1
DB01700,P25053,0
DB08077,P68871,1
DB08077,P69905,1
DB08077,Q9NPC2,0
DB08077,P07986,0
DB04180,P00918,1
DB04180,Q95460,0
DB08672,P27487,1
DB08672,P38606,0
DB02187,P03372,1
DB02187,P14061,1
DB02187,P19801,0
DB02187,Q7MUW6,0
DB01407,P01138,1
DB01407,P01375,1
DB01407,P07550,1
DB01407,P08588,1
DB01407,P13945,1
DB01407,P83792,0
DB01407,P77454,0
DB01407,O14818,0
DB01407,O95382,0
DB01407,P20138,0
DB07645,P68871,1
DB07645,P69905,1
DB07645,Q7LG56,0
DB07645,P13817,0
DB07181,P27487,1
DB07181,P09493,0
DB04803,P09601,1
DB04803,Q56308,0
DB07763,O14949,1
DB07763,O14957,1
DB07763,P00156,1
DB07763,P07919,1
DB07763,P08574,1
DB07763,P14927,1
DB07763,P22695,1
DB07763,P31930,1
DB07763,P47985,1
DB07763,Q9UDW1,1
DB07763,O25927,0
DB07763,P26439,0
DB07763,Q59721,0
DB07763,P0ABQ0,0
DB07763,P06730,0
DB07763,O68874,0
DB07763,P22262,0
DB07763,Q9X108,0
DB07763,Q9NPA2,0
DB07763,P62241,0
DB09061,F1T0I5,1
DB09061,O43497,1
DB09061,O75311,1
DB09061,O75762,1
DB09061,O95180,1
DB09061,P00390,1
DB09061,P00441,1
DB09061,P04035,1
DB09061,P04040,1
DB09061,P05093,1
DB09061,P05177,1
DB09061,P08908,1
DB09061,P10635,1
DB09061,P14902,1
DB09061,P15559,1
DB09061,P20815,1
DB09061,P21554,1
DB09061,P21796,1
DB09061,P23219,1
DB09061,P23415,1
DB09061,P24462,1
DB09061,P24752,1
DB09061,P28223,1
DB09061,P30542,1
DB09061,P34972,1
DB09061,P35354,1
DB09061,P35372,1
DB09061,P36544,1
DB09061,P37231,1
DB09061,P41143,1
DB09061,P46098,1
DB09061,P47775,1
DB09061,P48167,1
DB09061,Q02083,1
DB09061,Q14330,1
DB09061,Q16678,1
DB09061,Q7Z2W7,1
DB09061,Q8NER1,1
DB09061,Q8NET8,1
DB09061,Q9HBA0,1
DB09061,Q9P0X4,1
DB09061,Q9Y2T6,1
DB09061,Q9Y5S1,1
DB09061,P16444,0
DB09061,P82543,0
DB09061,Q16651,0
DB09061,P10768,0
DB09061,O75636,0
DB09061,O14957,0
DB09061,A0A0H2Z368,0
DB09061,Q08499,0
DB09061,P30749,0
DB09061,Q16568,0
DB09061,Q5SLP8,0
DB09061,P07357,0
DB09061,Q9R381,0
DB09061,P06400,0
DB09061,Q9UJU2,0
DB09061,Q06418,0
DB09061,Q8RQE7,0
DB09061,P9WN95,0
DB09061,Q00169,0
DB09061,P02452,0
DB09061,P43353,0
DB09061,Q01770,0
DB09061,Q12851,0
DB09061,Q9UK32,0
DB09061,P0AEX9,0
DB09061,P02788,0
DB09061,P0A1X2,0
DB09061,Q9GZR5,0
DB09061,P61177,0
DB09061,P52045,0
DB09061,P51582,0
DB09061,P0C1U9,0
DB09061,P11233,0
DB09061,P08306,0
DB09061,P21266,0
DB09061,P60355,0
DB09061,P14543,0
DB09061,P49747,0
DB09061,Q54089,0
DB09061,P50618,0
DB09061,Q9X5N2,0
DB09061,Q9X286,0
DB09061,O14791,0
DB12445,P23219,1
DB12445,Q07021,0
DB14074,Q8T6S0,1
DB14074,P31358,0
DB04643,P11217,1
DB04643,P43876,0
DB00663,P04150,1
DB00663,P55055,0
DB03939,P25524,1
DB03939,Q55813,0
DB07291,Q3JUV5,1
DB07291,P48448,0
DB08221,Q02763,1
DB08221,Q8WTV0,0
DB03748,P33247,1
DB03748,P45954,0
DB11093,O14958,1
DB11093,O75340,1
DB11093,O75838,1
DB11093,P04271,1
DB11093,P06703,1
DB11093,P09486,1
DB11093,P0DP23,1
DB11093,P0DP24,1
DB11093,P0DP25,1
DB11093,P13693,1
DB11093,P22676,1
DB11093,P27797,1
DB11093,P27824,1
DB11093,P28676,1
DB11093,P30626,1
DB11093,P31415,1
DB11093,P41180,1
DB11093,P62166,1
DB11093,P80303,1
DB11093,Q02818,1
DB11093,Q13938,1
DB11093,Q15493,1
DB11093,Q86UW7,1
DB11093,Q96FQ6,1
DB11093,Q96L12,1
DB11093,Q99584,1
DB11093,Q99653,1
DB11093,Q99828,1
DB11093,Q9UBV8,1
DB11093,Q9ULB1,1
DB11093,Q9ULU8,1
DB11093,P19571,0
DB11093,P0AE22,0
DB11093,P31133,0
DB11093,P23921,0
DB11093,P31949,0
DB11093,P39805,0
DB11093,P43522,0
DB11093,Q9UI33,0
DB11093,P35520,0
DB11093,P45314,0
DB11093,P22301,0
DB11093,P35408,0
DB11093,P48551,0
DB11093,P10943,0
DB11093,O34974,0
DB11093,P53004,0
DB11093,Q9UBF8,0
DB11093,P14193,0
DB11093,Q8N159,0
DB11093,Q16498,0
DB11093,Q15637,0
DB11093,Q9HU22,0
DB11093,Q9UQM7,0
DB11093,P36404,0
DB11093,P29034,0
DB11093,P16870,0
DB11093,Q9H3M0,0
DB11093,Q02763,0
DB11093,Q01082,0
DB11093,P04004,0
DB11093,P77541,0
DB00708,P35372,1
DB00708,P41143,1
DB00708,P41145,1
DB00708,Q13488,0
DB00708,P62219,0
DB00708,P0A6Y5,0
DB00149,O15382,1
DB00149,O60294,1
DB00149,P54687,1
DB00149,Q15031,1
DB00149,Q9P2J5,1
DB00149,Q9UIC8,1
DB00149,P14061,0
DB00149,P78356,0
DB00149,O14792,0
DB00149,P01589,0
DB00149,Q13574,0
DB00149,Q8NG66,0
DB00456,P00811,1
DB00456,P0A3M6,1
DB00456,P15555,1
DB00456,Q75Y35,1
DB00456,Q7CRA4,1
DB00456,Q8DNB6,1
DB00456,Q8DR59,1
DB00456,Q8XJ01,1
DB00456,Q8KI25,0
DB00456,P50618,0
DB00456,P35968,0
DB00456,Q15842,0
DB00456,Q56408,0
DB00456,O31410,0
DB00456,Q9C098,0
DB00456,Q5SHZ4,0
DB01536,P14060,1
DB01536,P14061,1
DB01536,P42330,1
DB01536,Q00441,1
DB01536,Q5SHP2,0
DB01536,P09467,0
DB01536,Q96L21,0
DB01536,P31153,0
DB08318,P24182,1
DB08318,P04271,0
DB02124,Q51792,1
DB02124,Q9GZT4,0
DB07154,P27487,1
DB07154,Q8I3Z5,0
DB03338,P62942,1
DB03338,Q03181,1
DB03338,Q12882,0
DB03338,Q9Y478,0
DB05424,P00533,1
DB05424,P56282,0
DB07084,P02931,1
DB07084,O60547,0
DB04545,O85465,1
DB04545,Q08638,1
DB04545,Q79G13,1
DB04545,P05093,0
DB04545,P01009,0
DB04545,P31644,0
DB03501,P15291,1
DB03501,P16442,1
DB03501,Q14376,1
DB03501,Q1LCS4,0
DB03501,O60656,0
DB03501,P33905,0
DB07800,P00742,1
DB07800,Q9NYY3,0
DB01196,P03372,1
DB01196,P11137,1
DB01196,Q92731,1
DB01196,P83849,0
DB01196,P0A4L9,0
DB01196,P45381,0
DB07792,P11217,1
DB07792,Q8WU08,0
DB04036,P26440,1
DB04036,Q9Y6R4,0
DB03600,P09958,1
DB03600,P0A953,1
DB03600,P37231,1
DB03600,P9WK83,1
DB03600,Q51911,1
DB03600,Q6ZZJ1,1
DB03600,Q9NZD2,1
DB03600,P13423,0
DB03600,P29894,0
DB03600,A0A0H2WWQ9,0
DB03600,Q9GZZ6,0
DB03600,Q9KIE5,0
DB03600,Q9HCC0,0
DB03600,O95298,0
DB08312,P24941,1
DB08312,Q47NK3,0
DB12831,P00734,1
DB12831,P00747,1
DB12831,P03952,1
DB12831,P06307,0
DB12831,Q9RHZ6,0
DB12831,P0A6R0,0
DB08495,P00742,1
DB08495,P01850,0
DB08199,P52700,1
DB08199,Q93D82,0
DB00487,P11388,1
DB00487,P43700,1
DB00487,P43702,1
DB00487,Q06AK7,1
DB00487,Q06319,0
DB00487,P20906,0
DB00487,P05162,0
DB00487,Q9BQB6,0
DB03016,P07477,1
DB03016,O43766,0
DB02052,P06493,1
DB02052,P24941,1
DB02052,P35869,1
DB02052,P49841,1
DB02052,Q00535,1
DB02052,Q15078,1
DB02052,P0A3M5,0
DB02052,O15374,0
DB02052,Q13285,0
DB02052,P49448,0
DB02052,P21980,0
DB02052,P06881,0
DB06157,P05023,1
DB06157,P16615,1
DB06157,P09758,0
DB06157,Q8XB74,0
DB08465,P08238,1
DB08465,P14625,1
DB08465,Q99572,0
DB08465,P96618,0
DB03586,P31434,1
DB03586,Q9WZI0,0
DB07383,P17538,1
DB07383,P14751,0
DB01466,P35372,1
DB01466,Q9H4M7,0
DB09059,P30518,1
DB09059,P30559,1
DB09059,P37288,1
DB09059,P47901,1
DB09059,Q8IB72,0
DB09059,Q8NFW8,0
DB09059,P63151,0
DB09059,Q99714,0
DB03596,P00918,1
DB03596,Q9Y5Y9,0
DB01260,P04150,1
DB01260,Q9H4B4,0
DB07320,O14757,1
DB07320,Q9KWU1,0
DB01698,P16152,1
DB01698,P42330,1
DB01698,P09619,0
DB01698,P22637,0
DB08730,Q16539,1
DB08730,P50440,0
DB02969,P39593,1
DB02969,Q9H4M7,0
DB00946,Q9BQB6,1
DB00946,P06753,0
DB04246,P07477,1
DB04246,Q9Z4P0,0
DB08698,Q9ZLT0,1
DB08698,P10412,0
DB08482,P03956,1
DB08482,P51511,0
DB03719,P14625,1
DB03719,P16144,0
DB00279,P10827,1
DB00279,P10828,1
DB00279,P12004,1
DB00279,Q04759,0
DB00279,Q53119,0
DB00279,P49915,0
DB07929,P28702,1
DB07929,Q13133,1
DB07929,Q9WZX6,0
DB07929,P0AD69,0
DB06986,P11217,1
DB06986,P29320,0
DB02553,P00390,1
DB02553,P14784,0
DB00178,P12821,1
DB00178,P46663,1
DB00178,Q9Y5N1,0
DB00178,P17931,0
DB02680,P49424,1
DB02680,Q15648,0
DB13988,P34969,1
DB13988,P18669,0
DB03899,P07900,1
DB03899,Q72EF3,0
DB07937,Q836J0,1
DB07937,Q96C36,0
DB11611,P20701,1
DB11611,Q9BW91,0
DB05107,P11413,1
DB05107,P51649,0
DB06706,P35348,1
DB06706,Q05940,1
DB06706,P19961,0
DB06706,Q7Z460,0
DB03316,P00780,1
DB03316,P10600,1
DB03316,Q9Y275,1
DB03316,Q9Y6I3,1
DB03316,P16218,0
DB03316,P94690,0
DB03316,Q16773,0
DB03316,P12931,0
DB15035,O60674,1
DB15035,P00533,1
DB15035,P04626,1
DB15035,P06239,1
DB15035,P09769,1
DB15035,P42680,1
DB15035,P42681,1
DB15035,P42685,1
DB15035,P51451,1
DB15035,P51813,1
DB15035,P52333,1
DB15035,Q06187,1
DB15035,Q08881,1
DB15035,Q13882,1
DB15035,Q15303,1
DB15035,P9WPX7,0
DB15035,Q9P0J0,0
DB15035,Q56268,0
DB15035,Q15637,0
DB15035,P49591,0
DB15035,Q06323,0
DB15035,A5X5Y0,0
DB15035,P06632,0
DB15035,O95747,0
DB15035,P0A915,0
DB15035,O75438,0
DB15035,P60906,0
DB15035,P11309,0
DB15035,P40926,0
DB15035,Q9GZU7,0
DB01024,P12268,1
DB01024,P20839,1
DB01024,P0A6M2,0
DB01024,O75838,0
DB08200,P06276,1
DB08200,Q9NXB9,0
DB01206,Q9H169,1
DB01206,O95954,0
DB07623,P11509,1
DB07623,Q9BQB4,0
DB08271,O60882,1
DB08271,P08254,1
DB08271,P09238,1
DB08271,P39900,1
DB08271,Q672W7,0
DB08271,P01303,0
DB08271,Q07820,0
DB08271,P09172,0
DB04883,P25101,1
DB04883,Q9GZT4,0
DB11973,P01133,1
DB11973,P04626,1
DB11973,P54760,1
DB11973,Q59FK2,0
DB11973,P41020,0
DB11973,P9WPP7,0
DB00855,P13716,1
DB00855,P06276,0
DB07426,P60472,1
DB07426,P10275,0
DB05968,P01375,1
DB05968,P38435,0
DB07580,P02743,1
DB07580,P22073,0
DB01618,P08908,1
DB01618,P11229,1
DB01618,P14416,1
DB01618,P28223,1
DB01618,Q52546,0
DB01618,P76577,0
DB01618,P28793,0
DB01618,Q96AE4,0
DB07526,P52699,1
DB07526,P48449,0
DB07248,Q05397,1
DB07248,P51679,0
DB11718,P15056,1
DB11718,P24385,1
DB11718,P33981,0
DB11718,O75912,0
DB04590,P08709,1
DB04590,O15239,0
DB05015,O15379,1
DB05015,P56524,1
DB05015,Q13547,1
DB05015,Q8WUI4,1
DB05015,Q92769,1
DB05015,Q969S8,1
DB05015,Q96DB2,1
DB05015,Q9BY41,1
DB05015,Q9UBN7,1
DB05015,Q9UKV0,1
DB05015,Q9UQL6,1
DB05015,P10398,0
DB05015,Q01726,0
DB05015,P04234,0
DB05015,P08173,0
DB05015,P35372,0
DB05015,Q9Y5Y4,0
DB05015,P83453,0
DB05015,P62241,0
DB05015,P28221,0
DB05015,Q86VZ1,0
DB05015,O00305,0
DB02579,P0AD63,1
DB02579,Q3J170,0
DB03886,P00374,1
DB03886,P35270,1
DB03886,Q03393,1
DB03886,O95835,0
DB03886,Q84II6,0
DB03886,P0A8Q3,0
DB03433,P97084,1
DB03433,Q08499,0
DB07446,P39900,1
DB07446,P0AEE5,0
DB02405,P09466,1
DB02405,Q02809,0
DB02451,P04118,1
DB02451,P08100,1
DB02451,P09391,1
DB02451,P16233,1
DB02451,P29972,1
DB02451,P30301,1
DB02451,P48549,1
DB02451,P60063,1
DB02451,P82543,1
DB02451,P98052,1
DB02451,Q146M9,1
DB02451,Q56408,1
DB02451,Q5SJ79,1
DB02451,Q5SJ80,1
DB02451,Q9UDX4,0
DB02451,P30197,0
DB02451,Q14626,0
DB02451,P62669,0
DB02451,P15085,0
DB02451,P08244,0
DB02451,Q9ULD8,0
DB02451,Q9UHC9,0
DB02451,O14874,0
DB02451,O07732,0
DB02451,P31644,0
DB02451,P19080,0
DB02451,Q46822,0
DB02451,Q30154,0
DB05824,Q05586,1
DB05824,P20586,0
DB12340,P10415,1
DB12340,Q92843,1
DB12340,Q92934,1
DB12340,Q93LD7,0
DB12340,P04036,0
DB12340,P12931,0
DB00945,O14920,1
DB00945,O43741,1
DB00945,P01106,1
DB00945,P04637,1
DB00945,P11021,1
DB00945,P12004,1
DB00945,P23219,1
DB00945,P24385,1
DB00945,P25101,1
DB00945,P25963,1
DB00945,P27361,1
DB00945,P28482,1
DB00945,P29466,1
DB00945,P31152,1
DB00945,P35354,1
DB00945,P42574,1
DB00945,P51812,1
DB00945,P54619,1
DB00945,P54646,1
DB00945,P98066,1
DB00945,Q04828,1
DB00945,Q13131,1
DB00945,Q13164,1
DB00945,Q16659,1
DB00945,Q8TD08,1
DB00945,Q9UGI9,1
DB00945,Q9UGJ0,1
DB00945,Q9Y478,1
DB00945,Q5EK40,0
DB00945,P43702,0
DB00945,Q969I3,0
DB00945,P31677,0
DB00945,P9WP23,0
DB00945,Q8XJ01,0
DB00945,Q16445,0
DB00945,P0A7R5,0
DB00945,P0A9J6,0
DB00945,B7JBP8,0
DB00945,Q96CD2,0
DB00945,P30901,0
DB00945,Q9NVS9,0
DB00945,P95468,0
DB00945,P80376,0
DB00945,A0A0H2UXE9,0
DB00945,Q9C0B1,0
DB00945,P09884,0
DB00945,P32929,0
DB00945,P08306,0
DB00945,P27693,0
DB00945,P16422,0
DB00945,Q59GM9,0
DB00945,P39300,0
DB00945,P08729,0
DB00945,P49821,0
DB00945,P18843,0
DB00945,P28702,0
DB01858,P43235,1
DB01858,Q00537,0
DB06533,P37231,1
DB06533,Q07869,1
DB06533,P29395,0
DB06533,P16083,0
DB03698,P42593,1
DB03698,Q9ZK53,0
DB02511,P46881,1
DB02511,P38940,0
DB01592,P00450,1
DB01592,P02786,1
DB01592,P02787,1
DB01592,P02794,1
DB01592,P06746,1
DB01592,P39748,1
DB01592,P69905,1
DB01592,Q16595,1
DB01592,Q969S2,1
DB01592,Q96FI4,1
DB01592,Q9BY41,1
DB01592,Q9GZT9,1
DB01592,Q9NZD4,1
DB01592,P71278,0
DB01592,Q9Y285,0
DB01592,Q9ZK53,0
DB01592,Q7Z460,0
DB01592,O43519,0
DB01592,P33644,0
DB01592,Q9NYR8,0
DB01592,Q14721,0
DB01592,Q96QD8,0
DB01592,Q9RME2,0
DB01592,Q9UJX1,0
DB01592,P62837,0
DB01592,O34453,0
DB03516,P47989,1
DB03516,Q06278,1
DB03516,Q12882,1
DB03516,Q00441,0
DB03516,P60339,0
DB03516,Q9BYZ2,0
DB02306,Q9UKL6,1
DB02306,Q8IWL2,0
DB01274,P07550,1
DB01274,P62166,0
DB07825,P00811,1
DB07825,P15538,0
DB04800,P18031,1
DB04800,Q9KWT6,0
DB02133,P04190,1
DB02133,Q693P7,0
DB03673,P00439,1
DB03673,Q9HYN5,0
DB03663,P24941,1
DB03663,P9WQG9,0
DB02719,P11217,1
DB02719,P0AC47,0
DB04880,Q14432,1
DB04880,P55055,0
DB06094,P04792,1
DB06094,P52732,0
DB11948,P10745,1
DB11948,P0AG59,0
DB02625,Q8I372,1
DB02625,P0A6R0,0
DB07845,P45983,1
DB07845,Q92731,0
DB01760,Q8WX39,1
DB01760,P00722,0
DB05389,Q7L5Y9,1
DB05389,Q86VB7,1
DB05389,Q6UX15,0
DB05389,P01764,0
DB01950,P49841,1
DB01950,P48039,0
DB01336,P08172,1
DB01336,Q15822,1
DB01336,Q59GM9,0
DB01336,P04004,0
DB00637,O95259,1
DB00637,P10636,1
DB00637,P35367,1
DB00637,Q12809,1
DB00637,Q06432,0
DB00637,Q13002,0
DB00637,Q9NSA0,0
DB00637,P04439,0
DB03421,P32890,1
DB03421,P32722,0
DB08423,Q16539,1
DB08423,P30291,0
DB08651,P04390,1
DB08651,Q02880,1
DB08651,Q9BY41,0
DB08651,P67870,0
DB04474,P31151,1
DB04474,P33038,1
DB04474,P9WQN9,0
DB04474,Q96Q83,0
DB04759,P45452,1
DB04759,Q8NI22,0
DB04697,P00734,1
DB04697,Q9NZ42,0
DB07218,P45983,1
DB07218,Q9UQF2,1
DB07218,P24289,0
DB07218,P07771,0
DB01099,P12461,1
DB01099,P26358,1
DB01099,Q8TC12,0
DB01099,O43678,0
DB02041,P28720,1
DB02041,P08603,0
DB08488,P00742,1
DB08488,Q13630,0
DB05552,O00329,1
DB05552,P48736,1
DB05552,Q83QN9,0
DB05552,Q72EF4,0
DB03139,P22629,1
DB03139,Q53547,0
DB08837,P0A334,1
DB08837,Q08460,1
DB08837,Q09470,1
DB08837,Q9UGM1,1
DB08837,Q59FK2,0
DB08837,O75493,0
DB08837,P28305,0
DB08837,O43399,0
DB03012,P15085,1
DB03012,P06881,0
DB08757,P0AE18,1
DB08757,P0A9S1,0
DB08514,P28720,1
DB08514,Q5SKH6,0
DB13857,P06401,1
DB13857,P0C1V1,0
DB08551,P00811,1
DB08551,P62593,1
DB08551,Q9L5C8,1
DB08551,P54578,0
DB08551,P26393,0
DB08551,P12998,0
DB02666,P0A7D4,1
DB02666,P15273,0
DB06460,P24530,1
DB06460,P25101,1
DB06460,P30405,0
DB06460,O66145,0
DB13869,P03372,1
DB13869,Q92731,1
DB13869,P39905,0
DB13869,P51970,0
DB01964,P00918,1
DB01964,O06796,0
DB03163,Q56839,1
DB03163,P63000,0
DB04974,P42345,1
DB04974,Q56408,0
DB08371,P18031,1
DB08371,P54577,1
DB08371,Q8NFA2,0
DB08371,C0H5H0,0
DB03448,P07998,1
DB03448,P34096,1
DB03448,P13981,0
DB03448,Q9NWM0,0
DB02655,P06608,1
DB02655,Q99470,0
DB01303,P27815,1
DB01303,P29274,1
DB01303,P30542,1
DB01303,Q14432,1
DB01303,Q92769,1
DB01303,Q5T6L4,0
DB01303,Q01362,0
DB01303,P19113,0
DB01303,Q16206,0
DB01303,P0A6V8,0
DB01975,O33199,1
DB01975,P83844,1
DB01975,O00187,0
DB01975,Q3JP94,0
DB09080,P07550,1
DB09080,P80380,0
DB04167,Q9RYA6,1
DB04167,Q14330,0
DB04758,P08709,1
DB04758,Q5VZ30,0
DB04178,P12235,1
DB04178,P17213,1
DB04178,Q9Y5K8,0
DB04178,Q8IVS2,0
DB08338,P68400,1
DB08338,Q8N1C3,0
DB14070,P08183,1
DB14070,P31572,0
DB03328,P47989,1
DB03328,P25924,0
DB01164,Q99584,1
DB01164,P30405,0
DB08122,P24941,1
DB08122,P35749,0
DB07704,P28720,1
DB07704,Q9P2K8,0
DB13164,P00533,1
DB13164,P0DM80,0
DB06969,P07900,1
DB06969,P15880,0
DB05034,P16066,1
DB05034,P0A334,0
DB00523,P10276,1
DB00523,P10826,1
DB00523,P13631,1
DB00523,P17936,1
DB00523,P19793,1
DB00523,P28702,1
DB00523,P48443,1
DB00523,Q15238,1
DB00523,Q6V0L0,1
DB00523,Q12866,0
DB00523,Q96C86,0
DB00523,P42336,0
DB00523,Q8KNZ7,0
DB00523,O00217,0
DB00523,P01130,0
DB00523,Q3IWB0,0
DB00523,P34932,0
DB00523,Q8IKM6,0
DB08009,Q96NX5,1
DB08009,Q15139,0
DB05327,P15121,1
DB05327,Q9UL54,0
DB04154,P77173,1
DB04154,Q83QN9,1
DB04154,Q12879,0
DB04154,P30711,0
DB07636,P00156,1
DB07636,P08574,1
DB07636,P14927,1
DB07636,P47985,1
DB07636,Q9UDW1,1
DB07636,P10147,0
DB07636,Q99928,0
DB07636,Q8NEV4,0
DB07636,Q15120,0
DB07636,P12268,0
DB08397,P18031,1
DB08397,Q8I0V4,0
DB00699,P35348,1
DB00699,O95470,0
DB04636,Q16769,1
DB04636,P39377,0
DB01218,P46925,1
DB01218,Q12809,1
DB01218,P11409,0
DB01218,P30197,0
DB09148,P05067,1
DB09148,P08865,0
DB07810,Q9AIU0,1
DB07810,P01593,0
DB13158,P04150,1
DB13158,P40261,0
DB00871,P07550,1
DB00871,P08588,1
DB00871,P13945,1
DB00871,P43490,0
DB00871,P96945,0
DB00871,P11387,0
DB07028,P15121,1
DB07028,P00734,0
DB01032,Q4U2R8,1
DB01032,Q8TCC7,1
DB01032,Q96RD7,1
DB01032,Q9NSA0,1
DB01032,Q9NYV7,1
DB01032,C0H4V6,0
DB01032,Q9BXA7,0
DB01032,P0AEE5,0
DB01032,P0AES6,0
DB01032,Q02834,0
DB11186,P35372,1
DB11186,P35498,1
DB11186,P35499,1
DB11186,P41145,1
DB11186,Q01118,1
DB11186,Q12809,1
DB11186,Q14524,1
DB11186,Q15858,1
DB11186,Q99250,1
DB11186,Q99720,1
DB11186,Q9NY46,1
DB11186,Q9UI33,1
DB11186,Q9UQD0,1
DB11186,Q9Y5Y9,1
DB11186,P13423,0
DB11186,Q8SPQ9,0
DB11186,P08870,0
DB11186,Q8IW41,0
DB11186,P01859,0
DB11186,O07015,0
DB11186,P55769,0
DB11186,Q86V86,0
DB11186,P09210,0
DB11186,P80377,0
DB11186,P20674,0
DB11186,P28222,0
DB11186,Q27738,0
DB11186,Q3IWB0,0
DB01996,P08254,1
DB01996,P45452,1
DB01996,Q6NUS8,0
DB01996,P00451,0
DB02580,A3FMN7,1
DB02580,A7B6P0,1
DB02580,B7JA91,1
DB02580,L0DSL2,1
DB02580,P35080,1
DB02580,Q2LU76,1
DB02580,Q3JWH7,1
DB02580,Q74EF5,1
DB02580,Q82EE4,1
DB02580,Q87MW5,1
DB02580,Q8ZIV7,1
DB02580,P49589,0
DB02580,P38936,0
DB02580,P20083,0
DB02580,P62330,0
DB02580,P60484,0
DB02580,Q92911,0
DB02580,O14618,0
DB02580,Q9UNP4,0
DB02580,O25928,0
DB02580,Q15825,0
DB02580,Q59192,0
DB06090,Q693P7,1
DB06090,P16435,0
DB09555,P35367,1
DB09555,Q9Y468,0
DB04442,P07477,1
DB04442,P0AB77,0
DB04209,P0A0N4,1
DB04209,P29973,1
DB04209,P31224,1
DB04209,P98170,1
DB04209,Q12791,1
DB04209,P14784,0
DB04209,P33121,0
DB04209,P09038,0
DB04209,A8MPY1,0
DB04209,Q9WXN1,0
DB04552,O60656,1
DB04552,P04054,1
DB04552,P23219,1
DB04552,P35354,1
DB04552,P47712,1
DB04552,P51800,1
DB04552,P01130,0
DB04552,P51671,0
DB04552,P9WNX3,0
DB04552,P12995,0
DB04552,P95468,0
DB04552,P07771,0
DB03629,P00509,1
DB03629,Q9H244,0
DB08437,P0A8P1,1
DB08437,P39023,1
DB08437,P40429,1
DB08437,P61313,1
DB08437,P61927,1
DB08437,P62750,1
DB08437,P62829,1
DB08437,P62913,1
DB08437,P62917,1
DB08437,P84098,1
DB08437,Q96L21,1
DB08437,Q9UHA3,1
DB08437,Q9UNX3,1
DB08437,P23975,0
DB08437,P07333,0
DB08437,Q75UV1,0
DB08437,P15538,0
DB08437,Q83LD8,0
DB08437,P0A808,0
DB08437,P21397,0
DB08437,Q9UP95,0
DB08437,P0AEJ4,0
DB08437,C6KT50,0
DB08437,P41238,0
DB08437,P13929,0
DB08437,P00805,0
DB02867,P26276,1
DB02867,P32239,0
DB01191,P28335,1
DB01191,P31645,1
DB01191,Q81ZL8,0
DB01191,O14764,0
DB00811,P12268,1
DB00811,P20839,1
DB00811,Q14103,0
DB00811,Q96KG9,0
DB03104,P12931,1
DB03104,P08588,0
DB13874,P48735,1
DB13874,Q72JD8,0
DB05152,P11229,1
DB05152,P23560,0
DB04835,P51681,1
DB04835,Q9UGJ0,0
DB08240,P04075,1
DB08240,P0A7J6,0
DB00528,Q06432,1
DB00528,Q9ULC6,0
DB01703,P00183,1
DB01703,Q9UF33,0
DB00435,P04731,1
DB00435,P14902,1
DB00435,P33402,1
DB00435,O67135,0
DB00435,P0A6F3,0
DB00435,Q9UBF8,0
DB00808,P55017,1
DB00808,P04181,0
DB04528,P71278,1
DB04528,P15260,0
DB08788,P07900,1
DB08788,P01178,0
DB08595,P03372,1
DB08595,Q15596,1
DB08595,Q8P9V9,0
DB08595,P0A7V3,0
DB00007,P30968,1
DB00007,P46059,0
DB02230,P00491,1
DB02230,P18548,0
DB11855,P08172,1
DB11855,P08173,1
DB11855,P08912,1
DB11855,P11229,1
DB11855,P20309,1
DB11855,P31415,0
DB11855,P14410,0
DB11855,P04390,0
DB11855,P01112,0
DB11855,Q14534,0
DB02750,Q7Z2Z2,1
DB02750,P96558,0
DB02105,P21964,1
DB02105,Q8IVA8,0
DB07995,P17612,1
DB07995,P61925,1
DB07995,Q8TF76,1
DB07995,P19938,0
DB07995,P23882,0
DB07995,Q9Y289,0
DB03627,P00183,1
DB03627,Q9NYQ3,0
DB14514,P05023,1
DB14514,P13551,0
DB02811,P06276,1
DB02811,P9WQN9,1
DB02811,Q96KC2,0
DB02811,Q53IN1,0
DB01113,Q07343,1
DB01113,Q9Y233,1
DB01113,Q07820,0
DB01113,P47901,0
DB07958,Q9NZK7,1
DB07958,P09238,0
DB01980,Q01693,1
DB01980,P0A927,0
DB04797,Q16539,1
DB04797,P62617,0
DB06971,P22894,1
DB06971,Q93LE9,0
DB07043,Q837V6,1
DB07043,P42681,0
DB02321,O34667,1
DB02321,P25275,0
DB07614,O60760,1
DB07614,P23222,0
DB01662,P17538,1
DB01662,P02919,0
DB09205,P08913,1
DB09205,P18089,1
DB09205,P18825,1
DB09205,P25100,1
DB09205,P35348,1
DB09205,P35368,1
DB09205,O95865,0
DB09205,P0A076,0
DB09205,P70174,0
DB09205,Q03431,0
DB09205,P69488,0
DB09205,P0AD69,0
DB07586,Q9BY41,1
DB07586,O14763,0
DB00733,P06276,1
DB00733,P22303,1
DB00733,Q9BXJ7,0
DB00733,P28305,0
DB07932,P03372,1
DB07932,Q15596,1
DB07932,P23677,0
DB07932,Q99828,0
DB00363,P08172,1
DB00363,P08173,1
DB00363,P08908,1
DB00363,P08912,1
DB00363,P08913,1
DB00363,P09211,1
DB00363,P11229,1
DB00363,P14416,1
DB00363,P18089,1
DB00363,P18825,1
DB00363,P20309,1
DB00363,P21728,1
DB00363,P21917,1
DB00363,P28221,1
DB00363,P28222,1
DB00363,P28223,1
DB00363,P28335,1
DB00363,P28566,1
DB00363,P34969,1
DB00363,P35348,1
DB00363,P35367,1
DB00363,P35368,1
DB00363,P35462,1
DB00363,P46098,1
DB00363,P50406,1
DB00363,Q9H3N8,1
DB00363,Q9NYX4,1
DB00363,P20742,0
DB00363,P45124,0
DB00363,P84141,0
DB00363,Q04416,0
DB00363,P78356,0
DB00363,P14550,0
DB00363,Q16644,0
DB00363,P72161,0
DB00363,P70174,0
DB00363,Q75WK2,0
DB00363,O95907,0
DB00363,Q15800,0
DB00363,P82599,0
DB00363,P52788,0
DB00363,P28062,0
DB00363,P05451,0
DB00363,P08179,0
DB00363,P84098,0
DB00363,P69908,0
DB00363,P63000,0
DB00363,Q9UDW1,0
DB00363,P47895,0
DB00363,P25788,0
DB00363,P26841,0
DB00363,P07650,0
DB00363,O95747,0
DB00363,Q81VW8,0
DB02875,P07477,1
DB02875,P17900,0
DB00264,P07550,1
DB00264,P08588,1
DB00264,P10635,0
DB00264,P0A9J6,0
DB06948,P20248,1
DB06948,P24941,1
DB06948,P42790,0
DB06948,P33316,0
DB13944,P03372,1
DB13944,P08235,1
DB13944,P10275,1
DB13944,Q9UHF0,0
DB13944,P83812,0
DB13944,Q13427,0
DB08766,P28838,1
DB08766,Q96EN8,0
DB08323,P01859,1
DB08323,O15403,0
DB00242,P00491,1
DB00242,P09884,1
DB00242,P23921,1
DB00242,P31350,1
DB00242,P56282,1
DB00242,Q07864,1
DB00242,Q7LG56,1
DB00242,Q9NR33,1
DB00242,Q9NRF9,1
DB00242,P95468,0
DB00242,P0A6I3,0
DB00242,Q9UQD0,0
DB00242,P47229,0
DB00242,Q9H252,0
DB00242,P28074,0
DB00242,P29034,0
DB00242,P43403,0
DB00242,Q03013,0
DB03190,P59676,1
DB03190,Q9X1H9,0
DB06989,P23467,1
DB06989,P18510,0
DB12323,P00519,1
DB12323,Q16760,0
DB08025,P53779,1
DB08025,P35520,0
DB04082,P0A805,1
DB04082,P0A808,1
DB04082,Q9X266,0
DB04082,P0A0Z8,0
DB15647,P10275,1
DB15647,Q96PD7,0
DB07173,P55263,1
DB07173,P69441,0
DB08340,P68400,1
DB08340,P07737,0
DB09289,P08908,1
DB09289,P35372,1
DB09289,P35462,1
DB09289,P42261,1
DB09289,Q01782,0
DB09289,P08887,0
DB09289,O95178,0
DB09289,P53582,0
DB00933,P14416,1
DB00933,P28223,1
DB00933,P13500,0
DB00933,P34913,0
DB03227,Q10588,1
DB03227,Q837V6,1
DB03227,Q96T66,1
DB03227,Q9HAN9,1
DB03227,Q8GI16,0
DB03227,P51659,0
DB03227,Q9Y617,0
DB03227,Q13523,0
DB01400,P22303,1
DB01400,O34002,0
DB01581,P0AC13,1
DB01581,P62593,0
DB01112,Q8XJ01,1
DB01112,Q9WXV1,0
DB06680,P06401,1
DB06680,P21333,0
DB08458,P33247,1
DB08458,Q96RD7,0
DB08513,P06213,1
DB08513,P28482,1
DB08513,P35568,1
DB08513,Q99835,0
DB08513,Q7MUW6,0
DB08513,P11362,0
DB07233,P78536,1
DB07233,Q99527,0
DB08767,P84887,1
DB08767,P84888,1
DB08767,C0H4X5,0
DB08767,Q16762,0
DB14507,O14732,1
DB14507,P29218,1
DB14507,P42263,1
DB14507,P49841,1
DB14507,P22303,0
DB14507,Q13085,0
DB14507,P02746,0
DB14507,P0ABQ0,0
DB08180,P49354,1
DB08180,P53609,1
DB08180,P00943,0
DB08180,Q48152,0
DB02110,P23219,1
DB02110,P99999,1
DB02110,Q72EF3,0
DB02110,Q5KUI2,0
DB00854,P35372,1
DB00854,P41143,1
DB00854,P41145,1
DB00854,O85361,0
DB00854,Q8IM74,0
DB00854,O60664,0
DB08300,P48736,1
DB08300,Q02127,0
DB04275,P35270,1
DB04275,P16860,0
DB07048,P00918,1
DB07048,A0A0H3JRU9,0
DB07798,P11086,1
DB07798,P12814,0
DB07367,Q08638,1
DB07367,P42681,0
DB07037,O14757,1
DB07037,Q16853,0
DB07510,P47229,1
DB07510,P61322,0
DB04239,P28720,1
DB04239,P0A6T8,0
DB08520,P62942,1
DB08520,P26790,0
DB06940,Q16539,1
DB06940,Q86U10,0
DB02460,P21638,1
DB02460,Q46704,0
DB08753,Q672W7,1
DB08753,P04054,0
DB02831,P0AG82,1
DB02831,Q7Z4W1,1
DB02831,Q9H2G2,0
DB02831,Q9UNN8,0
DB06156,P23975,1
DB06156,P31645,1
DB06156,Q01959,1
DB06156,A6PZ59,0
DB06156,O00459,0
DB06156,P02818,0
DB00594,P00749,1
DB00594,P19634,1
DB00594,P19801,1
DB00594,P37088,1
DB00594,P51168,1
DB00594,P51170,1
DB00594,P51172,1
DB00594,P78348,1
DB00594,Q16515,1
DB00594,Q01082,0
DB00594,Q72JJ3,0
DB00594,Q5SKW1,0
DB00594,P18085,0
DB00594,P04439,0
DB00594,P20813,0
DB00594,P08311,0
DB00594,O77361,0
DB00594,P04062,0
DB01893,P12931,1
DB01893,P38484,0
DB01673,P14900,1
DB01673,P45066,1
DB01673,Q6GJI1,0
DB01673,P21731,0
DB02069,P00918,1
DB02069,Q88K39,0
DB00421,O00305,1
DB00421,O00555,1
DB00421,O43497,1
DB00421,O60359,1
DB00421,O60840,1
DB00421,O75469,1
DB00421,O95180,1
DB00421,P04150,1
DB00421,P04278,1
DB00421,P05093,1
DB00421,P06401,1
DB00421,P08235,1
DB00421,P10275,1
DB00421,P18405,1
DB00421,P19099,1
DB00421,P31213,1
DB00421,P54284,1
DB00421,P54289,1
DB00421,P62955,1
DB00421,Q00975,1
DB00421,Q01668,1
DB00421,Q02641,1
DB00421,Q06432,1
DB00421,Q08289,1
DB00421,Q13698,1
DB00421,Q13936,1
DB00421,Q15878,1
DB00421,Q7Z3S7,1
DB00421,Q8IZS8,1
DB00421,Q8WXS5,1
DB00421,Q9BXT2,1
DB00421,Q9H8P0,1
DB00421,Q9NY47,1
DB00421,Q9P0X4,1
DB00421,Q9UBN1,1
DB00421,Q9UF02,1
DB00421,Q9Y698,1
DB00421,O60858,0
DB00421,P17291,0
DB00421,P08603,0
DB00421,P61987,0
DB00421,P17181,0
DB00421,P14756,0
DB00421,Q9RN59,0
DB00421,P45984,0
DB00421,Q8I5G6,0
DB00421,P05106,0
DB00421,O15111,0
DB00421,P35908,0
DB00421,P49773,0
DB00421,O43617,0
DB00421,P07515,0
DB00421,Q06033,0
DB00421,P0A6L0,0
DB00421,Q816R0,0
DB00421,P9WGY3,0
DB00421,Q6QNK2,0
DB00421,P29965,0
DB00421,P12883,0
DB00421,P72181,0
DB00421,O75521,0
DB00421,Q05655,0
DB00421,Q9RRU8,0
DB00421,Q6UWN8,0
DB00421,P37063,0
DB00421,Q8IHS5,0
DB00421,P16930,0
DB00421,P32055,0
DB00421,P48664,0
DB00421,Q4W9V8,0
DB00421,Q8IL88,0
DB00421,Q08188,0
DB00421,P28223,0
DB00421,P41252,0
DB07674,Q93LD7,1
DB07674,P39767,0
DB01226,P06276,1
DB01226,P08172,1
DB01226,P20309,1
DB01226,Q15822,1
DB01226,O00204,0
DB01226,P17735,0
DB01226,O43772,0
DB01226,Q16584,0
DB03824,P11086,1
DB03824,P14920,0
DB04792,P07477,1
DB04792,P16410,0
DB01132,P27338,1
DB01132,P37231,1
DB01132,P28074,0
DB01132,P25101,0
DB04640,Q27743,1
DB04640,Q8P9V9,1
DB04640,P54802,0
DB04640,P00782,0
DB07537,P35968,1
DB07537,P03905,0
DB01718,P9WPB7,1
DB01718,Q79FX6,1
DB01718,P08183,0
DB01718,Q00987,0
DB06750,Q9NPD5,1
DB06750,Q8TD19,0
DB02254,P39594,1
DB02254,Q9H422,0
DB00812,P23219,1
DB00812,P35354,1
DB00812,Q16647,1
DB00812,P45984,0
DB00812,P05166,0
DB00812,O70038,0
DB02177,P20701,1
DB02177,P37058,0
DB03242,P32890,1
DB03242,Q96I15,0
DB02931,Q16613,1
DB02931,Q9Y6J6,0
DB03400,P95468,1
DB03400,P07942,0
DB03425,Q13002,1
DB03425,Q9UNA0,0
DB07821,P23141,1
DB07821,Q13093,1
DB07821,Q15102,1
DB07821,P12259,0
DB07821,P06727,0
DB07821,O43252,0
DB00146,P11473,1
DB00146,P00861,0
DB01833,P29474,1
DB01833,P00742,0
DB07441,P01834,1
DB07441,P01857,1
DB07441,P45880,0
DB07441,Q9H6X2,0
DB07842,P37231,1
DB07842,P56653,0
DB01117,Q02127,1
DB01117,Q02768,1
DB01117,Q08210,1
DB01117,P32173,0
DB01117,Q96SW2,0
DB01117,Q86VU5,0
DB11793,P09874,1
DB11793,Q9UGN5,1
DB11793,Q15418,0
DB11793,P0A9J8,0
DB00183,P32239,1
DB00183,P41743,0
DB00820,O76074,1
DB00820,Q9HCR9,1
DB00820,P26391,0
DB00820,Q6QNK2,0
DB00321,O43525,1
DB00321,O43526,1
DB00321,P04629,1
DB00321,P08172,1
DB00321,P08173,1
DB00321,P08908,1
DB00321,P08909,1
DB00321,P08912,1
DB00321,P08913,1
DB00321,P11229,1
DB00321,P20309,1
DB00321,P23975,1
DB00321,P25021,1
DB00321,P25100,1
DB00321,P28221,1
DB00321,P28222,1
DB00321,P28223,1
DB00321,P28335,1
DB00321,P31645,1
DB00321,P34969,1
DB00321,P35348,1
DB00321,P35367,1
DB00321,P35368,1
DB00321,P35372,1
DB00321,P41143,1
DB00321,P41145,1
DB00321,P50406,1
DB00321,Q09470,1
DB00321,Q12809,1
DB00321,Q16620,1
DB00321,Q99720,1
DB00321,Q9H252,1
DB00321,Q9H3N8,1
DB00321,Q9NS40,1
DB00321,P11474,0
DB00321,Q96A05,0
DB00321,P09429,0
DB00321,Q8GMG0,0
DB00321,P0ABK9,0
DB00321,P13612,0
DB00321,P05364,0
DB00321,P21796,0
DB00321,P83812,0
DB00321,P00781,0
DB00321,Q9AFC7,0
DB00321,P08631,0
DB00321,P17568,0
DB00321,P05230,0
DB00321,Q8IKL4,0
DB00321,Q8DNV6,0
DB00321,O33830,0
DB00321,P14169,0
DB00321,P31994,0
DB00321,Q14749,0
DB00321,Q00613,0
DB00321,P07944,0
DB00321,P9WJY5,0
DB00321,P24557,0
DB00321,P01877,0
DB00321,Q15788,0
DB00321,P11717,0
DB00321,P35527,0
DB00321,P13981,0
DB00321,Q9UK17,0
DB00321,O60911,0
DB00321,P25789,0
DB00321,Q13423,0
DB00321,O95907,0
DB06841,P00734,1
DB06841,Q9AGP8,0
DB00937,P23975,1
DB00937,Q01959,1
DB00937,P04118,0
DB00937,Q06418,0
DB08336,P00811,1
DB08336,Q9HBK9,0
DB00231,O00591,1
DB00231,O14764,1
DB00231,P14867,1
DB00231,P18505,1
DB00231,P18507,1
DB00231,P28472,1
DB00231,P31644,1
DB00231,P34903,1
DB00231,P47869,1
DB00231,P47870,1
DB00231,P48169,1
DB00231,P78334,1
DB00231,Q16445,1
DB00231,Q8N1C3,1
DB00231,Q99928,1
DB00231,Q9UN88,1
DB00231,P28305,0
DB00231,Q16836,0
DB00231,P08183,0
DB00231,Q96RQ9,0
DB00231,P23219,0
DB00231,P84098,0
DB00231,Q9Y5R2,0
DB00231,Q9KL51,0
DB00231,P00736,0
DB00231,P51681,0
DB00231,Q8P9V9,0
DB00231,P9WHT9,0
DB00231,P31153,0
DB00231,P50416,0
DB00231,Q9P289,0
DB00231,Q5SHZ4,0
DB03306,P12931,1
DB03306,P32927,0
DB06730,P06401,1
DB06730,Q9KWT6,0
DB08084,P15121,1
DB08084,P53041,0
DB01059,P11388,1
DB01059,P43700,1
DB01059,P43702,1
DB01059,P23946,0
DB01059,P0C0F4,0
DB01059,Q16134,0
DB02876,P05364,1
DB02876,P61497,0
DB03652,Q9KWT5,1
DB03652,Q9KWT6,1
DB03652,P09237,0
DB03652,P0AES4,0
DB04377,P04035,1
DB04377,P55211,0
DB05667,P15538,1
DB05667,Q16850,1
DB05667,P96618,0
DB05667,P16219,0
DB00181,O75899,1
DB00181,Q9UBS5,1
DB00181,P0A6M2,0
DB00181,P48066,0
DB00595,P0A7V8,1
DB00595,P0A7X3,1
DB00595,Q07820,0
DB00595,Q92993,0
DB08098,P15121,1
DB08098,P53985,0
DB08073,P17612,1
DB08073,P31751,1
DB08073,P49841,1
DB08073,P61925,1
DB08073,Q9BY66,0
DB08073,P00750,0
DB08073,P51164,0
DB08073,P11172,0
DB03734,P0AES2,1
DB03734,P22570,0
DB07513,P27338,1
DB07513,P17752,0
DB05959,P40763,1
DB05959,Q16665,1
DB05959,Q9Y6Q6,1
DB05959,Q7Z460,0
DB05959,Q9UNP4,0
DB05959,P10745,0
DB04562,Q99798,1
DB04562,P29218,0
DB00357,P05108,1
DB00357,P11511,1
DB00357,P22869,0
DB00357,P42216,0
DB00735,Q14534,1
DB00735,Q05586,0
DB07406,P49137,1
DB07406,P35340,0
DB04642,P11217,1
DB04642,Q9XB59,0
DB01627,P0A7J6,1
DB01627,P12256,0
DB00322,P04818,1
DB00322,P37231,0
DB03866,P35354,1
DB03866,Q96C86,0
DB02222,P00491,1
DB02222,Q83LD8,0
DB03928,P32929,1
DB03928,P35228,0
DB09472,P00915,1
DB09472,P00918,1
DB09472,P14550,0
DB09472,Q8I5H4,0
DB02555,P60568,1
DB02555,P40763,0
DB05458,P17787,1
DB05458,P43681,1
DB05458,Q15788,0
DB05458,P12814,0
DB04400,P00439,1
DB04400,P07101,1
DB04400,P35228,1
DB04400,P56740,1
DB04400,P61457,1
DB04400,Q01782,1
DB04400,O14618,0
DB04400,P83794,0
DB04400,Q96CD2,0
DB04400,Q32MK0,0
DB04400,P22088,0
DB04400,Q16515,0
DB00800,P08913,1
DB00800,P18089,1
DB00800,P18825,1
DB00800,P21728,1
DB00800,P21918,1
DB00800,P25100,1
DB00800,P35348,1
DB00800,P35368,1
DB00800,O14594,0
DB00800,O60895,0
DB00800,Q8N907,0
DB00800,Q8WTV0,0
DB00800,Q16773,0
DB00800,P28223,0
DB00800,Q8IEM3,0
DB00800,P44801,0
DB02530,O75899,1
DB02530,P50440,1
DB02530,Q9UBS5,1
DB02530,Q72EF4,0
DB02530,P62913,0
DB02530,P13716,0
DB01189,O00591,1
DB01189,O14764,1
DB01189,O14983,1
DB01189,O75185,1
DB01189,P03886,1
DB01189,P14867,1
DB01189,P16615,1
DB01189,P18505,1
DB01189,P18507,1
DB01189,P20020,1
DB01189,P23415,1
DB01189,P23634,1
DB01189,P28472,1
DB01189,P30049,1
DB01189,P31644,1
DB01189,P34903,1
DB01189,P42261,1
DB01189,P47869,1
DB01189,P47870,1
DB01189,P48169,1
DB01189,P78334,1
DB01189,P98194,1
DB01189,Q01814,1
DB01189,Q09470,1
DB01189,Q16445,1
DB01189,Q16720,1
DB01189,Q8N1C3,1
DB01189,Q99928,1
DB01189,Q9UN88,1
DB01189,P15260,0
DB01189,P63244,0
DB01189,P07864,0
DB01189,P0ABF6,0
DB01189,P02792,0
DB01189,P54652,0
DB01189,Q9X180,0
DB01189,O14735,0
DB01189,P08238,0
DB01189,P0AB77,0
DB01189,P11498,0
DB01189,P04053,0
DB01189,P43681,0
DB01189,P00646,0
DB01189,Q14749,0
DB01189,Q9NYR8,0
DB01189,O14788,0
DB01189,P13861,0
DB01189,Q8TDN2,0
DB01189,P28223,0
DB01189,Q8I372,0
DB01189,P27695,0
DB01189,O00222,0
DB01189,P83798,0
DB01189,Q9KB30,0
DB01189,P49228,0
DB01189,P03960,0
DB01189,P46926,0
DB01189,P28908,0
DB15328,Q16602,1
DB15328,P13637,0
DB08530,P27487,1
DB08530,O75185,0
DB07881,P01857,1
DB07881,P18847,0
DB07671,P07014,1
DB07671,P0AC41,1
DB07671,P0AC44,1
DB07671,P69054,1
DB07671,Q9Y617,0
DB07671,P16640,0
DB07671,Q46509,0
DB07671,P35094,0
DB00558,Q9Y3R4,1
DB00558,Q00987,0
DB03254,Q9FCA6,1
DB03254,P08865,0
DB00475,O00591,1
DB00475,O14764,1
DB00475,P14867,1
DB00475,P18505,1
DB00475,P18507,1
DB00475,P28472,1
DB00475,P31644,1
DB00475,P34903,1
DB00475,P47869,1
DB00475,P47870,1
DB00475,P48169,1
DB00475,P78334,1
DB00475,Q16445,1
DB00475,Q8N1C3,1
DB00475,Q99928,1
DB00475,Q9UN88,1
DB00475,Q9NR82,0
DB00475,P14679,0
DB00475,P0AFM2,0
DB00475,Q8I6U8,0
DB00475,P11229,0
DB00475,A9X444,0
DB00475,Q8WU08,0
DB00475,O66529,0
DB00475,P08493,0
DB00475,Q9WZI0,0
DB00475,P54455,0
DB00475,P54764,0
DB00475,P19938,0
DB00475,P20674,0
DB00475,Q16568,0
DB00475,Q6ZN16,0
DB04194,P61626,1
DB04194,P29622,0
DB04630,P04150,1
DB04630,P08235,1
DB04630,Q84FH6,0
DB04630,Q9HBH5,0
DB02819,Q05603,1
DB02819,P12256,0
DB04896,O15399,1
DB04896,O60391,1
DB04896,P23975,1
DB04896,P31645,1
DB04896,Q05586,1
DB04896,Q12879,1
DB04896,Q13224,1
DB04896,Q14957,1
DB04896,Q8TCU5,1
DB04896,O14874,0
DB04896,Q01581,0
DB04896,P11759,0
DB04896,P00750,0
DB04896,Q9HBA0,0
DB04896,P49327,0
DB04896,Q5XXA6,0
DB04896,P9WJJ7,0
DB04896,Q9Y697,0
DB04133,P00807,1
DB04133,Q8XJ01,1
DB04133,Q15274,0
DB04133,P0ADY7,0
DB12319,P11712,1
DB12319,P33261,1
DB12319,Q820S6,0
DB12319,P12532,0
DB03818,P0A884,1
DB03818,P07771,0
DB07486,P20701,1
DB07486,O43353,0
DB04037,P62593,1
DB04037,P62594,1
DB04037,P0A1V8,0
DB04037,O94760,0
DB06153,P08172,1
DB06153,P08908,1
DB06153,P08913,1
DB06153,P11229,1
DB06153,P18089,1
DB06153,P18825,1
DB06153,P20309,1
DB06153,P25100,1
DB06153,P28221,1
DB06153,P28222,1
DB06153,P28223,1
DB06153,P28335,1
DB06153,P35348,1
DB06153,P35367,1
DB06153,P35368,1
DB06153,P41595,1
DB06153,P0A9D2,0
DB06153,Q02218,0
DB06153,O95168,0
DB06153,P52664,0
DB06153,P04035,0
DB06153,P07339,0
DB06153,P0A6I8,0
DB06153,Q70GK9,0
DB06153,P60844,0
DB06153,P13000,0
DB06153,P0AFM2,0
DB06153,P31930,0
DB06153,P10092,0
DB06153,P22513,0
DB06153,O75533,0
DB06153,Q15648,0
DB07665,P00734,1
DB07665,Q16739,0
DB12548,P01019,1
DB12548,P25101,1
DB12548,O95835,0
DB12548,P22188,0
DB03111,P06971,1
DB03111,Q6UWP2,0
DB11842,P30556,1
DB11842,P48181,0
DB04554,P0A820,1
DB04554,Q8RLY5,0
DB14132,P29274,1
DB14132,P21281,0
DB02763,P0A006,1
DB02763,P29460,1
DB02763,Q9NPF7,0
DB02763,Q13093,0
DB02745,P0A927,1
DB02745,P62312,1
DB02745,Q5JAM2,0
DB02745,O00244,0
DB08237,Q9UBT6,1
DB08237,O35000,0
DB04882,P11387,1
DB04882,Q04759,0
DB08252,P22629,1
DB08252,P05093,0
DB07231,P07858,1
DB07231,P06733,0
DB03453,P60568,1
DB03453,P05100,0
DB02884,P08048,1
DB02884,P08337,0
DB07324,P07900,1
DB07324,Q7Z2W7,0
DB08791,P08581,1
DB08791,Q12965,0
DB03191,Q00266,1
DB03191,P36419,0
DB01753,P9WIQ3,1
DB01753,P69681,0
DB00222,P48048,1
DB00222,Q09428,1
DB00222,Q14654,1
DB00222,Q8I0X2,0
DB00222,Q5PXQ6,0
DB00222,O34450,0
DB05343,P04271,1
DB05343,O76082,0
DB01615,P35367,1
DB01615,P42679,0
DB01671,P00918,1
DB01671,Q9P2N6,0
DB08251,P42574,1
DB08251,P55792,0
DB07920,P39900,1
DB07920,P02918,0
DB01961,P07998,1
DB01961,P0A6L0,0
DB11324,Q8NER1,1
DB11324,P07195,0
DB04773,Q4W9V8,1
DB04773,O34002,0
DB04169,P28720,1
DB04169,A0R559,0
DB15493,Q8IXJ6,1
DB15493,Q96EB6,1
DB15493,Q9NXA8,1
DB15493,P29371,0
DB15493,P51580,0
DB15493,Q6NS38,0
DB05992,P01375,1
DB05992,A0A023W3H0,0
DB08042,P35968,1
DB08042,P07919,0
DB07622,P24941,1
DB07622,P04278,0
DB02333,P06968,1
DB02333,P28248,1
DB02333,P9WNS5,1
DB02333,Q02169,1
DB02333,P13639,0
DB02333,P19835,0
DB02333,P29590,0
DB02333,P0AEG4,0
DB08506,P04825,1
DB08506,Q15185,0
DB01044,P0A4L9,1
DB01044,P72524,1
DB01044,P72525,1
DB01044,Q59961,1
DB01044,Q32P28,0
DB01044,Q9GV41,0
DB01044,Q09470,0
DB01044,O35000,0
DB03973,P9WHE9,1
DB03973,Q9UEW8,0
DB06248,Q15722,1
DB06248,Q9NPC1,1
DB06248,P41052,0
DB06248,P18669,0
DB07207,P08709,1
DB07207,P13726,1
DB07207,Q9WZK0,0
DB07207,Q15878,0
DB01418,Q9BQB6,1
DB01418,O75762,0
DB01854,P52961,1
DB01854,P41972,0
DB04622,Q16769,1
DB04622,P04070,0
DB01057,P06276,1
DB01057,Q59334,0
DB08479,P04818,1
DB08479,P46849,0
DB07404,P60472,1
DB07404,Q9Y678,0
DB04743,P02788,1
DB04743,P35354,1
DB04743,Q9NZK7,1
DB04743,P31930,0
DB04743,Q9BVS4,0
DB04743,Q06528,0
DB03836,P00183,1
DB03836,P14779,0
DB04151,P68133,1
DB04151,O60678,0
DB07500,Q9NZK7,1
DB07500,P34903,0
DB04465,P00722,1
DB04465,P16278,1
DB04465,P17931,1
DB04465,P26514,1
DB04465,Q02834,1
DB04465,Q7SI98,1
DB04465,Q7Z4J2,1
DB04465,Q9NZD2,1
DB04465,Q16584,0
DB04465,Q70GK9,0
DB04465,Q02762,0
DB04465,P59768,0
DB04465,P14756,0
DB04465,Q99456,0
DB04465,P21796,0
DB04465,Q15125,0
DB01076,P04035,1
DB01076,P27487,1
DB01076,P35869,1
DB01076,Q14994,1
DB01076,Q92769,1
DB01076,Q5KUI2,0
DB01076,P39639,0
DB01076,P00450,0
DB01076,P28074,0
DB01076,P16581,0
DB01649,P06730,1
DB01649,Q96C86,1
DB01649,P02461,0
DB01649,P30920,0
DB02505,P46925,1
DB02505,P00797,0
DB00725,P08172,1
DB00725,P08173,1
DB00725,P08912,1
DB00725,P11229,1
DB00725,P20309,1
DB00725,Q99677,0
DB00725,P0A0N5,0
DB00725,P02743,0
DB00725,P05546,0
DB00725,P01042,0
DB03492,P00282,1
DB03492,P53041,0
DB05434,P09038,1
DB05434,P10145,1
DB05434,P14210,1
DB05434,P15692,1
DB05434,P17302,0
DB05434,P01375,0
DB05434,P16070,0
DB05434,Q07011,0
DB00359,Q27738,1
DB00359,P14598,0
DB01342,P30556,1
DB01342,Q9JZW6,0
DB00216,P08908,1
DB00216,P28221,1
DB00216,P28222,1
DB00216,P30939,1
DB00216,Q13002,0
DB00216,Q98GN8,0
DB00216,O85361,0
DB00216,Q14565,0
DB11090,Q12809,1
DB11090,P43088,0
DB09140,P00395,1
DB09140,Q9Y5S8,1
DB09140,Q59334,0
DB09140,Q56308,0
DB01038,P14416,1
DB01038,P21728,1
DB01038,P21918,1
DB01038,P31040,0
DB01038,O00341,0
DB01038,Q15738,0
DB04299,P00509,1
DB04299,P17174,1
DB04299,P28593,1
DB04299,P95468,1
DB04299,Q56232,1
DB04299,P11759,0
DB04299,Q96GD3,0
DB04299,Q8NBQ5,0
DB04299,P52699,0
DB04299,P18505,0
DB08400,O00519,1
DB08400,P44725,0
DB07171,P42892,1
DB07171,P06746,0
DB12332,P09874,1
DB12332,Q9UGN5,1
DB12332,Q9Y6F1,1
DB12332,Q86XF0,0
DB12332,Q8NI60,0
DB12332,Q8I5G6,0
DB02947,P0ABP8,1
DB02947,Q16568,0
DB01083,P07098,1
DB01083,P16233,1
DB01083,P49327,1
DB01083,P07355,0
DB01083,P02675,0
DB01083,P04279,0
DB04700,Q9Y2Q3,1
DB04700,P51884,0
DB08395,Q16539,1
DB08395,P62269,0
DB03606,Q07343,1
DB03606,Q08499,1
DB03606,P19784,0
DB03606,P30825,0
DB01433,P35372,1
DB01433,P31133,0
DB03942,P0A9M5,1
DB03942,P0AG16,1
DB03942,P37551,1
DB03942,Q5NUL3,0
DB03942,P63000,0
DB03942,Q8IJA9,0
DB01119,P00915,1
DB01119,P00918,1
DB01119,P05023,1
DB01119,Q12791,1
DB01119,Q14654,1
DB01119,P63092,0
DB01119,Q8I4R5,0
DB01119,P69795,0
DB01119,P0AEG4,0
DB01119,P24394,0
DB02643,P05019,1
DB02643,P27338,1
DB02643,P23458,0
DB02643,P54368,0
DB06335,P27487,1
DB06335,Q12866,0
DB07368,P07477,1
DB07368,O00469,0
DB03958,Q96C86,1
DB03958,P02675,0
DB04213,P34913,1
DB04213,O14818,0
DB14498,P05023,1
DB14498,P25100,0
DB04521,Q16772,1
DB04521,Q9WZC2,0
DB15534,P07437,1
DB15534,Q71U36,1
DB15534,Q13153,0
DB15534,Q9C098,0
DB08029,P08254,1
DB08029,P33981,0
DB06809,P61073,1
DB06809,P23526,0
DB08809,O43708,1
DB08809,Q15118,1
DB08809,P9WNH5,0
DB08809,P16932,0
DB09093,P02359,1
DB09093,P0A7U3,1
DB09093,P0A7V3,1
DB09093,P0A7W7,1
DB09093,P0AG59,1
DB09093,Q08493,0
DB09093,P07237,0
DB09093,P13817,0
DB09093,Q9UHI5,0
DB09093,Q9X0A2,0
DB02347,P42262,1
DB02347,Q9HCD5,0
DB08760,P37231,1
DB08760,P72525,0
DB01726,Q05603,1
DB01726,P05164,0
DB07612,P24941,1
DB07612,P07942,0
DB06901,P08217,1
DB06901,P37840,0
DB04866,P02452,1
DB04866,P08253,1
DB04866,Q9X022,0
DB04866,P05106,0
DB00301,Q8XJ01,1
DB00301,Q9UGM1,0
DB02964,P11217,1
DB02964,O75185,0
DB00364,P01133,1
DB00364,P02671,1
DB00364,P02675,1
DB00364,P02679,1
DB00364,P09038,1
DB00364,P0DJD9,1
DB00364,P43487,0
DB00364,Q9GPQ4,0
DB00364,Q07075,0
DB00364,Q9WY54,0
DB00364,P01615,0
DB00364,P06716,0
DB02141,P29474,1
DB02141,P45510,0
DB00763,P07202,1
DB00763,P60844,0
DB08067,O60674,1
DB08067,P12235,0
DB04699,Q8XL08,1
DB04699,P40259,0
DB04114,P22303,1
DB04114,Q9KL51,0
DB07545,O14965,1
DB07545,Q76NN7,0
DB02837,P11226,1
DB02837,O60678,0
DB00813,P08183,1
DB00813,P35372,1
DB00813,P41143,1
DB00813,P41145,1
DB00813,P29377,0
DB00813,P10909,0
DB00813,Q4R2T2,0
DB00813,Q9X180,0
DB08229,P42574,1
DB08229,P22413,0
DB01631,P01857,1
DB01631,P80188,1
DB01631,Q06278,0
DB01631,P9WKD7,0
DB02637,O75390,1
DB02637,P35270,1
DB02637,Q70AC7,1
DB02637,Q9RUZ0,1
DB02637,Q9ZF99,1
DB02637,Q9UHC9,0
DB02637,O60669,0
DB02637,P42768,0
DB02637,P0C278,0
DB02637,Q15822,0
DB00448,P10636,1
DB00448,P20648,1
DB00448,Q9BWD1,0
DB00448,Q9UK23,0
DB03937,O66496,1
DB03937,P06744,1
DB03937,Q9WYH8,1
DB03937,P43487,0
DB03937,Q56748,0
DB03937,Q8IJT2,0
DB07365,P06202,1
DB07365,P07498,0
DB03031,P00183,1
DB03031,Q14894,0
DB08670,P0AE18,1
DB08670,P62753,0
DB04214,P24666,1
DB04214,Q9BVJ7,1
DB04214,P0ABF6,0
DB04214,P16100,0
DB02693,P9WHE9,1
DB02693,Q53901,0
DB00869,P00915,1
DB00869,P00918,1
DB00869,P07451,1
DB00869,P22748,1
DB00869,P38435,0
DB00869,Q746L7,0
DB00869,P17405,0
DB00869,P60355,0
DB08548,P37957,1
DB08548,Q9NPC2,0
DB04454,P01133,1
DB04454,P43683,1
DB04454,P50440,1
DB04454,Q5SIR5,0
DB04454,O25608,0
DB04454,Q60099,0
DB04085,P00282,1
DB04085,P81180,0
DB00171,O14727,1
DB00171,O15439,1
DB00171,O43681,1
DB00171,O60706,1
DB00171,O95255,1
DB00171,O95342,1
DB00171,O95477,1
DB00171,P00519,1
DB00171,P00966,1
DB00171,P08183,1
DB00171,P08243,1
DB00171,P10398,1
DB00171,P12235,1
DB00171,P13569,1
DB00171,P25098,1
DB00171,P31749,1
DB00171,P33121,1
DB00171,P33527,1
DB00171,P35626,1
DB00171,P36896,1
DB00171,P37023,1
DB00171,P42336,1
DB00171,P42684,1
DB00171,P45844,1
DB00171,P49902,1
DB00171,P53041,1
DB00171,P67870,1
DB00171,P68400,1
DB00171,Q04771,1
DB00171,Q07912,1
DB00171,Q08828,1
DB00171,Q09428,1
DB00171,Q13131,1
DB00171,Q13564,1
DB00171,Q16671,1
DB00171,Q92887,1
DB00171,Q96G91,1
DB00171,Q96Q40,1
DB00171,Q9NR19,1
DB00171,Q9NUB1,1
DB00171,Q9UM73,1
DB00171,Q9Y4W6,1
DB00171,O14936,0
DB00171,P00480,0
DB00171,P40306,0
DB00171,Q7BK04,0
DB00171,P22413,0
DB00171,P02775,0
DB00171,P09850,0
DB00171,Q9Y2J8,0
DB00171,P78334,0
DB00171,P43652,0
DB00171,P78368,0
DB00171,Q8X444,0
DB00171,P48547,0
DB00171,Q05514,0
DB00171,Q92696,0
DB00171,P23340,0
DB00171,Q9H228,0
DB00171,Q7SIE2,0
DB00171,P04075,0
DB00171,B2ZTR6,0
DB00171,Q03431,0
DB00171,P31434,0
DB00171,P54219,0
DB00171,Q04760,0
DB00171,P16099,0
DB00171,P9WMC1,0
DB00171,P25788,0
DB00171,P84098,0
DB00171,P22888,0
DB00171,P00488,0
DB00171,P23434,0
DB00171,Q56691,0
DB00171,Q9LCC8,0
DB00171,Q05397,0
DB00171,P31142,0
DB00171,P14735,0
DB00171,P31101,0
DB00171,Q93086,0
DB00171,Q9I194,0
DB00171,P48443,0
DB00171,P29597,0
DB00171,P02929,0
DB00217,P07550,1
DB00217,P08588,1
DB00217,P08913,1
DB00217,P13945,1
DB00217,P18089,1
DB00217,P18825,1
DB00217,P48048,1
DB00217,Q03721,0
DB00217,P78508,0
DB00217,O00141,0
DB00217,P32396,0
DB00217,P40933,0
DB00217,P14169,0
DB00217,Q9UHC9,0
DB02391,P00491,1
DB02391,P27828,0
DB08805,P25021,1
DB08805,Q8TCU5,0
DB07296,P08373,1
DB07296,P0AFU8,0
DB00227,P04035,1
DB00227,P20701,1
DB00227,Q92769,1
DB00227,P35408,0
DB00227,P49356,0
DB00227,Q8TF76,0
DB03598,P00918,1
DB03598,P0A6V8,0
DB04807,P31434,1
DB04807,P02768,0
DB08001,P18031,1
DB08001,Q9Y5K8,0
DB01022,P02818,1
DB01022,P38435,1
DB01022,P54278,0
DB01022,Q8IY84,0
DB04495,P12931,1
DB04495,P9WH11,0
DB00922,P63316,1
DB00922,Q14432,1
DB00922,Q14654,1
DB00922,Q15842,1
DB00922,O95644,0
DB00922,Q56748,0
DB00922,P01116,0
DB00922,P23258,0
DB04048,P32119,1
DB04048,P15313,0
DB08039,P0DP23,1
DB08039,Q13557,1
DB08039,Q8N4C8,0
DB08039,P00101,0
DB08037,P52732,1
DB08037,Q53707,0
DB07494,Q494W8,1
DB07494,Q8VUT0,0
DB01200,P08908,1
DB01200,P08913,1
DB01200,P14416,1
DB01200,P18089,1
DB01200,P18825,1
DB01200,P21728,1
DB01200,P21917,1
DB01200,P21918,1
DB01200,P25100,1
DB01200,P28221,1
DB01200,P28222,1
DB01200,P28223,1
DB01200,P28335,1
DB01200,P34969,1
DB01200,P35348,1
DB01200,P35368,1
DB01200,P35462,1
DB01200,P41595,1
DB01200,P62136,0
DB01200,Q9BYF1,0
DB01200,Q9UGN5,0
DB01200,Q16270,0
DB01200,P15428,0
DB01200,O00180,0
DB01200,P11021,0
DB01200,A0A023W3H0,0
DB01200,P08100,0
DB01200,P01876,0
DB01200,P35527,0
DB01200,P13956,0
DB01200,P16218,0
DB01200,P10721,0
DB01200,Q9RN68,0
DB01200,Q9NXG6,0
DB01200,P11166,0
DB01200,Q8TF76,0
DB01150,P0A3M5,1
DB01150,P14677,1
DB01150,Q04707,1
DB01150,P51852,0
DB01150,Q9Y6J6,0
DB01150,P31572,0
DB04828,Q9Y5Y4,1
DB04828,Q54528,0
DB00320,P08913,1
DB00320,P28221,1
DB00320,P28222,1
DB00320,P41595,1
DB00320,P20702,0
DB00320,Q04782,0
DB00320,Q8GMG0,0
DB00320,Q8TD19,0
DB02375,P23458,1
DB02375,P48736,1
DB02375,Q06203,0
DB02375,P49720,0
DB03894,P27338,1
DB03894,P35089,0
DB14060,Q8SPQ9,1
DB14060,P30085,0
DB03592,P9WND1,1
DB03592,Q81VW8,1
DB03592,P27695,0
DB03592,P33038,0
DB03185,P32320,1
DB03185,P48664,0
DB15488,P10275,1
DB15488,Q92847,1
DB15488,P21926,0
DB15488,Q0P8G4,0
DB13269,O60939,1
DB13269,P35498,1
DB13269,P35499,1
DB13269,Q01118,1
DB13269,Q07699,1
DB13269,Q14524,1
DB13269,Q15858,1
DB13269,Q8IWT1,1
DB13269,Q99250,1
DB13269,Q9NY46,1
DB13269,Q9NY72,1
DB13269,Q9UI33,1
DB13269,Q9UQD0,1
DB13269,Q9Y5Y9,1
DB13269,Q51792,0
DB13269,Q9Y468,0
DB13269,P51649,0
DB13269,P11172,0
DB13269,P48047,0
DB13269,P09669,0
DB13269,P61182,0
DB13269,P47989,0
DB13269,P05109,0
DB13269,P20815,0
DB13269,P42768,0
DB13269,P01850,0
DB13269,Q9Y5K3,0
DB13269,Q13188,0
DB01951,P62942,1
DB01951,Q92781,0
DB03452,P05042,1
DB03452,Q8IAW0,0
DB11641,P07437,1
DB11641,Q9BQE3,0
DB11195,P12070,1
DB11195,P12851,1
DB11195,P15587,1
DB11195,P24300,1
DB11195,Q54873,1
DB11195,Q9X757,0
DB11195,Q8GB52,0
DB11195,Q9Y2Z4,0
DB11195,P03923,0
DB11195,Q99542,0
DB00307,P19793,1
DB00307,P28702,1
DB00307,P48443,1
DB00307,Q8TCU5,0
DB00307,Q9NY46,0
DB00307,P02144,0
DB09216,P23219,1
DB09216,P35354,1
DB09216,P02656,0
DB09216,P08217,0
DB07922,P39900,1
DB07922,Q13956,0
DB00348,P32754,1
DB00348,P08185,0
DB01009,P23219,1
DB01009,P25024,1
DB01009,P35354,1
DB01009,P10828,0
DB01009,Q9X0L5,0
DB01009,P9WGR1,0
DB03212,P0AES2,1
DB03212,P12644,0
DB03045,P07097,1
DB03045,P26790,0
DB01194,P00915,1
DB01194,P00918,1
DB01194,P07451,1
DB01194,P22748,1
DB01194,P35218,1
DB01194,Q9KWT5,0
DB01194,P50607,0
DB01194,P51692,0
DB01194,Q16671,0
DB01194,P08574,0
DB11582,O00591,1
DB11582,O14764,1
DB11582,O14788,1
DB11582,P14867,1
DB11582,P18505,1
DB11582,P18507,1
DB11582,P23415,1
DB11582,P28472,1
DB11582,P31644,1
DB11582,P34903,1
DB11582,P47869,1
DB11582,P47870,1
DB11582,P48169,1
DB11582,P78334,1
DB11582,Q16445,1
DB11582,Q8N1C3,1
DB11582,Q99928,1
DB11582,Q9UN88,1
DB11582,C1KC03,0
DB11582,P23975,0
DB11582,Q9UBQ6,0
DB11582,Q8KT33,0
DB11582,P30084,0
DB11582,P30532,0
DB11582,Q16832,0
DB11582,P45494,0
DB11582,P22340,0
DB11582,Q99519,0
DB11582,Q8TCC7,0
DB11582,Q51225,0
DB11582,P00800,0
DB11582,P17813,0
DB11582,P00775,0
DB11582,Q9HVZ0,0
DB11582,Q969G3,0
DB11582,P00778,0
DB11156,P11229,1
DB11156,Q9HC97,1
DB11156,P62857,0
DB11156,Q9BVG9,0
DB04624,O52646,1
DB04624,P77444,0
DB01992,O06644,1
DB01992,O32248,1
DB01992,O34002,1
DB01992,O75390,1
DB01992,P04035,1
DB01992,P07097,1
DB01992,P07108,1
DB01992,P07464,1
DB01992,P09373,1
DB01992,P0A6I3,1
DB01992,P0A6I8,1
DB01992,P0A6R0,1
DB01992,P0A8V9,1
DB01992,P0ACC7,1
DB01992,P10802,1
DB01992,P13702,1
DB01992,P21340,1
DB01992,P23181,1
DB01992,P31572,1
DB01992,P39135,1
DB01992,P43155,1
DB01992,P43886,1
DB01992,P44886,1
DB01992,P50870,1
DB01992,P56220,1
DB01992,P69903,1
DB01992,P96618,1
DB01992,P9WJM7,1
DB01992,P9WK17,1
DB01992,P9WNP5,1
DB01992,P9WQG9,1
DB01992,Q04416,1
DB01992,Q47764,1
DB01992,Q81EE4,1
DB01992,Q8ZKF6,1
DB01992,Q8ZPC0,1
DB01992,Q92830,1
DB01992,Q92831,1
DB01992,Q92993,1
DB01992,Q9BWD1,1
DB01992,Q9F6D4,1
DB01992,Q9HYX1,1
DB01992,Q9KEQ1,1
DB01992,Q9LCX9,1
DB01992,Q9R381,1
DB01992,P9WPN5,0
DB01992,P0A9B2,0
DB01992,Q9WXV1,0
DB01992,Q8VUS7,0
DB01992,P26789,0
DB01992,P80529,0
DB01992,Q9KG76,0
DB01992,P61769,0
DB01992,P39805,0
DB01992,Q819U0,0
DB01992,Q16739,0
DB01992,P50225,0
DB01992,P0C0J0,0
DB01992,Q96IY4,0
DB01992,Q9HBH1,0
DB01992,P49841,0
DB01992,O75676,0
DB01992,P26439,0
DB01992,P47985,0
DB01992,P01116,0
DB01992,P54762,0
DB01992,P33681,0
DB01992,P81040,0
DB01992,Q9ULA0,0
DB01992,P43353,0
DB01992,Q9X6R4,0
DB01992,P01019,0
DB01992,P02795,0
DB01992,P09958,0
DB01992,O14793,0
DB01992,P07014,0
DB01992,Q02218,0
DB01992,P00091,0
DB01992,Q92952,0
DB01992,Q9LCC8,0
DB01992,P07900,0
DB01992,P41222,0
DB01992,P07288,0
DB01992,P49257,0
DB01992,P01768,0
DB01992,Q01581,0
DB01992,Q9ZB17,0
DB01992,P51800,0
DB01992,P0AG82,0
DB01992,Q16644,0
DB05993,P50406,1
DB05993,P08648,0
DB02742,P31723,1
DB02742,Q16706,1
DB02742,Q9UKM7,1
DB02742,P33981,0
DB02742,Q13002,0
DB02742,P04118,0
DB02225,P09598,1
DB02225,P45494,0
DB05990,Q96RI1,1
DB05990,Q96BR1,0
DB12478,P14416,1
DB12478,P35462,1
DB12478,Q9ULB1,0
DB12478,P06010,0
DB02521,Q4R2T2,1
DB02521,Q9FCA6,1
DB02521,P02656,0
DB02521,O43525,0
DB05087,P14867,1
DB05087,P31644,1
DB05087,P34903,1
DB05087,P47869,1
DB05087,P48169,1
DB05087,Q16445,1
DB05087,O14732,0
DB05087,P02647,0
DB05087,O15264,0
DB05087,P16184,0
DB05087,P15259,0
DB05087,Q15031,0
DB07484,P15085,1
DB07484,Q5SJ79,0
DB00630,P14324,1
DB00630,P23469,1
DB00630,P29074,1
DB00630,P38606,1
DB00630,Q13332,1
DB00630,P34896,0
DB00630,P49761,0
DB00630,P04926,0
DB00630,O06644,0
DB00630,P24941,0
DB00775,P05106,1
DB00775,P08514,1
DB00775,P04183,0
DB00775,P49913,0
DB00202,P08172,1
DB00202,P11229,1
DB00202,P20309,1
DB00202,Q693P7,1
DB00202,Q9GZZ6,1
DB00202,Q9NY59,0
DB00202,P39300,0
DB00202,P12532,0
DB00202,O94956,0
DB00202,Q13546,0
DB00361,P07437,1
DB00361,Q9UDX4,0
DB08354,P68400,1
DB08354,P23246,0
DB08618,P01859,1
DB08618,P30838,0
DB03572,P00813,1
DB03572,P27348,0
DB04269,P07477,1
DB04269,Q05599,0
DB04549,P00918,1
DB04549,P35372,0
DB04100,P00282,1
DB04100,P0A927,0
DB02227,P84141,1
DB02227,Q01668,0
DB08376,Q53728,1
DB08376,Q8RJN5,0
DB00623,P0DP23,1
DB00623,P10275,1
DB00623,P14416,1
DB00623,P21728,1
DB00623,P28223,1
DB00623,P28335,1
DB00623,P24182,0
DB00623,Q70Z44,0
DB00623,P0AB74,0
DB00623,P48723,0
DB00623,C0H551,0
DB00623,Q00796,0
DB12245,K7YNB3,1
DB12245,P80529,1
DB12245,Q09093,1
DB12245,Q24940,1
DB12245,Q34522,1
DB12245,Q6IX08,1
DB12245,P65389,0
DB12245,Q99624,0
DB12245,Q9RW27,0
DB12245,O60218,0
DB12245,Q96AZ6,0
DB12245,Q9HBH9,0
DB06860,P00469,1
DB06860,P13956,0
DB07729,Q9L5C8,1
DB07729,P08709,0
DB01296,P01375,1
DB01296,P01579,1
DB01296,P14780,1
DB01296,P33673,1
DB01296,Q00653,1
DB01296,P39086,0
DB01296,Q07820,0
DB01296,C0H551,0
DB01296,P19838,0
DB01296,P62750,0
DB02340,P00488,1
DB02340,O14983,0
DB08086,P14779,1
DB08086,P54802,0
DB03018,Q05603,1
DB03018,Q14181,0
DB03210,P95468,1
DB03210,P83796,0
DB03588,P07858,1
DB03588,P11444,0
DB03040,P02788,1
DB03040,P01008,0
DB08194,P07900,1
DB08194,P14223,0
DB02651,P18031,1
DB02651,P77150,0
DB03161,P95780,1
DB03161,Q8GIQ0,1
DB03161,P48544,0
DB03161,Q5KUI2,0
DB07658,P00734,1
DB07658,Q86SZ2,0
DB03915,P0AB77,1
DB03915,Q96AZ6,0
DB14059,P19838,1
DB14059,Q00653,1
DB14059,Q04206,1
DB14059,Q8SPQ9,1
DB14059,P13500,0
DB14059,Q12852,0
DB14059,Q8NBP7,0
DB14059,Q9Y666,0
DB01268,P07333,1
DB01268,P09619,1
DB01268,P10721,1
DB01268,P16234,1
DB01268,P17948,1
DB01268,P35916,1
DB01268,P35968,1
DB01268,P36888,1
DB01268,P30519,0
DB01268,Q9A1X4,0
DB01268,P22748,0
DB01268,Q92772,0
DB01268,P20742,0
DB01268,P48039,0
DB01268,Q02156,0
DB01268,Q92753,0
DB03793,O31168,1
DB03793,O67987,1
DB03793,P14920,1
DB03793,P46059,1
DB03793,P96965,1
DB03793,Q01234,1
DB03793,Q52546,1
DB03793,Q5PXQ6,1
DB03793,Q9L9D7,1
DB03793,Q9Y6H6,0
DB03793,Q9H2S1,0
DB03793,Q7K9G0,0
DB03793,P49146,0
DB03793,P48068,0
DB03793,Q7RTT9,0
DB03793,Q9WZK0,0
DB03793,P54619,0
DB03793,P15509,0
DB07064,P52732,1
DB07064,P0CG47,0
DB04873,Q13639,1
DB04873,Q7SIE2,0
DB02996,Q9UKQ2,1
DB02996,Q9BY41,0
DB13615,O00206,1
DB13615,Q9HC29,1
DB13615,O43252,0
DB13615,P12532,0
DB06512,P28223,1
DB06512,P28335,1
DB06512,P45059,0
DB06512,Q05514,0
DB07893,P01834,1
DB07893,Q8IWT1,0
DB02364,P0ADA1,1
DB02364,P39639,0
DB00659,O00591,1
DB00659,O14764,1
DB00659,O15399,1
DB00659,O60391,1
DB00659,P14867,1
DB00659,P18505,1
DB00659,P18507,1
DB00659,P28472,1
DB00659,P31644,1
DB00659,P34903,1
DB00659,P41594,1
DB00659,P47869,1
DB00659,P47870,1
DB00659,P48169,1
DB00659,P78334,1
DB00659,Q05586,1
DB00659,Q12879,1
DB00659,Q13224,1
DB00659,Q14957,1
DB00659,Q16445,1
DB00659,Q8N1C3,1
DB00659,Q8TCU5,1
DB00659,Q99928,1
DB00659,Q9UN88,1
DB00659,P00147,0
DB00659,P20035,0
DB00659,P14324,0
DB00659,Q9Y6K1,0
DB00659,P39019,0
DB00659,Q46822,0
DB00659,P52732,0
DB00659,Q96CD2,0
DB00659,P05546,0
DB00659,P63462,0
DB00659,Q03426,0
DB00659,P02768,0
DB00659,P05653,0
DB00659,P45381,0
DB00659,P80040,0
DB00659,P18858,0
DB00659,P67910,0
DB00659,P05193,0
DB00659,P20393,0
DB00659,P35080,0
DB00659,O95259,0
DB00659,P15770,0
DB00659,Q65CX5,0
DB00659,P01730,0
DB09401,P10415,1
DB09401,Q07817,1
DB09401,Q07820,1
DB09401,Q9BZX2,0
DB09401,O95168,0
DB09401,P9WJY5,0
DB04548,Q46079,1
DB04548,Q53591,1
DB04548,Q54873,1
DB04548,Q9KWU1,1
DB04548,P48448,0
DB04548,Q59771,0
DB04548,P80303,0
DB04548,Q9I596,0
DB05501,P51681,1
DB05501,P61073,1
DB05501,Q9H3S4,0
DB05501,Q15796,0
DB04740,P52700,1
DB04740,P9WPE1,0
DB07242,O43293,1
DB07242,P11309,1
DB07242,P48068,0
DB07242,P62593,0
DB08257,P34913,1
DB08257,O43678,0
DB01071,P35367,1
DB01071,P61432,0
DB09274,P04926,1
DB09274,P36673,0
DB03442,P31939,1
DB03442,P04406,0
DB04659,P09848,1
DB04659,Q16134,0
DB03498,P00634,1
DB03498,P62594,0
DB00131,O43741,1
DB00131,P09467,1
DB00131,P16220,1
DB00131,P33121,1
DB00131,P49773,1
DB00131,P54619,1
DB00131,P54646,1
DB00131,P55263,1
DB00131,Q07343,1
DB00131,Q08499,1
DB00131,Q08828,1
DB00131,Q13131,1
DB00131,Q9NR19,1
DB00131,Q9UGI9,1
DB00131,Q9UGJ0,1
DB00131,Q9Y478,1
DB00131,Q8IBS5,0
DB00131,P23368,0
DB00131,Q9X1B3,0
DB00131,P37551,0
DB00131,Q9Y257,0
DB00131,Q9UK32,0
DB00131,P16100,0
DB00131,P06986,0
DB00131,P07026,0
DB00131,O00305,0
DB00131,Q5T1J1,0
DB00131,P39593,0
DB00131,Q7KQK0,0
DB00131,Q9PPP5,0
DB00131,Q8IKW5,0
DB00131,P00338,0
DB08404,P0A6A8,1
DB08404,P63261,0
DB05262,P47989,1
DB05262,P28793,0
DB04140,P08254,1
DB04140,P08842,0
DB07418,P20581,1
DB07418,Q12866,0
DB13995,P02792,1
DB13995,P02794,1
DB13995,P68871,1
DB13995,P69905,1
DB13995,Q8TBX8,0
DB13995,P0C0X1,0
DB13995,Q13936,0
DB13995,Q9UQF2,0
DB07151,P11309,1
DB07151,Q8L103,0
DB01055,P13500,1
DB01055,P14679,1
DB01055,P34896,1
DB01055,Q8IKR1,0
DB01055,Q13557,0
DB01055,P0ABA0,0
DB03333,P00918,1
DB03333,P23181,0
DB05381,P25021,1
DB05381,P35367,1
DB05381,Q05940,1
DB05381,Q9H3N8,1
DB05381,Q9Y5N1,1
DB05381,P17315,0
DB05381,Q816R0,0
DB05381,Q08170,0
DB05381,O95865,0
DB05381,P49286,0
DB00035,P30518,1
DB00035,P37288,1
DB00035,P47901,1
DB00035,P9WHH7,0
DB00035,P04350,0
DB00035,Q02083,0
DB04376,Q05655,1
DB04376,Q9UGN5,0
DB04084,P49424,1
DB04084,Q04416,0
DB00788,P23219,1
DB00788,P35354,1
DB00788,Q51911,1
DB00788,P25779,0
DB00788,O43181,0
DB00788,P30837,0
DB03216,P23526,1
DB03216,P01138,0
DB07348,P84077,1
DB07348,Q99418,1
DB07348,A5X5Y0,0
DB07348,P19784,0
DB05465,P36888,1
DB05465,Q9GZP0,1
DB05465,P15336,0
DB05465,Q53728,0
DB03643,P05981,1
DB03643,P07477,1
DB03643,P06703,0
DB03643,Q32P28,0
DB06713,P02768,1
DB06713,P06401,1
DB06713,P10275,1
DB06713,P49916,0
DB06713,P06756,0
DB06713,P31939,0
DB02849,P16932,1
DB02849,P05112,0
DB06868,P00734,1
DB06868,P0CG29,0
DB01963,P17538,1
DB01963,P16118,0
DB14500,P05023,1
DB14500,Q92945,0
DB09279,P30556,1
DB09279,B7JA91,0
DB03077,P01556,1
DB03077,Q57193,1
DB03077,P46926,0
DB03077,P09486,0
DB08384,Q9Y233,1
DB08384,P48632,0
DB03090,P0DJ06,1
DB03090,P32119,0
DB04408,P0A3S0,1
DB04408,Q16568,0
DB02234,P0A094,1
DB02234,P29474,1
DB02234,P35228,1
DB02234,Q60099,0
DB02234,Q9H8P0,0
DB02234,Q8NI60,0
DB12278,P08172,1
DB12278,P08173,1
DB12278,P08912,1
DB12278,P11229,1
DB12278,P20309,1
DB12278,P35348,1
DB12278,Q13936,1
DB12278,Q46704,0
DB12278,P30838,0
DB12278,Q9NYP7,0
DB12278,Q9NY46,0
DB12278,P04424,0
DB12278,Q8N5S9,0
DB12278,P11172,0
DB00524,P55017,1
DB00524,Q12882,0
DB01776,P01308,1
DB01776,P09601,0
DB09068,P08588,1
DB09068,P08908,1
DB09068,P23975,1
DB09068,P28222,1
DB09068,P31645,1
DB09068,P34969,1
DB09068,P46098,1
DB09068,Q8IVA8,0
DB09068,O15399,0
DB09068,P04406,0
DB09068,Q01726,0
DB09068,Q96QU6,0
DB09068,Q81R22,0
DB09068,Q9Y2J8,0
DB04777,Q93D82,1
DB04777,P48181,0
DB04216,O00303,1
DB04216,O75469,1
DB04216,O94768,1
DB04216,P03372,1
DB04216,P04278,1
DB04216,P06576,1
DB04216,P07900,1
DB04216,P08631,1
DB04216,P11309,1
DB04216,P16083,1
DB04216,P16152,1
DB04216,P17676,1
DB04216,P22314,1
DB04216,P25705,1
DB04216,P35869,1
DB04216,P36542,1
DB04216,P48736,1
DB04216,P54652,1
DB04216,P60709,1
DB04216,P67870,1
DB04216,P68400,1
DB04216,Q15393,1
DB04216,Q16678,1
DB04216,Q5G940,1
DB04216,Q6NUS8,1
DB04216,Q6NVY1,1
DB04216,Q92731,1
DB04216,Q9AIU0,1
DB04216,Q9Y230,1
DB04216,P53805,0
DB04216,P11488,0
DB04216,P35858,0
DB04216,P37288,0
DB04216,P18510,0
DB04216,P20645,0
DB04216,Q9RUZ0,0
DB04216,P32745,0
DB04216,Q10588,0
DB04216,P79483,0
DB04216,O95298,0
DB04216,O60264,0
DB04216,P62136,0
DB04216,Q8TDR2,0
DB04216,Q14032,0
DB04216,Q16850,0
DB04216,P01877,0
DB04216,P0A0Z8,0
DB04216,Q06830,0
DB04216,P24666,0
DB04216,P14218,0
DB04216,Q14833,0
DB04216,Q8I0X2,0
DB04216,Q7L0J3,0
DB04216,P16870,0
DB04216,Q9Y234,0
DB04216,P76216,0
DB04216,Q9X1F8,0
DB04216,P15056,0
DB03309,O00204,1
DB03309,P19622,1
DB03309,P50597,1
DB03309,P72181,1
DB03309,P81180,1
DB03309,Q14833,0
DB03309,P55072,0
DB03309,P56282,0
DB03309,P04070,0
DB03309,P08574,0
DB12015,P42336,1
DB12015,P09038,0
DB00120,O95363,1
DB00120,P00439,1
DB00120,P07101,1
DB00120,P17735,1
DB00120,Q9NSD9,1
DB00120,Q9UHI5,1
DB00120,Q9Y285,1
DB00120,O95168,0
DB00120,P12314,0
DB00120,Q72JJ3,0
DB00120,O08398,0
DB00120,O75676,0
DB00120,O75306,0
DB00120,Q9UNA0,0
DB01108,P03372,1
DB01108,P14060,1
DB01108,P26439,1
DB01108,Q92731,1
DB01108,P06864,0
DB01108,P83797,0
DB01108,Q70I53,0
DB01108,Q9NZD4,0
DB00332,P08172,1
DB00332,P11229,1
DB00332,P20309,1
DB00332,O43617,0
DB00332,Q01581,0
DB00332,P21964,0
DB04252,P05020,1
DB04252,O14757,0
DB07964,P78536,1
DB07964,Q16288,0
DB08542,P9WNW7,1
DB08542,Q15031,0
DB13954,O75469,1
DB13954,P00846,1
DB13954,P03372,1
DB13954,P37059,1
DB13954,P43681,1
DB13954,P62508,1
DB13954,Q14457,1
DB13954,Q15596,1
DB13954,Q92731,1
DB13954,Q99527,1
DB13954,Q96C86,0
DB13954,Q8IW41,0
DB13954,Q8IKR1,0
DB13954,P53355,0
DB13954,Q9HUR5,0
DB13954,O96221,0
DB13954,P50993,0
DB13954,Q88H32,0
DB13954,P82599,0
DB13954,P11684,0
DB08057,P06239,1
DB08057,P05177,0
DB02624,P19634,1
DB02624,P43652,0
DB03645,P13929,1
DB03645,Q07864,0
DB13643,O00591,1
DB13643,O14764,1
DB13643,P14867,1
DB13643,P18505,1
DB13643,P18507,1
DB13643,P28472,1
DB13643,P31644,1
DB13643,P34903,1
DB13643,P47869,1
DB13643,P47870,1
DB13643,P48169,1
DB13643,P78334,1
DB13643,Q16445,1
DB13643,Q8N1C3,1
DB13643,Q99928,1
DB13643,Q9UN88,1
DB13643,P28222,0
DB13643,P40259,0
DB13643,Q07075,0
DB13643,Q939N4,0
DB13643,P98155,0
DB13643,P30419,0
DB13643,P78352,0
DB13643,Q00536,0
DB13643,P00519,0
DB13643,Q08493,0
DB13643,P17813,0
DB13643,Q9NSA0,0
DB13643,Q13873,0
DB13643,Q96RI0,0
DB13643,Q8IJN7,0
DB13643,P04350,0
DB07959,O14757,1
DB07959,P28566,0
DB03415,P11310,1
DB03415,P05090,0
DB03956,P51178,1
DB03956,P37062,0
DB01784,P00918,1
DB01784,P50250,0
DB07224,P07858,1
DB07224,P14920,0
DB04967,P11387,1
DB04967,P11388,1
DB04967,P27695,1
DB04967,P08243,0
DB04967,P17538,0
DB04967,P27708,0
DB07957,Q9UNI1,1
DB07957,P35398,0
DB11327,P35228,1
DB11327,P35354,1
DB11327,P23975,0
DB11327,P00441,0
DB01454,P23975,1
DB01454,P28223,1
DB01454,P28335,1
DB01454,P31645,1
DB01454,P41595,1
DB01454,Q01959,1
DB01454,Q05940,1
DB01454,P24182,0
DB01454,Q8ILK3,0
DB01454,Q9H093,0
DB01454,Q9GZZ6,0
DB01454,Q13555,0
DB01454,P32322,0
DB01454,P45799,0
DB02607,P15531,1
DB02607,P0AA43,0
DB00114,O15269,1
DB00114,O15270,1
DB00114,O15382,1
DB00114,O75600,1
DB00114,O94903,1
DB00114,O95470,1
DB00114,P00505,1
DB00114,P04181,1
DB00114,P11216,1
DB00114,P11217,1
DB00114,P11926,1
DB00114,P13196,1
DB00114,P17174,1
DB00114,P17735,1
DB00114,P19113,1
DB00114,P20132,1
DB00114,P20711,1
DB00114,P21549,1
DB00114,P22557,1
DB00114,P23378,1
DB00114,P24298,1
DB00114,P32929,1
DB00114,P34896,1
DB00114,P34897,1
DB00114,P35520,1
DB00114,P54687,1
DB00114,P80404,1
DB00114,Q16719,1
DB00114,Q16773,1
DB00114,Q2TU84,1
DB00114,Q53ET4,1
DB00114,Q59FK2,1
DB00114,Q59GM9,1
DB00114,Q5JAM2,1
DB00114,Q5VZ30,1
DB00114,Q6IBS8,1
DB00114,Q6WRI0,1
DB00114,Q6YP21,1
DB00114,Q6ZQY3,1
DB00114,Q8IUZ5,1
DB00114,Q8IVA8,1
DB00114,Q8N5Z0,1
DB00114,Q8TD30,1
DB00114,Q96A70,1
DB00114,Q96EN8,1
DB00114,Q96GA7,1
DB00114,Q96GD0,1
DB00114,Q96I15,1
DB00114,Q99259,1
DB00114,Q9BXA1,1
DB00114,Q9BYV1,1
DB00114,Q9GZT4,1
DB00114,Q9HD40,1
DB00114,Q9NUV7,1
DB00114,Q9NVS9,1
DB00114,Q9UGI5,1
DB00114,Q9UJX1,1
DB00114,Q9Y600,1
DB00114,Q9Y617,1
DB00114,Q9Y697,1
DB00114,O14735,0
DB00114,P35372,0
DB00114,P98194,0
DB00114,Q99470,0
DB00114,P06241,0
DB00114,Q15738,0
DB00114,P07359,0
DB00114,Q16288,0
DB00114,Q83P33,0
DB00114,P05109,0
DB00114,Q16134,0
DB00114,P01834,0
DB00114,P9WHT9,0
DB00114,Q16678,0
DB00114,O95954,0
DB00114,P29422,0
DB00114,P46940,0
DB00114,Q8TDS4,0
DB00114,O95180,0
DB00114,Q8GR64,0
DB00114,Q9P2K8,0
DB00114,P07451,0
DB00114,Q8WU03,0
DB00114,P77444,0
DB00114,Q9ULD8,0
DB00114,P49190,0
DB00114,P16410,0
DB00114,P25789,0
DB00114,P35498,0
DB00114,P12277,0
DB00114,P08779,0
DB00114,P28793,0
DB00114,P22001,0
DB00114,Q9LCV9,0
DB00114,P0A6Q5,0
DB00114,Q9A5I5,0
DB00114,P59768,0
DB00114,P43007,0
DB00114,P49588,0
DB00114,Q15822,0
DB00114,P9WND1,0
DB00114,Q5SLQ0,0
DB00114,Q9RHZ6,0
DB00114,P45314,0
DB00114,Q51366,0
DB00114,P08574,0
DB00114,P30874,0
DB00114,P43876,0
DB00114,A0A0H2URW2,0
DB00114,Q8WUI4,0
DB00114,Q9L5C8,0
DB00114,P20020,0
DB00114,Q9NYR8,0
DB00114,P00646,0
DB00114,P00519,0
DB00114,P09210,0
DB00114,P38545,0
DB00114,Q13885,0
DB00114,Q45135,0
DB00114,Q9H1R3,0
DB00999,P55017,1
DB00999,Q12791,1
DB00999,Q8NMG3,0
DB00999,Q16518,0
DB07381,P11444,1
DB07381,Q06174,0
DB08026,P53779,1
DB08026,O96221,0
DB03699,P56220,1
DB03699,Q72LA5,0
DB02318,Q16706,1
DB02318,P0A745,0
DB01262,P26358,1
DB01262,Q49184,0
DB02938,P04054,1
DB02938,P14868,0
DB09039,Q16739,1
DB09039,P19784,0
DB02404,P22303,1
DB02404,P0A876,0
DB02277,Q16539,1
DB02277,Q9UEW3,0
DB03222,P06746,1
DB03222,P62219,1
DB03222,Q08698,1
DB03222,Q59560,1
DB03222,P06729,0
DB03222,P47229,0
DB03222,Q06033,0
DB03222,O60294,0
DB07288,P17948,1
DB07288,P00362,0
DB00860,P04150,1
DB00860,P00914,0
DB04108,P50579,1
DB04108,O14939,0
DB07458,P17612,1
DB07458,P9WNL7,0
DB07851,P27487,1
DB07851,Q7Z3S7,0
DB00921,P35372,1
DB00921,P41143,1
DB00921,P41145,1
DB00921,P41146,1
DB00921,P11766,0
DB00921,P49915,0
DB00921,P08648,0
DB00921,Q9UHC3,0
DB07004,P04271,1
DB07004,Q9UKY3,0
DB04243,P0AGE0,1
DB04243,Q02054,0
DB06497,P51681,1
DB06497,O14730,0
DB07895,P49354,1
DB07895,P49356,1
DB07895,Q9UL51,0
DB07895,O14939,0
DB04784,Q84EX5,1
DB04784,P28566,0
DB00496,P08172,1
DB00496,P08173,1
DB00496,P08912,1
DB00496,P11229,1
DB00496,P20309,1
DB00496,P00374,0
DB00496,O15264,0
DB00496,P16113,0
DB00496,Q9HA77,0
DB00496,P9WNG3,0
DB08674,P49354,1
DB08674,P49356,1
DB08674,Q8TF61,0
DB08674,P02647,0
DB01183,O00206,1
DB01183,P03372,1
DB01183,P16220,1
DB01183,P23141,1
DB01183,P35372,1
DB01183,P41143,1
DB01183,P41145,1
DB01183,P12995,0
DB01183,P35908,0
DB01183,Q08698,0
DB01183,P25052,0
DB01183,P13568,0
DB01183,P00644,0
DB01183,Q60099,0
DB05542,Q13639,1
DB05542,Q9UHQ9,0
DB07457,O15530,1
DB07457,Q93RD8,0
DB02434,P95468,1
DB02434,Q53707,0
DB12874,P36888,1
DB12874,Q8IL88,0
DB03120,P09668,1
DB03120,P61626,1
DB03120,Q14914,0
DB03120,P23340,0
DB02609,P19624,1
DB02609,P31994,0
DB01934,P00803,1
DB01934,P12996,0
DB08620,Q494W8,1
DB08620,P45877,0
DB01420,P10275,1
DB01420,Q96RE1,0
DB08391,Q9Y233,1
DB08391,P9WGY7,0
DB02122,P05364,1
DB02122,P14489,1
DB02122,Q27738,0
DB02122,Q92731,0
DB01595,O00591,1
DB01595,O14764,1
DB01595,P14867,1
DB01595,P18505,1
DB01595,P18507,1
DB01595,P28472,1
DB01595,P31644,1
DB01595,P34903,1
DB01595,P35498,1
DB01595,P47869,1
DB01595,P47870,1
DB01595,P48169,1
DB01595,P78334,1
DB01595,Q16445,1
DB01595,Q8N1C3,1
DB01595,Q99928,1
DB01595,Q9UN88,1
DB01595,P39646,0
DB01595,P23904,0
DB01595,P17516,0
DB01595,P21283,0
DB01595,Q48436,0
DB01595,O31616,0
DB01595,Q46856,0
DB01595,P51659,0
DB01595,P05695,0
DB01595,P60484,0
DB01595,P17213,0
DB01595,P9WG35,0
DB01595,P49069,0
DB01595,P07254,0
DB01595,P0A8M5,0
DB01595,P04040,0
DB01595,P42685,0
DB06787,P08172,1
DB06787,P08173,1
DB06787,P11229,1
DB06787,P20309,1
DB06787,P0A8V9,0
DB06787,O75964,0
DB06787,P02795,0
DB06787,P14649,0
DB03902,P12931,1
DB03902,P0A0K8,0
DB02021,O60218,1
DB02021,P15121,1
DB02021,Q9NY56,0
DB02021,P62136,0
DB08588,P27487,1
DB08588,P24228,0
DB01416,P0AD68,1
DB01416,P49368,0
DB02667,Q2RJ67,1
DB02667,Q9KEI9,0
DB08436,P07900,1
DB08436,P28329,0
DB09262,P08172,1
DB09262,P11229,1
DB09262,P20309,1
DB09262,Q5SHF5,0
DB09262,P06703,0
DB09262,P61160,0
DB08438,Q54873,1
DB08438,P49721,0
DB00744,P09917,1
DB00744,P23141,0
DB00198,Q99519,1
DB00198,Q9Y3R4,1
DB00198,P15291,0
DB00198,P12995,0
DB00823,P03372,1
DB00823,P06401,1
DB00823,Q9Y6K1,0
DB00823,P07998,0
DB14512,P04150,1
DB14512,P06401,1
DB14512,Q9UM73,0
DB14512,P14618,0
DB02621,P06396,1
DB02621,P68133,1
DB02621,Q46220,1
DB02621,P47872,0
DB02621,P35094,0
DB02621,Q13885,0
DB07027,P00734,1
DB07027,P29957,0
DB01355,P14867,1
DB01355,P31644,1
DB01355,P34903,1
DB01355,P36544,1
DB01355,P42262,1
DB01355,P43681,1
DB01355,P47869,1
DB01355,P48169,1
DB01355,Q13002,1
DB01355,Q16445,1
DB01355,P13817,0
DB01355,Q59931,0
DB01355,O15169,0
DB01355,K7YNB3,0
DB01355,Q13526,0
DB01355,Q92911,0
DB01355,P72525,0
DB01355,P80748,0
DB01355,P42512,0
DB01355,P06730,0
DB03870,Q9XBQ3,1
DB03870,P00497,0
DB11699,P46098,1
DB11699,P47228,0
DB06909,Q07343,1
DB06909,P05231,0
DB01607,C1KC03,1
DB01607,Q9Y6R4,0
DB02161,P23141,1
DB02161,P20276,0
DB04525,P18031,1
DB04525,Q56748,0
DB08683,O14757,1
DB08683,P19424,0
DB12248,P07550,1
DB12248,P22256,0
DB07779,P27487,1
DB07779,Q46444,0
DB02076,P06744,1
DB02076,P46859,1
DB02076,P52209,1
DB02076,P07858,0
DB02076,Q99571,0
DB02076,Q16739,0
DB13928,P43220,1
DB13928,P63462,0
DB08147,P18031,1
DB08147,Q8N1Q1,0
DB07140,A0A0M3KKX1,1
DB07140,P00374,1
DB07140,P0AEK7,0
DB07140,P25311,0
DB04801,Q03181,1
DB04801,P62619,0
DB01713,P0C0F4,1
DB01713,P0A6J8,0
DB04273,P11086,1
DB04273,P60355,0
DB01041,P01375,1
DB01041,P02763,1
DB01041,P19652,1
DB01041,P19838,1
DB01041,P21802,1
DB01041,P35354,1
DB01041,Q96SW2,1
DB01041,P9WIE5,0
DB01041,O95977,0
DB01041,P0A789,0
DB01041,C0H4L1,0
DB01041,P29074,0
DB01041,P39900,0
DB01041,P0AEK4,0
DB02408,P0A078,1
DB02408,P0A079,1
DB02408,O95670,0
DB02408,P0A3M5,0
DB06751,P27815,1
DB06751,Q13936,1
DB06751,Q9NPA1,0
DB06751,O00238,0
DB06693,P04035,1
DB06693,P81180,0
DB02532,P0CG22,1
DB02532,Q01782,1
DB02532,Q93LD7,0
DB02532,P48507,0
DB02593,P25910,1
DB02593,P42679,0
DB08642,P00374,1
DB08642,Q9UKQ2,0
DB03024,P00797,1
DB03024,P06983,0
DB00961,Q9Y5Y9,1
DB00961,Q9ULU8,0
DB01948,Q16539,1
DB01948,P29371,0
DB08214,P35228,1
DB08214,P30153,0
DB08003,P18031,1
DB08003,P40261,0
DB03340,P45494,1
DB03340,O95477,0
DB07264,P28482,1
DB07264,Q8TCT9,0
DB01320,Q14524,1
DB01320,P08164,0
DB04053,P52197,1
DB04053,P35270,0
DB12769,P0ABQ4,1
DB12769,Q15800,0
DB01806,Q54528,1
DB01806,P23975,0
DB01147,P00811,1
DB01147,P0A3M5,1
DB01147,P0AEB3,1
DB01147,Q51504,1
DB01147,Q8DNB6,1
DB01147,Q8XJ01,1
DB01147,P36021,0
DB01147,O95750,0
DB01147,P15259,0
DB01147,O14746,0
DB01147,Q9Y6K1,0
DB01147,P41597,0
DB03443,P07477,1
DB03443,P14770,0
DB03693,P78368,1
DB03693,Q02383,0
DB00142,O00222,1
DB00142,O00341,1
DB00142,O14841,1
DB00142,O15067,1
DB00142,O15382,1
DB00142,O15399,1
DB00142,O94925,1
DB00142,O95954,1
DB00142,P00367,1
DB00142,P00505,1
DB00142,P07814,1
DB00142,P08243,1
DB00142,P15104,1
DB00142,P17174,1
DB00142,P17735,1
DB00142,P24298,1
DB00142,P38435,1
DB00142,P39086,1
DB00142,P42261,1
DB00142,P42262,1
DB00142,P42263,1
DB00142,P43003,1
DB00142,P43004,1
DB00142,P43005,1
DB00142,P48058,1
DB00142,P48506,1
DB00142,P48507,1
DB00142,P48664,1
DB00142,P49448,1
DB00142,P49915,1
DB00142,P54687,1
DB00142,P54886,1
DB00142,P80404,1
DB00142,Q04609,1
DB00142,Q05329,1
DB00142,Q05586,1
DB00142,Q05932,1
DB00142,Q07075,1
DB00142,Q12879,1
DB00142,Q13002,1
DB00142,Q13003,1
DB00142,Q13224,1
DB00142,Q13255,1
DB00142,Q14831,1
DB00142,Q14833,1
DB00142,Q14957,1
DB00142,Q16099,1
DB00142,Q16478,1
DB00142,Q2TU84,1
DB00142,Q5JPH6,1
DB00142,Q6IA69,1
DB00142,Q8N159,1
DB00142,Q8N5Z0,1
DB00142,Q8TCU5,1
DB00142,Q8TD30,1
DB00142,Q99259,1
DB00142,Q9UDR5,1
DB00142,Q9UI32,1
DB00142,Q9ULA0,1
DB00142,Q9UPY5,1
DB00142,Q9Y617,1
DB00142,Q9Y646,1
DB00142,P0A8P1,0
DB00142,P35462,0
DB00142,Q7L266,0
DB00142,Q9X242,0
DB00142,Q13938,0
DB00142,Q01118,0
DB00142,Q96C24,0
DB00142,Q8TE23,0
DB00142,P69681,0
DB00142,P02818,0
DB00142,P40871,0
DB00142,O33407,0
DB00142,P21917,0
DB00142,P07801,0
DB00142,P05102,0
DB00142,P06756,0
DB00142,P0AEB3,0
DB00142,P10147,0
DB00142,Q9HCD5,0
DB00142,P01848,0
DB00142,P01374,0
DB00142,Q59H18,0
DB00142,O60391,0
DB00142,P09525,0
DB00142,P9WQB3,0
DB00142,P43116,0
DB00142,Q9WZK0,0
DB00142,P0ACC7,0
DB00142,Q5SJH3,0
DB00142,P51511,0
DB00142,P07026,0
DB00142,P50416,0
DB00142,P22301,0
DB00142,Q8TED1,0
DB00142,P30793,0
DB00142,P07822,0
DB00142,O43776,0
DB00142,Q16798,0
DB00142,Q9UHW9,0
DB00142,P14550,0
DB00142,Q9BRS2,0
DB00142,Q8SPQ9,0
DB00142,Q99677,0
DB00142,Q9UHF0,0
DB00142,Q9UBX1,0
DB00142,P68826,0
DB00142,Q9ZNA2,0
DB00142,P30519,0
DB00142,P01857,0
DB00142,Q65CX5,0
DB00142,Q05901,0
DB00142,Q13936,0
DB00142,P06710,0
DB00142,P12314,0
DB00142,P9WK83,0
DB00142,Q9CBQ2,0
DB00142,P0A017,0
DB00142,P08238,0
DB00142,Q9UIC8,0
DB00142,P09871,0
DB00142,Q9NPA2,0
DB00142,O52806,0
DB00919,P0A7S3,1
DB00919,P47898,0
DB02489,P56740,1
DB02489,P0A3S0,0
DB04034,P39304,1
DB04034,O43676,0
DB03201,P15085,1
DB03201,P48745,0
DB00121,O00763,1
DB00121,P05165,1
DB00121,P05166,1
DB00121,P11498,1
DB00121,P50747,1
DB00121,Q13085,1
DB00121,Q96RQ3,1
DB00121,Q9HCC0,1
DB00121,Q96GA7,0
DB00121,Q45135,0
DB00121,O31410,0
DB00121,P53582,0
DB00121,P09960,0
DB00121,Q14032,0
DB00121,P37059,0
DB00121,P05305,0
DB05013,P17252,1
DB05013,Q05655,1
DB05013,P21905,0
DB05013,P22459,0
DB06994,P27487,1
DB06994,P09546,0
DB00269,P03372,1
DB00269,P06850,0
DB02736,P27017,1
DB02736,P47871,0
DB06710,P03372,1
DB06710,P10275,1
DB06710,P0A9M5,0
DB06710,P12256,0
DB02339,P33247,1
DB02339,P31939,0
DB07896,O52791,1
DB07896,P02792,0
DB11979,P30968,1
DB11979,Q9NS18,0
DB02242,P95468,1
DB02242,P48729,0
DB07110,P56817,1
DB07110,P32745,0
DB07985,P07477,1
DB07985,P14900,0
DB01888,P24941,1
DB01888,Q15942,0
DB09048,P25103,1
DB09048,Q27743,0
DB02911,P29474,1
DB02911,Q04759,0
DB04709,P10275,1
DB04709,P02774,0
DB08149,P17612,1
DB08149,P61925,1
DB08149,Q54331,0
DB08149,P01889,0
DB02354,P07477,1
DB02354,P42263,0
DB02749,P05042,1
DB02749,Q9UKI8,0
DB06510,P37231,1
DB06510,Q07869,1
DB06510,Q8SPQ9,0
DB06510,Q47764,0
DB03672,P06276,1
DB03672,P26394,0
DB07670,P33260,1
DB07670,P98194,0
DB01396,P05023,1
DB01396,Q92830,0
DB08484,P09467,1
DB08484,Q9BVM4,0
DB05220,O14965,1
DB05220,Q8IKF0,0
DB08346,P08238,1
DB08346,P17596,0
DB04560,P0ACB2,1
DB04560,P13716,1
DB04560,Q59334,1
DB04560,Q0VD83,0
DB04560,O95167,0
DB04560,Q9H306,0
DB02024,P00509,1
DB02024,P95468,1
DB02024,Q75WK2,1
DB02024,Q53H96,0
DB02024,Q9BPV8,0
DB02024,Q86XP1,0
DB04857,P14416,1
DB04857,P30084,0
DB02903,P01556,1
DB02903,P11409,0
DB01799,Q46822,1
DB01799,O15440,0
DB01142,P08172,1
DB01142,P08173,1
DB01142,P08908,1
DB01142,P08912,1
DB01142,P11229,1
DB01142,P20309,1
DB01142,P23975,1
DB01142,P25021,1
DB01142,P25100,1
DB01142,P28223,1
DB01142,P28335,1
DB01142,P31645,1
DB01142,P35348,1
DB01142,P35367,1
DB01142,P35368,1
DB01142,P41595,1
DB01142,P50406,1
DB01142,Q12809,1
DB01142,Q9H3N8,1
DB01142,O95865,0
DB01142,P49366,0
DB01142,P13727,0
DB01142,P43119,0
DB01142,O15530,0
DB01142,P21728,0
DB01142,Q13509,0
DB01142,Q5SHF5,0
DB01142,Q14872,0
DB01142,P22413,0
DB01142,Q99798,0
DB01142,Q9UI12,0
DB01142,Q99661,0
DB01142,P35869,0
DB01142,P05451,0
DB01142,P11836,0
DB01142,A0A0H2URW2,0
DB01142,P25006,0
DB01142,P0DOY6,0
DB02776,P20261,1
DB02776,Q7SIG1,1
DB02776,Q9ULC6,0
DB02776,O95907,0
DB08447,Q9NZK7,1
DB08447,P04049,0
DB08603,P15636,1
DB08603,P30874,0
DB06716,P28472,1
DB06716,P47870,1
DB06716,P9WPN5,0
DB06716,P0C0L5,0
DB03357,P11444,1
DB03357,P23378,0
DB01005,P23921,1
DB01005,P25942,0
DB01247,P21397,1
DB01247,P27338,1
DB01247,P28329,0
DB01247,O34928,0
DB07344,Q8IVS2,1
DB07344,P05067,0
DB09221,P01138,1
DB09221,P01375,1
DB09221,P05231,1
DB09221,P07900,1
DB09221,P08238,1
DB09221,P08700,1
DB09221,P09619,1
DB09221,P17948,1
DB09221,P0DOY6,0
DB09221,P09038,0
DB09221,P27635,0
DB09221,Q8NHE4,0
DB09221,P0A8V2,0
DB09221,P02776,0
DB09221,P71278,0
DB09221,Q46079,0
DB02163,Q05603,1
DB02163,Q9K2N0,0
DB07433,Q9UNI1,1
DB07433,Q15185,0
DB09123,P06401,1
DB09123,P10275,1
DB09123,P20851,0
DB09123,P83787,0
DB02314,P14900,1
DB02314,P22188,1
DB02314,Q16348,0
DB02314,Q16853,0
DB00900,P00491,1
DB00900,Q7SIG1,0
DB08144,P24182,1
DB08144,Q92800,0
DB06678,P08913,1
DB06678,P18089,1
DB06678,P18825,1
DB06678,P28223,1
DB06678,P28335,1
DB06678,P35367,1
DB06678,P41595,1
DB06678,P12996,0
DB06678,P00387,0
DB06678,P28331,0
DB06678,Q7BK04,0
DB06678,P54289,0
DB06678,Q16774,0
DB06678,Q9Y6R4,0
DB12116,P26358,1
DB12116,P35869,1
DB12116,Q86XF0,1
DB12116,Q9GZU7,0
DB12116,P05112,0
DB12116,P49915,0
DB08811,O00408,1
DB08811,P27815,1
DB08811,Q14432,1
DB08811,Q9Y233,1
DB08811,P78368,0
DB08811,P56194,0
DB08811,Q7AUG5,0
DB08811,Q13936,0
DB12825,P61182,1
DB12825,P35462,0
DB14544,P04083,1
DB14544,P04150,1
DB14544,P14060,1
DB14544,P80365,1
DB14544,P26358,0
DB14544,O95255,0
DB14544,P24298,0
DB14544,Q01995,0
DB00618,P30518,1
DB00618,Q8TET4,0
DB06858,P00734,1
DB06858,P07477,1
DB06858,Q9X0D0,0
DB06858,Q15080,0
DB06883,P12931,1
DB06883,Q9UF02,0
DB03101,P00491,1
DB03101,P12758,1
DB03101,O14791,0
DB03101,P26010,0
DB07716,P01834,1
DB07716,Q9BQI3,0
DB00829,O00591,1
DB00829,O14764,1
DB00829,P14867,1
DB00829,P18505,1
DB00829,P18507,1
DB00829,P28472,1
DB00829,P31644,1
DB00829,P34903,1
DB00829,P47869,1
DB00829,P47870,1
DB00829,P48169,1
DB00829,P78334,1
DB00829,Q16445,1
DB00829,Q8N1C3,1
DB00829,Q99928,1
DB00829,Q9UN88,1
DB00829,P11797,0
DB00829,Q54468,0
DB00829,Q9ULZ9,0
DB00829,Q72JJ3,0
DB00829,P35398,0
DB00829,O95622,0
DB00829,P10724,0
DB00829,P83792,0
DB00829,P49821,0
DB00829,Q92918,0
DB00829,Q13427,0
DB00829,Q15738,0
DB00829,P09874,0
DB00829,C3T8E2,0
DB00829,P00582,0
DB00829,P14193,0
DB01259,P00533,1
DB01259,P04626,1
DB01259,P0A721,0
DB01259,Q14123,0
DB07149,P49841,1
DB07149,P48066,0
DB12140,P01375,1
DB12140,P01584,1
DB12140,P05231,1
DB12140,Q02880,0
DB12140,P33261,0
DB12140,P00505,0
DB07558,O14818,1
DB07558,P25929,0
DB04231,P00282,1
DB04231,P07098,0
DB11577,P08913,1
DB11577,P18089,1
DB11577,P18825,1
DB11577,P25100,1
DB11577,P35348,1
DB11577,P35368,1
DB11577,P35869,1
DB11577,Q16836,0
DB11577,P05164,0
DB11577,P50453,0
DB11577,P38545,0
DB11577,P9WK19,0
DB11577,O95670,0
DB11577,P48181,0
DB00508,P08172,1
DB00508,P11229,1
DB00508,P14416,1
DB00508,P21728,1
DB00508,P41595,1
DB00508,P02768,0
DB00508,P06396,0
DB00508,Q9K2N0,0
DB00508,P25929,0
DB00508,Q8ZKF6,0
DB03146,P0A7D4,1
DB03146,O67987,0
DB04931,Q01726,1
DB04931,P22001,0
DB04128,O66529,1
DB04128,P0A7Z4,0
DB01839,Q8GEZ8,1
DB01839,Q9NY56,0
DB02912,Q9X4K7,1
DB02912,P61177,0
DB02755,P20645,1
DB02755,P29275,0
DB00050,P22888,1
DB00050,P30968,1
DB00050,P01764,0
DB00050,O00187,0
DB08285,P20248,1
DB08285,P24941,1
DB08285,Q14457,0
DB08285,Q9A5I5,0
DB06266,P13569,1
DB06266,P19367,1
DB06266,P09104,0
DB06266,P80075,0
DB02888,P62942,1
DB02888,P77425,0
DB07401,O14949,1
DB07401,O14957,1
DB07401,P00156,1
DB07401,P07919,1
DB07401,P08574,1
DB07401,P14927,1
DB07401,P22695,1
DB07401,P31930,1
DB07401,P47985,1
DB07401,Q9UDW1,1
DB07401,O00444,0
DB07401,Q8RLY5,0
DB07401,Q9Y617,0
DB07401,P13981,0
DB07401,Q97R46,0
DB07401,Q81EE4,0
DB07401,O43612,0
DB07401,Q6NVY1,0
DB07401,P80099,0
DB07401,P20138,0
DB06670,P43235,1
DB06670,P51003,0
DB07511,P00469,1
DB07511,P83849,0
DB01548,O60858,1
DB01548,P35372,1
DB01548,P41143,1
DB01548,P41145,1
DB01548,Q8XB74,0
DB01548,Q9UNK4,0
DB01548,P47944,0
DB01548,Q9UL54,0
DB00347,O43497,1
DB00347,P30996,0
DB15233,P10721,1
DB15233,P07437,0
DB07259,P09960,1
DB07259,Q13956,0
DB01199,P22303,1
DB01199,P36544,1
DB01199,P46098,1
DB01199,Q15822,1
DB01199,P07771,0
DB01199,Q9RYU4,0
DB01199,Q16718,0
DB01199,P12644,0
DB06919,P00734,1
DB06919,Q02818,0
DB02113,P0ABP8,1
DB02113,O75348,0
DB07219,P07858,1
DB07219,Q9WXS0,0
DB07167,P07333,1
DB07167,Q96GA7,0
DB03834,P0AD63,1
DB03834,P05187,0
DB02614,P62593,1
DB02614,P62594,1
DB02614,P22607,0
DB02614,P0A9Z7,0
DB07875,P00742,1
DB07875,P35408,0
DB04542,P15531,1
DB04542,Q9H306,0
DB04460,P0A7D4,1
DB04460,P20132,0
DB02585,P35030,1
DB02585,Q8I0V4,0
DB06813,P00374,1
DB06813,P04818,1
DB06813,P02931,0
DB06813,P13726,0
DB03583,P24941,1
DB03583,Q8NMG3,0
DB11345,O75762,1
DB11345,Q7Z2W7,1
DB11345,Q8NER1,1
DB11345,Q8NET8,1
DB11345,Q13470,0
DB11345,P63151,0
DB11345,O25608,0
DB11345,Q16853,0
DB08525,Q8DP79,1
DB08525,P02920,0
DB08687,Q16665,1
DB08687,Q9GZT9,1
DB08687,O14842,0
DB08687,P31327,0
DB04279,P08200,1
DB04279,Q56268,1
DB04279,O94903,0
DB04279,P63151,0
DB08317,P24182,1
DB08317,Q16602,0
DB04173,P02943,1
DB04173,P39639,0
DB07911,P47229,1
DB07911,P9WNH5,1
DB07911,P00497,0
DB07911,Q16877,0
DB00664,Q27738,1
DB00664,O67040,0
DB03615,P07237,1
DB03615,P0A7S3,1
DB03615,P9WQG9,1
DB03615,Q9R381,1
DB03615,Q96AE4,0
DB03615,Q14123,0
DB03615,P51852,0
DB03615,P68363,0
DB01023,O95180,1
DB01023,P02585,1
DB01023,P08235,1
DB01023,P0DP23,1
DB01023,P54289,1
DB01023,P54750,1
DB01023,P63316,1
DB01023,Q01064,1
DB01023,Q01668,1
DB01023,Q08289,1
DB01023,Q13698,1
DB01023,Q13936,1
DB01023,Q9NY47,1
DB01023,P47895,0
DB01023,P25779,0
DB01023,Q06520,0
DB01023,P54819,0
DB01023,P04217,0
DB01023,P48163,0
DB01023,O15169,0
DB01023,P07355,0
DB01023,Q15910,0
DB01023,Q9LCC8,0
DB01023,P62344,0
DB01023,O60294,0
DB01023,P39841,0
DB07698,Q8TF76,1
DB07698,Q13363,0
DB04879,P17948,1
DB04879,P35916,1
DB04879,P35968,1
DB04879,P03023,0
DB04879,Q98GN8,0
DB04879,Q5MYR6,0
DB08076,P24182,1
DB08076,P41789,0
DB03477,P35354,1
DB03477,P35270,0
DB01912,P06653,1
DB01912,Q46730,1
DB01912,P72355,0
DB01912,Q96RD7,0
DB04440,P00813,1
DB04440,Q9WXV1,0
DB00392,P08172,1
DB00392,P11229,1
DB00392,Q8TCU5,1
DB00392,Q9KWU1,0
DB00392,Q9NSE4,0
DB00392,P30749,0
DB08499,P42574,1
DB08499,O75116,0
DB04537,P00953,1
DB04537,P23381,1
DB04537,P80099,0
DB04537,P04179,0
DB00494,P21964,1
DB00494,Q96MA6,0
DB02442,P00782,1
DB02442,O15350,0
DB05642,P23975,1
DB05642,P46098,1
DB05642,Q87MW5,0
DB05642,Q12874,0
DB00006,P00734,1
DB00006,P23528,0
DB00454,O15399,1
DB00454,P08172,1
DB00454,P08173,1
DB00454,P08912,1
DB00454,P11229,1
DB00454,P20309,1
DB00454,P23141,1
DB00454,P23975,1
DB00454,P31645,1
DB00454,P35372,1
DB00454,P41145,1
DB00454,Q01959,1
DB00454,Q05586,1
DB00454,Q12879,1
DB00454,Q13224,1
DB00454,Q14957,1
DB00454,O14717,0
DB00454,P49589,0
DB00454,P15587,0
DB00454,Q9BQ31,0
DB00454,Q9NYK1,0
DB00454,Q9GZT4,0
DB00454,Q9S427,0
DB00454,P25021,0
DB00454,Q9BTZ2,0
DB00454,Q8RQE9,0
DB00454,P30038,0
DB00454,Q96BH3,0
DB00454,P32238,0
DB00454,P60880,0
DB00454,P05120,0
DB00454,P32170,0
DB01161,Q01959,1
DB01161,Q9Y5Y9,1
DB01161,Q9UNP4,0
DB01161,P0A7R5,0
DB14520,P02786,1
DB14520,P07822,1
DB14520,Q820T1,0
DB14520,Q8NG66,0
DB08775,Q9UBX1,1
DB08775,P01877,0
DB03072,P09874,1
DB03072,P9WH69,0
DB06274,P35372,1
DB06274,P41143,1
DB06274,P41145,1
DB06274,P10915,0
DB06274,P00138,0
DB06274,P10398,0
DB02032,O08498,1
DB02032,P12821,1
DB02032,P26918,1
DB02032,P52700,1
DB02032,Q9K578,1
DB02032,Q9KKU4,1
DB02032,P61313,0
DB02032,P0AEZ1,0
DB02032,Q9Y463,0
DB02032,P0A827,0
DB02032,Q9WYA5,0
DB02032,P45452,0
DB02054,P04181,1
DB02054,P24630,1
DB02054,P04792,0
DB02054,Q8GJ44,0
DB09063,Q9UM73,1
DB09063,P46859,0
DB01571,P35372,1
DB01571,P41143,1
DB01571,P41145,1
DB01571,Q9L6V3,0
DB01571,O75390,0
DB01571,P60709,0
DB00908,O00180,1
DB00908,P25100,1
DB00908,P35348,1
DB00908,P35368,1
DB00908,Q12809,1
DB00908,Q14524,1
DB00908,Q9Y257,1
DB00908,Q14376,0
DB00908,P22939,0
DB00908,P09417,0
DB00908,P63027,0
DB00908,P27169,0
DB00908,Q5VZ30,0
DB00908,P11439,0
DB04001,P18031,1
DB04001,Q47PU3,0
DB00912,P37231,1
DB00912,Q09428,1
DB00912,P31057,0
DB00912,P27623,0
DB07675,P37231,1
DB07675,P09884,0
DB02365,P02941,1
DB02365,P52700,1
DB02365,P42336,0
DB02365,P01178,0
DB09273,P07550,1
DB09273,P29274,1
DB09273,Q8IW54,1
DB09273,Q9Y6L6,0
DB09273,Q6P093,0
DB09273,P0A6G7,0
DB02382,P9WJJ7,1
DB02382,Q05603,1
DB02382,P9WGR1,0
DB02382,Q7SI98,0
DB07616,O60760,1
DB07616,P12931,0
DB00865,P08913,1
DB00865,P35348,1
DB00865,Q01959,1
DB00865,Q05940,1
DB00865,P40616,0
DB00865,Q9H4B7,0
DB00865,Q6ZMR3,0
DB00865,P36894,0
DB04763,P00918,1
DB04763,Q15746,0
DB00483,P08172,1
DB00483,P08912,1
DB00483,P11229,1
DB00483,P22303,1
DB00483,Q15822,1
DB00483,P53355,0
DB00483,Q9KWU1,0
DB00483,Q8NER1,0
DB00483,Q15031,0
DB00483,P16100,0
DB04144,Q00987,1
DB04144,P32427,0
DB08557,P07900,1
DB08557,Q04912,0
DB05003,P23921,1
DB05003,P31350,1
DB05003,O75469,0
DB05003,Q16769,0
DB04369,P35030,1
DB04369,Q9UKL6,0
DB04074,O15382,1
DB04074,P18548,1
DB04074,P9WQB3,1
DB04074,Q9JZW6,1
DB04074,Q9H2M3,0
DB04074,P63092,0
DB04074,P25924,0
DB04074,P37288,0
DB00327,P35372,1
DB00327,P41143,1
DB00327,P41145,1
DB00327,P46098,0
DB00327,P41968,0
DB00327,P35914,0
DB07023,P03951,1
DB07023,P22303,0
DB08157,P00915,1
DB08157,P00918,1
DB08157,Q15120,0
DB08157,Q14994,0
DB12130,Q9UM73,1
DB12130,Q86V86,0
DB03169,A0A0H3K1U2,1
DB03169,P04035,1
DB03169,P13702,1
DB03169,P16100,0
DB03169,P51582,0
DB03169,P49281,0
DB04348,P19835,1
DB04348,P51161,1
DB04348,Q96RI1,1
DB04348,P02924,0
DB04348,P48065,0
DB04348,Q9Y6F1,0
DB08669,P0AE18,1
DB08669,P0AEB2,0
DB01920,P00722,1
DB01920,P15538,0
DB02823,P00634,1
DB02823,Q56691,0
DB06530,Q9NR97,1
DB06530,Q9NYK1,1
DB06530,P50391,0
DB06530,P0A079,0
DB00805,P11229,1
DB00805,P14416,1
DB00805,P21397,1
DB00805,P21728,1
DB00805,P22303,1
DB00805,P28223,1
DB00805,P28335,1
DB00805,P31645,1
DB00805,P41595,1
DB00805,P48357,0
DB00805,P12259,0
DB00805,P36683,0
DB00805,P04183,0
DB00805,Q5SKH6,0
DB00805,Q9Y277,0
DB00805,P29372,0
DB00805,Q8TET4,0
DB00805,Q02252,0
DB07977,Q02127,1
DB07977,Q99828,0
DB01851,P01834,1
DB01851,P0A334,1
DB01851,Q57193,0
DB01851,Q5L1E2,0
DB13501,P23219,1
DB13501,P35354,1
DB13501,P46336,0
DB13501,P19099,0
DB00467,P11388,1
DB00467,P43700,1
DB00467,P43702,1
DB00467,P9WGR1,0
DB00467,O15111,0
DB00467,Q14831,0
DB09345,P35498,1
DB09345,P35499,1
DB09345,Q01118,1
DB09345,Q14524,1
DB09345,Q15858,1
DB09345,Q99250,1
DB09345,Q9NY46,1
DB09345,Q9UI33,1
DB09345,Q9UQD0,1
DB09345,Q9Y5Y9,1
DB09345,P02652,0
DB09345,Q9NPC1,0
DB09345,O67987,0
DB09345,Q9Y266,0
DB09345,P28838,0
DB09345,O15382,0
DB09345,Q8N568,0
DB09345,P54802,0
DB09345,P09238,0
DB09345,Q9X278,0
DB00474,P14867,1
DB00474,P0ADA1,0
DB00184,P11511,1
DB00184,P17787,1
DB00184,P28329,1
DB00184,P30532,1
DB00184,P30926,1
DB00184,P32297,1
DB00184,P36544,1
DB00184,P43681,1
DB00184,Q05901,1
DB00184,Q15822,1
DB00184,Q15825,1
DB00184,Q9GZZ6,1
DB00184,Q9UGM1,1
DB00184,P12104,0
DB00184,P19883,0
DB00184,Q8I487,0
DB00184,P35222,0
DB00184,P68771,0
DB00184,P0A7Z3,0
DB00184,P82543,0
DB00184,P51659,0
DB00184,P19938,0
DB00184,P0A745,0
DB00184,P49019,0
DB00184,P01583,0
DB00184,P15587,0
DB00875,P11229,1
DB00875,P14416,1
DB00875,P21728,1
DB00875,P28223,1
DB00875,P35348,1
DB00875,Q13885,0
DB00875,P35914,0
DB00875,P83796,0
DB00875,O31410,0
DB00875,Q12809,0
DB07519,P56817,1
DB07519,Q9NR19,0
DB01826,P00147,1
DB01826,P00183,1
DB01826,P02144,1
DB01826,P9WN25,1
DB01826,P45983,0
DB01826,P14616,0
DB01826,P07445,0
DB01826,P14751,0
DB04493,P00512,1
DB04493,P06744,1
DB04493,P09467,1
DB04493,P16118,1
DB04493,Q16877,1
DB04493,O00555,0
DB04493,Q9P2N6,0
DB04493,P51659,0
DB04493,Q9BXA7,0
DB04493,Q8TCT9,0
DB03814,O68601,1
DB03814,P00861,1
DB03814,P04424,1
DB03814,P06276,1
DB03814,P09211,1
DB03814,P09417,1
DB03814,P0A6Y5,1
DB03814,P0A8D6,1
DB03814,P0A9B2,1
DB03814,P0ACC7,1
DB03814,P0AEG6,1
DB03814,P15291,1
DB03814,P17169,1
DB03814,P20932,1
DB03814,P22303,1
DB03814,P22906,1
DB03814,P23946,1
DB03814,P25006,1
DB03814,P28845,1
DB03814,P30041,1
DB03814,P31434,1
DB03814,P36405,1
DB03814,P45314,1
DB03814,P49424,1
DB03814,P52664,1
DB03814,P54548,1
DB03814,P60355,1
DB03814,P76270,1
DB03814,Q01770,1
DB03814,Q6NXR0,1
DB03814,Q84FH6,1
DB03814,Q88H32,1
DB03814,Q8IWL2,1
DB03814,Q9FCA6,1
DB03814,Q9X5N2,1
DB03814,Q9X9L0,1
DB03814,Q9Y468,1
DB03814,Q9ZAG3,1
DB03814,P52895,0
DB03814,P55038,0
DB03814,P37957,0
DB03814,P05020,0
DB03814,Q02127,0
DB03814,P0A876,0
DB03814,O67135,0
DB03814,P45973,0
DB03814,Q8RQE7,0
DB03814,Q9Y663,0
DB03814,P0A915,0
DB03814,Q9HVZ0,0
DB03814,P50135,0
DB03814,P36578,0
DB03814,P16304,0
DB03814,P0DJ06,0
DB03814,P20309,0
DB03814,P29894,0
DB03814,P29422,0
DB03814,P0A2Y7,0
DB03814,Q8I372,0
DB03814,Q8IVS2,0
DB03814,P83689,0
DB03814,A0A0E1R3H3,0
DB03814,P24232,0
DB03814,O14521,0
DB03814,Q16566,0
DB03814,P09488,0
DB03814,P06968,0
DB03814,Q9Y6K1,0
DB03814,Q07864,0
DB03814,P12314,0
DB03814,Q72JJ3,0
DB03814,P18177,0
DB03814,P18669,0
DB03814,P0C0X2,0
DB03814,Q820T1,0
DB03814,Q9UGI5,0
DB01796,P30012,1
DB01796,P9WJJ7,1
DB01796,Q7Z406,0
DB01796,O43772,0
DB06725,P23219,1
DB06725,P35354,1
DB06725,Q9H4B7,0
DB06725,P00437,0
DB07251,P54760,1
DB07251,Q9HBL8,0
DB11235,P08172,1
DB11235,P08173,1
DB11235,P08912,1
DB11235,P11229,1
DB11235,P20309,1
DB11235,P35367,1
DB11235,P58758,0
DB11235,P08183,0
DB11235,Q44244,0
DB11235,Q8IKM6,0
DB11235,P9WNS5,0
DB11235,P09466,0
DB08143,P00742,1
DB08143,P0C1U9,0
DB03933,Q06110,1
DB03933,P69772,0
DB03214,Q96QU6,1
DB03214,Q96RQ9,1
DB03214,P31391,0
DB03214,P32245,0
DB06965,P22088,1
DB06965,P19438,0
DB05010,O75899,1
DB05010,Q9UBS5,1
DB05010,P41180,0
DB05010,Q9NPC2,0
DB06928,Q04609,1
DB06928,Q9HGT2,0
DB03821,P15289,1
DB03821,Q8TD43,0
DB08008,Q02127,1
DB08008,P9WNP5,0
DB13146,O15399,1
DB13146,O60391,1
DB13146,P42261,1
DB13146,P42262,1
DB13146,P42263,1
DB13146,P48058,1
DB13146,Q05586,1
DB13146,Q12879,1
DB13146,Q13224,1
DB13146,Q14957,1
DB13146,Q15758,1
DB13146,Q8TCU5,1
DB13146,Q8WY07,1
DB13146,Q9UM01,1
DB13146,P16083,0
DB13146,Q16772,0
DB13146,P18846,0
DB13146,P22637,0
DB13146,P56385,0
DB13146,Q96BH3,0
DB13146,P04271,0
DB13146,O15067,0
DB13146,P08779,0
DB13146,P0AC44,0
DB13146,Q9BYF1,0
DB13146,P45880,0
DB13146,Q46393,0
DB13146,Q819U0,0
DB07384,P06576,1
DB07384,P25705,1
DB07384,P36542,1
DB07384,P14416,0
DB07384,P56740,0
DB07384,P00746,0
DB00511,P05023,1
DB00511,P35270,0
DB04638,O14983,1
DB04638,Q86YN6,0
DB04631,P07014,1
DB04631,P0AC41,1
DB04631,P0AC44,1
DB04631,P69054,1
DB04631,P0ACC7,0
DB04631,Q08638,0
DB04631,P06968,0
DB04631,Q9NYR8,0
DB03299,Q44244,1
DB03299,Q9L888,0
DB04101,P24941,1
DB04101,P0A108,0
DB03593,Q96C86,1
DB03593,Q693P7,0
DB02004,P27487,1
DB02004,P19793,0
DB06696,P0A7S3,1
DB06696,P29377,0
DB03030,P0AEK4,1
DB03030,P17342,0
DB03344,O43739,1
DB03344,P09871,0
DB07211,P00734,1
DB07211,P00742,1
DB07211,Q72JD8,0
DB07211,Q59334,0
DB01340,P12821,1
DB01340,P18314,0
DB02430,P36673,1
DB02430,L0DSL2,0
DB06886,P00781,1
DB06886,Q6IX08,0
DB00330,P9WNL5,1
DB00330,P9WNL7,1
DB00330,P9WNL9,1
DB00330,Q8YSC4,0
DB00330,Q07820,0
DB00330,P70174,0
DB08786,P07900,1
DB08786,Q5SHN7,0
DB03756,P19793,1
DB03756,P28702,1
DB03756,P36956,1
DB03756,P37231,1
DB03756,P48443,1
DB03756,Q07869,1
DB03756,Q8WWL2,0
DB03756,P28593,0
DB03756,P63098,0
DB03756,Q81VW8,0
DB03756,P22557,0
DB03756,Q02779,0
DB09047,P11388,1
DB09047,P43700,1
DB09047,P43702,1
DB09047,P10636,0
DB09047,Q82EE4,0
DB09047,P50225,0
DB11781,P09960,1
DB11781,P55786,1
DB11781,P18085,0
DB11781,Q9RRU8,0
DB08431,Q9ZGI2,1
DB08431,P28793,0
DB00452,P0A7S3,1
DB00452,P61073,1
DB00452,O52791,0
DB00452,P07814,0
DB08487,P00742,1
DB08487,P0AFI2,0
DB08492,P16050,1
DB08492,Q15078,0
DB04599,P14416,1
DB04599,P28223,1
DB04599,P42262,1
DB04599,P42263,1
DB04599,P29034,0
DB04599,O00329,0
DB04599,P0AA43,0
DB04599,Q00536,0
DB08299,P27815,1
DB08299,Q07343,1
DB08299,Q08499,1
DB08299,P9WGR1,0
DB08299,P80371,0
DB08299,Q08853,0
DB11587,P07550,1
DB11587,Q96LB4,0
DB03876,P00749,1
DB03876,P07477,1
DB03876,P00439,0
DB03876,P06988,0
DB07467,P00918,1
DB07467,A5W4F4,0
DB02524,Q56310,1
DB02524,P05089,0
DB02493,P0A7D4,1
DB02493,P09871,0
DB06468,P19634,1
DB06468,P29208,0
DB06616,P00519,1
DB06616,P07948,1
DB06616,P08631,1
DB06616,P11274,1
DB06616,P12931,1
DB06616,P24941,1
DB06616,P36507,1
DB06616,Q02750,1
DB06616,Q13555,1
DB06616,Q9Y2U5,1
DB06616,Q9Y5Y9,0
DB06616,P29466,0
DB06616,P04183,0
DB06616,P0AB80,0
DB06616,Q15080,0
DB06616,O95255,0
DB06616,O60911,0
DB06616,O75385,0
DB06616,P42345,0
DB06616,P20674,0
DB01080,P80404,1
DB01080,P14324,0
DB00245,P11229,1
DB00245,P23975,1
DB00245,P31645,1
DB00245,P35367,1
DB00245,Q01959,1
DB00245,Q0S9X1,0
DB00245,Q8TED1,0
DB00245,O95819,0
DB00245,O43776,0
DB00245,Q8T8E9,0
DB02541,P35030,1
DB02541,P25021,0
DB04079,P02974,1
DB04079,P08100,1
DB04079,P13036,1
DB04079,P0ACJ8,0
DB04079,P80040,0
DB04079,Q02643,0
DB08249,P28790,1
DB08249,P28793,1
DB08249,P48632,1
DB08249,Q02127,1
DB08249,P75914,0
DB08249,Q13163,0
DB08249,Q7SIB1,0
DB08249,Q8IM16,0
DB07159,P43405,1
DB07159,Q45515,0
DB07624,P28845,1
DB07624,P05798,0
DB12537,O00591,1
DB12537,O14764,1
DB12537,P14867,1
DB12537,P18505,1
DB12537,P18507,1
DB12537,P28472,1
DB12537,P31644,1
DB12537,P34903,1
DB12537,P47869,1
DB12537,P47870,1
DB12537,P48169,1
DB12537,P78334,1
DB12537,Q16445,1
DB12537,Q8N1C3,1
DB12537,Q99928,1
DB12537,Q9UN88,1
DB12537,Q86YN6,0
DB12537,P14902,0
DB12537,A0A0H2Z368,0
DB12537,O25096,0
DB12537,O95747,0
DB12537,O60674,0
DB12537,Q00987,0
DB12537,P69488,0
DB12537,Q9BQI3,0
DB12537,P9WKE9,0
DB12537,P23416,0
DB12537,P62580,0
DB12537,P43912,0
DB12537,P05089,0
DB12537,Q14145,0
DB12537,Q9BQE3,0
DB05075,P17948,1
DB05075,P35916,1
DB05075,P35968,1
DB05075,P41240,1
DB05075,P13956,0
DB05075,O15374,0
DB05075,P0C264,0
DB05075,P29717,0
DB01157,P00374,1
DB01157,O75469,0
DB00337,P42345,1
DB00337,P62942,1
DB00337,O07015,0
DB00337,P04424,0
DB07789,P53350,1
DB07789,Q8TCG2,0
DB06586,P16233,1
DB06586,P09493,0
DB04889,P14416,1
DB04889,P23975,1
DB04889,P31645,1
DB04889,P20645,0
DB04889,Q46705,0
DB04889,P43700,0
DB00757,P46098,1
DB00757,Q14626,0
DB04514,P07998,1
DB04514,P01903,0
DB08577,P11362,1
DB08577,O14746,0
DB12271,P15169,1
DB12271,P22792,1
DB12271,P0A8T7,0
DB12271,P27361,0
DB03143,P21905,1
DB03143,P0A3M5,0
DB08176,P27338,1
DB08176,P04964,0
DB00863,P22303,1
DB00863,P25021,1
DB00863,P17600,0
DB00863,Q04760,0
DB00438,P02918,1
DB00438,P02919,1
DB00438,P0AD65,1
DB00438,P0AD68,1
DB00438,P72161,1
DB00438,Q75Y35,1
DB00438,Q8DR59,1
DB00438,Q9X6V3,1
DB00438,Q9X6W0,1
DB00438,Q9NXA8,0
DB00438,P36924,0
DB00438,P07359,0
DB00438,P56868,0
DB00438,Q9UKG9,0
DB00438,Q03154,0
DB00438,P51693,0
DB00438,O75521,0
DB00438,Q9AIU0,0
DB07833,Q16539,1
DB07833,Q04230,0
DB02470,Q9HVZ0,1
DB02470,Q9RYU4,0
DB04771,P00734,1
DB04771,Q96MA6,0
DB08892,O75899,1
DB08892,Q9UBS5,1
DB08892,Q9KWU1,0
DB08892,P27828,0
DB08302,P37231,1
DB08302,P30049,0
DB07210,P24941,1
DB07210,P49366,0
DB04444,O14983,1
DB04444,P0A6C8,1
DB04444,P0A9J6,1
DB04444,P11488,1
DB04444,P30085,1
DB04444,P35749,1
DB04444,P62219,1
DB04444,P63096,1
DB04444,Q7Z406,1
DB04444,P0DJ06,0
DB04444,Q52546,0
DB04444,P63316,0
DB04444,P08149,0
DB04444,P25924,0
DB04444,Q96EN8,0
DB04444,P9WHH7,0
DB04444,Q9NZ42,0
DB04444,Q8N568,0
DB03626,P15559,1
DB03626,P25103,0
DB09082,P07550,1
DB09082,P43220,0
DB12141,A5X5Y0,1
DB12141,O95264,1
DB12141,P08908,1
DB12141,P28221,1
DB12141,P28222,1
DB12141,P28223,1
DB12141,P28335,1
DB12141,P28566,1
DB12141,P30530,1
DB12141,P30939,1
DB12141,P34969,1
DB12141,P36888,1
DB12141,P41595,1
DB12141,P46098,1
DB12141,P50406,1
DB12141,Q13639,1
DB12141,Q70Z44,1
DB12141,Q8WXA8,1
DB12141,Q9UM73,1
DB12141,Q01118,0
DB12141,P05156,0
DB12141,P62807,0
DB12141,P25275,0
DB12141,P09769,0
DB12141,P49915,0
DB12141,Q02880,0
DB12141,Q9K2N0,0
DB12141,P04264,0
DB12141,P00797,0
DB12141,Q34522,0
DB12141,O14920,0
DB12141,P19021,0
DB12141,P52961,0
DB12141,Q12852,0
DB12141,Q9UEW3,0
DB12141,P35625,0
DB12141,P69772,0
DB12141,Q96LZ3,0
DB00175,P04035,1
DB00175,Q92769,1
DB00175,P20964,0
DB00175,Q14353,0
DB07170,Q70GK9,1
DB07170,O77323,0
DB03935,P08758,1
DB03935,P09038,1
DB03935,Q8WX39,0
DB03935,Q9UBT6,0
DB04481,Q9X112,1
DB04481,Q86UE8,0
DB00344,P23975,1
DB00344,P31645,1
DB00344,P9WIQ1,0
DB00344,Q92569,0
DB09116,P48448,1
DB09116,P52333,0
DB00445,P11388,1
DB00445,Q07864,0
DB06321,P52333,1
DB06321,O14939,0
DB04451,O60911,1
DB04451,P0DJ06,1
DB04451,P9WHT9,0
DB04451,P20061,0
DB04876,P27487,1
DB04876,P0A2Y7,0
DB05289,Q9Y6K9,1
DB05289,P0A6V8,0
DB02854,P01859,1
DB02854,P9WGT1,1
DB02854,Q06520,1
DB02854,Q8NBQ5,1
DB02854,C3T8E2,0
DB02854,Q8IDD3,0
DB02854,O14746,0
DB02854,P05120,0
DB07308,P0AE18,1
DB07308,Q30154,0
DB02986,P00918,1
DB02986,Q5SKH7,0
DB01078,P05023,1
DB01078,P32297,0
DB01431,P03372,1
DB01431,P06401,1
DB01431,P9WNS5,0
DB01431,P09391,0
DB00342,P08172,1
DB00342,P08173,1
DB00342,P08912,1
DB00342,P11229,1
DB00342,P20309,1
DB00342,P35367,1
DB00342,Q12809,1
DB00342,Q9UQQ2,0
DB00342,P23181,0
DB00342,Q15078,0
DB00342,P61586,0
DB00342,P06729,0
DB00342,P9WKK7,0
DB00342,P29422,0
DB07380,P17538,1
DB07380,Q9NRE1,0
DB05053,P09467,1
DB05053,Q9UK32,0
DB04203,P00918,1
DB04203,P08149,0
DB08532,P24941,1
DB08532,P19909,0
DB06844,P20248,1
DB06844,P24941,1
DB06844,P26196,0
DB06844,P62594,0
DB02119,P26281,1
DB02119,P56740,1
DB02119,O95479,0
DB02119,O95264,0
DB04786,P00734,1
DB04786,P14555,1
DB04786,P23945,1
DB04786,P41231,1
DB04786,Q9NXA8,1
DB04786,Q06174,0
DB04786,P26790,0
DB04786,P13498,0
DB04786,P08648,0
DB04786,P07451,0
DB04020,Q92731,1
DB04020,P11684,0
DB03482,P20586,1
DB03482,Q9A5I5,0
DB08081,P33905,1
DB08081,P55407,1
DB08081,P55408,1
DB08081,Q9Y663,0
DB08081,P0DOY9,0
DB08081,P02689,0
DB02535,P00918,1
DB02535,Q08853,0
DB08130,Q02750,1
DB08130,P02794,0
DB01408,P07550,1
DB01408,P54278,0
DB12693,P28223,1
DB12693,P0A1X2,0
DB07520,P25774,1
DB07520,P0AC13,0
DB01240,P43119,1
DB01240,Q16647,1
DB01240,Q9H244,1
DB01240,O15554,0
DB01240,P48039,0
DB01240,P00736,0
DB13729,O15393,1
DB13729,P06307,1
DB13729,P07477,1
DB13729,Q9Y5Y6,1
DB13729,Q6IQ20,0
DB13729,Q9UJ96,0
DB13729,O75600,0
DB13729,Q07412,0
DB02367,P08254,1
DB02367,P40259,0
DB01805,P00782,1
DB01805,P07477,1
DB01805,P07478,1
DB01805,P22303,1
DB01805,P23141,0
DB01805,Q8TF76,0
DB01805,P13501,0
DB01805,P16473,0
DB04842,P14416,1
DB04842,P28223,1
DB04842,Q06432,1
DB04842,P0A7V3,0
DB04842,P52700,0
DB04842,Q5LI27,0
DB01782,P33981,1
DB01782,P45983,1
DB01782,P53779,1
DB01782,Q9UQF2,1
DB01782,Q9UHI5,0
DB01782,Q52WX2,0
DB01782,P35498,0
DB01782,Q14654,0
DB07805,Q5HEB7,1
DB07805,P63244,0
DB07862,Q86XF0,1
DB07862,P54760,0
DB07888,P14174,1
DB07888,Q9XB61,0
DB07289,P18031,1
DB07289,P49761,0
DB07548,P00734,1
DB07548,O60547,0
DB03217,P12931,1
DB03217,O60502,0
DB08364,Q9KM65,1
DB08364,Q56839,0
DB05252,P35228,1
DB05252,Q9Y6E0,0
DB07829,Q16539,1
DB07829,Q7NSZ5,0
DB03200,Q05603,1
DB03200,P08631,0
DB03097,P10724,1
DB03097,P0A017,0
DB00615,P07900,1
DB00615,P0A7Z4,1
DB00615,P0A8T7,1
DB00615,P0A8V2,1
DB00615,P14625,1
DB00615,P49759,0
DB00615,P50453,0
DB00615,P09958,0
DB00615,P02941,0
DB00615,Q9ULY5,0
DB02930,O14874,1
DB02930,P06710,1
DB02930,P15043,1
DB02930,P16118,1
DB02930,P17600,1
DB02930,P33221,1
DB02930,P42443,1
DB02930,P54278,1
DB02930,P62219,1
DB02930,P9WI81,1
DB02930,Q10588,1
DB02930,Q56148,1
DB02930,Q59560,1
DB02930,Q7BK04,1
DB02930,P19320,0
DB02930,P15170,0
DB02930,Q5SKC5,0
DB02930,Q7NSZ5,0
DB02930,P23276,0
DB02930,P37088,0
DB02930,P19821,0
DB02930,O43193,0
DB02930,Q9AGP8,0
DB02930,P13861,0
DB02930,Q9RRU8,0
DB02930,P08123,0
DB02930,P50607,0
DB02930,Q8TAB3,0
DB07507,P00469,1
DB07507,P12318,0
DB14542,P04083,1
DB14542,P04150,1
DB14542,P14060,1
DB14542,P80365,1
DB14542,P22301,0
DB14542,Q9Y691,0
DB14542,P00338,0
DB14542,P32418,0
DB01902,P46459,1
DB01902,Q86YB8,1
DB01902,Q07864,0
DB01902,O43837,0
DB09213,P00750,1
DB09213,P07204,1
DB09213,P07359,1
DB09213,P10415,1
DB09213,P12104,1
DB09213,P13569,1
DB09213,P23219,1
DB09213,P31151,1
DB09213,P35354,1
DB09213,P37231,1
DB09213,P46059,1
DB09213,Q07869,1
DB09213,P48551,0
DB09213,P52564,0
DB09213,P10253,0
DB09213,P51584,0
DB09213,P62917,0
DB09213,Q8III5,0
DB09213,P51858,0
DB09213,B4YQT9,0
DB09213,P11411,0
DB09213,P00326,0
DB09213,Q16322,0
DB09213,Q5SSJ5,0
DB04480,P36897,1
DB04480,Q9Y689,0
DB06718,P10275,1
DB06718,P23921,0
DB05095,P35354,1
DB05095,Q16706,0
DB02371,P09871,1
DB02371,P12996,0
DB08178,P20248,1
DB08178,P24941,1
DB08178,P15925,0
DB08178,Q56313,0
DB00443,P04150,1
DB00443,P0C0L4,0
DB04832,P21397,1
DB04832,P27338,1
DB04832,P31645,1
DB04832,O85361,0
DB04832,Q9P0L2,0
DB04832,P16218,0
DB03518,P13702,1
DB03518,Q96A70,0
DB08470,P9WMC1,1
DB08470,P9WH11,0
DB03390,P15309,1
DB03390,Q9H169,0
DB03761,P00469,1
DB03761,P0A884,1
DB03761,P0CI79,1
DB03761,Q9WYT0,1
DB03761,P50250,0
DB03761,Q07020,0
DB03761,P30968,0
DB03761,Q02834,0
DB06978,Q5G940,1
DB06978,O43175,0
DB07756,P22303,1
DB07756,O43674,0
DB00989,P06276,1
DB00989,P22303,1
DB00989,P29475,0
DB00989,P28331,0
DB08874,Q18BX5,1
DB08874,Q02763,0
DB08352,Q16539,1
DB08352,L0LZJ6,0
DB00210,O60603,1
DB00210,P05412,1
DB00210,P10276,1
DB00210,P10826,1
DB00210,P13631,1
DB00210,P17174,1
DB00210,P19793,1
DB00210,P28702,1
DB00210,P48443,1
DB00210,Q7Z460,0
DB00210,P28062,0
DB00210,P59676,0
DB00210,P10384,0
DB00210,Q99720,0
DB00210,P06608,0
DB00210,P0AA43,0
DB00210,O95749,0
DB00210,P06202,0
DB04539,P0A6D3,1
DB04539,P11511,1
DB04539,Q9S400,1
DB04539,P0C0X8,0
DB04539,P10827,0
DB04539,P78362,0
DB04141,O14521,1
DB04141,O14949,1
DB04141,P00156,1
DB04141,P07919,1
DB04141,P08574,1
DB04141,P14927,1
DB04141,P16442,1
DB04141,P21912,1
DB04141,P22695,1
DB04141,P31040,1
DB04141,P31930,1
DB04141,P47985,1
DB04141,Q16134,1
DB04141,Q99643,1
DB04141,Q9UDW1,1
DB04141,P0C264,0
DB04141,P00480,0
DB04141,P00451,0
DB04141,H3BUU9,0
DB04141,P23434,0
DB04141,Q82ZJ0,0
DB04141,Q9Y289,0
DB04141,P41222,0
DB04141,P0ABA0,0
DB04141,P49411,0
DB04141,O15270,0
DB04141,P04004,0
DB04141,P43003,0
DB04141,P11546,0
DB04141,P0A108,0
DB00491,O43451,1
DB00491,P10253,1
DB00491,Q14697,1
DB00491,Q8TET4,1
DB00491,Q99707,0
DB00491,P41180,0
DB00491,Q51225,0
DB00491,Q7WT42,0
DB02801,P15474,1
DB02801,P9WPX7,1
DB02801,P51787,0
DB02801,P08922,0
DB04561,P29768,1
DB04561,P05695,0
DB04472,O00182,1
DB04472,Q93D82,1
DB04472,Q9UJ68,0
DB04472,Q8TF76,0
DB14490,P00450,1
DB14490,P02786,1
DB14490,P02787,1
DB14490,P02794,1
DB14490,P06746,1
DB14490,P39748,1
DB14490,P69905,1
DB14490,Q16595,1
DB14490,Q969S2,1
DB14490,Q96FI4,1
DB14490,Q9BY41,1
DB14490,Q9GZT9,1
DB14490,Q9NZD4,1
DB14490,P43657,0
DB14490,Q9HA77,0
DB14490,P23458,0
DB14490,Q7KQL5,0
DB14490,P08200,0
DB14490,O14958,0
DB14490,Q15878,0
DB14490,P29218,0
DB14490,P0AAJ3,0
DB14490,Q96DB2,0
DB14490,Q9Y6B6,0
DB14490,P28907,0
DB14490,Q16659,0
DB03690,Q00169,1
DB03690,Q8IJC6,0
DB08089,P10275,1
DB08089,Q8TDS4,0
DB08685,Q3JP94,1
DB08685,Q6ZZJ1,0
DB01846,O06644,1
DB01846,P10802,1
DB01846,P48147,0
DB01846,Q8N4C8,0
DB07685,P24941,1
DB07685,P69903,0
DB02419,P62937,1
DB02419,Q836J0,0
DB06204,P23975,1
DB06204,P31645,1
DB06204,P35372,1
DB06204,P41143,1
DB06204,P41145,1
DB06204,P46098,1
DB06204,P07332,0
DB06204,P37747,0
DB06204,P14784,0
DB06204,P13423,0
DB06204,P24462,0
DB06204,Q5MYR6,0
DB02471,P09848,1
DB02471,P11217,1
DB02471,Q6UWM7,1
DB02471,P68133,0
DB02471,O07732,0
DB02471,Q60099,0
DB03490,P24941,1
DB03490,P23368,0
DB08583,P00519,1
DB08583,O75976,0
DB03676,Q47NK3,1
DB03676,P0A3D9,0
DB06781,P04150,1
DB06781,Q8TCT1,0
DB04107,P07477,1
DB04107,O15169,0
DB07644,Q96C86,1
DB07644,P01589,0
DB08703,P80192,1
DB08703,Q14833,0
DB04579,P07858,1
DB04579,P19793,0
DB01946,O15530,1
DB01946,Q09013,1
DB01946,O00180,0
DB01946,P30043,0
DB05540,P0A786,1
DB05540,P30520,1
DB05540,Q8N142,1
DB05540,Q9CBQ2,0
DB05540,P18177,0
DB05540,P27816,0
DB11772,P42336,1
DB11772,Q16853,0
DB06814,P07550,1
DB06814,P50897,0
DB01180,P12821,1
DB01180,P02794,0
DB03932,P20701,1
DB03932,Q2M3G0,0
DB04576,P11388,1
DB04576,P43700,1
DB04576,P43702,1
DB04576,P06009,0
DB04576,P48068,0
DB04576,P09848,0
DB07411,P00778,1
DB07411,Q969P6,0
DB08865,P08581,1
DB08865,Q9UM73,1
DB08865,Q9BVG9,0
DB08865,Q07955,0
DB01227,P30926,1
DB01227,P32297,1
DB01227,P35372,1
DB01227,P25705,0
DB01227,P15328,0
DB01227,Q9UJ70,0
DB02410,P94692,1
DB02410,Q9Y6K9,0
DB02659,P00326,1
DB02659,P00395,1
DB02659,P00403,1
DB02659,P00414,1
DB02659,P04054,1
DB02659,P09669,1
DB02659,P10176,1
DB02659,P10606,1
DB02659,P13073,1
DB02659,P14854,1
DB02659,P15954,1
DB02659,P20674,1
DB02659,P22830,1
DB02659,P23141,1
DB02659,P24310,1
DB02659,P24311,1
DB02659,P51161,1
DB02659,P54965,1
DB02659,P62508,1
DB02659,Q02221,1
DB02659,Q7KZA3,1
DB02659,Q8TDU6,1
DB02659,Q96RI1,1
DB02659,P04049,0
DB02659,O00591,0
DB02659,Q9NWZ3,0
DB02659,P31151,0
DB02659,P77872,0
DB02659,P11759,0
DB02659,P20839,0
DB02659,Q56839,0
DB02659,P21340,0
DB02659,Q8WTS6,0
DB02659,Q7BK04,0
DB02659,O75489,0
DB02659,P22629,0
DB02659,Q4VB53,0
DB02659,Q9UHA3,0
DB02659,P48764,0
DB02659,P14193,0
DB02659,P30411,0
DB02659,Q93088,0
DB02659,Q53908,0
DB02659,Q8IIA4,0
DB02659,P0A6J8,0
DB02659,P01877,0
DB04741,P31930,1
DB04741,P17213,0
DB08507,P08254,1
DB08507,Q99829,0
DB14518,P02787,1
DB14518,P05023,1
DB14518,P05067,1
DB14518,P06870,1
DB14518,Q15493,0
DB14518,P49327,0
DB14518,P51812,0
DB14518,Q8IJN7,0
DB04115,O15392,1
DB04115,P0A0N5,1
DB04115,P29474,0
DB04115,Q9Y616,0
DB00409,P14416,1
DB00409,P21917,1
DB00409,P28223,1
DB00409,P35462,1
DB00409,Q99720,1
DB00409,O34974,0
DB00409,Q09093,0
DB00409,Q8IWL2,0
DB00409,P14677,0
DB00409,P15086,0
DB03136,P00734,1
DB03136,P00749,1
DB03136,P07477,1
DB03136,P97084,0
DB03136,Q9REC4,0
DB03136,Q9CBQ2,0
DB08370,P09211,1
DB08370,Q13627,0
DB11275,P14416,1
DB11275,P21728,1
DB11275,P21917,1
DB11275,P21918,1
DB11275,P35462,1
DB11275,P26392,0
DB11275,Q8I2Z8,0
DB11275,Q55793,0
DB11275,P05412,0
DB11275,P41743,0
DB00235,Q14432,1
DB00235,Q8IW41,0
DB02027,P29474,1
DB02027,P29475,1
DB02027,P00748,0
DB02027,Q00266,0
DB00574,P28223,1
DB00574,P28335,1
DB00574,P31645,1
DB00574,P41595,1
DB00574,P22392,0
DB00574,P0A7S9,0
DB00574,Q75Y35,0
DB00574,P47872,0
DB00939,O43525,1
DB00939,O43526,1
DB00939,P09917,1
DB00939,P23219,1
DB00939,P35354,1
DB00939,Q06124,0
DB00939,O08398,0
DB00939,P30044,0
DB00939,O75469,0
DB00939,P16860,0
DB04432,P07477,1
DB04432,P51687,0
DB03102,P18031,1
DB03102,Q9P0Z9,0
DB02320,P11217,1
DB02320,O60664,0
DB03717,P07986,1
DB03717,Q9NZV8,0
DB00827,P43700,1
DB00827,P16930,0
DB04135,P25524,1
DB04135,P16115,0
DB01488,P28223,1
DB01488,P50406,1
DB01488,Q99720,1
DB01488,Q8NI22,0
DB01488,Q15493,0
DB01488,P02788,0
DB15685,P07949,1
DB15685,P11362,1
DB15685,P17948,1
DB15685,P21802,1
DB15685,P22607,1
DB15685,P35916,1
DB15685,Q5T601,0
DB15685,P07288,0
DB15685,O60568,0
DB15685,P15151,0
DB15685,P49368,0
DB15685,P25098,0
DB03741,P96965,1
DB03741,P0AG82,0
DB00125,O43246,1
DB00125,P00966,1
DB00125,P04424,1
DB00125,P29474,1
DB00125,P30825,1
DB00125,P35228,1
DB00125,P78540,1
DB00125,Q8WY07,1
DB00125,Q96A70,1
DB00125,P36578,0
DB00125,P00807,0
DB00125,Q9X5N2,0
DB00125,Q13093,0
DB00125,P26951,0
DB00125,P61457,0
DB00125,P01589,0
DB00125,Q7BK04,0
DB00125,Q02779,0
DB08146,P24182,1
DB08146,Q9LCV9,0
DB02589,P29474,1
DB02589,Q5SHR6,0
DB00477,P02763,1
DB00477,P08908,1
DB00477,P08913,1
DB00477,P0DP23,1
DB00477,P11229,1
DB00477,P14416,1
DB00477,P17405,1
DB00477,P18089,1
DB00477,P18825,1
DB00477,P19652,1
DB00477,P20309,1
DB00477,P21728,1
DB00477,P21917,1
DB00477,P21918,1
DB00477,P25100,1
DB00477,P28223,1
DB00477,P28335,1
DB00477,P34969,1
DB00477,P35348,1
DB00477,P35367,1
DB00477,P35368,1
DB00477,P35462,1
DB00477,P41595,1
DB00477,P50406,1
DB00477,Q12809,1
DB00477,Q9H3N8,1
DB00477,Q8I5Y3,0
DB00477,P39265,0
DB00477,P29376,0
DB00477,Q96RI0,0
DB00477,P02461,0
DB00477,P05362,0
DB00477,P00469,0
DB00477,P42328,0
DB00477,P31391,0
DB00477,Q45135,0
DB00477,Q82ZJ0,0
DB00477,Q92947,0
DB00477,Q8NG66,0
DB00477,P52564,0
DB00477,P07771,0
DB00477,P28062,0
DB00477,P36946,0
DB00477,P76577,0
DB00477,Q9NSA0,0
DB00477,P75430,0
DB00477,O67636,0
DB00477,P0A006,0
DB00477,P17802,0
DB00477,P34981,0
DB00477,P24557,0
DB00477,P09601,0
DB07487,P00800,1
DB07487,P12724,0
DB07631,Q53119,1
DB07631,P06746,0
DB12615,L0LZJ6,1
DB12615,P0AG59,1
DB12615,P01042,0
DB12615,Q02155,0
DB06973,P62508,1
DB06973,P14598,0
DB00174,O43776,1
DB00174,P08243,1
DB00174,Q15758,1
DB00174,Q7L266,1
DB00174,Q969I6,1
DB00174,Q96I59,1
DB00174,Q96QD8,1
DB00174,Q99624,1
DB00174,Q9H2H9,1
DB00174,Q8TF76,0
DB00174,O15460,0
DB00174,P04839,0
DB00174,P20586,0
DB00174,O43293,0
DB00174,P42443,0
DB00174,Q9Y5R2,0
DB00174,P9WPF1,0
DB00174,Q8TED1,0
DB03947,P24300,1
DB03947,Q8I2Z8,0
DB02678,P47929,1
DB02678,Q93LQ9,0
DB04594,P35914,1
DB04594,P35908,0
DB07428,P68871,1
DB07428,P69905,1
DB07428,P22888,0
DB07428,P11217,0
DB00657,P17787,1
DB00657,P36544,1
DB00657,P43681,1
DB00657,Q15822,1
DB00657,P31942,0
DB00657,P84077,0
DB00657,P16099,0
DB00657,P05100,0
DB01686,P29474,1
DB01686,P35228,1
DB01686,P19823,0
DB01686,O14792,0
DB00850,P0DP23,1
DB00850,P14416,1
DB00850,P21728,1
DB00850,Q96NX5,0
DB00850,P0AFM2,0
DB00850,P28074,0
DB07229,P07477,1
DB07229,P63261,0
DB01728,P08100,1
DB01728,Q08828,0
DB01633,O85465,1
DB01633,Q5PXQ6,0
DB02207,P29474,1
DB02207,P35228,1
DB02207,Q9Y678,0
DB02207,P0A7Z4,0
DB01871,P25779,1
DB01871,Q9UBX1,1
DB01871,P08700,0
DB01871,O95180,0
DB06701,P23975,1
DB06701,P31645,1
DB06701,Q01959,1
DB06701,P30411,0
DB06701,P28793,0
DB06701,Q01082,0
DB08785,P16218,1
DB08785,Q9Y6R4,0
DB15250,P51686,1
DB15250,P51580,0
DB06954,P00918,1
DB06954,Q9P2N6,0
DB02243,Q9UBX1,1
DB02243,Q9UNQ0,0
DB08028,P22894,1
DB08028,Q9H2G2,0
DB08275,Q8KNZ7,1
DB08275,P48060,0
DB00365,P43700,1
DB00365,P43702,1
DB00365,P37023,0
DB00365,P24347,0
DB01275,P13674,1
DB01275,Q16665,1
DB01275,Q16853,1
DB01275,P34896,0
DB01275,Q96DB2,0
DB01275,Q96DP5,0
DB12328,P35869,1
DB12328,P23528,0
DB02509,P27338,1
DB02509,Q96RI1,1
DB02509,P62491,0
DB02509,P62942,0
DB06217,P22460,1
DB06217,Q12809,1
DB06217,Q14524,1
DB06217,Q9UK17,1
DB06217,Q7RTT9,0
DB06217,P69054,0
DB06217,Q5RT80,0
DB06217,O15382,0
DB04951,P09958,1
DB04951,Q6UWP2,0
DB02185,Q6UWM7,1
DB02185,P0A7J6,0
DB07534,P20248,1
DB07534,P24941,1
DB07534,P9WQG9,0
DB07534,P17538,0
DB02093,P06744,1
DB02093,P9WK19,0
DB04772,P00734,1
DB04772,P09104,0
DB07863,P19793,1
DB07863,P37231,1
DB07863,Q15596,1
DB07863,P54760,0
DB07863,P06729,0
DB07863,P60063,0
DB09121,O95622,1
DB09121,Q08462,1
DB09121,Q08828,1
DB09121,Q9RC23,0
DB09121,P0A753,0
DB09121,P0A3D9,0
DB11652,P04626,1
DB11652,P21860,1
DB11652,Q96LB4,0
DB11652,P03007,0
DB08835,Q04609,1
DB08835,P0A110,0
DB07803,P00811,1
DB07803,P35243,0
DB00540,O00264,1
DB00540,P07550,1
DB00540,P08172,1
DB00540,P08173,1
DB00540,P08588,1
DB00540,P08908,1
DB00540,P08909,1
DB00540,P08912,1
DB00540,P08913,1
DB00540,P11229,1
DB00540,P13945,1
DB00540,P14416,1
DB00540,P18089,1
DB00540,P18825,1
DB00540,P20309,1
DB00540,P23975,1
DB00540,P25100,1
DB00540,P28223,1
DB00540,P28335,1
DB00540,P31645,1
DB00540,P35348,1
DB00540,P35367,1
DB00540,P35368,1
DB00540,Q99720,1
DB00540,P55157,0
DB00540,Q7SIA5,0
DB00540,Q5SLQ0,0
DB00540,P29371,0
DB00540,Q460N3,0
DB00540,O43739,0
DB00540,Q92887,0
DB00540,Q13133,0
DB00540,P30559,0
DB00540,P06983,0
DB00540,A9CJ63,0
DB00540,P39265,0
DB00540,Q9Y694,0
DB00540,P51957,0
DB00540,P04036,0
DB00540,P69856,0
DB00540,P11217,0
DB00540,Q7SIG1,0
DB00540,Q9Y5R2,0
DB00540,P08238,0
DB00540,O97313,0
DB00540,P11766,0
DB00540,P04390,0
DB00540,P42593,0
DB02192,P0A433,1
DB02192,P25098,0
DB00796,P30556,1
DB00796,Q8KT33,0
DB03909,O00764,1
DB03909,O14983,1
DB03909,P00558,1
DB03909,P06213,1
DB03909,P0A9J6,1
DB03909,P15925,1
DB03909,P33221,1
DB03909,P45066,1
DB03909,P46859,1
DB03909,P9WI81,1
DB03909,Q12756,1
DB03909,Q56310,1
DB03909,Q8ZKR2,1
DB03909,Q9X278,1
DB03909,P02656,0
DB03909,P80294,0
DB03909,P37321,0
DB03909,Q9HB55,0
DB03909,Q08638,0
DB03909,P19429,0
DB03909,Q8TDN1,0
DB03909,P02924,0
DB03909,P35237,0
DB03909,P0A7Z4,0
DB03909,P17050,0
DB03909,P13981,0
DB03909,P49888,0
DB03909,Q02192,0
DB02998,P06401,1
DB02998,P08235,1
DB02998,P10275,1
DB02998,Q15596,1
DB02998,P69923,0
DB02998,P00325,0
DB02998,P00943,0
DB02998,P19827,0
DB06772,P68366,1
DB06772,Q9H4B7,1
DB06772,O75900,0
DB06772,P04049,0
DB01959,Q07343,1
DB01959,Q08499,1
DB01959,P26392,0
DB01959,P83812,0
DB06477,P14416,1
DB06477,P21917,1
DB06477,P35462,1
DB06477,P05981,0
DB06477,P23945,0
DB06477,P02753,0
DB01428,P03372,1
DB01428,P06401,1
DB01428,P10275,1
DB01428,Q92731,1
DB01428,P62658,0
DB01428,P23219,0
DB01428,P06746,0
DB01428,Q93TU6,0
DB00724,Q9NR97,1
DB00724,Q9NYK1,1
DB00724,P25788,0
DB00724,P23467,0
DB07001,P29474,1
DB07001,P50440,0
DB00309,Q9H4B7,1
DB00309,Q4KH25,0
DB02214,O66529,1
DB02214,P04040,0
DB09031,P08183,1
DB09031,Q92793,0
DB02636,Q9NZK7,1
DB02636,P45844,0
DB01840,Q9NPH2,1
DB01840,P0C0L4,0
DB07178,P9WGR1,1
DB07178,P0AFI2,0
DB00517,P08172,1
DB00517,P11229,1
DB00517,P20309,1
DB00517,Q02750,0
DB00517,O43570,0
DB00517,Q9X242,0
DB06789,P06401,1
DB06789,Q9K578,0
DB01949,P14780,1
DB01949,P48065,0
DB03532,O08398,1
DB03532,Q9UNN8,0
DB06908,P37231,1
DB06908,Q15788,1
DB06908,O43766,0
DB06908,Q9H1R3,0
DB03315,P41007,1
DB03315,P48068,1
DB03315,Q6IBS8,0
DB03315,P01350,0
DB01382,P48048,1
DB01382,Q09428,1
DB01382,P00749,0
DB01382,Q96PD7,0
DB02563,P30084,1
DB02563,P06734,0
DB07142,A0A0M3KKX1,1
DB07142,P00374,1
DB07142,Q6UWP2,0
DB07142,P23882,0
DB04853,P29274,1
DB04853,P47712,0
DB00706,P25100,1
DB00706,P35348,1
DB00706,P35368,1
DB00706,P96113,0
DB00706,P50406,0
DB00706,O75936,0
DB06154,P68871,1
DB06154,P69905,1
DB06154,Q16555,0
DB06154,Q01698,0
DB04839,P07288,1
DB04839,P10275,1
DB04839,Q9HTQ2,0
DB04839,P06968,0
DB02294,P00722,1
DB02294,P35916,0
DB03107,P9WIL5,1
DB03107,P76270,0
DB04787,P06401,1
DB04787,P61182,0
DB06941,P04271,1
DB06941,P0ABA0,0
DB08426,P00742,1
DB08426,P0AEB2,0
DB07855,P17612,1
DB07855,P61925,1
DB07855,P42321,0
DB07855,Q8XJ01,0
DB07723,P37231,1
DB07723,P0C0L4,0
DB03747,O85361,1
DB03747,P07686,1
DB03747,O95977,0
DB03747,Q8WVQ1,0
DB02560,P00780,1
DB02560,P26951,0
DB01135,P08172,1
DB01135,Q15822,1
DB01135,A9CJ63,0
DB01135,P76577,0
DB01715,P13000,1
DB01715,P09104,0
DB05710,P32297,1
DB05710,P02790,0
DB04600,P00918,1
DB04600,Q9F5I8,0
DB08339,P00519,1
DB08339,O15146,0
DB00713,D6R448,1
DB00713,P0A3M6,1
DB00713,P46059,1
DB00713,Q16348,1
DB00713,Q75Y35,1
DB00713,Q7CRA4,1
DB00713,Q8DNB6,1
DB00713,Q8DR59,1
DB00713,Q8XJ01,1
DB00713,P56601,0
DB00713,P69772,0
DB00713,Q9UJT1,0
DB00713,P63261,0
DB00713,P21709,0
DB00713,P14324,0
DB00713,P32169,0
DB00713,P37231,0
DB00713,P48047,0
DB01419,P23219,1
DB01419,P35354,1
DB01419,Q9NSA2,0
DB01419,Q9Y6B6,0
DB00747,P08172,1
DB00747,P08173,1
DB00747,P08912,1
DB00747,P11229,1
DB00747,P14410,1
DB00747,P17787,1
DB00747,P20309,1
DB00747,P43681,1
DB00747,O15342,0
DB00747,P51671,0
DB00747,P01768,0
DB00747,P21964,0
DB00747,P11166,0
DB00747,O15217,0
DB00747,P34998,0
DB00747,P9WQB3,0
DB00351,P04150,1
DB00351,P06401,1
DB00351,A9JQL9,0
DB00351,P31025,0
DB05476,Q03405,1
DB05476,P0AB91,0
DB00382,P06276,1
DB00382,P22303,1
DB00382,P23141,1
DB00382,P51649,0
DB00382,P59768,0
DB00382,P31942,0
DB00605,O60218,1
DB00605,P15121,1
DB00605,P23219,1
DB00605,P27361,1
DB00605,P35354,1
DB00605,Q03181,1
DB00605,Q9Y5Y4,1
DB00605,P18314,0
DB00605,Q9X266,0
DB00605,P09936,0
DB00605,P72181,0
DB00605,P07944,0
DB00605,P00748,0
DB00605,Q9UPZ9,0
DB00185,P11229,1
DB00185,P20309,1
DB00185,O75911,0
DB00185,P39086,0
DB07572,P10614,1
DB07572,Q6PHW0,0
DB06699,P30968,1
DB06699,Q5SHZ4,0
DB07101,Q02750,1
DB07101,Q02338,0
DB15498,P33981,1
DB15498,P20711,0
DB06851,P09960,1
DB06851,Q3JUV5,1
DB06851,P06731,0
DB06851,Q9UM07,0
DB00730,P00363,1
DB00730,P48066,0
DB00396,P02763,1
DB00396,P03372,1
DB00396,P04150,1
DB00396,P04278,1
DB00396,P05093,1
DB00396,P06401,1
DB00396,P08235,1
DB00396,P10275,1
DB00396,P41145,1
DB00396,Q92731,1
DB00396,Q07343,0
DB00396,Q5RT80,0
DB00396,Q82ZJ0,0
DB00396,Q15796,0
DB00396,Q56268,0
DB00396,Q5SLQ0,0
DB00396,Q6N063,0
DB00396,Q9H0K1,0
DB00396,P54819,0
DB00396,Q9UIK4,0
DB07744,P29466,1
DB07744,P07202,0
DB00843,O15399,1
DB00843,O60391,1
DB00843,P01584,1
DB00843,P06276,1
DB00843,P19838,1
DB00843,P22303,1
DB00843,P28223,1
DB00843,P29475,1
DB00843,P98066,1
DB00843,Q00653,1
DB00843,Q05586,1
DB00843,Q12879,1
DB00843,Q13224,1
DB00843,Q14957,1
DB00843,Q8TCU5,1
DB00843,P34903,0
DB00843,P51648,0
DB00843,Q92930,0
DB00843,P15034,0
DB00843,P26396,0
DB00843,Q53119,0
DB00843,P18850,0
DB00843,Q9PPP5,0
DB00843,P01764,0
DB00843,P81605,0
DB00843,O43519,0
DB00843,P0A921,0
DB00843,P37023,0
DB00843,P00781,0
DB00843,P69905,0
DB00132,O60427,1
DB00132,O95864,1
DB00132,P19793,1
DB00132,P32418,1
DB00132,P37231,1
DB00132,Q03181,1
DB00132,Q07869,1
DB00132,Q8NER1,1
DB00132,Q96RI1,1
DB00132,Q9NXB9,1
DB00132,Q9NYP7,1
DB00132,Q92800,0
DB00132,P45973,0
DB00132,O67931,0
DB00132,Q8N159,0
DB00132,P43403,0
DB00132,P25006,0
DB00132,Q7KQL5,0
DB00132,P9WHE9,0
DB00132,Q8NG66,0
DB00132,P11217,0
DB00132,Q07011,0
DB02427,P00374,1
DB02427,P16184,1
DB02427,Q84II6,0
DB02427,Q15116,0
DB01882,P0A078,1
DB01882,P0A079,1
DB01882,P62917,0
DB01882,P17405,0
DB01991,O67648,1
DB01991,P0AAI5,0
DB03754,P05067,1
DB03754,Q8III5,0
DB04856,P32238,1
DB04856,O43617,0
DB00150,P00953,1
DB00150,P23381,1
DB00150,Q9UGM6,1
DB00150,P25815,0
DB00150,P61586,0
DB00150,P43813,0
DB01380,P04150,1
DB01380,Q96GD3,0
DB03782,P00749,1
DB03782,P42512,0
DB02797,P00811,1
DB02797,P39805,0
DB03766,P10724,1
DB03766,P96965,1
DB03766,Q9NQX3,1
DB03766,Q701N4,0
DB03766,Q14534,0
DB03766,P83795,0
DB04302,P0A953,1
DB04302,P9WQD9,1
DB04302,P11172,0
DB04302,P11274,0
DB00525,Q92206,1
DB00525,P77425,0
DB02426,P12235,1
DB02426,P25942,0
DB00191,P01303,1
DB00191,P21397,1
DB00191,P23975,1
DB00191,P27338,1
DB00191,P31645,1
DB00191,Q01959,1
DB00191,P07437,0
DB00191,P49424,0
DB00191,P63261,0
DB00191,O60502,0
DB00191,P13196,0
DB00191,O60285,0
DB01599,O95477,1
DB01599,P23141,1
DB01599,Q00532,0
DB01599,P16152,0
DB08755,P25774,1
DB08755,P0AB71,0
DB06333,P18031,1
DB06333,P23975,1
DB06333,Q01959,1
DB06333,P60063,0
DB06333,P03905,0
DB06333,P01730,0
DB08932,P24530,1
DB08932,P25101,1
DB08932,P05186,0
DB08932,Q13698,0
DB02871,P00326,1
DB02871,P35372,0
DB07113,P00797,1
DB07113,P20702,0
DB03154,P18031,1
DB03154,P23467,0
DB00655,P03372,1
DB00655,P04278,1
DB00655,P10275,1
DB00655,P11511,1
DB00655,Q92731,1
DB00655,P49354,0
DB00655,Q16647,0
DB00655,P46859,0
DB00655,Q9F5I8,0
DB00655,P0A0K8,0
DB08545,Q6PYX1,1
DB08545,P29074,0
DB05271,P08908,1
DB05271,P14416,1
DB05271,P18089,1
DB05271,P21728,1
DB05271,P21917,1
DB05271,P21918,1
DB05271,P35462,1
DB05271,O60896,0
DB05271,Q9GZZ6,0
DB05271,P63261,0
DB05271,P0A434,0
DB05271,P78356,0
DB05271,Q9ULA0,0
DB05271,P19622,0
DB03668,P08244,1
DB03668,P0AGJ9,0
DB00272,P25021,1
DB00272,P36404,0
DB11978,Q99835,1
DB11978,Q13231,0
DB08783,P18031,1
DB08783,Q46822,0
DB04120,P07773,1
DB04120,Q05603,1
DB04120,Q5SIR5,0
DB04120,Q9K2N0,0
DB07975,Q02127,1
DB07975,P0A753,0
DB07807,P11217,1
DB07807,P76216,0
DB02205,O14556,1
DB02205,P22513,1
DB02205,Q03405,0
DB02205,P13498,0
DB06413,Q01959,1
DB06413,P25924,0
DB02283,P46828,1
DB02283,Q13907,0
DB03753,P23219,1
DB03753,P01877,0
DB07967,P43235,1
DB07967,P01579,0
DB07262,P0ABQ4,1
DB07262,Q96EM0,0
DB00416,Q15822,1
DB00416,P56122,0
DB02616,P00813,1
DB02616,Q13133,0
DB08036,Q8KI25,1
DB08036,O94766,0
DB08360,P68400,1
DB08360,P43088,0
DB02767,O00206,1
DB02767,P02929,1
DB02767,P06971,1
DB02767,Q9Y6Y9,1
DB02767,P47870,0
DB02767,Q88H32,0
DB02767,P69924,0
DB02767,O15374,0
DB07241,Q8KI25,1
DB07241,Q02218,0
DB03542,P29218,1
DB03542,Q8I814,0
DB03911,P24300,1
DB03911,Q75Y35,0
DB07033,O15530,1
DB07033,P36955,0
DB04234,P43235,1
DB04234,O60285,0
DB02457,P07098,1
DB02457,P51852,0
DB01667,P00491,1
DB01667,Q15125,0
DB08307,Q53586,1
DB08307,P22830,0
DB02196,P16442,1
DB02196,P17443,1
DB02196,P27828,1
DB02196,Q14376,1
DB02196,Q16222,1
DB02196,Q8KN66,1
DB02196,Q9UBQ6,1
DB02196,P0AB71,0
DB02196,P07741,0
DB02196,Q9RHZ6,0
DB02196,O95264,0
DB02196,P11684,0
DB02196,P78368,0
DB02196,P10276,0
DB05412,P00403,1
DB05412,P01375,1
DB05412,P01584,1
DB05412,Q16539,1
DB05412,O75900,0
DB05412,Q12965,0
DB05412,P22906,0
DB05412,P50225,0
DB01803,A0A0H3JWX6,1
DB01803,Q45697,0
DB04788,Q8RQE8,1
DB04788,Q8RQE9,1
DB04788,Q9X1H9,0
DB04788,P54577,0
DB02456,P0A6I0,1
DB02456,Q96C36,0
DB03798,P00469,1
DB03798,P0C0Y8,0
DB06506,P08908,1
DB06506,P03891,0
DB12890,P21728,1
DB12890,Q16853,0
DB02043,P43457,1
DB02043,P48664,0
DB08022,P11309,1
DB08022,P27487,0
DB01545,O00591,1
DB01545,O14764,1
DB01545,P14867,1
DB01545,P18505,1
DB01545,P18507,1
DB01545,P28472,1
DB01545,P31644,1
DB01545,P34903,1
DB01545,P47869,1
DB01545,P47870,1
DB01545,P48169,1
DB01545,P78334,1
DB01545,Q16445,1
DB01545,Q8N1C3,1
DB01545,Q99928,1
DB01545,Q9UN88,1
DB01545,P94690,0
DB01545,P0A1X2,0
DB01545,P0A110,0
DB01545,P00352,0
DB01545,Q96QT4,0
DB01545,P07024,0
DB01545,P0A094,0
DB01545,P00929,0
DB01545,P41146,0
DB01545,P16083,0
DB01545,Q96AE4,0
DB01545,Q9KU37,0
DB01545,P0A6K3,0
DB01545,Q5LRQ9,0
DB01545,Q9FDN7,0
DB01545,Q9P0X4,0
DB07222,P9WGR1,1
DB07222,Q9Y616,0
DB03799,P00959,1
DB03799,P0AE18,1
DB03799,Q9H3N8,0
DB03799,Q8ILV2,0
DB08531,P24941,1
DB08531,Q46891,0
DB07983,P23219,1
DB07983,P04035,0
DB09292,P08473,1
DB09292,P48039,0
DB04343,P37330,1
DB04343,P9WGY3,1
DB04343,P9WK17,1
DB04343,P9WKK7,1
DB04343,P02461,0
DB04343,A0A045KKX4,0
DB04343,Q820S6,0
DB04343,P0C2S5,0
DB04811,Q54AI1,1
DB04811,P20831,0
DB03179,Q86VU5,1
DB03179,P07451,0
DB09088,P35498,1
DB09088,P35499,1
DB09088,Q01118,1
DB09088,Q14524,1
DB09088,Q15858,1
DB09088,Q99250,1
DB09088,Q9NY46,1
DB09088,Q9UI33,1
DB09088,Q9UQD0,1
DB09088,Q9Y5Y9,1
DB09088,P09546,0
DB09088,Q60053,0
DB09088,P00644,0
DB09088,O60882,0
DB09088,P62136,0
DB09088,P50870,0
DB09088,P06744,0
DB09088,P0CI79,0
DB09088,P01859,0
DB09088,P0A6K3,0
DB07263,P18031,1
DB07263,P11047,0
DB13925,P30874,1
DB13925,P13507,0
DB00447,Q75Y35,1
DB00447,Q8XJ01,1
DB00447,Q06AK7,0
DB00447,Q96LZ3,0
DB08638,Q939D2,1
DB08638,P28472,0
DB01489,O00591,1
DB01489,O14764,1
DB01489,P14867,1
DB01489,P18505,1
DB01489,P18507,1
DB01489,P28472,1
DB01489,P31644,1
DB01489,P34903,1
DB01489,P47869,1
DB01489,P47870,1
DB01489,P48169,1
DB01489,P78334,1
DB01489,Q16445,1
DB01489,Q8N1C3,1
DB01489,Q99928,1
DB01489,Q9UN88,1
DB01489,P00450,0
DB01489,P07801,0
DB01489,Q07955,0
DB01489,P15121,0
DB01489,Q48436,0
DB01489,O77323,0
DB01489,O15075,0
DB01489,Q52546,0
DB01489,P9WGY3,0
DB01489,Q96BR1,0
DB01489,P22455,0
DB01489,P9WJY5,0
DB01489,P05129,0
DB01489,P02458,0
DB01489,Q9X1F0,0
DB01489,O00764,0
DB04791,P07477,1
DB04791,Q9Y678,0
DB04003,P06239,1
DB04003,Q03181,0
DB02786,P15474,1
DB02786,Q05599,0
DB01060,Q8L103,1
DB01060,P06881,0
DB01777,Q16613,1
DB01777,P44783,0
DB12339,Q9P2E9,1
DB12339,Q9Y221,1
DB12339,P01584,0
DB12339,Q99933,0
DB03771,P33247,1
DB03771,P26514,0
DB01822,P12256,1
DB01822,Q8TDN1,0
DB03015,P00813,1
DB03015,Q07817,0
DB02395,P15559,1
DB02395,P17181,0
DB09215,P23219,1
DB09215,P35354,1
DB09215,P78417,0
DB09215,P48551,0
DB06133,P10275,1
DB06133,P02778,0
DB03841,P47989,1
DB03841,P16519,0
DB07915,P47229,1
DB07915,P55789,0
DB00176,P31645,1
DB00176,Q12809,1
DB00176,P35232,0
DB00176,Q52WX2,0
DB03435,O94766,1
DB03435,P09147,1
DB03435,P09148,1
DB03435,P16442,1
DB03435,P27828,1
DB03435,P30085,1
DB03435,P31677,1
DB03435,P39621,1
DB03435,P46976,1
DB03435,Q7Z4J2,1
DB03435,Q8T8E9,1
DB03435,Q9P2W7,1
DB03435,Q9UBQ6,1
DB03435,P13702,0
DB03435,Q88H32,0
DB03435,P28720,0
DB03435,Q8IY84,0
DB03435,P27696,0
DB03435,Q8GI16,0
DB03435,Q8WXA8,0
DB03435,Q14032,0
DB03435,Q9P2E9,0
DB03435,P13569,0
DB03435,Q9H8P0,0
DB03435,Q56148,0
DB03435,O95259,0
DB00913,P35372,1
DB00913,Q8IKM5,0
DB03413,O15923,1
DB03413,P06968,1
DB03413,P33316,1
DB03413,P9WNS5,1
DB03413,O97313,0
DB03413,O43519,0
DB03413,P22749,0
DB03413,P43353,0
DB01095,P04035,1
DB01095,Q92769,1
DB01095,P0A8P1,0
DB01095,P22234,0
DB04946,P08908,1
DB04946,P14416,1
DB04946,P18825,1
DB04946,P21728,1
DB04946,P21917,1
DB04946,P28223,1
DB04946,P34969,1
DB04946,P35348,1
DB04946,P35367,1
DB04946,P35462,1
DB04946,P50406,1
DB04946,Q8T8E9,0
DB04946,P18846,0
DB04946,Q53586,0
DB04946,P80357,0
DB04946,P29275,0
DB04946,Q96A70,0
DB04946,P47229,0
DB04946,Q9Y6R4,0
DB04946,Q8TDS4,0
DB04946,P46859,0
DB04946,P00813,0
DB07909,P01834,1
DB07909,P01857,1
DB07909,Q7Z3Y4,1
DB07909,O43739,0
DB07909,Q7SI98,0
DB07909,P07173,0
DB02800,P34896,1
DB02800,P75430,1
DB02800,O13332,0
DB02800,P61604,0
DB01764,P50870,1
DB01764,P11473,0
DB01020,P33402,1
DB01020,O60568,0
DB07432,Q89ZI2,1
DB07432,Q9KU37,1
DB07432,O95299,0
DB07432,P78334,0
DB07592,P43235,1
DB07592,P51149,0
DB02844,Q9WZC2,1
DB02844,O15439,0
DB03582,P76216,1
DB03582,Q14995,0
DB00592,P28472,1
DB00592,P08670,0
DB00857,Q14534,1
DB00857,Q92206,1
DB00857,O60678,0
DB00857,P23837,0
DB02812,P07477,1
DB02812,P14532,0
DB00266,P15559,1
DB00266,Q08257,1
DB00266,Q9BQB6,1
DB00266,P36959,0
DB00266,P0CG30,0
DB00266,P25524,0
DB06966,P22088,1
DB06966,P26514,0
DB04306,P22906,1
DB04306,Q86XF0,1
DB04306,P07288,0
DB04306,Q07817,0
DB06216,P07550,1
DB06216,P08588,1
DB06216,P08908,1
DB06216,P08913,1
DB06216,P14416,1
DB06216,P18089,1
DB06216,P18825,1
DB06216,P21728,1
DB06216,P21917,1
DB06216,P25021,1
DB06216,P28222,1
DB06216,P28223,1
DB06216,P28335,1
DB06216,P34969,1
DB06216,P35348,1
DB06216,P35367,1
DB06216,P35462,1
DB06216,P41595,1
DB06216,P47898,1
DB06216,P50406,1
DB06216,Q12884,0
DB06216,P80040,0
DB06216,P62330,0
DB06216,Q51705,0
DB06216,P14642,0
DB06216,O25928,0
DB06216,Q59721,0
DB06216,Q9H8P0,0
DB06216,Q7Z406,0
DB06216,P48061,0
DB06216,Q9NY65,0
DB06216,P27017,0
DB06216,O60664,0
DB06216,P00582,0
DB06216,O15392,0
DB06216,P16066,0
DB06216,P00132,0
DB06216,P60484,0
DB06216,Q84CU3,0
DB06216,Q8IUR0,0
DB03611,Q00266,1
DB03611,P23921,0
DB04147,A0A0H2WWQ9,1
DB04147,P00646,1
DB04147,P01593,1
DB04147,P01764,1
DB04147,P02689,1
DB04147,P02929,1
DB04147,P06008,1
DB04147,P06009,1
DB04147,P06010,1
DB04147,P06129,1
DB04147,P06716,1
DB04147,P07110,1
DB04147,P07173,1
DB04147,P08100,1
DB04147,P08306,1
DB04147,P09391,1
DB04147,P0A915,1
DB04147,P0AGG2,1
DB04147,P0C0X8,1
DB04147,P0C0Y7,1
DB04147,P0C0Y8,1
DB04147,P0C0Y9,1
DB04147,P10384,1
DB04147,P13036,1
DB04147,P17315,1
DB04147,P23528,1
DB04147,P26789,1
DB04147,P26790,1
DB04147,P27338,1
DB04147,P33247,1
DB04147,P37001,1
DB04147,P42512,1
DB04147,P60981,1
DB04147,P69681,1
DB04147,P69856,1
DB04147,P76045,1
DB04147,P98002,1
DB04147,Q02127,1
DB04147,Q14494,1
DB04147,Q3J170,1
DB04147,Q3J1A5,1
DB04147,Q3J1A6,1
DB04147,Q46702,1
DB04147,Q46704,1
DB04147,Q46705,1
DB04147,Q4KH25,1
DB04147,Q5RT80,1
DB04147,Q93RD8,1
DB04147,Q98GN8,1
DB04147,Q99873,0
DB04147,Q15493,0
DB04147,Q8ILV2,0
DB04147,P20581,0
DB04147,P62166,0
DB04147,P35579,0
DB04147,Q12791,0
DB04147,P22234,0
DB04147,P19440,0
DB04147,P07026,0
DB04147,P10176,0
DB04147,P0ABE7,0
DB04147,P01019,0
DB04147,Q02761,0
DB04147,P0A6G7,0
DB04147,P05451,0
DB04147,P16278,0
DB04147,P62316,0
DB04147,Q9P2J5,0
DB04147,P19624,0
DB04147,Q9I5I9,0
DB04147,P40763,0
DB04147,P15382,0
DB04147,P31391,0
DB04147,Q6PEY2,0
DB04147,Q9NR28,0
DB04147,Q13233,0
DB04147,P9WNS5,0
DB04147,Q8P9V9,0
DB04147,Q54468,0
DB04147,P62993,0
DB04147,P09142,0
DB04147,P55011,0
DB04147,A1Z199,0
DB04147,Q2G0P0,0
DB04147,P23975,0
DB04147,P36404,0
DB04147,Q9UBF8,0
DB04147,P77444,0
DB04147,P11511,0
DB04147,P0CG30,0
DB04147,P0AC41,0
DB04147,Q96L21,0
DB04147,Q6A8X5,0
DB04147,Q13546,0
DB04147,P17802,0
DB04147,Q54276,0
DB04147,Q8NFD2,0
DB04147,Q9Y619,0
DB05956,P19793,1
DB05956,Q13224,1
DB05956,Q8N8R3,0
DB05956,Q9RZ04,0
DB07518,Q9WWU5,1
DB07518,P00367,0
DB01033,P00492,1
DB01033,P12268,1
DB01033,P20839,1
DB01033,Q06203,1
DB01033,P07384,0
DB01033,Q8WXA8,0
DB01033,P17813,0
DB01033,Q15596,0
DB01063,P10275,1
DB01063,P14416,1
DB01063,O67648,0
DB01063,P23297,0
DB08094,P24941,1
DB08094,P09486,0
DB08591,P18031,1
DB08591,P29894,0
DB02537,P46881,1
DB02537,P48736,0
DB01175,P08908,1
DB01175,P08913,1
DB01175,P11229,1
DB01175,P14416,1
DB01175,P18089,1
DB01175,P18825,1
DB01175,P23975,1
DB01175,P25100,1
DB01175,P28223,1
DB01175,P28335,1
DB01175,P31645,1
DB01175,P35348,1
DB01175,P35367,1
DB01175,P35368,1
DB01175,Q01959,1
DB01175,P28593,0
DB01175,P22309,0
DB01175,Q9HVJ6,0
DB01175,Q96L12,0
DB01175,Q9X6V3,0
DB01175,P00813,0
DB01175,O60551,0
DB01175,Q06609,0
DB01175,P20839,0
DB01175,O95167,0
DB01175,P01303,0
DB01175,Q8I487,0
DB01175,P00722,0
DB01175,P41595,0
DB01175,Q26966,0
DB02269,P07477,1
DB02269,P24347,0
DB08208,Q02750,1
DB08208,P0C1U9,0
DB03170,P0A6I8,1
DB03170,Q54331,0
DB04131,Q54528,1
DB04131,P27623,0
DB08646,P22364,1
DB08646,P22619,1
DB08646,P29894,1
DB08646,P29899,1
DB08646,Q8VUS7,1
DB08646,Q8VUS8,1
DB08646,Q8VUT0,1
DB08646,P01270,0
DB08646,O96013,0
DB08646,Q06830,0
DB08646,Q8IBS5,0
DB08646,Q9UL51,0
DB08646,O75911,0
DB08646,P60903,0
DB09131,P04070,1
DB09131,P04080,1
DB09131,O75676,0
DB09131,P9WK83,0
DB08256,P34913,1
DB08256,P00147,0
DB06605,P00742,1
DB06605,P51970,0
DB08133,P24941,1
DB08133,P16499,0
DB01579,P23975,1
DB01579,P35348,1
DB01579,P35368,1
DB01579,Q6IQ20,0
DB01579,P00909,0
DB01579,Q76NN7,0
DB11936,P53396,1
DB11936,P20831,0
DB08708,P11309,1
DB08708,C9EH48,0
DB03651,P71278,1
DB03651,Q76NN7,0
DB02112,P07477,1
DB02112,P07437,0
DB03581,P06744,1
DB03581,P17169,1
DB03581,Q6IB77,0
DB03581,P07024,0
DB00722,P00797,1
DB00722,P12821,1
DB00722,Q9HGT2,0
DB00722,O34974,0
DB00868,Q14524,1
DB00868,P32418,0
DB07954,O00408,1
DB07954,O60658,1
DB07954,O76074,1
DB07954,O76083,1
DB07954,P18545,1
DB07954,Q08499,1
DB07954,Q13370,1
DB07954,Q13946,1
DB07954,Q05209,0
DB07954,Q9NR63,0
DB07954,P0ABQ0,0
DB07954,Q12852,0
DB07954,P71278,0
DB07954,Q8MU52,0
DB07954,Q8I0V4,0
DB07954,Q60049,0
DB00896,P04150,1
DB00896,P13196,0
DB00093,P37288,1
DB00093,P51800,0
DB01435,P23219,1
DB01435,P35354,1
DB01435,P01871,0
DB01435,Q837V6,0
DB02835,P36871,1
DB02835,P71447,1
DB02835,P00322,0
DB02835,P12996,0
DB01426,Q14524,1
DB01426,P00582,0
DB07772,P22894,1
DB07772,P11473,0
DB08912,P04049,1
DB08912,P15056,1
DB08912,P53667,1
DB08912,P57059,1
DB08912,Q8NG66,1
DB08912,Q9BXJ7,0
DB08912,Q9F6D4,0
DB08912,C0H419,0
DB08912,Q9Y2T6,0
DB08912,P02671,0
DB00996,A0A024R8I1,1
DB00996,O43525,1
DB00996,P30542,1
DB00996,P54289,1
DB00996,Q00975,1
DB00996,Q9NR82,1
DB00996,Q9NY47,1
DB00996,Q00534,0
DB00996,P34024,0
DB00996,Q16552,0
DB00996,Q9Y4K4,0
DB00996,P11546,0
DB00996,O60656,0
DB00996,P13674,0
DB07462,P21964,1
DB07462,Q9NWZ3,0
DB07628,P14618,1
DB07628,P51956,0
DB06833,P11474,1
DB06833,P07741,0
DB00819,O43570,1
DB00819,P00915,1
DB00819,P00918,1
DB00819,P07451,1
DB00819,P22748,1
DB00819,P29972,1
DB00819,P43166,1
DB00819,Q9ULX7,1
DB00819,P05556,0
DB00819,O43519,0
DB00819,Q4ZHU6,0
DB00819,P06881,0
DB00819,P69488,0
DB00819,Q8I3X4,0
DB00819,P21397,0
DB00819,P35527,0
DB02581,P60568,1
DB02581,P12277,0
DB07353,P00734,1
DB07353,P39304,0
DB08392,O14757,1
DB08392,P04156,0
DB02217,Q9NPB1,1
DB02217,O31440,0
DB02400,P15559,1
DB02400,P25910,0
DB00263,P0AC13,1
DB00263,P84139,0
DB04185,P00480,1
DB04185,P50440,1
DB04185,O43169,0
DB04185,P15104,0
DB04366,P15531,1
DB04366,Q9HB55,0
DB07034,O14757,1
DB07034,Q8NFW8,0
DB03555,P07477,1
DB03555,Q99828,0
DB00546,O00591,1
DB00546,O14764,1
DB00546,P14867,1
DB00546,P18505,1
DB00546,P18507,1
DB00546,P28472,1
DB00546,P31644,1
DB00546,P34903,1
DB00546,P47869,1
DB00546,P47870,1
DB00546,P48169,1
DB00546,P78334,1
DB00546,Q16445,1
DB00546,Q8N1C3,1
DB00546,Q99928,1
DB00546,Q9UN88,1
DB00546,Q9NZK7,0
DB00546,P42126,0
DB00546,Q14721,0
DB00546,Q9L5C7,0
DB00546,C0H4V6,0
DB00546,P14489,0
DB00546,P08574,0
DB00546,P0C0X8,0
DB00546,P08603,0
DB00546,P04049,0
DB00546,P54756,0
DB00546,Q92911,0
DB00546,P43876,0
DB00546,P06864,0
DB00546,Q9UBL9,0
DB00546,P23634,0
DB01830,P06239,1
DB01830,Q9Y2H1,0
DB04388,Q88K39,1
DB04388,P51679,0
DB03879,P11226,1
DB03879,Q59288,1
DB03879,Q8TF76,0
DB03879,Q7Z3Y4,0
DB01236,O00591,1
DB01236,O14764,1
DB01236,P03886,1
DB01236,P14867,1
DB01236,P18505,1
DB01236,P18507,1
DB01236,P23415,1
DB01236,P28472,1
DB01236,P31644,1
DB01236,P34903,1
DB01236,P42261,1
DB01236,P47869,1
DB01236,P47870,1
DB01236,P48169,1
DB01236,P78334,1
DB01236,P98194,1
DB01236,Q16445,1
DB01236,Q8N1C3,1
DB01236,Q96ER9,1
DB01236,Q99928,1
DB01236,Q9UN88,1
DB01236,Q55813,0
DB01236,Q9NR97,0
DB01236,P32722,0
DB01236,Q8GR64,0
DB01236,Q9HCD5,0
DB01236,Q46893,0
DB01236,P0C0L5,0
DB01236,Q92831,0
DB01236,O60285,0
DB01236,Q15155,0
DB01236,P43700,0
DB01236,P01308,0
DB01236,Q9NPH2,0
DB01236,P9WPB5,0
DB01236,P06612,0
DB01236,P07773,0
DB01236,Q6P093,0
DB01236,O67648,0
DB01236,Q9BXI2,0
DB01236,P57059,0
DB01236,P00748,0
DB00848,P10696,1
DB00848,P32297,1
DB00848,P48181,1
DB00848,Q23022,1
DB00848,Q27218,1
DB00848,Q9N587,1
DB00848,P11836,0
DB00848,P09546,0
DB00848,P13196,0
DB00848,P0DP24,0
DB00848,P54965,0
DB00848,Q9P286,0
DB11362,P43119,1
DB11362,Q15761,0
DB08186,Q92831,1
DB08186,P15391,0
DB05168,P14207,1
DB05168,P15328,1
DB05168,P41439,1
DB05168,Q72K87,0
DB05168,Q9LAG2,0
DB05168,P00282,0
DB08486,P68871,1
DB08486,P69905,1
DB08486,P01579,0
DB08486,Q837V6,0
DB07461,P00734,1
DB07461,P45066,0
DB00476,P23975,1
DB00476,P31645,1
DB00476,Q01959,1
DB00476,P22748,0
DB00476,P22694,0
DB00476,P01023,0
DB03032,Q03013,1
DB03032,P05364,0
DB05119,Q13093,1
DB05119,P28793,0
DB07691,Q03181,1
DB07691,Q9Y2U5,0
DB04005,Q9BZX2,1
DB04005,O95298,0
DB07738,P56817,1
DB07738,P21709,0
DB08815,P08908,1
DB08815,P08913,1
DB08815,P14416,1
DB08815,P18825,1
DB08815,P28223,1
DB08815,P34969,1
DB08815,P02787,0
DB08815,P30038,0
DB08815,P33032,0
DB08815,P06149,0
DB08815,P53608,0
DB08815,P04183,0
DB04310,O31410,1
DB04310,P0A6K3,1
DB04310,P68771,1
DB04310,P68826,1
DB04310,Q819K2,1
DB04310,Q819U0,1
DB04310,Q82ZJ0,1
DB04310,Q8NX78,1
DB04310,Q93LE9,1
DB04310,Q9HBH1,1
DB04310,Q9I7A8,1
DB04310,P03886,0
DB04310,O34667,0
DB04310,P9WIL5,0
DB04310,P15259,0
DB04310,P50213,0
DB04310,Q46856,0
DB04310,P20035,0
DB04310,P83798,0
DB04310,P42336,0
DB04310,Q07075,0
DB04310,P24462,0
DB02652,P15085,1
DB02652,P36405,0
DB06255,P14324,1
DB06255,P42574,1
DB06255,P49662,1
DB06255,P55210,1
DB06255,P61432,0
DB06255,P46926,0
DB06255,Q9NY59,0
DB06255,P04155,0
DB00455,P35367,1
DB00455,Q12809,1
DB00455,P15273,0
DB00455,O43614,0
DB08232,P08709,1
DB08232,P13726,1
DB08232,Q16539,0
DB08232,P28072,0
DB05246,O43497,1
DB05246,P37288,0
DB13877,P09874,1
DB13877,P28335,0
DB07261,P00742,1
DB07261,P16473,0
DB04172,P00749,1
DB04172,P35610,0
DB00514,O00264,1
DB00514,P04839,1
DB00514,P13498,1
DB00514,P14598,1
DB00514,P15153,1
DB00514,P17787,1
DB00514,P19878,1
DB00514,P23975,1
DB00514,P30926,1
DB00514,P31645,1
DB00514,P32297,1
DB00514,P35372,1
DB00514,P36544,1
DB00514,P41143,1
DB00514,P41145,1
DB00514,P43681,1
DB00514,P63000,1
DB00514,Q15080,1
DB00514,Q15822,1
DB00514,Q5T1J1,1
DB00514,Q8TCU5,1
DB00514,Q99720,1
DB00514,F1L7U3,0
DB00514,Q9EXV5,0
DB00514,O00329,0
DB00514,Q9HC97,0
DB00514,P08700,0
DB00514,O95670,0
DB00514,P40394,0
DB00514,Q92793,0
DB00514,Q52369,0
DB00514,Q9NXA8,0
DB00514,P32004,0
DB00514,P35499,0
DB00514,Q02880,0
DB00514,P35367,0
DB00514,O67931,0
DB00514,P0AEK7,0
DB00514,O75493,0
DB00514,Q9UQ05,0
DB00514,P77150,0
DB00514,Q15375,0
DB00514,Q15569,0
DB00514,P68133,0
DB01968,P43683,1
DB01968,Q9NSA0,0
DB07118,A0A0H2Z368,1
DB07118,Q01693,0
DB01870,P19961,1
DB01870,Q9HYN5,0
DB04043,P80188,1
DB04043,P68366,0
DB07491,P07477,1
DB07491,Q6FEW8,0
DB13956,O75469,1
DB13956,P00846,1
DB13956,P03372,1
DB13956,P37059,1
DB13956,P43681,1
DB13956,P62508,1
DB13956,Q14457,1
DB13956,Q15596,1
DB13956,Q92731,1
DB13956,Q99527,1
DB13956,Q51782,0
DB13956,P56937,0
DB13956,Q8DR59,0
DB13956,P07451,0
DB13956,Q819K2,0
DB13956,P20618,0
DB13956,P08648,0
DB13956,O33833,0
DB13956,Q92506,0
DB13956,P05165,0
DB03491,P15531,1
DB03491,O14763,0
DB00963,P23219,1
DB00963,P35354,1
DB00963,Q56313,0
DB00963,P62594,0
DB01124,P48048,1
DB01124,Q09428,1
DB01124,Q6ZMR3,0
DB01124,P19438,0
DB04409,P05230,1
DB04409,Q8RJN5,0
DB08627,P0A953,1
DB08627,Q14626,0
DB02508,A0A0H2UXE9,1
DB02508,P14324,1
DB02508,P22939,1
DB02508,P71278,1
DB02508,P48047,0
DB02508,P46925,0
DB02508,P35625,0
DB02508,Q9KVB4,0
DB12483,O00329,1
DB12483,P42336,1
DB12483,Q13002,0
DB12483,P0ACB2,0
DB06991,Q16539,1
DB06991,P00469,0
DB08882,P27487,1
DB08882,Q6IBS8,0
DB13994,P34903,1
DB13994,P47869,1
DB13994,Q13258,0
DB13994,O60678,0
DB04345,P30043,1
DB04345,Q9WZW1,1
DB04345,P0A6K3,0
DB04345,Q70I53,0
DB03843,P15555,1
DB03843,Q9P2J5,0
DB03685,P00469,1
DB03685,P09148,1
DB03685,P0AA43,1
DB03685,P15291,1
DB03685,P25971,1
DB03685,P41007,1
DB03685,P62312,1
DB03685,P77398,1
DB03685,Q5KUI3,1
DB03685,Q7Z4J2,1
DB03685,Q96AZ6,1
DB03685,Q9NWZ5,1
DB03685,Q9WZI0,1
DB03685,P05162,0
DB03685,P32119,0
DB03685,P45973,0
DB03685,O34928,0
DB03685,P53041,0
DB03685,P02778,0
DB03685,P21926,0
DB03685,O15375,0
DB03685,Q16772,0
DB03685,Q9X0A2,0
DB03685,Q13523,0
DB03685,Q14749,0
DB03685,P08493,0
DB08910,P01375,1
DB08910,P35354,1
DB08910,Q96SW2,1
DB08910,P14169,0
DB08910,Q47PU3,0
DB08910,O60678,0
DB02180,O60551,1
DB02180,P30418,1
DB02180,P21890,0
DB02180,P18850,0
DB02139,P33247,1
DB02139,P01023,0
DB08424,Q16539,1
DB08424,Q96MA6,0
DB11963,P00533,1
DB11963,Q86VZ1,0
DB00917,P34995,1
DB00917,P35408,1
DB00917,P43115,1
DB00917,P43116,1
DB00917,Q9Y5Y4,1
DB00917,P54619,0
DB00917,Q00441,0
DB00917,P50747,0
DB00917,Q8NBP7,0
DB00917,Q72LA4,0
DB08378,P12883,1
DB08378,P14649,1
DB08378,P19105,1
DB08378,O95180,0
DB08378,P09373,0
DB08378,P9WNX1,0
DB09151,P05067,1
DB09151,P18858,0
DB08142,P06493,1
DB08142,P24941,1
DB08142,Q6FEW8,0
DB08142,P22102,0
DB00297,P34995,1
DB00297,Q9Y5Y9,1
DB00297,P23246,0
DB00297,P0A115,0
DB03780,P28720,1
DB03780,Q54528,0
DB05253,P06401,1
DB05253,P04632,0
DB08411,P01857,1
DB08411,Q86SZ2,0
DB08164,P27487,1
DB08164,Q60FT7,0
DB08660,P68400,1
DB08660,P0A751,0
DB00771,P11229,1
DB00771,P06010,0
DB01583,P10827,1
DB01583,P10828,1
DB01583,P41020,0
DB01583,P00808,0
DB00983,P07550,1
DB00983,P08588,1
DB00983,P13945,1
DB00983,P02747,0
DB00983,P0A7Z3,0
DB00983,Q02338,0
DB03970,P05364,1
DB03970,P0AD63,1
DB03970,P0AD64,1
DB03970,Q8I5H4,0
DB03970,P05327,0
DB03970,O43570,0
DB02253,P74334,1
DB02253,Q9Y5K8,0
DB05855,P10145,1
DB05855,P17787,1
DB05855,P0A8M5,0
DB05855,P02930,0
DB04733,P04075,1
DB04733,P00519,0
DB00355,P05193,1
DB00355,P42971,1
DB00355,P15880,0
DB00355,Q8GIQ0,0
DB02258,P13631,1
DB02258,Q14995,0
DB03298,P12931,1
DB03298,Q14012,0
DB03891,P43235,1
DB03891,Q8NW68,0
DB07846,P22303,1
DB07846,Q9NWM0,0
DB07971,P9WPN5,1
DB07971,P26841,0
DB03240,P42262,1
DB03240,Q9Y233,0
DB04339,P09211,1
DB04339,Q14181,0
DB01347,P30556,1
DB01347,P06875,0
DB04975,P11388,1
DB04975,P11217,0
DB04829,P08908,1
DB04829,P41595,1
DB04829,P50406,1
DB04829,Q6GI75,0
DB04829,Q9H015,0
DB04829,P17802,0
DB01442,P21397,1
DB01442,P23975,1
DB01442,P27338,1
DB01442,P28223,1
DB01442,P31645,1
DB01442,P54219,1
DB01442,Q01959,1
DB01442,Q05940,1
DB01442,O60551,0
DB01442,O25096,0
DB01442,P00864,0
DB01442,P01906,0
DB01442,P80511,0
DB01442,P0AFG8,0
DB01442,P11086,0
DB01442,Q14081,0
DB00283,P35367,1
DB00283,P00813,0
DB07339,P16083,1
DB07339,P15925,0
DB00647,P23141,1
DB00647,P35372,1
DB00647,P41143,1
DB00647,P41145,1
DB00647,P06971,0
DB00647,Q8IDP1,0
DB00647,Q83JC4,0
DB00647,P00746,0
DB01990,P35398,1
DB01990,Q9BXA1,0
DB08806,P25021,1
DB08806,P18507,0
DB00145,O60391,1
DB00145,O75311,1
DB00145,O75600,1
DB00145,P13196,1
DB00145,P21549,1
DB00145,P22557,1
DB00145,P23415,1
DB00145,P23416,1
DB00145,P34896,1
DB00145,P34897,1
DB00145,P41250,1
DB00145,P48167,1
DB00145,P48637,1
DB00145,P50440,1
DB00145,Q12879,1
DB00145,Q14032,1
DB00145,Q14330,1
DB00145,Q14749,1
DB00145,Q14957,1
DB00145,Q53ET4,1
DB00145,Q6IB77,1
DB00145,Q8WU03,1
DB00145,Q969I3,1
DB00145,Q9BYV1,1
DB00145,Q9P0Z9,1
DB00145,P28720,0
DB00145,P13981,0
DB00145,Q3J1A5,0
DB00145,P9WJ63,0
DB00145,Q13838,0
DB00145,O75390,0
DB00145,Q12866,0
DB00145,P42790,0
DB00145,P9WI81,0
DB00145,P00509,0
DB00145,P16422,0
DB00145,P44868,0
DB00145,O75521,0
DB00145,Q8IKW5,0
DB00145,P51161,0
DB00145,Q96S37,0
DB00145,A0A0H3JWX6,0
DB00145,P00813,0
DB00145,P38606,0
DB00145,P17936,0
DB00145,Q9K578,0
DB00145,P9WKE1,0
DB00145,P9WH69,0
DB00145,P09960,0
DB00145,P48723,0
DB04732,P9WHT9,1
DB04732,P9WHU1,1
DB04732,O43181,0
DB04732,Q9ULA0,0
DB09026,P00797,1
DB09026,P21291,0
DB08118,P35557,1
DB08118,Q8IKR1,0
DB00967,P35367,1
DB00967,Q9ULX7,0
DB00367,P03372,1
DB00367,P04150,1
DB00367,P04278,1
DB00367,P06401,1
DB00367,P10275,1
DB00367,P18405,1
DB00367,Q59FW3,0
DB00367,P00943,0
DB00367,Q8IKR1,0
DB00367,P0C2P0,0
DB00367,P0A7X3,0
DB00367,Q13370,0
DB04013,P11217,1
DB04013,Q13936,0
DB04520,P11797,1
DB04520,Q54276,1
DB04520,P01374,0
DB04520,P60903,0
DB06137,P12931,1
DB06137,P77872,0
DB02909,P0AE18,1
DB02909,P9WK19,1
DB02909,P05362,0
DB02909,P15531,0
DB01401,P23219,1
DB01401,P35354,1
DB01401,Q8RQE9,0
DB01401,P20594,0
DB02954,P0A7D4,1
DB02954,Q83P33,1
DB02954,Q02221,0
DB02954,P78540,0
DB14914,P10636,1
DB14914,P21397,1
DB14914,P27338,1
DB14914,P62344,0
DB14914,P08912,0
DB14914,P01350,0
DB08422,P00734,1
DB08422,P10635,0
DB03576,Q9X266,1
DB03576,Q7Z4T2,0
DB00666,P30968,1
DB00666,Q96P88,1
DB00666,P24300,0
DB00666,Q9BQI3,0
DB00794,O00591,1
DB00794,O14764,1
DB00794,P14867,1
DB00794,P18505,1
DB00794,P18507,1
DB00794,P28472,1
DB00794,P31644,1
DB00794,P34903,1
DB00794,P36544,1
DB00794,P42262,1
DB00794,P43681,1
DB00794,P47869,1
DB00794,P47870,1
DB00794,P48169,1
DB00794,P78334,1
DB00794,Q13002,1
DB00794,Q16445,1
DB00794,Q8N1C3,1
DB00794,Q99928,1
DB00794,Q9UN88,1
DB00794,P01303,0
DB00794,P53611,0
DB00794,Q08698,0
DB00794,Q5G940,0
DB00794,P98155,0
DB00794,Q5SHN3,0
DB00794,P51161,0
DB00794,Q00536,0
DB00794,Q9BY32,0
DB00794,P09874,0
DB00794,P29768,0
DB00794,O33407,0
DB00794,P11388,0
DB00794,P51584,0
DB00794,P35749,0
DB00794,P43876,0
DB00794,Q00169,0
DB00794,P23904,0
DB00794,P07204,0
DB00794,Q7SIB1,0
DB00753,O00591,1
DB00753,O14764,1
DB00753,P0DP23,1
DB00753,P14867,1
DB00753,P17787,1
DB00753,P18505,1
DB00753,P18507,1
DB00753,P23415,1
DB00753,P28472,1
DB00753,P30049,1
DB00753,P31644,1
DB00753,P34903,1
DB00753,P42261,1
DB00753,P43681,1
DB00753,P47869,1
DB00753,P47870,1
DB00753,P48169,1
DB00753,P78334,1
DB00753,P98194,1
DB00753,Q09470,1
DB00753,Q16445,1
DB00753,Q8N1C3,1
DB00753,Q99928,1
DB00753,Q9UN88,1
DB00753,F1L7U3,0
DB00753,Q9BY41,0
DB00753,P50406,0
DB00753,P50213,0
DB00753,Q15842,0
DB00753,P24310,0
DB00753,Q969I6,0
DB00753,P49662,0
DB00753,P35579,0
DB00753,P60981,0
DB00753,P0C188,0
DB00753,P08708,0
DB00753,P06729,0
DB00753,P16932,0
DB00753,P00414,0
DB00753,Q8I3Z5,0
DB00753,Q51705,0
DB00753,O95670,0
DB00753,A0A024R8I1,0
DB00753,P08473,0
DB00753,Q969S8,0
DB00753,Q9RN68,0
DB00753,Q13303,0
DB00753,P0AG59,0
DB02709,O75469,1
DB02709,P03372,1
DB02709,P05067,1
DB02709,P05106,1
DB02709,P08648,1
DB02709,P09917,1
DB02709,P11166,1
DB02709,P16050,1
DB02709,P16083,1
DB02709,P16152,1
DB02709,P23219,1
DB02709,P31749,1
DB02709,P35354,1
DB02709,P35869,1
DB02709,P37231,1
DB02709,P37840,1
DB02709,P48039,1
DB02709,P49286,1
DB02709,P54577,1
DB02709,P68400,1
DB02709,Q07869,1
DB02709,Q14994,1
DB02709,Q86T13,1
DB02709,Q8TCG2,1
DB02709,Q92945,1
DB02709,Q96EB6,1
DB02709,P43886,0
DB02709,Q81C15,0
DB02709,P54764,0
DB02709,Q9Y4U1,0
DB02709,Q4U2R8,0
DB02709,Q96GD3,0
DB02709,P17612,0
DB02709,P48029,0
DB02709,P52664,0
DB02709,Q83LD8,0
DB02709,P0A7S3,0
DB02709,Q7WUJ1,0
DB02709,P08709,0
DB02709,P09958,0
DB02709,P31434,0
DB02709,Q13126,0
DB02709,P43119,0
DB02709,P78417,0
DB02709,P0A9Z7,0
DB02709,Q9BUF5,0
DB02709,O25323,0
DB02709,P35222,0
DB02709,P17931,0
DB02709,P35241,0
DB02709,P04181,0
DB02709,P55211,0
DB14719,O00591,1
DB14719,O14764,1
DB14719,P14867,1
DB14719,P18505,1
DB14719,P18507,1
DB14719,P28472,1
DB14719,P31644,1
DB14719,P34903,1
DB14719,P47869,1
DB14719,P47870,1
DB14719,P48169,1
DB14719,P78334,1
DB14719,Q16445,1
DB14719,Q8N1C3,1
DB14719,Q99928,1
DB14719,Q9UN88,1
DB14719,P17252,0
DB14719,P37551,0
DB14719,P07814,0
DB14719,P60906,0
DB14719,P35754,0
DB14719,T1RTG8,0
DB14719,Q08853,0
DB14719,P26393,0
DB14719,P17405,0
DB14719,P51168,0
DB14719,P37088,0
DB14719,O14818,0
DB14719,Q16795,0
DB14719,Q8N8N7,0
DB14719,P17297,0
DB14719,O25096,0
DB00683,O00591,1
DB00683,O14764,1
DB00683,P14867,1
DB00683,P18505,1
DB00683,P18507,1
DB00683,P28472,1
DB00683,P31644,1
DB00683,P34903,1
DB00683,P47869,1
DB00683,P47870,1
DB00683,P48169,1
DB00683,P78334,1
DB00683,Q16445,1
DB00683,Q8N1C3,1
DB00683,Q99928,1
DB00683,Q9UN88,1
DB00683,Q9CBQ2,0
DB00683,Q9I7A8,0
DB00683,P08263,0
DB00683,Q46822,0
DB00683,P05121,0
DB00683,Q8VP84,0
DB00683,P04164,0
DB00683,P11309,0
DB00683,O95382,0
DB00683,P18314,0
DB00683,Q99624,0
DB00683,Q15788,0
DB00683,O75636,0
DB00683,Q86W47,0
DB00683,P0A3M6,0
DB00683,Q51366,0
DB04024,P0A8M5,1
DB04024,O77361,0
DB00163,O75469,1
DB00163,O76054,1
DB00163,P05771,1
DB00163,P09917,1
DB00163,P17252,1
DB00163,P23743,1
DB00163,P62714,1
DB00163,P67775,1
DB00163,Q9UDX3,1
DB00163,Q9UDX4,1
DB00163,P0A2W7,0
DB00163,O15374,0
DB00163,P50618,0
DB00163,P10909,0
DB00163,O07529,0
DB00163,A6PZ59,0
DB00163,P37698,0
DB00163,Q32MK0,0
DB00163,Q9KWU1,0
DB00163,Q08751,0
DB07236,Q15788,1
DB07236,Q92731,1
DB07236,Q9PM68,0
DB07236,P16118,0
DB07815,Q6P093,1
DB07815,P04079,0
DB04080,P12931,1
DB04080,P0A6I8,0
DB03350,P02930,1
DB03350,P0A2Y7,1
DB03350,P02918,0
DB03350,P28790,0
DB05171,Q96BI3,1
DB05171,Q9NZ42,1
DB05171,P29597,0
DB05171,P11586,0
DB03815,P69923,1
DB03815,Q5XXA6,0
DB02595,P0AGC3,1
DB02595,P41052,1
DB02595,Q03736,0
DB02595,P0C0L4,0
DB08931,P33402,1
DB08931,P19909,0
DB07133,P00734,1
DB07133,P01615,0
DB02352,P09960,1
DB02352,Q16539,1
DB02352,Q93LD7,0
DB02352,P06129,0
DB08565,P17538,1
DB08565,Q9I7A8,0
DB02799,P0AG82,1
DB02799,Q96P88,0
DB07274,P35968,1
DB07274,P22695,0
DB02673,P22303,1
DB02673,P12821,0
DB09112,P02144,1
DB09112,P68871,1
DB09112,P69905,1
DB09112,P0AFM2,0
DB09112,O14578,0
DB09112,P08877,0
DB08401,O70038,1
DB08401,P10606,0
DB04471,P03372,1
DB04471,P36888,0
DB08106,P14900,1
DB08106,P07986,0
DB07604,O14983,1
DB07604,P78352,0
DB02045,P07477,1
DB02045,Q96RJ0,0
DB02752,P0A884,1
DB02752,P76270,0
DB15496,P35232,1
DB15496,Q99623,1
DB15496,C0H551,0
DB15496,Q56313,0
DB06442,P23141,1
DB06442,P11444,0
DB07249,P54760,1
DB07249,Q16566,0
DB11278,P07550,1
DB11278,P08588,1
DB11278,P08913,1
DB11278,P13945,1
DB11278,P18089,1
DB11278,P18825,1
DB11278,P25100,1
DB11278,P35348,1
DB11278,P35368,1
DB11278,O67854,0
DB11278,Q05581,0
DB11278,O15269,0
DB11278,P53396,0
DB11278,P19926,0
DB11278,P46072,0
DB11278,Q693P7,0
DB11278,P08235,0
DB11278,P28221,0
DB08359,P0A953,1
DB08359,Q06110,0
DB07632,P00918,1
DB07632,P60844,0
DB04058,P15085,1
DB04058,P60327,1
DB04058,P24394,0
DB04058,P00915,0
DB04092,P15034,1
DB04092,Q6LFH8,0
DB14538,P04083,1
DB14538,P04150,1
DB14538,P14060,1
DB14538,P80365,1
DB14538,P56696,0
DB14538,P01615,0
DB14538,Q6GI75,0
DB14538,P13254,0
DB02228,P00722,1
DB02228,Q96PD5,0
DB04389,P49789,1
DB04389,P51800,0
DB04526,P06971,1
DB04526,P05067,0
DB09481,O15399,1
DB09481,O60391,1
DB09481,Q05586,1
DB09481,Q12879,1
DB09481,Q13224,1
DB09481,Q14957,1
DB09481,Q8TCU5,1
DB09481,Q96I59,0
DB09481,Q2TU84,0
DB09481,O00238,0
DB09481,P0AGG2,0
DB09481,P0A8Q3,0
DB09481,P0ACJ8,0
DB09481,P05100,0
DB03830,P08192,1
DB03830,Q9HB21,0
DB00201,O00329,1
DB00201,O00408,1
DB00201,O60658,1
DB00201,O76074,1
DB00201,O76083,1
DB00201,O95263,1
DB00201,P0DMS8,1
DB00201,P16499,1
DB00201,P27815,1
DB00201,P29274,1
DB00201,P29275,1
DB00201,P30542,1
DB00201,P35913,1
DB00201,P42336,1
DB00201,P42338,1
DB00201,P51160,1
DB00201,P54750,1
DB00201,Q01064,1
DB00201,Q07343,1
DB00201,Q08493,1
DB00201,Q08499,1
DB00201,Q13370,1
DB00201,Q13946,1
DB00201,Q14123,1
DB00201,Q14432,1
DB00201,Q14573,1
DB00201,Q9HCR9,1
DB00201,Q9NP56,1
DB00201,Q9Y233,1
DB00201,Q27743,0
DB00201,Q8IKL4,0
DB00201,Q9BW91,0
DB00201,P02788,0
DB00201,O33407,0
DB00201,Q96LZ3,0
DB00201,P0A108,0
DB00201,P35579,0
DB00201,P00437,0
DB00201,P00183,0
DB00201,P08637,0
DB00201,P25910,0
DB00201,O14786,0
DB00201,P9WNL5,0
DB00201,P84098,0
DB00201,Q8GR64,0
DB00201,P15034,0
DB00201,P51956,0
DB00201,Q01581,0
DB00201,P01871,0
DB00201,Q92945,0
DB00201,P51812,0
DB00201,A6PZ59,0
DB00201,P49589,0
DB00201,Q02338,0
DB00201,P21917,0
DB00201,P55408,0
DB00201,Q9H252,0
DB00201,P33402,0
DB11672,O15440,1
DB11672,P09211,1
DB11672,P11473,1
DB11672,P16152,1
DB11672,P37231,1
DB11672,P22102,0
DB11672,Q83LD8,0
DB11672,Q9BTZ2,0
DB11672,O95644,0
DB11672,Q8IVL6,0
DB15569,P01116,1
DB15569,P08246,0
DB11732,P30939,1
DB11732,Q96PY6,0
DB08023,P53779,1
DB08023,Q92772,0
DB02453,P08690,1
DB02453,Q86T13,0
DB09270,P31040,1
DB09270,P56181,1
DB09270,P15056,0
DB09270,P05231,0
DB04581,Q16769,1
DB04581,P01112,0
DB12532,P01350,1
DB12532,P0A808,0
DB12961,Q07869,1
DB12961,Q15722,1
DB12961,Q9NPC1,1
DB12961,P9WGY7,0
DB12961,P06612,0
DB12961,Q5SKH6,0
DB05284,P07437,1
DB05284,P80529,0
DB07926,P03956,1
DB07926,P52699,0
DB02036,Q9I7A8,1
DB02036,Q9Z1N9,0
DB03874,P33247,1
DB03874,P00438,0
DB00401,P54289,1
DB00401,Q01668,1
DB00401,Q08289,1
DB00401,Q13698,1
DB00401,Q13936,1
DB00401,P50993,0
DB00401,Q46220,0
DB00401,P62993,0
DB00401,Q53586,0
DB00401,P40429,0
DB02928,P46883,1
DB02928,Q8IL88,0
DB02932,P10275,1
DB02932,P14866,0
DB02865,P06971,1
DB02865,Q9BXI2,0
DB07206,P56817,1
DB07206,Q72LA6,0
DB07701,P22303,1
DB07701,Q9UJM8,0
DB08333,P14174,1
DB08333,P18089,0
DB09510,Q8KT33,1
DB09510,P17540,0
DB00497,P35372,1
DB00497,P41143,1
DB00497,P41145,1
DB00497,P94690,0
DB00497,Q53464,0
DB00497,P49888,0
DB00366,P08172,1
DB00366,P08173,1
DB00366,P08912,1
DB00366,P11229,1
DB00366,P20309,1
DB00366,P35367,1
DB00366,Q14994,1
DB00366,P52333,0
DB00366,Q93RD8,0
DB00366,P13688,0
DB00366,Q14457,0
DB00366,P00491,0
DB00366,P0A9J8,0
DB00366,P47898,0
DB13092,P02359,1
DB13092,P56740,0
DB02588,P00811,1
DB02588,P39377,0
DB03712,P12931,1
DB03712,Q9UIC8,0
DB02594,O00142,1
DB02594,P0AE22,1
DB02594,P27707,1
DB02594,Q14994,0
DB02594,P14385,0
DB02594,P07650,0
DB08038,P49862,1
DB08038,P13051,0
DB01280,P09884,1
DB01280,P30825,0
DB07940,P06276,1
DB07940,P01911,0
DB00302,P00747,1
DB00302,P62807,0
DB09014,P28335,1
DB09014,P35462,1
DB09014,Q99720,1
DB09014,P78348,0
DB09014,P07942,0
DB09014,Q79FX6,0
DB11949,P25103,1
DB11949,P00167,0
DB00253,P04150,1
DB00253,P25084,0
DB04714,A0R559,1
DB04714,O95749,1
DB04714,P14324,1
DB04714,P60472,1
DB04714,P62623,1
DB04714,P9WFF7,1
DB04714,P12104,0
DB04714,Q16719,0
DB04714,P20742,0
DB04714,P51160,0
DB04714,Q57VC7,0
DB04714,P11229,0
DB04754,P00491,1
DB04754,Q99928,0
DB01288,P07550,1
DB01288,P08588,1
DB01288,P13945,1
DB01288,P9WNX1,0
DB01288,P07225,0
DB01288,P06734,0
DB00247,P08908,1
DB00247,P28222,1
DB00247,P28223,1
DB00247,P28335,1
DB00247,P28566,1
DB00247,P30939,1
DB00247,P34969,1
DB00247,P41595,1
DB00247,P03960,0
DB00247,Q96PY6,0
DB00247,P0A7W7,0
DB00247,O94804,0
DB00247,Q46856,0
DB00247,Q13946,0
DB00247,O60678,0
DB00247,Q02768,0
DB01664,P42262,1
DB01664,P0AAI5,0
DB06930,P56817,1
DB06930,P61925,0
DB07220,P24941,1
DB07220,Q8TD30,0
DB06479,P27815,1
DB06479,P48169,0
DB03711,Q8WX39,1
DB03711,Q8SPQ9,0
DB04915,Q16206,1
DB04915,P43119,0
DB04607,P24941,1
DB04607,P23378,0
DB14639,P10275,1
DB14639,Q96GD4,0
DB03341,Q16613,1
DB03341,O95864,0
DB03044,Q16539,1
DB03044,P62258,0
DB00261,Q14432,1
DB00261,P17735,0
DB08763,P07477,1
DB08763,Q2M3G0,0
DB06774,Q8NER1,1
DB06774,Q99623,1
DB06774,P50921,0
DB06774,Q7SIA5,0
DB00219,P11229,1
DB00219,P26572,0
DB06944,P20248,1
DB06944,P24941,1
DB06944,P05981,0
DB06944,Q9NQS7,0
DB07512,P27338,1
DB07512,Q02762,0
DB04009,P00167,1
DB04009,Q9Y463,0
DB03172,P0ABP8,1
DB03172,P28222,0
DB04029,Q9LCC8,1
DB04029,P55157,0
DB00304,P03372,1
DB00304,P06401,1
DB00304,P15917,0
DB00304,Q5SKH6,0
DB00459,P09455,1
DB00459,P10276,1
DB00459,P10826,1
DB00459,P13631,1
DB00459,P19793,1
DB00459,P28702,1
DB00459,P48443,1
DB00459,P47229,0
DB00459,P54687,0
DB00459,P48728,0
DB00459,P04053,0
DB00459,P43099,0
DB00459,P52824,0
DB00459,P42766,0
DB02670,O60264,1
DB02670,P30920,1
DB02670,P05109,0
DB02670,Q9GZR5,0
DB01927,P15559,1
DB01927,Q8IKK7,0
DB08097,Q16539,1
DB08097,Q02834,0
DB00306,O00591,1
DB00306,O14764,1
DB00306,P14867,1
DB00306,P18505,1
DB00306,P18507,1
DB00306,P28472,1
DB00306,P31644,1
DB00306,P34903,1
DB00306,P36544,1
DB00306,P42262,1
DB00306,P43681,1
DB00306,P47869,1
DB00306,P47870,1
DB00306,P48169,1
DB00306,P78334,1
DB00306,Q13002,1
DB00306,Q16445,1
DB00306,Q8N1C3,1
DB00306,Q99928,1
DB00306,Q9UN88,1
DB00306,Q88K39,0
DB00306,P62913,0
DB00306,Q05655,0
DB00306,P51970,0
DB00306,P09172,0
DB00306,Q7Z5B4,0
DB00306,O31465,0
DB00306,O94956,0
DB00306,P00362,0
DB00306,Q8NG66,0
DB00306,P36871,0
DB00306,O15427,0
DB00306,P80404,0
DB00306,Q15878,0
DB00306,P9WQ77,0
DB00306,Q9H2K8,0
DB00306,Q9NYK1,0
DB00306,P43115,0
DB00306,P40926,0
DB00306,Q01693,0
DB07196,P09960,1
DB07196,P62714,0
DB15565,P12821,1
DB15565,P62829,0
DB03564,P24300,1
DB03564,P83849,1
DB03564,O75936,0
DB03564,O15270,0
DB07979,P14920,1
DB07979,P09598,0
DB04124,P60339,1
DB04124,Q9ULW8,0
DB04606,P08709,1
DB04606,Q9Y6Y9,0
DB07410,O95749,1
DB07410,P60472,1
DB07410,P56194,0
DB07410,Q8IL80,0
DB04664,P20813,1
DB04664,P83788,0
DB07077,P03951,1
DB07077,P09210,0
DB08132,P24941,1
DB08132,P22894,0
DB04338,P28482,1
DB04338,Q16539,1
DB04338,P0AFI5,0
DB04338,P0AC44,0
DB07883,P01857,1
DB07883,P51681,0
DB09075,P00742,1
DB09075,O07529,0
DB04860,Q9NYK1,1
DB04860,Q07343,0
DB05983,P25963,1
DB05983,Q99542,0
DB08750,P35228,1
DB08750,Q83JC4,0
DB08781,O14757,1
DB08781,Q13526,0
DB07476,P00918,1
DB07476,O75330,0
DB00229,Q8XJ01,1
DB00229,Q9RQB9,0
DB01926,P80188,1
DB01926,P31142,0
DB00738,O14717,1
DB00738,Q9Y233,0
DB02307,P14756,1
DB02307,P05090,0
DB05297,P10415,1
DB05297,P77444,0
DB07325,P07900,1
DB07325,P00748,0
DB01026,O75469,1
DB01026,P05093,1
DB01026,P08686,1
DB01026,P10275,1
DB01026,P50859,1
DB01026,Q12809,1
DB01026,Q14994,1
DB01026,Q8DR59,0
DB01026,Q9UDR5,0
DB01026,O34598,0
DB01026,P49862,0
DB01026,P33316,0
DB01026,P9WI81,0
DB01026,P60355,0
DB07297,P06239,1
DB07297,P09147,0
DB08828,Q99835,1
DB08828,P61024,0
DB07156,P08069,1
DB07156,P04958,0
DB01228,Q14524,1
DB01228,Q92952,0
DB07796,P00734,1
DB07796,P32754,0
DB08254,P00734,1
DB08254,P07477,1
DB08254,Q8IKF0,0
DB08254,Q99870,0
DB04248,Q65CX5,1
DB04248,P50135,0
DB07257,P30291,1
DB07257,Q9UHC3,0
DB11359,P02768,1
DB11359,P9WNW7,0
DB08440,P0ABE7,1
DB08440,Q9X242,0
DB07509,P37231,1
DB07509,Q9ZB17,0
DB08329,P00918,1
DB08329,Q92918,0
DB07021,P27487,1
DB07021,P49448,0
DB02531,P96965,1
DB02531,P0AEK4,0
DB02223,P0A884,1
DB02223,P04798,0
DB08761,P9WPP7,1
DB08761,P05020,0
DB03999,P25275,1
DB03999,Q9ULD8,0
DB04796,P11473,1
DB04796,Q5SHZ4,0
DB02540,P08179,1
DB02540,Q9NZD2,0
DB13978,Q96EB6,1
DB13978,P01768,0
DB01981,Q9F5I8,1
DB01981,Q04828,0
DB08171,P9WNG3,1
DB08171,P0A333,0
DB02757,P00326,1
DB02757,P03372,1
DB02757,Q92731,1
DB02757,P0A3D9,0
DB02757,P05452,0
DB02757,P48549,0
DB00578,P02918,1
DB00578,P02919,1
DB00578,P08506,1
DB00578,P0AD65,1
DB00578,P0AD68,1
DB00578,P0AEB2,1
DB00578,P24228,1
DB00578,P9WNX3,0
DB00578,P35219,0
DB00578,Q14003,0
DB00578,Q02880,0
DB00578,Q8IWU9,0
DB00578,Q9GZT4,0
DB00578,P77454,0
DB00617,Q9P0X4,1
DB00617,Q8I5H4,0
DB07615,O60760,1
DB07615,O07015,0
DB07039,P10275,1
DB07039,P08692,0
DB09149,P05067,1
DB09149,P52647,0
DB04492,Q46079,1
DB04492,Q16706,0
DB01733,P14618,1
DB01733,P37088,0
DB02576,Q05488,1
DB02576,O14880,0
DB04543,P28720,1
DB04543,P05020,0
DB04010,P09874,1
DB04010,P13995,0
DB00507,P94692,1
DB00507,Q746I8,0
DB07164,P20248,1
DB07164,P24941,1
DB07164,P46663,0
DB07164,P43813,0
DB06988,P46881,1
DB06988,Q9Y6Y9,0
DB07551,P06008,1
DB07551,P06009,1
DB07551,P06010,1
DB07551,P07173,1
DB07551,C6KTA4,0
DB07551,O95670,0
DB07551,P0A0N4,0
DB07551,O15528,0
DB08087,P10275,1
DB08087,P84147,0
DB02449,P08254,1
DB02449,P0A9D2,0
DB15091,P23458,1
DB15091,P9WJ63,0
DB08020,P03372,1
DB08020,Q92731,1
DB08020,P26789,0
DB08020,P01178,0
DB00889,P46098,1
DB00889,P96113,0
DB06409,P35372,1
DB06409,P41143,1
DB06409,P41145,1
DB06409,P22256,0
DB06409,Q14914,0
DB06409,Q65CX5,0
DB01061,Q8XJ01,1
DB01061,P0A805,0
DB08053,P12931,1
DB08053,P10478,0
DB04629,P68133,1
DB04629,Q16836,0
DB03367,P39900,1
DB03367,Q9ZLT0,0
DB09327,P04818,1
DB09327,Q12882,1
DB09327,Q15418,0
DB09327,P12314,0
DB00720,P05141,1
DB00720,P12235,1
DB00720,P12236,1
DB00720,P03960,0
DB00720,P13956,0
DB00720,P54756,0
DB06906,P56740,1
DB06906,P16219,0
DB01919,P17612,1
DB01919,Q8NEV4,0
DB08049,P21964,1
DB08049,O75715,0
DB08553,P15056,1
DB08553,Q9UJU2,0
DB03462,P07650,1
DB03462,P61497,1
DB03462,Q4U2R8,0
DB03462,P0A3R9,0
DB02010,O15530,1
DB02010,P06239,1
DB02010,P11229,1
DB02010,P11309,1
DB02010,P24941,1
DB02010,P41240,1
DB02010,P43403,1
DB02010,P43405,1
DB02010,P48736,1
DB02010,P49137,1
DB02010,P49841,1
DB02010,Q04759,1
DB02010,Q08881,1
DB02010,P49588,0
DB02010,Q16773,0
DB02010,P53004,0
DB02010,Q46604,0
DB02010,Q13523,0
DB02010,Q6NUM9,0
DB02010,P05412,0
DB02010,O75390,0
DB02010,P18509,0
DB02010,P00497,0
DB02010,Q9Y2Q3,0
DB02010,P0AES6,0
DB02010,P26440,0
DB07917,O60760,1
DB07917,Q8GI16,0
DB07005,P00734,1
DB07005,Q05513,0
DB04696,P0A884,1
DB04696,Q13464,0
DB02399,P32170,1
DB02399,P06732,0
DB02551,P00749,1
DB02551,Q79FX8,0
DB07435,P52026,1
DB07435,Q9UBT6,1
DB07435,Q9UJ70,0
DB07435,P0A3S0,0
DB01933,O15530,1
DB01933,P22256,0
DB08051,P27487,1
DB08051,P36924,0
DB08301,P00918,1
DB08301,Q13936,0
DB00154,P23219,1
DB00154,P35354,1
DB00154,P05089,0
DB00154,P52895,0
DB03986,P0ABP8,1
DB03986,Q8XJ01,0
DB06786,Q99835,1
DB06786,Q5R2K6,0
DB01171,P21397,1
DB01171,P27338,1
DB01171,O75185,0
DB01171,Q6UX15,0
DB02649,Q9ZIV5,1
DB02649,P24530,0
DB00598,P07550,1
DB00598,P08588,1
DB00598,P25100,1
DB00598,P35348,1
DB00598,P35368,1
DB00598,P40616,0
DB00598,A0A045KKX4,0
DB00598,P52026,0
DB00598,Q5T601,0
DB00598,Q5EK40,0
DB02606,P14941,1
DB02606,Q16322,0
DB08019,P29474,1
DB08019,P29475,1
DB08019,P0C2S5,0
DB08019,Q81EW9,0
DB03192,P51659,1
DB03192,Q8ZIV7,0
DB00535,P05164,1
DB00535,P08149,1
DB00535,Q60FT7,1
DB00535,P0A112,0
DB00535,Q8EBR3,0
DB00535,P0AFI5,0
DB02466,P13631,1
DB02466,P06276,0
DB02381,P05089,1
DB02381,P32397,0
DB07363,P00918,1
DB07363,O75533,0
DB00739,P0A3M6,1
DB00739,Q75Y35,1
DB00739,Q7CRA4,1
DB00739,Q8DNB6,1
DB00739,Q8DR59,1
DB00739,Q14145,0
DB00739,Q02252,0
DB00739,P49356,0
DB00739,P43777,0
DB00739,P03891,0
DB01333,P02918,1
DB01333,P18825,0
DB07859,P17612,1
DB07859,P31751,1
DB07859,P49841,1
DB07859,P61925,1
DB07859,P38606,0
DB07859,P20339,0
DB07859,P49788,0
DB07859,Q13885,0
DB03233,P23919,1
DB03233,P62826,0
DB01878,P03372,1
DB01878,Q92731,1
DB01878,P33905,0
DB01878,Q9X9L0,0
DB01676,P71278,1
DB01676,Q93D82,0
DB09202,P08913,1
DB09202,P18089,1
DB09202,P18825,1
DB09202,P25100,1
DB09202,P35348,1
DB09202,P35368,1
DB09202,P14262,0
DB09202,P80075,0
DB09202,P00746,0
DB09202,O43613,0
DB09202,Q7SIB1,0
DB09202,P9WJI5,0
DB07352,Q5G940,1
DB07352,Q9UGM6,0
DB06942,P00734,1
DB06942,Q9Y296,0
DB06900,Q16651,1
DB06900,P19926,0
DB00586,P23219,1
DB00586,P35354,1
DB00586,Q9C098,0
DB00586,P02919,0
DB02883,P0A6I0,1
DB02883,O97313,0
DB02855,P07858,1
DB02855,Q08853,0
DB07889,P24941,1
DB07889,P37108,0
DB06782,P05067,1
DB06782,P11712,0
DB05487,P03372,1
DB05487,P19838,1
DB05487,Q00653,1
DB05487,Q9ULU8,0
DB05487,Q6NUS8,0
DB05487,P07711,0
DB07956,Q9UNI1,1
DB07956,P0C0X2,0
DB03473,Q9WYV8,1
DB03473,Q9NSD9,0
DB07203,P20248,1
DB07203,P24941,1
DB07203,O67135,0
DB07203,P01861,0
DB01832,P16930,1
DB01832,P27797,0
DB02857,P00491,1
DB02857,Q5SID9,1
DB02857,O75533,0
DB02857,P50870,0
DB06446,O00555,1
DB06446,P08908,1
DB06446,P28223,1
DB06446,P28335,1
DB06446,P09758,0
DB06446,Q9C098,0
DB06446,P9WNL5,0
DB06446,P14090,0
DB02384,P31992,1
DB02384,P00147,0
DB03509,P09874,1
DB03509,Q07973,0
DB05039,P07550,1
DB05039,Q5KUI2,0
DB07563,P43235,1
DB07563,Q16832,0
DB06861,P00734,1
DB06861,P40616,0
DB08010,P53779,1
DB08010,P05156,0
DB01029,P05412,1
DB01029,P30556,1
DB01029,P53985,0
DB01029,Q79FX8,0
DB00834,O75469,1
DB00834,P04150,1
DB00834,P06401,1
DB00834,P07288,1
DB00834,Q4U2R8,0
DB00834,O15111,0
DB00834,P03897,0
DB00834,P20807,0
DB03558,P0A884,1
DB03558,O94760,0
DB07533,P20248,1
DB07533,P24941,1
DB07533,P43702,0
DB07533,Q5SHN3,0
DB12670,P30542,1
DB12670,P0CG30,0
DB04568,Q8ZKR2,1
DB04568,P21709,0
DB00513,P00747,1
DB00513,P00750,1
DB00513,P03007,0
DB00513,O34453,0
DB01877,P08254,1
DB01877,P67870,0
DB07405,P35228,1
DB07405,Q5JVS0,0
DB03246,P02924,1
DB03246,Q9H422,0
DB08927,P28223,1
DB08927,P08684,0
DB02441,P28720,1
DB02441,Q59675,0
DB08573,P00811,1
DB08573,Q9NWZ3,0
DB07376,P00734,1
DB07376,P08709,1
DB07376,Q07785,0
DB07376,P01768,0
DB13191,P06732,1
DB13191,P12277,1
DB13191,P12532,1
DB13191,P17540,1
DB13191,P48029,1
DB13191,Q14353,1
DB13191,P07864,0
DB13191,Q59GM9,0
DB13191,Q99640,0
DB13191,Q02928,0
DB13191,P0A9M5,0
DB13191,P42971,0
DB06077,P14416,1
DB06077,P21728,1
DB06077,P28223,1
DB06077,P31645,1
DB06077,Q13224,1
DB06077,Q9Y617,0
DB06077,P61160,0
DB06077,Q9C098,0
DB06077,P99999,0
DB06077,A9JQL9,0
DB03100,P29474,1
DB03100,P35228,1
DB03100,P49448,0
DB03100,Q9Y2T6,0
DB04601,P00918,1
DB04601,P20648,0
DB08800,P35367,1
DB08800,P32019,0
DB08628,P0A953,1
DB08628,P80529,0
DB03423,P43985,1
DB03423,P9WQD9,0
DB01606,P0AD63,1
DB01606,P18251,1
DB01606,P62594,1
DB01606,P62508,0
DB01606,P08692,0
DB01606,P20618,0
DB02620,P18031,1
DB02620,Q8N8Y2,0
DB08328,P07097,1
DB08328,P0A759,0
DB00674,A9X444,1
DB00674,P06276,1
DB00674,P22303,1
DB00674,P36544,1
DB00674,P0C1V1,0
DB00674,P43007,0
DB00674,O75676,0
DB00674,P35462,0
DB06837,Q9UNA0,1
DB06837,Q7DB61,0
DB03084,P53779,1
DB03084,C6KSR5,0
DB06764,P35348,1
DB06764,O60882,0
DB02744,P07477,1
DB02744,P04083,0
DB04464,A5HEI4,1
DB04464,P00269,1
DB04464,P00395,1
DB04464,P00403,1
DB04464,P00414,1
DB04464,P01008,1
DB04464,P01889,1
DB04464,P03886,1
DB04464,P04271,1
DB04464,P06008,1
DB04464,P06009,1
DB04464,P06010,1
DB04464,P07173,1
DB04464,P07998,1
DB04464,P09152,1
DB04464,P09669,1
DB04464,P0A6W9,1
DB04464,P0C1V1,1
DB04464,P0CG48,1
DB04464,P10176,1
DB04464,P10606,1
DB04464,P11349,1
DB04464,P11350,1
DB04464,P13073,1
DB04464,P14854,1
DB04464,P15954,1
DB04464,P19909,1
DB04464,P20674,1
DB04464,P22629,1
DB04464,P23882,1
DB04464,P24310,1
DB04464,P24311,1
DB04464,P26789,1
DB04464,P26790,1
DB04464,P29377,1
DB04464,P35089,1
DB04464,P35094,1
DB04464,P39300,1
DB04464,P53611,1
DB04464,P61769,1
DB04464,Q02221,1
DB04464,Q16740,1
DB04464,Q92696,1
DB04464,O35000,0
DB04464,Q8WU03,0
DB04464,Q9H2M3,0
DB04464,P0C0H6,0
DB04464,O76074,0
DB04464,Q9BQI3,0
DB04464,P37058,0
DB04464,O75899,0
DB04464,P14778,0
DB04464,P00915,0
DB04464,P00497,0
DB04464,P19429,0
DB04464,P11362,0
DB04464,P22102,0
DB04464,P0A8X2,0
DB04464,Q969G6,0
DB04464,P01579,0
DB04464,Q9KL51,0
DB04464,P05154,0
DB04464,P0ADY7,0
DB04464,Q13237,0
DB04464,P23416,0
DB04464,P51800,0
DB04464,Q9Y6Q6,0
DB04464,Q6IQ20,0
DB04464,O75380,0
DB04464,P19622,0
DB04464,O15144,0
DB04464,Q00613,0
DB04464,P19926,0
DB04464,P30518,0
DB04464,P22073,0
DB04464,P36959,0
DB04464,Q96BR1,0
DB04464,Q9HB55,0
DB04464,P05166,0
DB04464,P00738,0
DB04464,F7VJQ1,0
DB04464,Q16498,0
DB04464,O34002,0
DB04464,Q15746,0
DB04464,O14594,0
DB04464,O15923,0
DB00257,O15554,1
DB00257,O75469,1
DB00257,P10613,1
DB00257,Q8TDS4,1
DB00257,Q8T8E9,0
DB00257,Q5VZ30,0
DB00257,P17980,0
DB00257,P07288,0
DB03528,P0ABP8,1
DB03528,O95168,0
DB00746,P05067,1
DB00746,C0H546,0
DB00262,P00390,1
DB00262,P68771,0
DB07464,P62593,1
DB07464,P43777,0
DB01330,Q75Y35,1
DB01330,O60664,0
DB07036,Q92731,1
DB07036,Q05513,0
DB08838,P02708,1
DB08838,P18825,1
DB08838,P48048,1
DB08838,Q00975,1
DB08838,Q05586,1
DB08838,Q9UHC3,1
DB08838,Q9Y2I1,1
DB08838,P78362,0
DB08838,Q13126,0
DB08838,P68133,0
DB08838,P32173,0
DB08838,Q15910,0
DB08838,P16581,0
DB08838,P43457,0
DB00118,P17707,1
DB00118,P21964,1
DB00118,P31153,1
DB00118,P35520,1
DB00118,Q00266,1
DB00118,Q14749,1
DB00118,Q8N1G2,1
DB00118,Q9HBK9,1
DB00118,P28335,0
DB00118,Q12797,0
DB00118,P48169,0
DB00118,P21266,0
DB00118,O00187,0
DB00118,P62312,0
DB00118,P37321,0
DB00118,P42261,0
DB00267,P0AD68,1
DB00267,Q8XJ01,1
DB00267,Q02761,0
DB00267,P56122,0
DB01889,Q14994,1
DB01889,Q16566,0
DB06927,P03372,1
DB06927,Q15788,1
DB06927,Q92731,1
DB06927,Q05488,0
DB06927,P83844,0
DB06927,P61888,0
DB08165,P00918,1
DB08165,Q5SIH3,0
DB00934,P08172,1
DB00934,P08173,1
DB00934,P08912,1
DB00934,P08913,1
DB00934,P11229,1
DB00934,P14416,1
DB00934,P18089,1
DB00934,P18825,1
DB00934,P20309,1
DB00934,P23975,1
DB00934,P25100,1
DB00934,P28223,1
DB00934,P28335,1
DB00934,P34969,1
DB00934,P35348,1
DB00934,P35367,1
DB00934,P35368,1
DB00934,Q9L888,0
DB00934,P10114,0
DB00934,P83812,0
DB00934,P53041,0
DB00934,P0CG29,0
DB00934,P46782,0
DB00934,P00367,0
DB00934,P22256,0
DB00934,P83849,0
DB00934,Q4L5E3,0
DB00934,Q9BQB4,0
DB00934,Q9Y619,0
DB00934,P08069,0
DB00934,Q00535,0
DB00934,P20813,0
DB00934,O00180,0
DB00934,O67636,0
DB08890,P25092,1
DB08890,P03960,0
DB00987,P06746,1
DB00987,P14784,0
DB08399,P06576,1
DB08399,P25705,1
DB08399,P36542,1
DB08399,P01011,0
DB08399,P68771,0
DB08399,Q9L9D7,0
DB08899,P10275,1
DB08899,P29218,0
DB00631,P09884,1
DB00631,P23921,1
DB00631,P61322,0
DB00631,Q88CZ6,0
DB03056,P23141,1
DB03056,P47944,0
DB07366,P00734,1
DB07366,P56537,0
DB06358,P00374,1
DB06358,Q8I0V4,0
DB02644,P29475,1
DB02644,P35228,1
DB02644,P00488,0
DB02644,P07986,0
DB07044,Q5G940,1
DB07044,O95864,0
DB00644,P30968,1
DB00644,Q96P88,1
DB00644,P13001,0
DB00644,P01877,0
DB02482,O14965,1
DB02482,P08100,1
DB02482,P17612,1
DB02482,P22694,1
DB02482,P28482,1
DB02482,P31949,1
DB02482,P50613,1
DB02482,P53778,1
DB02482,P97084,1
DB02482,Q04759,1
DB02482,O15403,0
DB02482,P0A6L6,0
DB02482,P08588,0
DB02482,P13693,0
DB02482,P0AB87,0
DB02482,P61457,0
DB02482,Q02169,0
DB02482,P14210,0
DB02482,P16471,0
DB02482,P08473,0
DB09371,P03372,1
DB09371,P04278,1
DB09371,P10275,1
DB09371,O75438,0
DB09371,P23560,0
DB09371,Q96DP5,0
DB15102,P11362,1
DB15102,P21802,1
DB15102,P22455,1
DB15102,P22607,1
DB15102,O00204,0
DB15102,P16070,0
DB15102,Q8IKR1,0
DB15102,Q9R381,0
DB03604,P10828,1
DB03604,P29965,0
DB03300,Q9REC4,1
DB03300,Q8N9I0,0
DB03664,P30085,1
DB03664,P51788,0
DB02270,P16384,1
DB02270,P22939,1
DB02270,P58758,1
DB02270,P34998,0
DB02270,P14854,0
DB02270,P09382,0
DB02274,P12995,1
DB02274,Q9UIC8,0
DB08498,P42574,1
DB08498,O34598,0
DB08160,P0A078,1
DB08160,P30901,0
DB03262,P00918,1
DB03262,P06632,0
DB00792,P35367,1
DB00792,Q8IKL4,0
DB04281,Q02127,1
DB04281,P09467,0
DB05137,P36544,1
DB05137,Q9GZZ6,1
DB05137,Q9UGM1,1
DB05137,O60858,0
DB05137,Q8I814,0
DB05137,P05067,0
DB02841,P62593,1
DB02841,P62594,1
DB02841,Q9L5C8,1
DB02841,Q9X0G9,0
DB02841,P04626,0
DB02841,P0A3S0,0
DB14596,P04150,1
DB14596,P80748,0
DB01122,P22303,1
DB01122,Q14123,0
DB02950,P06493,1
DB02950,P24941,1
DB02950,Q00535,1
DB02950,P51813,0
DB02950,P9WJI5,0
DB02950,Q96RD7,0
DB02623,P60953,1
DB02623,P52209,0
DB08745,P00742,1
DB08745,P08690,0
DB01328,P02918,1
DB01328,P02919,1
DB01328,P0AD65,1
DB01328,P0AD68,1
DB01328,P24228,1
DB01328,O00182,0
DB01328,P43353,0
DB01328,P01589,0
DB01328,P40763,0
DB01328,Q8WXS5,0
DB03827,P09598,1
DB03827,P02452,0
DB04186,P24941,1
DB04186,Q8ILE8,0
DB02031,O34453,1
DB02031,P0A884,1
DB02031,P09598,0
DB02031,P09874,0
DB07228,O14757,1
DB07228,P07650,0
DB08262,P68871,1
DB08262,P69905,1
DB08262,P20742,0
DB08262,Q6UWP2,0
DB12965,A1L3X4,1
DB12965,P00450,1
DB12965,P01023,1
DB12965,P02768,1
DB12965,P02795,1
DB12965,P04731,1
DB12965,P04732,1
DB12965,P04733,1
DB12965,P07438,1
DB12965,P0DM35,1
DB12965,P13640,1
DB12965,P25713,1
DB12965,P47944,1
DB12965,P80294,1
DB12965,P80297,1
DB12965,Q14872,1
DB12965,Q8N339,1
DB12965,Q93083,1
DB12965,Q9Y4I5,1
DB12965,Q96I15,0
DB12965,O15146,0
DB12965,P39767,0
DB12965,Q9XB59,0
DB12965,P12883,0
DB12965,P02974,0
DB12965,P02746,0
DB12965,Q16644,0
DB12965,Q45135,0
DB12965,Q8I372,0
DB12965,P50750,0
DB12965,P30926,0
DB12965,P76270,0
DB12965,Q8ILK3,0
DB12965,Q9NRP7,0
DB12965,P48051,0
DB12965,Q9NYK1,0
DB12965,P40926,0
DB12965,Q8GGK7,0
DB01655,P39304,1
DB01655,Q14289,0
DB00260,P0A6J8,1
DB00260,Q9L888,1
DB00260,P14642,0
DB00260,P24093,0
DB04391,P07477,1
DB04391,O69007,0
DB04401,P77674,1
DB04401,Q9UP52,0
DB06700,P23975,1
DB06700,P31645,1
DB06700,Q01959,1
DB06700,Q9LAG2,0
DB06700,P36543,0
DB06700,P43116,0
DB02635,O15382,1
DB02635,P16499,0
DB00886,P08473,1
DB00886,P12821,1
DB00886,P04632,0
DB00886,Q9AQS0,0
DB04529,P96558,1
DB04529,Q9AFC7,1
DB04529,P05162,0
DB04529,Q54331,0
DB06494,P30968,1
DB06494,P07204,0
DB03961,P62619,1
DB03961,O87949,0
DB06521,O14920,1
DB06521,P18031,1
DB06521,P37231,1
DB06521,Q07869,1
DB06521,P18858,0
DB06521,P14550,0
DB06521,P18850,0
DB06521,P50870,0
DB01246,P35367,1
DB01246,P16115,0
DB00129,P00480,1
DB00129,P04181,1
DB00129,P05089,1
DB00129,P30825,1
DB00129,P50440,1
DB00129,P52569,1
DB00129,P54368,1
DB00129,P78540,1
DB00129,Q9BXI2,1
DB00129,Q9Y619,1
DB00129,Q6ZZJ1,0
DB00129,Q6PI48,0
DB00129,P20674,0
DB00129,Q9Y478,0
DB00129,O43612,0
DB00129,P06986,0
DB00129,P13688,0
DB00129,P40871,0
DB00129,P35367,0
DB00129,Q8XB74,0
DB03075,P0A820,1
DB03075,P10276,0
DB03765,P07998,1
DB03765,P29322,0
DB06441,Q9H244,1
DB06441,Q8NX78,0
DB03013,P15291,1
DB03013,P61626,1
DB03013,Q54468,1
DB03013,Q96DP5,0
DB03013,Q9NZK7,0
DB03013,O77361,0
DB07148,P48147,1
DB07148,Q6PEY2,0
DB06847,A0A0M3KKX1,1
DB06847,P07254,0
DB08462,P12931,1
DB08462,Q8N5S9,0
DB01817,P00805,1
DB01817,Q13938,0
DB14062,P08183,1
DB14062,C6KSR5,0
DB14649,O75469,1
DB14649,P04083,1
DB14649,P04150,1
DB14649,P35228,1
DB14649,P51843,1
DB14649,Q8KN66,0
DB14649,P80040,0
DB14649,P15692,0
DB14649,P0A334,0
DB14649,P54820,0
DB02332,P12676,1
DB02332,P62166,0
DB07447,P51857,1
DB07447,Q96IY4,0
DB02828,Q59643,1
DB02828,P76187,0
DB00777,P08172,1
DB00777,P08173,1
DB00777,P08912,1
DB00777,P11229,1
DB00777,P14416,1
DB00777,P20309,1
DB00777,P28223,1
DB00777,P28335,1
DB00777,P35348,1
DB00777,P35367,1
DB00777,P45510,0
DB00777,A0A0M3KKX1,0
DB00777,Q9BXJ7,0
DB00777,P53805,0
DB00777,P62594,0
DB00777,P48664,0
DB00777,P10768,0
DB00777,P43116,0
DB00777,Q15046,0
DB00777,Q92947,0
DB08246,P52732,1
DB08246,P14207,0
DB02239,P13716,1
DB02239,P47775,0
DB08209,Q9I5F3,1
DB08209,Q16613,0
DB02522,P22983,1
DB02522,Q939D2,0
DB07733,P29466,1
DB07733,O43776,0
DB08088,P10275,1
DB08088,P19883,0
DB00437,P47989,1
DB00437,P01178,0
DB03034,P06653,1
DB03034,P0ACC1,0
DB03313,P0A3M6,1
DB03313,P15555,1
DB03313,Q75Y35,1
DB03313,Q7CRA4,1
DB03313,Q8DNB6,1
DB03313,Q8DR59,1
DB03313,Q9Y3R4,0
DB03313,P14941,0
DB03313,Q15761,0
DB03313,Q9H3M0,0
DB03313,P13688,0
DB03313,P56282,0
DB02773,P23219,1
DB02773,P72181,0
DB00394,P04150,1
DB00394,P45494,0
DB03662,P00509,1
DB03662,P05156,0
DB07152,P36897,1
DB07152,Q8IM74,0
DB04556,P22303,1
DB04556,O76083,0
DB01690,P0A6I9,1
DB01690,O43614,0
DB01025,P05230,1
DB01025,P08700,1
DB01025,P80511,1
DB01025,Q99584,1
DB01025,P11836,0
DB01025,P51970,0
DB01025,Q9Y289,0
DB01025,P0C0X8,0
DB13165,O75116,1
DB13165,Q13464,1
DB13165,P21638,0
DB13165,O14730,0
DB06917,P09960,1
DB06917,P48051,0
DB07470,Q7Z406,1
DB07470,Q9NYQ3,0
DB04517,P06983,1
DB04517,P14677,0
DB05524,P00533,1
DB05524,O95263,0
DB07625,P00749,1
DB07625,P29475,0
DB00772,P06276,1
DB00772,P30559,0
DB01844,P00797,1
DB01844,Q9UNI1,1
DB01844,P61073,0
DB01844,P01871,0
DB08820,P13569,1
DB08820,Q92793,0
DB00503,O75469,1
DB00503,Q9X6W0,0
DB03048,Q12882,1
DB03048,Q9Y2Z4,0
DB04250,P06276,1
DB04250,P21281,0
DB02656,P11309,1
DB02656,P48736,1
DB02656,P00691,0
DB02656,O14757,0
DB00493,B2ZTR6,1
DB00493,P02768,1
DB00493,P0A3M6,1
DB00493,P42971,1
DB00493,P46059,1
DB00493,Q16348,1
DB00493,Q4U2R8,1
DB00493,Q7CRA4,1
DB00493,Q8DNB6,1
DB00493,Q8DR59,1
DB00493,Q8TCC7,1
DB00493,Q9NSA0,1
DB00493,Q9Y694,1
DB00493,Q8IDH5,0
DB00493,P03007,0
DB00493,P51649,0
DB00493,P35558,0
DB00493,Q8IEN3,0
DB00493,P38940,0
DB00493,P30041,0
DB00493,O60706,0
DB00493,P13716,0
DB00493,P00943,0
DB00493,Q873X9,0
DB00493,P15144,0
DB00493,Q9BVG9,0
DB04478,Q00796,1
DB04478,Q8TBX8,0
DB05129,P11387,1
DB05129,P11388,1
DB05129,Q9NXB9,0
DB05129,O43920,0
DB08195,P25774,1
DB08195,P14090,0
DB04155,P00722,1
DB04155,P33517,0
DB04661,P15813,1
DB04661,Q9Y2T6,0
DB00551,P18314,1
DB00551,P39900,1
DB00551,P01850,0
DB00551,Q8IKF0,0
DB02900,P11717,1
DB02900,P20645,1
DB02900,P26276,1
DB02900,P00439,0
DB02900,Q05514,0
DB02900,P08319,0
DB01107,O00591,1
DB01107,O14764,1
DB01107,P14867,1
DB01107,P18505,1
DB01107,P18507,1
DB01107,P28472,1
DB01107,P31644,1
DB01107,P34903,1
DB01107,P47869,1
DB01107,P47870,1
DB01107,P48169,1
DB01107,P78334,1
DB01107,Q16445,1
DB01107,Q8N1C3,1
DB01107,Q99928,1
DB01107,Q9UN88,1
DB01107,P12995,0
DB01107,P0A6Y5,0
DB01107,Q9RHZ6,0
DB01107,P13693,0
DB01107,P08648,0
DB01107,P80748,0
DB01107,Q888A4,0
DB01107,P0A9J6,0
DB01107,P0A8Q3,0
DB01107,Q01581,0
DB01107,Q8XJ01,0
DB01107,Q96D53,0
DB01107,P15382,0
DB01107,Q5SJ76,0
DB01107,Q8IBN5,0
DB01107,P34024,0
DB00927,P25021,1
DB00927,P52700,0
DB04863,P05106,1
DB04863,P08514,1
DB04863,Q60037,0
DB04863,O32723,0
DB00758,Q9H244,1
DB00758,O43704,0
DB07013,P45452,1
DB07013,Q9U8D3,0
DB07758,P0AE18,1
DB07758,O14965,0
DB07903,P53582,1
DB07903,O14976,0
DB07403,Q15118,1
DB07403,P09110,0
DB03867,P00390,1
DB03867,Q6ZQY3,0
DB00858,P10275,1
DB00858,P9WK17,0
DB12095,P17752,1
DB12095,Q8IWU9,1
DB12095,O96221,0
DB12095,P25103,0
DB02941,P13000,1
DB02941,P0A0K8,0
DB02878,P13716,1
DB02878,P15692,0
DB01790,P10644,1
DB01790,O14958,0
DB02929,P08758,1
DB02929,P29474,0
DB00675,O75469,1
DB00675,P03372,1
DB00675,P04278,1
DB00675,P05129,1
DB00675,P05771,1
DB00675,P10275,1
DB00675,P17252,1
DB00675,P41743,1
DB00675,P45983,1
DB00675,P62508,1
DB00675,Q02156,1
DB00675,Q04759,1
DB00675,Q05513,1
DB00675,Q05655,1
DB00675,Q12809,1
DB00675,Q15125,1
DB00675,Q92731,1
DB00675,Q2TU84,0
DB00675,P51687,0
DB00675,P17844,0
DB00675,Q8IUR0,0
DB00675,O60658,0
DB00675,O75762,0
DB00675,P16455,0
DB00675,A0A0H2WWQ9,0
DB00675,P30519,0
DB00675,Q02169,0
DB00675,Q836J0,0
DB00675,Q00534,0
DB00675,Q86V67,0
DB00675,P11439,0
DB00675,O15304,0
DB00675,O95255,0
DB00675,P02585,0
DB03079,Q05603,1
DB03079,C0H4Y6,0
DB11653,P32245,1
DB11653,P33032,1
DB11653,P41968,1
DB11653,Q01718,1
DB11653,Q01726,1
DB11653,Q9ULB1,0
DB11653,C0H571,0
DB11653,P48745,0
DB11653,P07384,0
DB11653,P55055,0
DB01665,P07477,1
DB01665,Q15910,0
DB00748,P35367,1
DB00748,Q16798,0
DB08075,P24182,1
DB08075,P12851,0
DB06976,P24941,1
DB06976,P0A094,0
DB07217,P53779,1
DB07217,O75746,0
DB06733,P38606,1
DB06733,P98002,0
DB04660,P17900,1
DB04660,P60472,0
DB08659,P00918,1
DB08659,Q9GPQ4,0
DB08789,P07900,1
DB08789,Q9UN76,0
DB01841,P00691,1
DB01841,P05618,1
DB01841,P19571,1
DB01841,P30920,1
DB01841,Q60053,1
DB01841,O95342,0
DB01841,Q06830,0
DB01841,P39639,0
DB01841,P34995,0
DB01841,C7C422,0
DB05492,P08913,1
DB05492,P18089,1
DB05492,P18825,1
DB05492,P25100,1
DB05492,P28223,1
DB05492,P28335,1
DB05492,P35348,1
DB05492,P35367,1
DB05492,P35368,1
DB05492,P35372,1
DB05492,P41146,1
DB05492,P41595,1
DB05492,L0LZJ6,0
DB05492,P23415,0
DB05492,P00156,0
DB05492,Q9NYK1,0
DB05492,Q7L0J3,0
DB05492,Q08288,0
DB05492,Q99418,0
DB05492,P62623,0
DB05492,P02941,0
DB05492,Q9NWT6,0
DB05492,Q44048,0
DB05492,P78330,0
DB07455,P42262,1
DB07455,P50052,0
DB00979,P11229,1
DB00979,Q08345,0
DB01324,P55017,1
DB01324,P04632,0
DB07706,O32393,1
DB07706,P0A6I9,0
DB07849,P09211,1
DB07849,P00437,0
DB03835,P11217,1
DB03835,O15554,0
DB05155,P41145,1
DB05155,P0AB80,0
DB00151,P00505,1
DB00151,P16455,1
DB00151,P17174,1
DB00151,P32929,1
DB00151,P35520,1
DB00151,P48506,1
DB00151,P48507,1
DB00151,P48637,1
DB00151,P49589,1
DB00151,Q16878,1
DB00151,Q9HA77,1
DB00151,Q9Y600,1
DB00151,Q9Y697,1
DB00151,O95819,0
DB00151,Q72LA6,0
DB00151,P37747,0
DB00151,P60493,0
DB00151,P35913,0
DB00151,P10415,0
DB00151,Q4L5E4,0
DB00151,O75438,0
DB00151,P61769,0
DB00151,Q9NP56,0
DB00151,P62913,0
DB00151,O14957,0
DB00151,Q06520,0
DB03609,P00491,1
DB03609,P37231,0
DB03707,P29474,1
DB03707,P29475,1
DB03707,Q8WXS5,0
DB03707,Q16853,0
DB04502,P25779,1
DB04502,P07944,0
DB03695,P00374,1
DB03695,P22413,0
DB03067,P11217,1
DB03067,Q16740,0
DB07611,P9WNG3,1
DB07611,P01871,0
DB08377,P01857,1
DB08377,P54819,0
DB04352,P36946,1
DB04352,Q9BW91,1
DB04352,Q9S427,0
DB04352,P37802,0
DB11274,P14416,1
DB11274,P21728,1
DB11274,P21918,1
DB11274,P35462,1
DB11274,P0A8X2,0
DB11274,P02774,0
DB11274,Q3JWH7,0
DB11274,P39045,0
DB07734,P56817,1
DB07734,P80376,0
DB09097,P14416,1
DB09097,P21728,1
DB09097,P21918,1
DB09097,P32019,0
DB09097,P23297,0
DB09097,Q8IDD3,0
DB03524,P01556,1
DB03524,P10724,0
DB02696,P15291,1
DB02696,A0A0H2UQB5,0
DB01793,P49841,1
DB01793,P84887,0
DB04347,P15474,1
DB04347,Q6GII7,1
DB04347,Q9UBM7,0
DB04347,O14788,0
DB01813,P06986,1
DB01813,P0AB80,1
DB01813,P20035,0
DB01813,P35520,0
DB02940,P0C8P8,1
DB02940,P29395,1
DB02940,P25713,0
DB02940,Q99661,0
DB07460,Q05397,1
DB07460,P0A8Q3,0
DB04356,P00492,1
DB04356,P07737,0
DB03787,P16932,1
DB03787,Q13555,0
DB05154,A0A045ISQ8,1
DB05154,A0A045KKX4,1
DB05154,P9WGR1,1
DB05154,P9WIP7,1
DB05154,P9WJY5,1
DB05154,P9WJ63,0
DB05154,Q9KEQ1,0
DB05154,P13640,0
DB05154,Q8IEN3,0
DB05154,Q8WWQ8,0
DB08585,Q02054,1
DB08585,Q9HGT2,0
DB00696,P08908,1
DB00696,P08913,1
DB00696,P14416,1
DB00696,P18825,1
DB00696,P21728,1
DB00696,P21918,1
DB00696,P25100,1
DB00696,P28221,1
DB00696,P28222,1
DB00696,P28223,1
DB00696,P28335,1
DB00696,P30939,1
DB00696,P35348,1
DB00696,P35368,1
DB00696,P41595,1
DB00696,Q9KEQ1,0
DB00696,P00439,0
DB00696,Q7Z4T2,0
DB00696,Q9FD87,0
DB00696,P16615,0
DB00696,P01599,0
DB00696,P22695,0
DB00696,O33199,0
DB00696,Q9UP95,0
DB00696,P00137,0
DB00696,O43252,0
DB00696,P28793,0
DB00696,P13693,0
DB00696,P01876,0
DB00696,P80371,0
DB08903,P9WPS1,1
DB08903,Q9ZEU2,0
DB07627,P07384,1
DB07627,P06730,0
DB00870,P23219,1
DB00870,P35354,1
DB00870,P42766,0
DB00870,Q92831,0
DB07712,P03372,1
DB07712,Q15596,1
DB07712,O95167,0
DB07712,Q53H96,0
DB14541,P04083,1
DB14541,P04150,1
DB14541,P14060,1
DB14541,P80365,1
DB14541,P0A1F6,0
DB14541,Q9KEI9,0
DB14541,P00644,0
DB14541,P78417,0
DB09462,O14717,1
DB09462,O43252,1
DB09462,O43708,1
DB09462,P00325,1
DB09462,P09466,1
DB09462,P17050,1
DB09462,P17802,1
DB09462,P23367,1
DB09462,P69924,1
DB09462,P84077,1
DB09462,Q03181,1
DB09462,Q9NPH2,1
DB09462,Q9NZK7,1
DB09462,P62663,0
DB09462,P67936,0
DB09462,P56868,0
DB09462,P62662,0
DB09462,P32745,0
DB09462,Q93086,0
DB09462,O60568,0
DB09462,P04196,0
DB09462,O15375,0
DB09462,P32238,0
DB09462,O14786,0
DB09462,P39662,0
DB09462,Q9HBH5,0
DB01520,O15399,1
DB01520,O60391,1
DB01520,Q12879,1
DB01520,Q13224,1
DB01520,Q14957,1
DB01520,Q693P7,1
DB01520,Q8TCU5,1
DB01520,P01876,0
DB01520,Q56839,0
DB01520,P52687,0
DB01520,P08603,0
DB01520,Q53547,0
DB01520,O60488,0
DB01520,Q8NFW8,0
DB01263,P10613,1
DB01263,P10721,0
DB03522,Q60099,1
DB03522,P36683,0
DB07030,P15121,1
DB07030,O67636,0
DB03349,P49773,1
DB03349,Q07343,1
DB03349,P0AEJ4,0
DB03349,P27635,0
DB02832,P17846,1
DB02832,Q13946,0
DB08450,P36897,1
DB08450,P84141,0
DB08124,P24941,1
DB08124,Q5LRQ9,0
DB04605,Q57VC7,1
DB04605,C0H546,0
DB07839,P25774,1
DB07839,P17802,0
DB07097,Q5G940,1
DB07097,P22748,0
DB01843,P11217,1
DB01843,Q8IBS5,0
DB07530,P11473,1
DB07530,Q15788,1
DB07530,P05093,0
DB07530,Q8I2Z8,0
DB02662,P18031,1
DB02662,P01552,0
DB04170,Q46822,1
DB04170,P37063,0
DB09099,P30872,1
DB09099,P30874,1
DB09099,P31391,1
DB09099,P32745,1
DB09099,P35346,1
DB09099,O35000,0
DB09099,P00505,0
DB09099,Q16651,0
DB09099,Q9HBL8,0
DB09099,O60603,0
DB02741,P13631,1
DB02741,P52700,0
DB08069,P52700,1
DB08069,P45510,0
DB07287,P9WGR1,1
DB07287,Q9WYV8,0
DB01116,Q9GZZ6,1
DB01116,Q12879,0
DB01620,P35367,1
DB01620,Q14994,1
DB01620,Q9H3N8,1
DB01620,P30613,0
DB01620,Q9BVA1,0
DB01620,Q7KZA3,0
DB08334,P14174,1
DB08334,P16435,0
DB01140,P0A3M6,1
DB01140,Q75Y35,1
DB01140,Q7CRA4,1
DB01140,Q8DR59,1
DB01140,P35372,0
DB01140,P54455,0
DB01140,Q14289,0
DB01140,P08373,0
DB05984,P15056,1
DB05984,P35968,1
DB05984,O14939,0
DB05984,P50453,0
DB08546,P00734,1
DB08546,P72181,0
DB01727,O75874,1
DB01727,P08200,1
DB01727,P16100,1
DB01727,P48735,1
DB01727,P77541,1
DB01727,Q99798,1
DB01727,P50914,0
DB01727,P80371,0
DB01727,P05556,0
DB01727,Q99808,0
DB01727,P45954,0
DB01727,Q9UDX3,0
DB03479,P11217,1
DB03479,Q5JAM2,0
DB00572,P08172,1
DB00572,P08173,1
DB00572,P08912,1
DB00572,P11229,1
DB00572,P17787,1
DB00572,P20309,1
DB00572,P23415,1
DB00572,P43681,1
DB00572,P43115,0
DB00572,P9WI73,0
DB00572,P01552,0
DB00572,P53805,0
DB00572,O15460,0
DB00572,P0A7S3,0
DB00572,Q01770,0
DB00572,P0AE12,0
DB07790,P24941,1
DB07790,P0A9J6,0
DB00998,P28221,1
DB00998,P28222,1
DB00998,P84077,0
DB00998,Q7K6A4,0
DB03597,O76074,1
DB03597,O76083,1
DB03597,Q03013,1
DB03597,P13631,0
DB03597,P09238,0
DB03597,Q99870,0
DB07742,P00918,1
DB07742,Q9RA63,0
DB00673,P25103,1
DB00673,Q07075,0
DB07245,P56817,1
DB07245,P34969,0
DB00159,O14842,1
DB00159,O60427,1
DB00159,O60488,1
DB00159,P23219,1
DB00159,P32418,1
DB00159,P35354,1
DB00159,P37231,1
DB00159,Q03181,1
DB00159,Q07869,1
DB00159,Q8NER1,1
DB00159,P37610,0
DB00159,P22676,0
DB00159,P17302,0
DB00159,P01303,0
DB00159,Q02750,0
DB00159,Q96S86,0
DB00159,D6R448,0
DB00159,Q09093,0
DB00159,P16615,0
DB00159,P42085,0
DB03042,P06744,1
DB03042,P13376,1
DB03042,P00491,0
DB03042,P09917,0
DB02830,P00813,1
DB02830,Q6PKH6,0
DB01403,P08172,1
DB01403,P08173,1
DB01403,P08912,1
DB01403,P08913,1
DB01403,P11229,1
DB01403,P14416,1
DB01403,P18089,1
DB01403,P18825,1
DB01403,P20309,1
DB01403,P21728,1
DB01403,P21917,1
DB01403,P21918,1
DB01403,P25100,1
DB01403,P28223,1
DB01403,P28335,1
DB01403,P35348,1
DB01403,P35367,1
DB01403,P35368,1
DB01403,P35462,1
DB01403,Q9UGM6,0
DB01403,P30518,0
DB01403,P06010,0
DB01403,P08637,0
DB01403,P32396,0
DB01403,P17813,0
DB01403,Q9NR82,0
DB01403,P07737,0
DB01403,P17174,0
DB01403,P47869,0
DB01403,P0CG30,0
DB01403,Q7SIA3,0
DB01403,P20701,0
DB01403,P78362,0
DB01403,Q83JC4,0
DB01403,P14223,0
DB01403,P18846,0
DB01403,P15153,0
DB01403,P09488,0
DB01857,P41789,1
DB01857,P71447,1
DB01857,O67854,0
DB01857,Q4VB53,0
DB08881,P15056,1
DB08881,P40859,0
DB03355,P0A8M5,1
DB03355,Q8NW68,1
DB03355,P58558,0
DB03355,P08319,0
DB05913,P10721,1
DB05913,P17948,1
DB05913,Q9Y6B6,0
DB05913,Q32MK0,0
DB00548,P00582,1
DB00548,P14679,1
DB00548,P31213,1
DB00548,P51857,1
DB00548,P66010,1
DB00548,P25311,0
DB00548,P08473,0
DB00548,P15043,0
DB00548,P20248,0
DB00548,P29803,0
DB03117,P52045,1
DB03117,Q9WYS2,0
DB06958,P07900,1
DB06958,Q14697,0
DB06911,P00734,1
DB06911,P14780,0
DB01178,P30536,1
DB01178,O95670,0
DB12612,P21453,1
DB12612,Q9H228,1
DB12612,Q05488,0
DB12612,P30920,0
DB11155,Q6GI75,1
DB11155,P13650,0
DB04374,Q9UJM8,1
DB04374,O15440,0
DB03811,P06988,1
DB03811,P60906,1
DB03811,Q93LQ9,0
DB03811,O75521,0
DB14528,P00167,1
DB14528,Q9I5I9,0
DB07496,P95276,1
DB07496,P46849,0
DB03062,P30418,1
DB03062,P30419,1
DB03062,P41743,0
DB03062,Q9C098,0
DB01908,P12931,1
DB01908,P80099,0
DB04123,P05364,1
DB04123,Q56232,0
DB13003,P04150,1
DB13003,P22455,0
DB11737,P00533,1
DB11737,P0CI79,0
DB07278,P00734,1
DB07278,P00742,1
DB07278,P0C0X1,0
DB07278,P18085,0
DB01864,P62330,1
DB01864,P62491,1
DB01864,P9WN95,1
DB01864,Q08188,1
DB01864,Q9BWD1,0
DB01864,Q01234,0
DB01864,Q96RP8,0
DB01864,P15336,0
DB08155,P00915,1
DB08155,P00918,1
DB08155,Q84EX5,0
DB08155,O60760,0
DB07764,P01857,1
DB07764,Q9UQL6,0
DB03326,P07998,1
DB03326,P20276,0
DB01752,O14717,1
DB01752,O60678,1
DB01752,O87696,1
DB01752,P05102,1
DB01752,P07801,1
DB01752,P0A876,1
DB01752,P0ACC1,1
DB01752,P11086,1
DB01752,P11409,1
DB01752,P13956,1
DB01752,P14385,1
DB01752,P14751,1
DB01752,P21631,1
DB01752,P22061,1
DB01752,P25924,1
DB01752,P43912,1
DB01752,P44868,1
DB01752,P50135,1
DB01752,P9WPB3,1
DB01752,P9WPB5,1
DB01752,Q06528,1
DB01752,Q14353,1
DB01752,Q14749,1
DB01752,Q54527,1
DB01752,Q56308,1
DB01752,Q5SKH6,1
DB01752,Q79FX6,1
DB01752,Q86VU5,1
DB01752,Q8WTS6,1
DB01752,Q99873,1
DB01752,Q9H2P9,1
DB01752,Q9WYV8,1
DB01752,Q9WZX6,1
DB01752,Q9Y478,0
DB01752,P35908,0
DB01752,P26602,0
DB01752,Q9NPA2,0
DB01752,Q9WYA5,0
DB01752,P21291,0
DB01752,Q13085,0
DB01752,Q8TCT9,0
DB01752,Q8I431,0
DB01752,P49821,0
DB01752,P02652,0
DB01752,P07355,0
DB01752,Q57193,0
DB01752,P04004,0
DB01752,Q9Y666,0
DB01752,Q09428,0
DB01752,Q9HU21,0
DB01752,P32722,0
DB01752,Q6QNK2,0
DB01752,P04053,0
DB01752,Q9WWU5,0
DB01752,P83223,0
DB01752,Q9BZX2,0
DB01752,Q81VW8,0
DB01752,P96622,0
DB01752,O00206,0
DB01752,P02768,0
DB01752,Q16134,0
DB01752,Q9ZLT0,0
DB01752,P28305,0
DB01752,Q8IAW0,0
DB01752,O14980,0
DB01752,A0A068JFB7,0
DB04396,O14594,1
DB04396,P02920,1
DB04396,P09382,1
DB04396,P32890,1
DB04396,P00691,0
DB04396,P62826,0
DB04396,Q82ZJ0,0
DB04396,P23469,0
DB02663,P0A1P6,1
DB02663,P0A6J8,0
DB01909,P30920,1
DB01909,P42345,0
DB14017,O75533,1
DB14017,Q15788,0
DB03603,P0AES2,1
DB03603,P0A7U3,0
DB05383,P15121,1
DB05383,P35228,1
DB05383,P35625,1
DB05383,Q9L6V3,0
DB05383,Q96QU6,0
DB05383,P13726,0
DB06144,P14416,1
DB06144,P25100,1
DB06144,P28223,1
DB06144,P28335,1
DB06144,P35348,1
DB06144,P35368,1
DB06144,P50406,1
DB06144,Q12809,1
DB06144,P0ACC7,0
DB06144,P49411,0
DB06144,P63000,0
DB06144,Q6W5P4,0
DB06144,Q03426,0
DB06144,P31992,0
DB06144,P80294,0
DB06144,O60911,0
DB03096,P07339,1
DB03096,P26010,0
DB03833,O32449,1
DB03833,P31415,0
DB02821,P04181,1
DB02821,O96000,0
DB09186,P31645,1
DB09186,Q59560,0
DB03710,P29475,1
DB03710,Q9WYV8,0
DB03284,P84141,1
DB03284,P14677,0
DB09129,P06213,1
DB09129,P61978,0
DB08702,P52700,1
DB08702,P11926,0
DB04441,P0ABP8,1
DB04441,Q84EX5,0
DB03548,P06971,1
DB03548,O75600,0
DB02738,Q75UV1,1
DB02738,P80374,0
DB06992,P28845,1
DB06992,O31156,0
DB00883,P16066,1
DB00883,O60840,0
DB06589,P05230,1
DB06589,P09619,1
DB06589,P10721,1
DB06589,P16234,1
DB06589,P17948,1
DB06589,P22607,1
DB06589,P35916,1
DB06589,P35968,1
DB06589,Q08881,1
DB06589,Q9UQQ2,1
DB06589,P29371,0
DB06589,P43088,0
DB06589,Q8IEM3,0
DB06589,Q9F663,0
DB06589,Q9C098,0
DB06589,Q15661,0
DB06589,P50052,0
DB06589,P9WPQ5,0
DB06589,P07864,0
DB06589,P43116,0
DB04317,P00864,1
DB04317,Q9ULA0,0
DB04434,P36897,1
DB04434,P19622,0
DB07350,Q9BY41,1
DB07350,P39805,0
DB01695,P60174,1
DB01695,P33316,0
DB03737,P24941,1
DB03737,P09668,0
DB00398,P04049,1
DB00398,P07949,1
DB00398,P09619,1
DB00398,P10721,1
DB00398,P11362,1
DB00398,P15056,1
DB00398,P17948,1
DB00398,P35916,1
DB00398,P35968,1
DB00398,P36888,1
DB00398,P36578,0
DB00398,Q99653,0
DB00398,P01127,0
DB00398,P20132,0
DB00398,O14556,0
DB00398,P41091,0
DB00398,P02585,0
DB00398,P28676,0
DB00398,P08631,0
DB00398,P68826,0
DB02386,P28838,1
DB02386,Q01693,1
DB02386,P10636,0
DB02386,P23763,0
DB07595,P24941,1
DB07595,P35499,0
DB04076,P00491,1
DB04076,Q5SJ28,0
DB01731,P42768,1
DB01731,P51575,0
DB01666,P19883,1
DB01666,Q7WUJ1,1
DB01666,P0A4L9,0
DB01666,Q9NPB1,0
DB07456,O15530,1
DB07456,P9WNL5,0
DB09300,P08172,1
DB09300,P20309,1
DB09300,P11546,0
DB09300,P35625,0
DB07272,P45983,1
DB07272,Q9UQF2,1
DB07272,P10696,0
DB07272,Q8N5Z0,0
DB00270,O95180,1
DB00270,P54289,1
DB00270,Q01668,1
DB00270,Q08289,1
DB00270,Q13698,1
DB00270,Q13936,1
DB00270,Q9NY47,1
DB00270,Q72JJ3,0
DB00270,Q04782,0
DB00270,O43613,0
DB00270,P02766,0
DB00270,P77454,0
DB00270,Q0P8G4,0
DB00270,Q9NP56,0
DB00152,Q9H3S4,1
DB00152,Q16760,0
DB02987,P00973,1
DB02987,P07998,1
DB02987,P38424,0
DB02987,P05186,0
DB04136,P00734,1
DB04136,Q5SKW1,0
DB05562,P08908,1
DB05562,Q8IJ60,0
DB00115,P22033,1
DB00115,P42898,1
DB00115,Q8IVH4,1
DB00115,Q99707,1
DB00115,Q9UBK8,1
DB00115,Q9Y4U1,1
DB00115,Q15759,0
DB00115,P30305,0
DB00115,P35367,0
DB00115,Q7SIA5,0
DB00115,P15880,0
DB00115,P19883,0
DB07480,P18031,1
DB07480,P50135,0
DB03484,P08758,1
DB03484,A3FMN7,0
DB01905,P00749,1
DB01905,P07477,1
DB01905,Q9Y2D1,0
DB01905,P0A0N4,0
DB06410,P11473,1
DB06410,O60840,0
DB02569,P15531,1
DB02569,Q01468,0
DB02925,Q13621,1
DB02925,P36952,0
DB08550,P11086,1
DB08550,P54716,0
DB01852,Q6NUS8,1
DB01852,O60669,0
DB11478,P03372,1
DB11478,P04278,1
DB11478,P00148,0
DB11478,P17900,0
DB06850,P00734,1
DB06850,P07477,1
DB06850,Q9H2K8,0
DB06850,Q15493,0
DB02789,O00204,1
DB02789,O75469,1
DB02789,P17291,0
DB02789,P22557,0
DB09079,P06239,1
DB09079,P07948,1
DB09079,P09619,1
DB09079,P11362,1
DB09079,P12931,1
DB09079,P16234,1
DB09079,P17948,1
DB09079,P21802,1
DB09079,P22607,1
DB09079,P35916,1
DB09079,P35968,1
DB09079,P36888,1
DB09079,Q9Y230,0
DB09079,Q8IKM5,0
DB09079,P06653,0
DB09079,P01911,0
DB09079,Q96C36,0
DB09079,P94690,0
DB09079,Q13838,0
DB09079,P16070,0
DB09079,Q01234,0
DB09079,Q51366,0
DB09079,Q9H0K1,0
DB09079,Q9NRF9,0
DB06209,Q9H244,1
DB06209,Q9X9L0,0
DB06997,P08581,1
DB06997,P29317,0
DB14065,P08183,1
DB14065,P46663,0
DB06849,Q15661,1
DB06849,Q34522,0
DB07298,P18031,1
DB07298,P01768,0
DB04782,Q7AUG5,1
DB04782,Q99572,0
DB04619,Q84EX5,1
DB04619,Q15822,0
DB08093,Q16539,1
DB08093,O75838,0
DB02109,P0A7D4,1
DB02109,Q8N142,1
DB02109,Q9U8D3,1
DB02109,P18085,0
DB02109,O95954,0
DB02109,Q15075,0
DB04447,O15169,1
DB04447,O43708,1
DB04447,O87949,1
DB04447,P00352,1
DB04447,P04035,1
DB04447,P06988,1
DB04447,P09382,1
DB04447,P0A884,1
DB04447,P15770,1
DB04447,P21340,1
DB04447,P22262,1
DB04447,P23284,1
DB04447,P32427,1
DB04447,P60174,1
DB04447,P60493,1
DB04447,P65389,1
DB04447,P96618,1
DB04447,Q02192,1
DB04447,Q96QT4,1
DB04447,Q9HZZ3,1
DB04447,Q9RC92,1
DB04447,Q9UJ68,1
DB04447,Q9UQM7,1
DB04447,Q9ZEU2,1
DB04447,P51671,0
DB04447,P96113,0
DB04447,P0A6I9,0
DB04447,P08912,0
DB04447,Q96RI1,0
DB04447,P23467,0
DB04447,Q6IB77,0
DB04447,Q46893,0
DB04447,Q8P8J2,0
DB04447,P0AES4,0
DB04447,P12004,0
DB04447,P08684,0
DB04447,P29972,0
DB04447,Q9GZT4,0
DB04447,P61158,0
DB04447,Q9ULA0,0
DB04447,O31168,0
DB04447,Q13421,0
DB04447,P48764,0
DB04447,Q9Z9H6,0
DB04447,Q9FA38,0
DB04447,Q9AQS0,0
DB04447,P30559,0
DB04447,P51956,0
DB03962,P52209,1
DB03962,P39905,0
DB04685,P33316,1
DB04685,Q8II92,1
DB04685,Q02762,0
DB04685,Q8IVH4,0
DB02165,P09488,1
DB02165,P13645,0
DB14517,P02787,1
DB14517,P05023,1
DB14517,P05067,1
DB14517,P06870,1
DB14517,Q8I3Z5,0
DB14517,P29460,0
DB14517,A5W4F4,0
DB14517,P13000,0
DB00165,O00764,1
DB00165,Q9X242,0
DB01873,P04350,1
DB01873,P07437,1
DB01873,P68363,1
DB01873,P68366,1
DB01873,P68371,1
DB01873,Q13509,1
DB01873,Q71U36,1
DB01873,Q9BQE3,1
DB01873,Q9H4B7,1
DB01873,Q9NY65,1
DB01873,Q46822,0
DB01873,Q02818,0
DB01873,P09152,0
DB01873,P09884,0
DB01873,P11274,0
DB01873,P51813,0
DB01873,O60264,0
DB01873,P23763,0
DB01873,Q16790,0
DB01873,C0H419,0
DB06262,P00439,1
DB06262,P07550,1
DB06262,P08588,1
DB06262,P08913,1
DB06262,P13945,1
DB06262,P18089,1
DB06262,P18825,1
DB06262,P25100,1
DB06262,P35348,1
DB06262,P35368,1
DB06262,Q9NXE4,0
DB06262,P08200,0
DB06262,Q9H4M7,0
DB06262,P49228,0
DB06262,P19622,0
DB06262,Q9UEW3,0
DB06262,P78352,0
DB06262,P01178,0
DB06262,O15239,0
DB06262,P49137,0
DB08152,P00734,1
DB08152,Q9XB59,0
DB00944,P06276,1
DB00944,P22303,1
DB00944,P11546,0
DB00944,P02652,0
DB01725,P00734,1
DB01725,P00749,1
DB01725,P07477,1
DB01725,P43457,0
DB01725,P63261,0
DB01725,Q0VD83,0
DB01217,P11511,1
DB01217,P49619,0
DB00380,P11388,1
DB00380,Q02880,1
DB00380,P18858,0
DB00380,P15259,0
DB00801,O00591,1
DB00801,O14764,1
DB00801,P14867,1
DB00801,P18505,1
DB00801,P18507,1
DB00801,P28472,1
DB00801,P31644,1
DB00801,P34903,1
DB00801,P47869,1
DB00801,P47870,1
DB00801,P48169,1
DB00801,P78334,1
DB00801,Q16445,1
DB00801,Q8N1C3,1
DB00801,Q99928,1
DB00801,Q9UN88,1
DB00801,P29803,0
DB00801,Q5KUI3,0
DB00801,P80099,0
DB00801,P0A884,0
DB00801,Q9UG56,0
DB00801,P40763,0
DB00801,Q02054,0
DB00801,P56220,0
DB00801,P48147,0
DB00801,O00303,0
DB00801,P11922,0
DB00801,Q746L7,0
DB00801,P19961,0
DB00801,P54548,0
DB00801,P63096,0
DB00801,Q14145,0
DB07089,P56817,1
DB07089,P48728,0
DB01197,P08253,1
DB01197,P09960,1
DB01197,P12821,1
DB01197,P14780,1
DB01197,P46663,1
DB01197,P50579,0
DB01197,P16118,0
DB01197,P61586,0
DB01197,P38936,0
DB01197,Q8ZKF6,0
DB01429,P0DP23,1
DB01429,Q14524,1
DB01429,P35557,0
DB01429,Q13258,0
DB03106,O14735,1
DB03106,P04062,1
DB03106,P14262,1
DB03106,P34024,1
DB03106,L0DSL2,0
DB03106,P9WJ63,0
DB03106,P0A7S9,0
DB03106,P49585,0
DB01594,O00591,1
DB01594,O14764,1
DB01594,P14867,1
DB01594,P18505,1
DB01594,P18507,1
DB01594,P28472,1
DB01594,P31644,1
DB01594,P34903,1
DB01594,P47869,1
DB01594,P47870,1
DB01594,P48169,1
DB01594,P78334,1
DB01594,Q16445,1
DB01594,Q8N1C3,1
DB01594,Q99928,1
DB01594,Q9UN88,1
DB01594,P31785,0
DB01594,P0ABA0,0
DB01594,P14642,0
DB01594,Q6YP21,0
DB01594,P45494,0
DB01594,Q9NYL2,0
DB01594,P61322,0
DB01594,O75900,0
DB01594,P08506,0
DB01594,P10153,0
DB01594,Q13554,0
DB01594,P16100,0
DB01594,Q9LCC8,0
DB01594,Q9HAZ1,0
DB01594,P13922,0
DB01594,Q5JVS0,0
DB14014,P20393,1
DB14014,Q14995,1
DB14014,P62955,0
DB14014,Q8DNV6,0
DB03783,P23219,1
DB03783,Q9F663,0
DB08219,P20248,1
DB08219,P24941,1
DB08219,Q54873,0
DB08219,P51693,0
DB08410,P01857,1
DB08410,Q6NS38,0
DB13781,P08588,1
DB13781,Q14003,0
DB03901,P94690,1
DB03901,P27828,0
DB07143,P00734,1
DB07143,Q70Z44,0
DB04764,P20231,1
DB04764,Q01693,0
DB04325,P07477,1
DB04325,P07478,1
DB04325,P46883,1
DB04325,O15528,0
DB04325,P55017,0
DB04325,Q9Y2Q0,0
DB07827,P45452,1
DB07827,Q9Y6M9,0
DB03688,P13001,1
DB03688,P62269,0
DB07088,P00734,1
DB07088,P07477,1
DB07088,P26391,0
DB07088,P48065,0
DB07850,P00811,1
DB07850,Q7SIG1,0
DB04546,Q9GPQ4,1
DB04546,P00132,0
DB03074,P28720,1
DB03074,P20618,0
DB07463,Q9KPI8,1
DB07463,O15403,0
DB02483,P00338,1
DB02483,Q10588,1
DB02483,Q16739,0
DB02483,P06753,0
DB08238,P05230,1
DB08238,A0A068JFB7,0
DB02121,P27017,1
DB02121,P33151,0
DB14526,P00167,1
DB14526,P45314,0
DB02358,P11586,1
DB02358,P80561,0
DB03480,Q02127,1
DB03480,Q9UBF8,0
DB01223,P0DMS8,1
DB01223,P30542,1
DB01223,Q14432,1
DB01223,Q92769,1
DB01223,Q9Y2Q3,0
DB01223,O07732,0
DB01223,P30411,0
DB01223,P49588,0
DB08113,P17612,1
DB08113,P61925,1
DB08113,P13423,0
DB08113,Q8TC12,0
DB01248,O75469,1
DB01248,P10415,1
DB01248,P10636,1
DB01248,P11137,1
DB01248,P27816,1
DB01248,Q9H4B7,1
DB01248,A0A0H2UQB5,0
DB01248,Q9NWZ5,0
DB01248,P21266,0
DB01248,Q969G3,0
DB01248,P9WGY3,0
DB01248,P19793,0
DB00428,O60502,1
DB00428,P11168,1
DB00428,Q89ZI2,1
DB00428,P30291,0
DB00428,Q6IQ20,0
DB00428,Q15391,0
DB00298,P25100,1
DB00298,P35348,1
DB00298,P35368,1
DB00298,P13995,0
DB00298,P23083,0
DB00298,Q9Y4I5,0
DB02735,P08842,1
DB02735,B4DP61,0
DB07853,Q13557,1
DB07853,Q9H2G2,1
DB07853,Q9P289,1
DB07853,P24300,0
DB07853,P51511,0
DB07853,Q9X2W8,0
DB02083,P40859,1
DB02083,Q07869,0
DB08000,P15121,1
DB08000,Q9WZI0,0
DB01299,P13922,1
DB01299,Q27738,1
DB01299,C0H546,0
DB01299,P43088,0
DB01202,Q00975,1
DB01202,Q7L0J3,1
DB01202,P13661,0
DB01202,Q16773,0
DB04494,P52687,1
DB04494,P11177,0
DB07856,P17612,1
DB07856,P61925,1
DB07856,P60723,0
DB07856,P50740,0
DB05470,P01375,1
DB05470,P01584,1
DB05470,P05231,1
DB05470,Q16539,1
DB05470,Q57193,0
DB05470,P15151,0
DB05470,O15197,0
DB05470,P02656,0
DB00997,P11388,1
DB00997,Q14978,1
DB00997,P16544,0
DB00997,Q13085,0
DB08402,P19793,1
DB08402,P37231,1
DB08402,Q15596,1
DB08402,P9WPX7,0
DB08402,P16112,0
DB08402,P49763,0
DB02542,P0CG47,1
DB02542,P0AF14,0
DB13025,A5X5Y0,1
DB13025,O95264,1
DB13025,P08908,1
DB13025,P08913,1
DB13025,P14416,1
DB13025,P18089,1
DB13025,P18825,1
DB13025,P25100,1
DB13025,P28221,1
DB13025,P28222,1
DB13025,P28223,1
DB13025,P28335,1
DB13025,P28566,1
DB13025,P30939,1
DB13025,P34969,1
DB13025,P35348,1
DB13025,P35368,1
DB13025,P35462,1
DB13025,P41595,1
DB13025,P46098,1
DB13025,P50406,1
DB13025,Q13639,1
DB13025,Q70Z44,1
DB13025,Q8WXA8,1
DB13025,Q9UQ05,0
DB13025,P05023,0
DB13025,Q672W7,0
DB13025,Q13363,0
DB13025,P40763,0
DB13025,P06748,0
DB13025,Q06033,0
DB13025,P43080,0
DB13025,P42261,0
DB13025,Q15418,0
DB13025,O43399,0
DB13025,P24228,0
DB13025,Q8N543,0
DB13025,P78348,0
DB13025,P47869,0
DB13025,P39748,0
DB13025,Q00496,0
DB13025,Q8IE67,0
DB13025,Q14627,0
DB13025,P53848,0
DB13025,Q9H2P9,0
DB13025,P00282,0
DB13025,P40871,0
DB13025,Q03181,0
DB02985,P81989,1
DB02985,Q81VW8,0
DB02979,P29474,1
DB02979,P11586,0
DB03039,P00918,1
DB03039,Q16718,0
DB08169,Q02127,1
DB08169,P52961,0
DB02420,P18031,1
DB02420,P9WPX7,0
DB01220,O75469,1
DB01220,P0A8V2,1
DB01220,Q9Y5S1,0
DB01220,P33038,0
DB14631,P04083,1
DB14631,P04150,1
DB14631,Q9X278,0
DB14631,P17600,0
DB08586,Q02054,1
DB08586,P81989,0
DB09083,Q9UL51,1
DB09083,Q9X278,0
DB00358,P29274,1
DB00358,P25084,0
DB08871,P10415,1
DB08871,Q9H4B7,1
DB08871,O00217,0
DB08871,Q9X9L0,0
DB08648,P0A9J8,1
DB08648,P19080,1
DB08648,P9WIB9,1
DB08648,O43613,0
DB08648,P0A789,0
DB08648,P08779,0
DB00841,P03372,1
DB00841,P07550,1
DB00841,P08588,1
DB00841,P25100,1
DB00841,P35348,1
DB00841,P35368,1
DB00841,Q9I194,0
DB00841,Q9NZD4,0
DB00841,Q9X0L5,0
DB00841,P01137,0
DB00841,Q8ILV2,0
DB00841,P80376,0
DB02094,P00811,1
DB02094,Q96PD7,0
DB08321,Q16706,1
DB08321,O95263,0
DB04821,P05164,1
DB04821,P21397,1
DB04821,P23975,1
DB04821,P27338,1
DB04821,P31645,1
DB04821,Q01959,1
DB04821,Q05940,1
DB04821,P30101,0
DB04821,P17735,0
DB04821,O68541,0
DB04821,Q72EF3,0
DB04821,P29508,0
DB04821,Q9UHA3,0
DB04821,P08235,0
DB04597,Q9AQS0,1
DB04597,A9JQL9,0
DB04798,P42262,1
DB04798,P19079,0
DB13952,O75469,1
DB13952,P00846,1
DB13952,P03372,1
DB13952,P37059,1
DB13952,P43681,1
DB13952,P62508,1
DB13952,Q14457,1
DB13952,Q15596,1
DB13952,Q92731,1
DB13952,Q99527,1
DB13952,P9WNP5,0
DB13952,P04732,0
DB13952,C0H5C2,0
DB13952,Q9NYL2,0
DB13952,Q9NYV7,0
DB13952,P07357,0
DB13952,Q14494,0
DB13952,O14727,0
DB13952,Q56268,0
DB13952,P22234,0
DB08398,P03372,1
DB08398,Q15596,1
DB08398,Q9UNN8,0
DB08398,P21638,0
DB01622,P08908,1
DB01622,P14416,1
DB01622,P21728,1
DB01622,P28223,1
DB01622,P35348,1
DB01622,P35368,1
DB01622,Q4L5E3,0
DB01622,P9WKD7,0
DB01622,Q9Y2H9,0
DB01622,P39594,0
DB01622,Q57265,0
DB01622,P00497,0
DB02724,P06971,1
DB02724,P07822,1
DB02724,O32449,0
DB02724,P18858,0
DB06838,P00734,1
DB06838,P02974,1
DB06838,Q16568,0
DB06838,Q96PR1,0
DB02935,P14625,1
DB02935,P43115,0
DB06936,P00734,1
DB06936,P07358,0
DB03057,P0AD63,1
DB03057,Q2TU84,0
DB01073,P09884,1
DB01073,P23921,1
DB01073,P27707,1
DB01073,P19531,0
DB01073,Q8NEB9,0
DB01073,P47898,0
DB02048,P29474,1
DB02048,Q9Y6T7,0
DB03323,O33830,1
DB03323,P00490,1
DB03323,P0AEX9,1
DB03323,P19531,1
DB03323,P19961,1
DB03323,P30920,1
DB03323,P36924,1
DB03323,Q9RHZ6,1
DB03323,Q9RX51,1
DB03323,P03891,0
DB03323,P11511,0
DB03323,Q14003,0
DB03323,P0ACC7,0
DB03323,P61182,0
DB03323,P9WPF1,0
DB03323,P22061,0
DB03323,P23246,0
DB03323,P83812,0
DB06899,P00797,1
DB06899,Q06432,0
DB03631,P46883,1
DB03631,Q92570,0
DB03487,P0AE67,1
DB03487,P61626,1
DB03487,P06576,0
DB03487,P43353,0
DB13581,P08172,1
DB13581,P08173,1
DB13581,P08912,1
DB13581,P11229,1
DB13581,P20309,1
DB13581,P76216,0
DB13581,P14543,0
DB13581,Q5JVS0,0
DB13581,P51671,0
DB13581,P12644,0
DB00576,P0AC13,1
DB00576,Q9NP56,0
DB07841,O95749,1
DB07841,P14324,1
DB07841,P49354,1
DB07841,P49356,1
DB07841,P53609,1
DB07841,P53611,1
DB07841,Q92696,1
DB07841,P10412,0
DB07841,Q5SHR6,0
DB07841,Q9UK17,0
DB07841,Q16322,0
DB07841,Q8KT33,0
DB07841,P08779,0
DB07841,O15382,0
DB07138,Q16539,1
DB07138,Q05315,0
DB02272,P13716,1
DB02272,Q13564,0
DB11160,P70174,1
DB11160,P10875,0
DB15643,Q9BYF1,1
DB15643,P07307,0
DB02039,A0A0H3K1U2,1
DB02039,P07097,1
DB02039,P0A6R0,1
DB02039,Q92993,1
DB02039,Q7SIE2,0
DB02039,P15692,0
DB02039,P98194,0
DB02039,Q8ILV2,0
DB00274,C1KC03,1
DB00274,P02918,1
DB00274,P02919,1
DB00274,P08506,1
DB00274,P0AD68,1
DB00274,P0AEB2,1
DB00274,Q7SIA5,0
DB00274,Q05599,0
DB00274,Q46705,0
DB00274,O60551,0
DB00274,P35398,0
DB00274,O15440,0
DB00390,P05023,1
DB00390,P04183,0
DB07783,P00813,1
DB07783,P36897,0
DB00404,O00591,1
DB00404,O14764,1
DB00404,P14867,1
DB00404,P18505,1
DB00404,P18507,1
DB00404,P28472,1
DB00404,P31644,1
DB00404,P34903,1
DB00404,P47869,1
DB00404,P47870,1
DB00404,P48169,1
DB00404,P78334,1
DB00404,Q16445,1
DB00404,Q8N1C3,1
DB00404,Q99928,1
DB00404,Q9UN88,1
DB00404,P00742,0
DB00404,P33260,0
DB00404,P62617,0
DB00404,O95954,0
DB00404,P38940,0
DB00404,P04271,0
DB00404,P61587,0
DB00404,P23528,0
DB00404,Q9Y487,0
DB00404,Q9K578,0
DB00404,P0A7S3,0
DB00404,P08692,0
DB00404,P48745,0
DB00404,P56556,0
DB00404,P43003,0
DB00404,P35243,0
DB03361,P27696,1
DB03361,P18548,0
DB03436,P07822,1
DB03436,P36544,0
DB03456,P43235,1
DB03456,Q9X1H9,0
DB00186,O00591,1
DB00186,O14764,1
DB00186,P14867,1
DB00186,P18505,1
DB00186,P18507,1
DB00186,P28472,1
DB00186,P31644,1
DB00186,P34903,1
DB00186,P47869,1
DB00186,P47870,1
DB00186,P48169,1
DB00186,P78334,1
DB00186,Q16445,1
DB00186,Q8N1C3,1
DB00186,Q99928,1
DB00186,Q9UN88,1
DB00186,P94182,0
DB00186,P00935,0
DB00186,O95363,0
DB00186,P50740,0
DB00186,P24557,0
DB00186,P02768,0
DB00186,O30527,0
DB00186,Q00796,0
DB00186,O00483,0
DB00186,Q46730,0
DB00186,P32929,0
DB00186,P04733,0
DB00186,P9WP23,0
DB00186,P02749,0
DB00186,P49902,0
DB00186,O60939,0
DB04221,P9WPB5,1
DB04221,P06239,0
DB08684,P9WNG3,1
DB08684,P06748,0
DB04588,P07900,1
DB04588,P35218,0
DB04272,C7C422,1
DB04272,O14964,1
DB04272,O33833,1
DB04272,O34002,1
DB04272,O75390,1
DB04272,P00808,1
DB04272,P04079,1
DB04272,P04190,1
DB04272,P05042,1
DB04272,P06672,1
DB04272,P07360,1
DB04272,P07741,1
DB04272,P07998,1
DB04272,P0A753,1
DB04272,P11922,1
DB04272,P12724,1
DB04272,P12931,1
DB04272,P15086,1
DB04272,P15121,1
DB04272,P21408,1
DB04272,P32427,1
DB04272,P33644,1
DB04272,P38516,1
DB04272,P39126,1
DB04272,P40926,1
DB04272,P44725,1
DB04272,P46849,1
DB04272,P62312,1
DB04272,P83787,1
DB04272,P9WN38,1
DB04272,P9WN39,1
DB04272,Q2QJL3,1
DB04272,Q81F54,1
DB04272,Q96RQ9,1
DB04272,Q9BY32,1
DB04272,Q9CBQ2,1
DB04272,Q9GV41,1
DB04272,Q9GZU7,1
DB04272,Q9HB21,1
DB04272,Q9HU22,1
DB04272,Q9LCX9,1
DB04272,Q9WZ40,1
DB04272,Q9WZW1,1
DB04272,Q9X0N8,1
DB04272,Q9X1F0,1
DB04272,Q9X286,1
DB04272,Q9NUV7,0
DB04272,P01834,0
DB04272,P20132,0
DB04272,Q13698,0
DB04272,P83788,0
DB04272,P14625,0
DB04272,P08758,0
DB04272,P12268,0
DB04272,P30874,0
DB04272,Q46704,0
DB04272,P08306,0
DB04272,P0A6I0,0
DB04272,P14735,0
DB04272,P9WPE1,0
DB04272,P10515,0
DB04272,P54317,0
DB04272,P54278,0
DB04272,P09382,0
DB04272,Q9NZV8,0
DB04272,O25608,0
DB04272,Q56408,0
DB04272,P0AEX9,0
DB04272,P41222,0
DB04272,P77674,0
DB04272,Q9UJ68,0
DB04272,Q5KSL6,0
DB04272,Q9NR82,0
DB04272,P26841,0
DB04272,O95255,0
DB04272,P02924,0
DB04272,P01024,0
DB04272,Q27738,0
DB04272,P03901,0
DB04272,Q9H3Y6,0
DB04272,P30749,0
DB04272,P21589,0
DB04272,P42338,0
DB04272,P12461,0
DB04272,Q5SHP2,0
DB04272,P02918,0
DB04272,Q00441,0
DB04272,P54368,0
DB04272,O95750,0
DB04272,C0H551,0
DB04272,P9WNX1,0
DB04272,Q8TCU5,0
DB11745,P21554,1
DB11745,O60664,0
DB03310,O60760,1
DB03310,O75715,1
DB03310,P00390,1
DB03310,P08263,1
DB03310,P09210,1
DB03310,P09211,1
DB03310,P09488,1
DB03310,P0CG29,1
DB03310,P0CG30,1
DB03310,P10620,1
DB03310,P21266,1
DB03310,P28161,1
DB03310,P30711,1
DB03310,P46439,1
DB03310,Q03013,1
DB03310,Q8TED1,1
DB03310,Q96SL4,1
DB03310,Q9Y2U5,0
DB03310,Q06481,0
DB03310,Q08209,0
DB03310,P21802,0
DB03310,P23340,0
DB03310,P12314,0
DB03310,P36021,0
DB03310,O75330,0
DB03310,Q70KI2,0
DB03310,Q12809,0
DB03310,P60174,0
DB03310,P10912,0
DB03310,Q8IJC6,0
DB03310,P23367,0
DB03310,Q7DHH4,0
DB03310,P02671,0
DB03310,O15392,0
DB02689,P05089,1
DB02689,Q9UJ96,0
DB02281,P0AF12,1
DB02281,Q13126,1
DB02281,P12268,0
DB02281,P0A078,0
DB06961,P07900,1
DB06961,P35270,0
DB08126,P24941,1
DB08126,P37001,0
DB07527,P00734,1
DB07527,Q47644,0
DB09070,P03372,1
DB09070,Q06609,0
DB08776,O14757,1
DB08776,P9WFF7,0
DB08780,O14757,1
DB08780,P18825,0
DB08897,P08172,1
DB08897,P08173,1
DB08897,P08912,1
DB08897,P11229,1
DB08897,P20309,1
DB08897,Q82EE4,0
DB08897,O70038,0
DB08897,L0LZJ6,0
DB08897,Q26000,0
DB08897,Q53547,0
DB04040,P32890,1
DB04040,P33517,0
DB12518,P14416,1
DB12518,Q16719,0
DB12865,P41180,1
DB12865,Q7SIG1,0
DB06314,P08581,1
DB06314,O15350,0
DB03444,P49841,1
DB03444,P53554,0
DB07732,P00929,1
DB07732,P0A2K1,1
DB07732,P25021,0
DB07732,Q9A1B7,0
DB04687,Q93LD7,1
DB04687,Q9UI12,0
DB04057,P31939,1
DB04057,P84098,0
DB00473,Q14524,1
DB00473,Q9Y5Y9,1
DB00473,P09152,0
DB00473,Q9BZZ2,0
DB04875,P29466,1
DB04875,P0C0L5,0
DB06898,P03372,1
DB06898,Q15596,1
DB06898,P84141,0
DB06898,P02753,0
DB04781,P13716,1
DB04781,P10276,0
DB08527,P20248,1
DB08527,P24941,1
DB08527,P10827,0
DB08527,Q7Z2Z2,0
DB08244,P52732,1
DB08244,Q59643,0
DB04183,Q8GBW6,1
DB04183,Q9ULA0,0
DB05932,P15692,1
DB05932,P17948,1
DB05932,P35916,1
DB05932,Q7CRA4,0
DB05932,O95237,0
DB05932,Q86V67,0
DB06887,P18031,1
DB06887,Q8DW21,0
DB04972,P09211,1
DB04972,P97253,0
DB01472,P08913,1
DB01472,P21397,1
DB01472,P27338,1
DB01472,P31645,1
DB01472,P35348,1
DB01472,Q01959,1
DB01472,Q05940,1
DB01472,P68133,0
DB01472,Q9X1F0,0
DB01472,P42790,0
DB01472,P20393,0
DB01472,P27037,0
DB01472,O67636,0
DB01472,P02929,0
DB04350,Q13231,1
DB04350,Q873X9,1
DB04350,P46059,0
DB04350,O14936,0
DB07040,Q837V6,1
DB07040,Q9Y5K8,0
DB00622,P08172,1
DB00622,P08173,1
DB00622,P08912,1
DB00622,P0DP23,1
DB00622,P11229,1
DB00622,P20309,1
DB00622,P25100,1
DB00622,P35348,1
DB00622,P35368,1
DB00622,P54289,1
DB00622,P54750,1
DB00622,Q01064,1
DB00622,Q01668,1
DB00622,Q08289,1
DB00622,Q13936,1
DB00622,Q6NXR0,0
DB00622,P61978,0
DB00622,Q5PXQ6,0
DB00622,Q9P2W7,0
DB00622,P54802,0
DB00622,Q8IJT2,0
DB00622,P13498,0
DB00622,P35228,0
DB00622,P0DM80,0
DB00622,P22266,0
DB00622,P22695,0
DB00622,O14792,0
DB00622,P77836,0
DB00622,Q13219,0
DB00622,Q13131,0
DB06147,Q27738,1
DB06147,Q99259,0
DB07157,P15086,1
DB07157,O00408,0
DB03366,O34598,1
DB03366,P02144,1
DB03366,P04252,1
DB03366,P06988,1
DB03366,P09960,1
DB03366,P0A6B1,1
DB03366,P0ADA1,1
DB03366,P11309,1
DB03366,P17802,1
DB03366,P23222,1
DB03366,P26514,1
DB03366,P31491,1
DB03366,P31677,1
DB03366,P35228,1
DB03366,P40859,1
DB03366,P54819,1
DB03366,P74645,1
DB03366,P99999,1
DB03366,Q05603,1
DB03366,Q12965,1
DB03366,Q14565,1
DB03366,Q46822,1
DB03366,Q816R0,1
DB03366,Q9NQX3,1
DB03366,Q9ZNA2,1
DB03366,O75746,0
DB03366,Q92206,0
DB03366,P81180,0
DB03366,Q8IJ74,0
DB03366,P06132,0
DB03366,Q9Y2Q0,0
DB03366,Q59560,0
DB03366,P45568,0
DB03366,Q81F54,0
DB03366,P06009,0
DB03366,P9WH69,0
DB03366,Q9UNA0,0
DB03366,P51649,0
DB03366,P26010,0
DB03366,P32929,0
DB03366,Q6PIU1,0
DB03366,Q9RZ04,0
DB03366,Q6PI48,0
DB03366,P74334,0
DB03366,P13100,0
DB03366,Q8EBR3,0
DB03366,P08574,0
DB03366,P0AFG8,0
DB03366,Q9UHQ9,0
DB03366,P59846,0
DB00570,P05412,1
DB00570,P07437,1
DB00570,P23258,1
DB00570,Q71U36,1
DB00570,Q9UJT0,1
DB00570,Q9UJT1,1
DB00570,F5GY58,0
DB00570,P50740,0
DB00570,Q6PI48,0
DB00570,P25788,0
DB00570,P12314,0
DB00570,P03915,0
DB01590,P42345,1
DB01590,P0A876,0
DB03644,Q51792,1
DB03644,Q1LCS4,0
DB03147,O31616,1
DB03147,O95831,1
DB03147,P00387,1
DB03147,P00390,1
DB03147,P00438,1
DB03147,P00914,1
DB03147,P05327,1
DB03147,P06149,1
DB03147,P06715,1
DB03147,P07771,1
DB03147,P08373,1
DB03147,P09063,1
DB03147,P09546,1
DB03147,P09622,1
DB03147,P09788,1
DB03147,P0A9P4,1
DB03147,P0AEZ1,1
DB03147,P0C278,1
DB03147,P10902,1
DB03147,P11310,1
DB03147,P12676,1
DB03147,P14218,1
DB03147,P14920,1
DB03147,P15559,1
DB03147,P16083,1
DB03147,P16219,1
DB03147,P16435,1
DB03147,P16640,1
DB03147,P18925,1
DB03147,P19480,1
DB03147,P20586,1
DB03147,P21397,1
DB03147,P21890,1
DB03147,P22570,1
DB03147,P22637,1
DB03147,P24232,1
DB03147,P26440,1
DB03147,P27338,1
DB03147,P28593,1
DB03147,P28861,1
DB03147,P29475,1
DB03147,P35340,1
DB03147,P37062,1
DB03147,P37063,1
DB03147,P37747,1
DB03147,P38038,1
DB03147,P39662,1
DB03147,P40859,1
DB03147,P42593,1
DB03147,P47989,1
DB03147,P55789,1
DB03147,P55792,1
DB03147,P58558,1
DB03147,P61432,1
DB03147,P61497,1
DB03147,P77967,1
DB03147,P83223,1
DB03147,P9WHH7,1
DB03147,P9WIQ1,1
DB03147,P9WIQ3,1
DB03147,Q06319,1
DB03147,Q12882,1
DB03147,Q15067,1
DB03147,Q16795,1
DB03147,Q44532,1
DB03147,Q47PU3,1
DB03147,Q51225,1
DB03147,Q52437,1
DB03147,Q56839,1
DB03147,Q72JJ3,1
DB03147,Q7SID9,1
DB03147,Q86YB8,1
DB03147,Q888A4,1
DB03147,Q92947,1
DB03147,Q94655,1
DB03147,Q96RQ9,1
DB03147,Q9AGP8,1
DB03147,Q9KIE5,1
DB03147,Q9LAG2,1
DB03147,Q9RA47,1
DB03147,Q9RC23,1
DB03147,Q9UHQ9,1
DB03147,Q9UKU7,1
DB03147,Q9WYT0,1
DB03147,Q9Z4P0,1
DB03147,P27487,0
DB03147,Q8IWL2,0
DB03147,Q9RYA6,0
DB03147,Q16836,0
DB03147,Q9Y600,0
DB03147,Q701N4,0
DB03147,Q9UGI6,0
DB03147,P29376,0
DB03147,P28566,0
DB03147,Q93LD7,0
DB03147,P83791,0
DB03147,P62942,0
DB03147,Q9HCC0,0
DB03147,Q59643,0
DB03147,Q59961,0
DB03147,Q3JP94,0
DB03147,Q9NY65,0
DB03147,P47229,0
DB03147,Q3JUV5,0
DB03147,O14618,0
DB03147,Q8IDD3,0
DB03147,P48167,0
DB03147,P25971,0
DB03147,Q9Y4U1,0
DB03147,P01112,0
DB03147,P31942,0
DB03147,P46736,0
DB03147,Q9NWZ5,0
DB03147,O95479,0
DB03147,Q8IKK7,0
DB03147,P49862,0
DB03147,P35749,0
DB03147,Q969F8,0
DB03147,Q9X108,0
DB03147,P04036,0
DB03147,O15382,0
DB03147,Q96QD8,0
DB03147,P9WH11,0
DB03147,P63104,0
DB03147,P10340,0
DB03147,Q14330,0
DB03147,P17600,0
DB03147,P42685,0
DB03147,Q16498,0
DB03147,P39805,0
DB03147,Q7Z4W1,0
DB03147,P16389,0
DB03147,Q8IKL4,0
DB03147,P05162,0
DB03147,Q6V0L0,0
DB03147,P05798,0
DB03147,P98194,0
DB03147,P56373,0
DB03147,P10613,0
DB03147,Q9ULC6,0
DB03147,Q9Y2T6,0
DB03147,Q9HTQ2,0
DB03147,P16152,0
DB03147,P26393,0
DB03147,P31785,0
DB03147,P49366,0
DB03147,P13551,0
DB03147,Q99661,0
DB03147,P0A0Z8,0
DB03147,Q9BXT2,0
DB03147,O94760,0
DB03147,P38424,0
DB03147,Q9HYX1,0
DB03147,P53041,0
DB03147,P11586,0
DB03147,P62807,0
DB03147,P32745,0
DB03147,P0DMS8,0
DB03147,P0A786,0
DB03147,P62660,0
DB03147,P51686,0
DB03147,P0A1X2,0
DB03147,P28072,0
DB03147,P37698,0
DB03147,Q9UEW8,0
DB03147,Q9H2H9,0
DB03147,P49915,0
DB03147,P06307,0
DB03147,P60493,0
DB03147,O75116,0
DB00790,P12821,1
DB00790,Q6FHJ7,1
DB00790,P07024,0
DB00790,P33981,0
DB07093,P15121,1
DB07093,P50597,0
DB12960,P51681,1
DB12960,P05120,0
DB02327,P27696,1
DB02327,Q65CX5,1
DB02327,Q9RME2,1
DB02327,Q14534,0
DB02327,Q16552,0
DB02327,O82839,0
DB06867,Q13526,1
DB06867,P45568,0
DB04693,P00947,1
DB04693,Q01698,0
DB03023,P06239,1
DB03023,P07948,1
DB03023,P12931,1
DB03023,P45124,0
DB03023,P01374,0
DB03023,Q4W8W1,0
DB03267,P35558,1
DB03267,Q8IKM6,0
DB03414,Q16706,1
DB03414,Q7RTT9,0
DB02713,O31616,1
DB02713,P01574,0
DB01705,P07477,1
DB01705,P10844,1
DB01705,P29894,0
DB01705,P84098,0
DB07008,P35228,1
DB07008,P49585,0
DB05624,P30968,1
DB05624,Q49184,0
DB03011,P24289,1
DB03011,P00781,0
DB02106,P10828,1
DB02106,P28476,0
DB12455,P02359,1
DB12455,P0A7U3,1
DB12455,P0A7V3,1
DB12455,P0A7W7,1
DB12455,P0AG59,1
DB12455,P96945,0
DB12455,Q08345,0
DB12455,P04217,0
DB12455,Q8I3T9,0
DB12455,Q03721,0
DB09078,P07949,1
DB09078,P10721,1
DB09078,P11362,1
DB09078,P16234,1
DB09078,P17948,1
DB09078,P21802,1
DB09078,P22455,1
DB09078,P22607,1
DB09078,P35916,1
DB09078,P35968,1
DB09078,P01889,0
DB09078,O43519,0
DB09078,Q02218,0
DB09078,P33517,0
DB09078,P0A6J8,0
DB09078,P24941,0
DB09078,P27338,0
DB09078,P48448,0
DB09078,Q16878,0
DB09078,Q0VD83,0
DB02721,P00325,1
DB02721,P00326,1
DB02721,P07327,1
DB02721,P9WPP7,1
DB02721,P07108,0
DB02721,P71278,0
DB02721,Q4R2T2,0
DB02721,P17302,0
DB04598,Q1LCS4,1
DB04598,Q9RC92,0
DB04747,Q6A8X5,1
DB04747,P00450,0
DB03979,P39662,1
DB03979,P04377,0
DB01090,P30926,1
DB01090,P32297,1
DB01090,Q9GZZ6,1
DB01090,P46059,0
DB01090,P84888,0
DB01090,P0AGE0,0
DB04503,P0A884,1
DB04503,O60706,0
DB12742,P07949,1
DB12742,P08581,1
DB12742,P10721,1
DB12742,P16234,1
DB12742,P36888,1
DB12742,Q06609,1
DB12742,P30920,0
DB12742,P36404,0
DB12742,P33981,0
DB12742,Q60037,0
DB12742,Q8IVL6,0
DB12742,P14543,0
DB02209,P0A794,1
DB02209,P11926,1
DB02209,Q83WG3,0
DB02209,P29894,0
DB01154,P14867,1
DB01154,Q14654,1
DB01154,Q15842,1
DB01154,O75330,0
DB01154,A6PZ59,0
DB01154,P60906,0
DB00230,P54289,1
DB00230,P52647,0
DB03451,P11473,1
DB03451,P48544,0
DB02497,P08758,1
DB02497,P44868,0
DB06689,P00748,1
DB06689,P9WIJ3,0
DB07540,P24941,1
DB07540,P13423,0
DB00807,Q9Y5Y9,1
DB00807,Q59H18,0
DB00196,P10613,1
DB00196,P37321,0
DB03975,P00918,1
DB03975,P69488,1
DB03975,P16112,0
DB03975,P36871,0
DB04487,P02778,1
DB04487,P29894,0
DB03541,P00469,1
DB03541,P04818,1
DB03541,P0A884,1
DB03541,P0CG22,1
DB03541,P13100,1
DB03541,P16083,1
DB03541,P07358,0
DB03541,Q14003,0
DB03541,Q05581,0
DB03541,P54819,0
DB03541,Q8I431,0
DB03541,Q00987,0
DB02859,O00763,1
DB02859,Q79MP6,0
DB08836,P12821,1
DB08836,Q07785,0
DB03125,P00374,1
DB03125,P00381,1
DB03125,P01591,0
DB03125,P40926,0
DB03115,Q02750,1
DB03115,O14920,0
DB05936,P29275,1
DB05936,P15813,0
DB03921,P36897,1
DB03921,P25101,0
DB02645,P36924,1
DB02645,Q8I4W4,0
DB08289,P01834,1
DB08289,Q9WZK0,0
DB04425,P56740,1
DB04425,Q9HC29,0
DB06641,P17252,1
DB06641,P28482,1
DB06641,P31749,1
DB06641,P78508,0
DB06641,P34913,0
DB06641,P53396,0
DB14509,O14732,1
DB14509,P29218,1
DB14509,P42263,1
DB14509,P49841,1
DB14509,Q9BYF1,0
DB14509,P29274,0
DB14509,O67987,0
DB14509,Q8I3T9,0
DB02155,P17612,1
DB02155,P10614,0
DB04249,P99999,1
DB04249,Q13164,0
DB07017,P28845,1
DB07017,P39300,0
DB02433,O66496,1
DB02433,P0A716,1
DB02433,O15197,0
DB02433,P0AD65,0
DB00642,P00374,1
DB00642,P04818,1
DB00642,P22102,1
DB00642,P31939,1
DB00642,Q8N5S9,0
DB00642,P04271,0
DB00642,P40925,0
DB00642,Q9H3N8,0
DB06401,P03372,1
DB06401,Q92731,1
DB06401,Q8IKW5,0
DB06401,O25928,0
DB01050,P07204,1
DB01050,P07359,1
DB01050,P10415,1
DB01050,P12104,1
DB01050,P13569,1
DB01050,P23219,1
DB01050,P31151,1
DB01050,P35354,1
DB01050,P37231,1
DB01050,Q07869,1
DB01050,P16410,0
DB01050,A0A0H2WWQ9,0
DB01050,P10826,0
DB01050,P0A759,0
DB01050,P07384,0
DB01050,Q8TDV5,0
DB01050,P10613,0
DB01050,Q99735,0
DB01050,P68133,0
DB01050,O75521,0
DB06447,O00206,1
DB06447,Q6PIU1,0
DB02499,P05089,1
DB02499,P07288,0
DB00897,O00591,1
DB00897,O14764,1
DB00897,P14867,1
DB00897,P18505,1
DB00897,P18507,1
DB00897,P28472,1
DB00897,P31644,1
DB00897,P34903,1
DB00897,P47869,1
DB00897,P47870,1
DB00897,P48169,1
DB00897,P78334,1
DB00897,Q16445,1
DB00897,Q8N1C3,1
DB00897,Q99928,1
DB00897,Q9UN88,1
DB00897,O00182,0
DB00897,P30556,0
DB00897,Q96EN8,0
DB00897,O67648,0
DB00897,P46439,0
DB00897,Q9Y697,0
DB00897,Q15078,0
DB00897,Q86UW7,0
DB00897,P01009,0
DB00897,P35222,0
DB00897,P0AEZ1,0
DB00897,Q9BY41,0
DB00897,Q16206,0
DB00897,P29972,0
DB00897,Q9H3N8,0
DB00897,P41180,0
DB11447,P10275,1
DB11447,P83795,0
DB08807,P07550,1
DB08807,P08588,1
DB08807,P08908,1
DB08807,P13945,1
DB08807,P28222,1
DB08807,O00182,0
DB08807,P45973,0
DB08807,P05112,0
DB08807,Q9Y694,0
DB08807,P0C0Y9,0
DB08382,P27487,1
DB08382,P08173,0
DB14068,P08183,1
DB14068,Q60099,0
DB04030,P0AEK4,1
DB04030,O14788,0
DB07490,P00363,1
DB07490,P0A8Q0,1
DB07490,P0A8Q3,1
DB07490,P0AC47,1
DB07490,Q70Z44,0
DB07490,P80297,0
DB07490,P05154,0
DB07490,P02790,0
DB03384,P55210,1
DB03384,Q9UKQ2,0
DB02011,P00480,1
DB02011,P37551,0
DB04652,P08235,1
DB04652,P28845,1
DB04652,Q15788,1
DB04652,P17936,0
DB04652,P03905,0
DB04652,Q86VB7,0
DB06134,O14965,1
DB06134,Q9UQB9,1
DB06134,Q13224,0
DB06134,P51800,0
DB07997,P17612,1
DB07997,P61925,1
DB07997,P29208,0
DB07997,P30419,0
DB08054,P12931,1
DB08054,Q969V6,0
DB06995,P08581,1
DB06995,P06968,0
DB07057,P00811,1
DB07057,Q96KG9,0
DB07303,P56817,1
DB07303,O75600,0
DB09220,O60706,1
DB09220,P15153,0
DB00346,P25100,1
DB00346,P35348,1
DB00346,P35368,1
DB00346,Q12809,1
DB00346,Q16739,0
DB00346,Q8IDH5,0
DB00346,Q92953,0
DB00346,Q16518,0
DB08367,P44783,1
DB08367,Q16760,0
DB07785,P00813,1
DB07785,P02359,0
DB02151,P00959,1
DB02151,P0AE18,1
DB02151,P52687,0
DB02151,P07332,0
DB02562,P00439,1
DB02562,P07359,0
DB07304,P0AE18,1
DB07304,P51584,0
DB03489,Q746L7,1
DB03489,Q8XJ01,0
DB02833,P20248,1
DB02833,P24941,1
DB02833,P04040,0
DB02833,O43497,0
DB00537,B4YQT9,1
DB00537,C3T8E2,1
DB00537,P05653,1
DB00537,P0AES4,1
DB00537,P0C1U9,1
DB00537,P11388,1
DB00537,P20831,1
DB00537,P43700,1
DB00537,P43702,1
DB00537,Q12809,1
DB00537,Q59192,1
DB00537,O14976,0
DB00537,Q8N159,0
DB00537,P01579,0
DB00537,Q14500,0
DB00537,P00634,0
DB00537,P05120,0
DB00537,P53985,0
DB00537,P0AG82,0
DB00537,P29372,0
DB00537,P02745,0
DB00537,Q16134,0
DB03952,P0ABP8,1
DB03952,Q8WXS5,0
DB05838,P30518,1
DB05838,P14900,0
DB04359,O31156,1
DB04359,P28907,0
DB00978,P11388,1
DB00978,P43700,1
DB00978,P43702,1
DB00978,Q9Z9H6,0
DB00978,Q13421,0
DB00978,O31616,0
DB02042,P96622,1
DB02042,Q53908,1
DB02042,Q9NP56,0
DB02042,Q8IKL4,0
DB07492,P24093,1
DB07492,P50406,0
DB02751,Q14353,1
DB02751,Q98GN8,0
DB01329,P02918,1
DB01329,P02919,1
DB01329,P08506,1
DB01329,P0AD65,1
DB01329,P0AD68,1
DB01329,P0AEB2,1
DB01329,P24228,1
DB01329,Q07806,1
DB01329,Q9X6W0,1
DB01329,Q7KQL5,0
DB01329,P27696,0
DB01329,P00846,0
DB01329,O32723,0
DB01329,P27487,0
DB01329,O87696,0
DB01329,P46926,0
DB01329,Q14957,0
DB01329,P9WIP7,0
DB07801,O14965,1
DB07801,P00914,0
DB03483,P18031,1
DB03483,P9WKE1,0
DB00469,P23219,1
DB00469,P35354,1
DB00469,P37173,0
DB00469,P09669,0
DB07928,P07026,1
DB07928,P9WK19,0
DB01691,P0AEK4,1
DB01691,P19878,0
DB04242,P00438,1
DB04242,P20586,1
DB04242,P26602,1
DB04242,Q04416,1
DB04242,P00947,0
DB04242,Q13907,0
DB04242,Q9UJ96,0
DB04242,P08686,0
DB06931,O95749,1
DB06931,P14616,0
DB05676,Q86V67,1
DB05676,Q9UBN1,0
DB01785,P14324,1
DB01785,P62623,1
DB01785,Q13907,1
DB01785,Q8TDS4,0
DB01785,Q12852,0
DB01785,Q9ULU8,0
DB13914,Q12908,1
DB13914,P50597,0
DB07356,P27487,1
DB07356,Q04416,0
DB01056,Q14524,1
DB01056,P9WNS5,0
DB07721,Q93LD7,1
DB07721,Q9Y296,0
DB01397,P23219,1
DB01397,P35354,1
DB01397,P77541,0
DB01397,P18085,0
DB02336,P12931,1
DB02336,O00555,0
DB01077,P05141,1
DB01077,P12235,1
DB01077,P12236,1
DB01077,P38606,1
DB01077,Q13332,1
DB01077,P11802,0
DB01077,P17443,0
DB01077,P20061,0
DB01077,P08263,0
DB01077,P07477,0
DB06457,Q12809,1
DB06457,Q46220,0
DB01747,P07822,1
DB01747,P43353,0
DB00287,P43088,1
DB00287,P07173,0
DB03523,Q02127,1
DB03523,Q8IKL4,0
DB00949,Q12879,1
DB00949,Q13224,1
DB00949,Q14722,0
DB00949,P41021,0
DB07063,P15121,1
DB07063,Q9GZP0,0
DB06637,P16389,1
DB06637,P17658,1
DB06637,P22001,1
DB06637,P22459,1
DB06637,P22460,1
DB06637,P48547,1
DB06637,Q09470,1
DB06637,Q14003,1
DB06637,Q14721,1
DB06637,Q16322,1
DB06637,Q92953,1
DB06637,Q96PR1,1
DB06637,Q96RP8,1
DB06637,Q9NSA2,1
DB06637,Q9NZV8,1
DB06637,Q9UK17,1
DB06637,Q9Y296,0
DB06637,Q12851,0
DB06637,Q8NI22,0
DB06637,Q02779,0
DB06637,Q07075,0
DB06637,P0ABP8,0
DB06637,P55407,0
DB06637,P50597,0
DB06637,P49916,0
DB06637,P47712,0
DB06637,Q16539,0
DB06637,Q13421,0
DB06637,Q9NY46,0
DB06637,P0ADY7,0
DB06637,P22637,0
DB06637,Q9UJ68,0
DB01565,O60858,1
DB01565,P01189,1
DB01565,P35372,1
DB01565,P41143,1
DB01565,P41145,1
DB01565,Q7Z2H8,0
DB01565,P13645,0
DB01565,P28070,0
DB01565,P10613,0
DB01565,O75533,0
DB08119,P17538,1
DB08119,P21589,0
DB03083,P78368,1
DB03083,P29120,0
DB02437,P08192,1
DB02437,P0A433,1
DB02437,P39377,1
DB02437,P39086,0
DB02437,Q8WWL2,0
DB02437,P22906,0
DB07736,P56817,1
DB07736,P06396,0
DB02450,P52699,1
DB02450,Q79MP6,1
DB02450,P01023,0
DB02450,Q9H239,0
DB01647,Q07343,1
DB01647,P14207,0
DB08916,P00533,1
DB08916,P04626,1
DB08916,Q15303,1
DB08916,Q9HA77,0
DB08916,Q48436,0
DB08916,P33527,0
DB03441,P15085,1
DB03441,Q9X0P2,0
DB01065,P03372,1
DB01065,P05164,1
DB01065,P0DP23,1
DB01065,P11678,1
DB01065,P16083,1
DB01065,P27797,1
DB01065,P46597,1
DB01065,P48039,1
DB01065,P49286,1
DB01065,Q92753,1
DB01065,P21291,0
DB01065,P37063,0
DB01065,Q9UBX1,0
DB01065,P01861,0
DB01065,P16932,0
DB01065,P0AB74,0
DB01065,P22694,0
DB01065,P16115,0
DB01065,P02775,0
DB01065,P04217,0
DB02084,P07477,1
DB02084,Q7SIG1,0
DB00561,O14649,1
DB00561,Q9NPC2,1
DB00561,P22314,0
DB00561,P0AEK7,0
DB02326,P22894,1
DB02326,Q8I492,0
DB02218,O82839,1
DB02218,P04746,1
DB02218,P19961,1
DB02218,Q9ZB17,0
DB02218,Q9ZNA2,0
DB02218,Q9NR63,0
DB01600,P23219,1
DB01600,P35354,1
DB01600,P54219,0
DB01600,O95342,0
DB04775,P68133,1
DB04775,Q53119,0
DB07489,Q9Y6M4,1
DB07489,P00436,0
DB01101,P04818,1
DB01101,P08173,0
DB06472,P05106,1
DB06472,P08514,1
DB06472,P22629,0
DB06472,Q07021,0
DB08538,P24941,1
DB08538,O43739,0
DB04381,P05091,1
DB04381,Q8P8J2,0
DB01683,Q8RJN5,1
DB01683,Q8ILE8,0
DB02398,P00749,1
DB02398,P33905,0
DB03832,Q9UKG9,1
DB03832,O43169,0
DB04157,P11797,1
DB04157,Q8KI25,0
DB07253,P54760,1
DB07253,P01848,0
DB03848,P55055,1
DB03848,Q9Y5Y6,0
DB08083,P00918,1
DB08083,P22637,0
DB06937,Q92731,1
DB06937,Q8GN86,0
DB06921,P15086,1
DB06921,Q14145,0
DB03505,P28720,1
DB03505,P04156,0
DB07705,P9WPN5,1
DB07705,Q16850,1
DB07705,Q6MZM0,0
DB07705,Q57254,0
DB00444,P11388,1
DB00444,P54710,0
DB04477,O14556,1
DB04477,P9WNS5,0
DB07544,P54687,1
DB07544,Q96QU6,0
DB02238,Q75WK2,1
DB02238,P45984,0
DB06159,P11387,1
DB06159,L0LZJ6,0
DB03828,P12931,1
DB03828,P0A9J6,0
DB08035,P10275,1
DB08035,Q9UJT0,0
DB02017,O85465,1
DB02017,Q8TD08,0
DB02730,P19961,1
DB02730,P0A6Q3,0
DB06879,P35228,1
DB06879,P05181,0
DB04455,P0AFM2,1
DB04455,P74645,1
DB04455,P20292,0
DB04455,Q08638,0
DB05678,P55157,1
DB05678,P30044,0
DB03234,P33247,1
DB03234,P37840,0
DB07423,P10275,1
DB07423,Q8TF76,0
DB03485,P02788,1
DB03485,P02924,1
DB03485,P02675,0
DB03485,P42085,0
DB07927,P00811,1
DB07927,Q16584,0
DB08964,P43115,1
DB08964,P43116,1
DB08964,Q12884,0
DB08964,Q9UIK4,0
DB01325,P00915,1
DB01325,P00918,1
DB01325,P55011,1
DB01325,P55017,1
DB01325,Q13621,1
DB01325,P22303,0
DB01325,P48728,0
DB01325,P14410,0
DB01325,Q9BYF1,0
DB01325,P20581,0
DB06855,P00749,1
DB06855,P07477,1
DB06855,P08235,0
DB06855,O75715,0
DB07294,P13631,1
DB07294,P42443,0
DB01034,P0A6R0,1
DB01034,P0A953,1
DB01034,P0AAI5,1
DB01034,P49327,1
DB01034,Q13164,0
DB01034,P46336,0
DB01034,Q9UIC8,0
DB01034,Q9NWT6,0
DB06945,Q9UNA0,1
DB06945,Q9WZS7,0
DB06282,P35367,1
DB06282,P49759,0
DB07528,P35968,1
DB07528,P19835,0
DB06865,P00734,1
DB06865,P77674,0
DB07988,P08254,1
DB07988,Q8T8E9,0
DB06983,P24941,1
DB06983,P51161,0
DB00552,P00813,1
DB00552,Q9BZX2,0
DB11221,P04278,1
DB11221,Q46891,0
DB03633,P04054,1
DB03633,P17900,1
DB03633,Q9Y5K3,0
DB03633,Q3J1A5,0
DB04653,P07384,1
DB04653,P11411,0
DB01588,O00591,1
DB01588,O14764,1
DB01588,P14867,1
DB01588,P18505,1
DB01588,P18507,1
DB01588,P28472,1
DB01588,P31644,1
DB01588,P34903,1
DB01588,P47869,1
DB01588,P47870,1
DB01588,P48169,1
DB01588,P78334,1
DB01588,Q16445,1
DB01588,Q8N1C3,1
DB01588,Q99928,1
DB01588,Q9UN88,1
DB01588,Q15800,0
DB01588,Q01234,0
DB01588,P14618,0
DB01588,Q99470,0
DB01588,P41594,0
DB01588,Q8I2Z8,0
DB01588,P05305,0
DB01588,P46782,0
DB01588,P19835,0
DB01588,P07464,0
DB01588,P06703,0
DB01588,Q969F8,0
DB01588,P10875,0
DB01588,P11388,0
DB01588,P51570,0
DB01588,P05556,0
DB08215,P06008,1
DB08215,P06009,1
DB08215,P06010,1
DB08215,P07173,1
DB08215,P0C0Y7,1
DB08215,P0C0Y8,1
DB08215,P0C0Y9,1
DB08215,Q4KH25,0
DB08215,O43704,0
DB08215,P0AC44,0
DB08215,P78536,0
DB08215,P15153,0
DB08215,P29323,0
DB08215,Q16654,0
DB02566,P0C8P8,1
DB02566,P29395,1
DB02566,P15291,0
DB02566,Q9NWZ3,0
DB01611,Q9BYF1,1
DB01611,Q9NR96,1
DB01611,Q9NYK1,1
DB01611,P37698,0
DB01611,Q12809,0
DB01611,P14649,0
DB08156,P00915,1
DB08156,P00918,1
DB08156,Q92876,0
DB08156,P22694,0
DB03365,P24941,1
DB03365,P0A827,0
DB07931,O75469,1
DB07931,P03372,1
DB07931,Q04828,1
DB07931,Q14994,1
DB07931,Q8GBW6,0
DB07931,Q96RI0,0
DB07931,Q12797,0
DB07931,Q56148,0
DB07163,P24941,1
DB07163,P0A3D9,0
DB00140,P0AFU8,1
DB00140,P30043,1
DB00140,Q969G6,1
DB00140,Q26000,0
DB00140,P13498,0
DB00140,Q9Z4N6,0
DB04651,P06709,1
DB04651,P30519,0
DB07134,P18031,1
DB07134,Q15102,0
DB00354,P11229,1
DB00354,P35367,1
DB00354,P38424,0
DB00354,P44469,0
DB12582,O75469,1
DB12582,P48764,0
DB12307,P14210,1
DB12307,P35968,1
DB12307,P11177,0
DB12307,P62661,0
DB07335,P12931,1
DB07335,P48736,1
DB07335,P62736,0
DB07335,Q5MYR6,0
DB03784,P14555,1
DB03784,C0H4X5,0
DB04237,O67987,1
DB04237,P00778,1
DB04237,P43166,0
DB04237,P24300,0
DB04789,P48728,1
DB04789,O00519,0
DB01670,Q06174,1
DB01670,Q9NWT6,0
DB07309,P50579,1
DB07309,O60285,0
DB02312,P11546,1
DB02312,P0A953,0
DB03980,Q16539,1
DB03980,Q6FEW8,0
DB11915,Q99870,1
DB11915,Q5SLP8,0
DB06176,P33527,1
DB06176,P56524,1
DB06176,Q13547,1
DB06176,Q92769,1
DB06176,Q9UBN7,1
DB06176,P41789,0
DB06176,P50993,0
DB06176,P01106,0
DB06176,P16384,0
DB06176,P0A7S9,0
DB01013,P04083,1
DB01013,P04150,1
DB01013,P08235,1
DB01013,P40238,0
DB01013,P51512,0
DB01013,P54455,0
DB07125,O43293,1
DB07125,Q00653,0
DB08535,P24941,1
DB08535,Q99259,0
DB04261,P00808,1
DB04261,P78356,0
DB02249,P00326,1
DB02249,Q13258,0
DB07838,O60551,1
DB07838,P35228,0
DB04646,P83791,1
DB04646,P83792,1
DB04646,P83793,1
DB04646,P83794,1
DB04646,P83795,1
DB04646,P83796,1
DB04646,P83797,1
DB04646,P83798,1
DB04646,Q8TC12,0
DB04646,P56385,0
DB04646,P27635,0
DB04646,Q9H2M3,0
DB04646,P9WKD7,0
DB04646,Q9H4G4,0
DB04646,P51681,0
DB04646,P05362,0
DB00388,P25100,1
DB00388,P35348,1
DB00388,P35368,1
DB00388,P39086,0
DB00388,Q05586,0
DB00388,P31013,0
DB02046,Q9UKQ2,1
DB02046,P04150,0
DB11638,A0A143ZZK9,1
DB11638,A0A144A2G5,1
DB11638,C0H4L1,1
DB11638,C0H4V6,1
DB11638,C0H4X5,1
DB11638,C0H4Y6,1
DB11638,C0H546,1
DB11638,C0H551,1
DB11638,C0H571,1
DB11638,C0H5C2,1
DB11638,C0H5H0,1
DB11638,C6KSR5,1
DB11638,C6KT34,1
DB11638,C6KT50,1
DB11638,C6KTA4,1
DB11638,C6S3C7,1
DB11638,O00299,1
DB11638,O14556,1
DB11638,O75964,1
DB11638,O77323,1
DB11638,O77361,1
DB11638,O96221,1
DB11638,O97313,1
DB11638,P00338,1
DB11638,P00558,1
DB11638,P02768,1
DB11638,P04075,1
DB11638,P04350,1
DB11638,P04406,1
DB11638,P04792,1
DB11638,P06733,1
DB11638,P06744,1
DB11638,P06748,1
DB11638,P07195,1
DB11638,P07237,1
DB11638,P07355,1
DB11638,P07437,1
DB11638,P07737,1
DB11638,P08670,1
DB11638,P08708,1
DB11638,P09382,1
DB11638,P09493,1
DB11638,P11142,1
DB11638,P11413,1
DB11638,P13568,1
DB11638,P13817,1
DB11638,P13827,1
DB11638,P13830,1
DB11638,P14223,1
DB11638,P14618,1
DB11638,P14642,1
DB11638,P17844,1
DB11638,P18669,1
DB11638,P20035,1
DB11638,P20810,1
DB11638,P21291,1
DB11638,P21333,1
DB11638,P22626,1
DB11638,P23246,1
DB11638,P23528,1
DB11638,P25705,1
DB11638,P27635,1
DB11638,P27816,1
DB11638,P34897,1
DB11638,P35579,1
DB11638,P36578,1
DB11638,P37108,1
DB11638,P37802,1
DB11638,P38545,1
DB11638,P39019,1
DB11638,P40925,1
DB11638,P42766,1
DB11638,P46781,1
DB11638,P46782,1
DB11638,P46925,1
DB11638,P46940,1
DB11638,P48047,1
DB11638,P49368,1
DB11638,P49419,1
DB11638,P50250,1
DB11638,P50914,1
DB11638,P55786,1
DB11638,P60174,1
DB11638,P61978,1
DB11638,P62241,1
DB11638,P62269,1
DB11638,P62277,1
DB11638,P62316,1
DB11638,P62750,1
DB11638,P62753,1
DB11638,P62857,1
DB11638,P62937,1
DB11638,P63261,1
DB11638,P68104,1
DB11638,P86287,1
DB11638,P99999,1
DB11638,Q00080,1
DB11638,Q01995,1
DB11638,Q02155,1
DB11638,Q06830,1
DB11638,Q07020,1
DB11638,Q08170,1
DB11638,Q08853,1
DB11638,Q13838,1
DB11638,Q14103,1
DB11638,Q15637,1
DB11638,Q15942,1
DB11638,Q16555,1
DB11638,Q27743,1
DB11638,Q5R2K6,1
DB11638,Q5SSJ5,1
DB11638,Q6LFH8,1
DB11638,Q71U36,1
DB11638,Q76NM6,1
DB11638,Q76NN7,1
DB11638,Q7K6A4,1
DB11638,Q7KQK0,1
DB11638,Q7KQL5,1
DB11638,Q7KQM4,1
DB11638,Q8I0V4,1
DB11638,Q8I0X2,1
DB11638,Q8I2Z8,1
DB11638,Q8I3T9,1
DB11638,Q8I3X4,1
DB11638,Q8I3Z5,1
DB11638,Q8I431,1
DB11638,Q8I487,1
DB11638,Q8I492,1
DB11638,Q8I4R5,1
DB11638,Q8I4W4,1
DB11638,Q8I5G6,1
DB11638,Q8I5H4,1
DB11638,Q8I5Y3,1
DB11638,Q8I6U8,1
DB11638,Q8IAW0,1
DB11638,Q8IB72,1
DB11638,Q8IB78,1
DB11638,Q8IBI3,1
DB11638,Q8IBN5,1
DB11638,Q8IBS5,1
DB11638,Q8IC05,1
DB11638,Q8ID50,1
DB11638,Q8IDD3,1
DB11638,Q8IDH5,1
DB11638,Q8IDI5,1
DB11638,Q8IDP1,1
DB11638,Q8IDQ9,1
DB11638,Q8IE67,1
DB11638,Q8IE82,1
DB11638,Q8IEM3,1
DB11638,Q8IEN3,1
DB11638,Q8IHS5,1
DB11638,Q8II73,1
DB11638,Q8IIA4,1
DB11638,Q8III5,1
DB11638,Q8IIR9,1
DB11638,Q8IJ60,1
DB11638,Q8IJ74,1
DB11638,Q8IJA9,1
DB11638,Q8IJC6,1
DB11638,Q8IJK8,1
DB11638,Q8IJN7,1
DB11638,Q8IJR6,1
DB11638,Q8IJT2,1
DB11638,Q8IKF0,1
DB11638,Q8IKH8,1
DB11638,Q8IKK7,1
DB11638,Q8IKL4,1
DB11638,Q8IKM5,1
DB11638,Q8IKM6,1
DB11638,Q8IKR1,1
DB11638,Q8IKW5,1
DB11638,Q8IL80,1
DB11638,Q8IL86,1
DB11638,Q8IL88,1
DB11638,Q8ILE8,1
DB11638,Q8ILF7,1
DB11638,Q8ILK3,1
DB11638,Q8ILV2,1
DB11638,Q8IM15,1
DB11638,Q8IM16,1
DB11638,Q8IM74,1
DB11638,Q92945,1
DB11638,Q9BUF5,1
DB11638,Q9C0B1,1
DB11638,Q9N623,1
DB11638,Q9TY94,1
DB11638,T1RTG8,1
DB11638,P15056,0
DB11638,Q7AUG5,0
DB11638,P51970,0
DB11638,Q8ZKF6,0
DB11638,P02925,0
DB11638,P48507,0
DB11638,P46881,0
DB11638,P00326,0
DB11638,Q9HCP0,0
DB11638,Q26609,0
DB11638,P26439,0
DB11638,P05160,0
DB11638,Q02221,0
DB11638,Q9ZNA2,0
DB11638,Q9UM01,0
DB11638,Q9Y6J6,0
DB11638,P16519,0
DB11638,P23905,0
DB11638,P51693,0
DB11638,O32449,0
DB11638,P0A6F3,0
DB11638,P62623,0
DB11638,P96618,0
DB11638,P14262,0
DB11638,Q9NUB1,0
DB11638,Q16659,0
DB11638,Q15596,0
DB11638,O07529,0
DB11638,Q06700,0
DB11638,Q5G940,0
DB11638,P31012,0
DB11638,P14385,0
DB11638,O33830,0
DB11638,P17568,0
DB11638,Q9UJT1,0
DB11638,Q9REC4,0
DB11638,P16278,0
DB11638,P43681,0
DB11638,Q9UI09,0
DB11638,Q82ZJ0,0
DB11638,P16932,0
DB11638,Q15185,0
DB11638,P61278,0
DB11638,Q5T6L4,0
DB11638,P50740,0
DB11638,P0AFI2,0
DB11638,Q15208,0
DB11638,O14717,0
DB11638,Q9BZX2,0
DB11638,P16109,0
DB11638,P0A915,0
DB11638,Q9H3N8,0
DB11638,P30301,0
DB11638,P02655,0
DB11638,P41022,0
DB11638,P9WPX7,0
DB11638,Q9FCA6,0
DB11638,Q15428,0
DB11638,Q96Q83,0
DB11638,Q8WVQ1,0
DB11638,Q13163,0
DB11638,Q8YSC4,0
DB11638,P37747,0
DB11638,P30419,0
DB11638,P0AA43,0
DB11638,Q9NQ25,0
DB11638,P04054,0
DB11638,Q9HCD5,0
DB11638,P20823,0
DB11638,P52824,0
DB11638,P22637,0
DB11638,F1L7U3,0
DB11638,P42328,0
DB11638,Q9H2H9,0
DB11638,P43004,0
DB11638,O75911,0
DB11638,Q8IW41,0
DB11638,Q53119,0
DB11638,Q9UN88,0
DB11638,O43837,0
DB11638,P0A793,0
DB11638,Q9KWT5,0
DB11638,P68871,0
DB11638,Q86W47,0
DB11638,Q9H4B4,0
DB11638,P31992,0
DB11638,P53004,0
DB11638,P56220,0
DB11638,Q9BZV3,0
DB11638,Q7SIG1,0
DB11638,P22513,0
DB11638,P60484,0
DB11638,P23083,0
DB11638,P54716,0
DB11638,Q9BW91,0
DB11638,Q13639,0
DB11638,P08185,0
DB11638,P47205,0
DB11638,P35348,0
DB11638,Q9BYF1,0
DB11638,Q9UM07,0
DB11638,P56690,0
DB11638,Q7RTX0,0
DB11638,P30305,0
DB11638,P78417,0
DB11638,F5GY58,0
DB11638,O75715,0
DB11638,P07026,0
DB11638,O94925,0
DB11638,Q16831,0
DB11638,Q3JUV5,0
DB11638,Q00534,0
DB11638,P32169,0
DB11638,Q9WXN1,0
DB11638,P02359,0
DB11638,P0A953,0
DB11638,O95382,0
DB11638,Q15125,0
DB11638,O60493,0
DB11638,Q12874,0
DB11638,Q9Y5Y9,0
DB11638,P13501,0
DB11638,Q9UP95,0
DB11638,P39377,0
DB11638,P06307,0
DB11638,P34932,0
DB11638,P14207,0
DB11638,P50281,0
DB11638,P25774,0
DB11638,P01584,0
DB11638,P00909,0
DB11638,Q99653,0
DB11638,P15555,0
DB11638,Q03013,0
DB11638,Q03393,0
DB11638,P30920,0
DB11638,P06983,0
DB11638,P33038,0
DB11638,P48357,0
DB11638,P32239,0
DB11638,Q54528,0
DB11638,Q47066,0
DB11638,P0DM35,0
DB11638,Q9UN76,0
DB11638,Q9X1F8,0
DB11638,P00491,0
DB11638,P98155,0
DB11638,P16152,0
DB11638,O94788,0
DB11638,P62594,0
DB11638,Q16720,0
DB11638,Q10588,0
DB11638,Q98GN8,0
DB11638,Q9C098,0
DB11638,Q6GGU4,0
DB11638,Q46702,0
DB11638,P02778,0
DB11638,P08373,0
DB11638,Q16613,0
DB11638,Q16798,0
DB11638,P71447,0
DB11638,P83791,0
DB11638,P00634,0
DB11638,P22392,0
DB11638,O75880,0
DB11638,Q9HYN5,0
DB11638,Q8WWQ8,0
DB11638,P01127,0
DB11638,P49662,0
DB11638,P11409,0
DB11638,O25927,0
DB11638,P06608,0
DB11638,P62619,0
DB11638,P11217,0
DB11638,H3BUU9,0
DB11638,Q3J1A5,0
DB11638,Q6UX15,0
DB11638,Q5KUI3,0
DB11638,Q6PKH6,0
DB11638,O43526,0
DB11638,P61313,0
DB11638,P16410,0
DB11638,P22188,0
DB11638,P00323,0
DB11638,P0AES2,0
DB11638,Q8IVL5,0
DB11638,Q9H4M7,0
DB11638,P31415,0
DB04723,P15086,1
DB04723,P04271,0
DB07610,P0A108,1
DB07610,P16615,0
DB07045,P11142,1
DB07045,Q99933,1
DB07045,P06008,0
DB07045,Q9RA63,0
DB04129,P42262,1
DB04129,P08631,0
DB02573,P07998,1
DB02573,C3T8E2,0
DB04368,P0A6K3,1
DB04368,Q9HBH1,1
DB04368,Q51504,0
DB04368,P23415,0
DB00876,P30556,1
DB00876,P39662,0
DB02543,P40859,1
DB02543,Q05514,0
DB04698,Q48255,1
DB04698,Q03721,0
DB01646,P08100,1
DB01646,Q44244,1
DB01646,P40429,0
DB01646,Q92831,0
DB03429,P12235,1
DB03429,Q9X0L5,0
DB02240,P28593,1
DB02240,P62837,0
DB06525,P22303,1
DB06525,P61313,0
DB11859,O00591,1
DB11859,O14764,1
DB11859,P14867,1
DB11859,P18505,1
DB11859,P18507,1
DB11859,P28472,1
DB11859,P31644,1
DB11859,P34903,1
DB11859,P47869,1
DB11859,P47870,1
DB11859,P48169,1
DB11859,P78334,1
DB11859,Q16445,1
DB11859,Q8N1C3,1
DB11859,Q99928,1
DB11859,Q9UN88,1
DB11859,P0A9Z7,0
DB11859,P15509,0
DB11859,P18177,0
DB11859,P0AEZ1,0
DB11859,P49257,0
DB11859,Q08345,0
DB11859,P0AG59,0
DB11859,P53611,0
DB11859,P26572,0
DB11859,P12883,0
DB11859,P26396,0
DB11859,A0A068JFB7,0
DB11859,P28065,0
DB11859,P11137,0
DB11859,Q9KM65,0
DB11859,P11177,0
DB00479,P0A7S3,1
DB00479,P32320,0
DB05479,Q01726,1
DB05479,P01583,0
DB02824,P0A827,1
DB02824,P11926,1
DB02824,P34896,1
DB02824,Q9X266,1
DB02824,P29074,0
DB02824,Q9UPY5,0
DB02824,Q9UQF2,0
DB02824,Q12852,0
DB03232,P0A8X2,1
DB03232,Q99572,0
DB06967,P00797,1
DB06967,O14556,0
DB03329,P07858,1
DB03329,P17315,0
DB01772,P49841,1
DB01772,Q888A4,0
DB08062,P00734,1
DB08062,Q9H3N8,0
DB07424,A9JQL9,1
DB07424,P51178,0
DB08867,P04150,1
DB08867,P06401,1
DB08867,P10275,1
DB08867,P9WPB7,0
DB08867,Q59976,0
DB08867,Q7SIG1,0
DB08575,P08473,1
DB08575,Q6UWN8,0
DB08729,O76074,1
DB08729,P43522,0
DB01750,P63208,1
DB01750,P55011,0
DB00123,O43246,1
DB00123,P30825,1
DB00123,P52569,1
DB00123,Q15046,1
DB00123,Q8WY07,1
DB00123,O75911,0
DB00123,Q14432,0
DB00123,P10809,0
DB00123,Q02338,0
DB00123,Q8GJ44,0
DB03379,P60174,1
DB03379,Q02169,0
DB07155,P9WGR1,1
DB07155,Q5SKH6,0
DB11085,P07202,1
DB11085,Q44532,0
DB01011,P00183,1
DB01011,P15538,1
DB01011,P06988,0
DB01011,Q14081,0
DB00308,O00180,1
DB00308,P54289,1
DB00308,Q02641,1
DB00308,Q06432,1
DB00308,Q12809,1
DB00308,Q13936,1
DB00308,Q14654,1
DB00308,Q9H252,1
DB00308,Q9NS40,1
DB00308,Q9Y257,1
DB00308,Q8MU52,0
DB00308,Q9L915,0
DB00308,P47870,0
DB00308,P10902,0
DB00308,P18846,0
DB00308,Q9GZZ6,0
DB00308,Q9NPB1,0
DB00308,P15813,0
DB00308,P14900,0
DB00308,Q9WZC2,0
DB08319,P54997,1
DB08319,P9WQN9,0
DB14011,F1T0I5,1
DB14011,O00519,1
DB14011,O43497,1
DB14011,O75311,1
DB14011,O75762,1
DB14011,O95180,1
DB14011,P00390,1
DB14011,P00441,1
DB14011,P04035,1
DB14011,P04040,1
DB14011,P04798,1
DB14011,P05093,1
DB14011,P05177,1
DB14011,P08908,1
DB14011,P10635,1
DB14011,P14902,1
DB14011,P20815,1
DB14011,P21554,1
DB14011,P21796,1
DB14011,P23219,1
DB14011,P23415,1
DB14011,P24462,1
DB14011,P24752,1
DB14011,P28223,1
DB14011,P34972,1
DB14011,P35354,1
DB14011,P35372,1
DB14011,P36544,1
DB14011,P37231,1
DB14011,P41143,1
DB14011,P47775,1
DB14011,P48167,1
DB14011,Q02083,1
DB14011,Q08257,1
DB14011,Q14330,1
DB14011,Q16678,1
DB14011,Q7Z2W7,1
DB14011,Q8NER1,1
DB14011,Q8NET8,1
DB14011,Q9HBA0,1
DB14011,Q9P0X4,1
DB14011,Q9Y2T6,1
DB14011,Q9Y5S1,1
DB14011,P30711,0
DB14011,Q13131,0
DB14011,P29972,0
DB14011,P39767,0
DB14011,P83792,0
DB14011,P10909,0
DB14011,Q9H422,0
DB14011,P98155,0
DB14011,Q12851,0
DB14011,P79483,0
DB14011,P19367,0
DB14011,P36873,0
DB14011,Q8N568,0
DB14011,P16112,0
DB14011,P17612,0
DB14011,P51884,0
DB14011,P21860,0
DB14011,P51857,0
DB14011,P14090,0
DB14011,P07942,0
DB14011,A0A0H3JWX6,0
DB14011,P02652,0
DB14011,Q8TET4,0
DB14011,P55818,0
DB14011,P01911,0
DB14011,P07766,0
DB14011,P16278,0
DB14011,P02795,0
DB14011,P13647,0
DB14011,P04733,0
DB14011,A0A0H3K1U2,0
DB14011,Q8I431,0
DB14011,P16608,0
DB14011,P9WGV3,0
DB14011,P44725,0
DB14011,P00451,0
DB14011,P46883,0
DB14011,P42892,0
DB14011,P22557,0
DB14011,P52961,0
DB14011,P77398,0
DB14011,P11349,0
DB14011,Q9UNQ0,0
DB01616,P08908,1
DB01616,P39593,0
DB07776,O95718,1
DB07776,P0A3R9,1
DB07776,P11474,1
DB07776,Q16678,1
DB07776,Q672W7,0
DB07776,O15239,0
DB07776,P56194,0
DB07776,P20138,0
DB07657,P04054,1
DB07657,Q9Y619,0
DB04655,P50135,1
DB04655,L0LZJ6,0
DB04727,P35968,1
DB04727,P25815,0
DB12598,P00734,1
DB12598,P00742,1
DB12598,P00748,1
DB12598,P05362,1
DB12598,P06870,1
DB12598,P07477,1
DB12598,P0DP24,0
DB12598,Q26000,0
DB12598,P15309,0
DB12598,Q99884,0
DB12598,P41180,0
DB12598,P0C0Y8,0
DB04414,P52687,1
DB04414,P62993,0
DB11397,P02787,1
DB11397,P06276,1
DB11397,P45059,0
DB11397,Q02763,0
DB04153,P11766,1
DB04153,P16144,0
DB12610,P34913,1
DB12610,Q9BY49,0
DB13155,P10275,1
DB13155,P28221,0
DB00228,O00305,1
DB00228,O00555,1
DB00228,O00591,1
DB00228,O14764,1
DB00228,O14983,1
DB00228,O15399,1
DB00228,O43497,1
DB00228,O43525,1
DB00228,O43526,1
DB00228,O60359,1
DB00228,O60391,1
DB00228,O60840,1
DB00228,O95180,1
DB00228,O95259,1
DB00228,P14867,1
DB00228,P15382,1
DB00228,P16389,1
DB00228,P17658,1
DB00228,P18505,1
DB00228,P18507,1
DB00228,P22001,1
DB00228,P22459,1
DB00228,P22460,1
DB00228,P23415,1
DB00228,P28472,1
DB00228,P31644,1
DB00228,P34903,1
DB00228,P47869,1
DB00228,P47870,1
DB00228,P48169,1
DB00228,P48547,1
DB00228,P51787,1
DB00228,P54284,1
DB00228,P54289,1
DB00228,P56696,1
DB00228,P62955,1
DB00228,P78334,1
DB00228,P98194,1
DB00228,Q00975,1
DB00228,Q01668,1
DB00228,Q02641,1
DB00228,Q03721,1
DB00228,Q05586,1
DB00228,Q06432,1
DB00228,Q08289,1
DB00228,Q09470,1
DB00228,Q12809,1
DB00228,Q12879,1
DB00228,Q13224,1
DB00228,Q13303,1
DB00228,Q13698,1
DB00228,Q13936,1
DB00228,Q14003,1
DB00228,Q14721,1
DB00228,Q14722,1
DB00228,Q14957,1
DB00228,Q15878,1
DB00228,Q16322,1
DB00228,Q16445,1
DB00228,Q6PIU1,1
DB00228,Q7Z3S7,1
DB00228,Q8IZS8,1
DB00228,Q8N1C3,1
DB00228,Q8NCM2,1
DB00228,Q8TAE7,1
DB00228,Q8TCU5,1
DB00228,Q8TDN1,1
DB00228,Q8TDN2,1
DB00228,Q8WWG9,1
DB00228,Q8WXS5,1
DB00228,Q92953,1
DB00228,Q96KK3,1
DB00228,Q96L42,1
DB00228,Q96PR1,1
DB00228,Q99928,1
DB00228,Q9BQ31,1
DB00228,Q9BXT2,1
DB00228,Q9H252,1
DB00228,Q9H3M0,1
DB00228,Q9NR82,1
DB00228,Q9NS40,1
DB00228,Q9NSA2,1
DB00228,Q9NY47,1
DB00228,Q9NZV8,1
DB00228,Q9P0X4,1
DB00228,Q9UBN1,1
DB00228,Q9UF02,1
DB00228,Q9UIX4,1
DB00228,Q9UJ90,1
DB00228,Q9UJ96,1
DB00228,Q9UK17,1
DB00228,Q9ULD8,1
DB00228,Q9UN88,1
DB00228,Q9UQ05,1
DB00228,Q9Y698,1
DB00228,Q9Y6H6,1
DB00228,Q9Y6J6,1
DB00228,P06968,0
DB00228,P26572,0
DB00228,P23434,0
DB00228,P36673,0
DB00228,Q8IC05,0
DB00228,Q8IEN3,0
DB00228,P14061,0
DB00228,Q45135,0
DB00228,P43889,0
DB00228,P00374,0
DB00228,Q96GD0,0
DB00228,P20132,0
DB00228,P07737,0
DB00228,P02776,0
DB00228,P02794,0
DB00228,P77836,0
DB00228,P08192,0
DB00228,Q15637,0
DB00228,Q27796,0
DB00228,Q9PM68,0
DB00228,Q9HB55,0
DB00228,P12758,0
DB00228,P04732,0
DB00228,P42321,0
DB00228,P06400,0
DB00228,Q9L6V3,0
DB00228,O60656,0
DB00228,Q96DP5,0
DB00228,Q7SIE9,0
DB00228,Q9X022,0
DB00228,O60568,0
DB00228,P21860,0
DB00228,P51788,0
DB00228,Q9X242,0
DB00228,P9WK19,0
DB00228,Q14749,0
DB00228,P0A078,0
DB00228,C0H4L1,0
DB00228,Q9X0L5,0
DB00228,P49286,0
DB00228,O75900,0
DB00228,Q5T1J1,0
DB00228,O00764,0
DB00228,O95167,0
DB00228,P41238,0
DB00228,Q16568,0
DB00228,P50440,0
DB00228,P10635,0
DB00228,P09598,0
DB00228,Q8KI25,0
DB00228,P18548,0
DB00228,Q9UGI5,0
DB00228,Q8WVQ1,0
DB00228,P0A794,0
DB00228,P09622,0
DB00228,P0A4L9,0
DB00228,P50225,0
DB00228,P83223,0
DB00228,Q8IVL5,0
DB00228,Q7L266,0
DB00228,Q7KQL5,0
DB00228,P0A9E0,0
DB00228,P35520,0
DB00228,P14410,0
DB00228,O75908,0
DB00228,O94766,0
DB00228,P07173,0
DB00228,Q44048,0
DB00228,P0A6V7,0
DB00228,P17413,0
DB00228,P00734,0
DB00228,Q05315,0
DB00228,Q8VTT5,0
DB00228,Q53591,0
DB00228,Q8XL08,0
DB00228,P28335,0
DB00228,P23921,0
DB00228,P22314,0
DB00228,P07814,0
DB00228,P06307,0
DB00228,O52646,0
DB00228,Q86V67,0
DB00228,Q53ZE5,0
DB00228,P50250,0
DB00228,O34974,0
DB00228,Q9Y257,0
DB00228,P18314,0
DB00228,P62508,0
DB00228,B7JA91,0
DB00228,P02538,0
DB00228,P12256,0
DB00228,P36956,0
DB00228,P56282,0
DB00228,O25608,0
DB00228,P51692,0
DB00228,P02679,0
DB00228,P29395,0
DB12569,P30542,1
DB12569,Q05581,0
DB03988,P18509,1
DB03988,P13612,0
DB06831,O00329,1
DB06831,P48736,1
DB06831,P15559,0
DB06831,P0ACB2,0
DB07672,P01857,1
DB07672,Q14832,0
DB00155,O94760,1
DB00155,O95865,1
DB00155,P00480,1
DB00155,P00966,1
DB00155,P29474,1
DB00155,P29475,1
DB00155,P35228,1
DB00155,Q5T6L4,1
DB00155,Q6TGC4,1
DB00155,Q9ULC6,1
DB00155,Q9ULW8,1
DB00155,Q9UM07,1
DB00155,Q9Y2J8,1
DB00155,O76083,0
DB00155,P50897,0
DB00155,O14957,0
DB00155,P9WPS1,0
DB00155,Q9HAZ1,0
DB00155,P00492,0
DB00155,Q3JUV5,0
DB00155,P25713,0
DB00155,P00167,0
DB00155,P9WH69,0
DB00155,P55809,0
DB00155,Q9Y616,0
DB00155,Q8ZKR2,0
DB00288,P04083,1
DB00288,P04150,1
DB00288,C6KTA4,0
DB00288,Q32MK0,0
DB04633,P21673,1
DB04633,P18545,0
DB08430,Q6UWM7,1
DB08430,Q7BK04,0
DB01580,P07550,1
DB01580,P08588,1
DB01580,P13945,1
DB01580,Q9L9D7,0
DB01580,O60674,0
DB01580,Q02083,0
DB03577,P15309,1
DB03577,P78536,0
DB00737,P35367,1
DB00737,Q14994,1
DB00737,P50613,0
DB00737,Q8WU03,0
DB07640,B7JBP8,1
DB07640,O67931,1
DB07640,Q9HVZ0,0
DB07640,Q8DR59,0
DB01602,P02918,1
DB01602,P02919,1
DB01602,P08506,1
DB01602,P0AD65,1
DB01602,P0AD68,1
DB01602,P0AEB2,1
DB01602,P24228,1
DB01602,P9WMC1,0
DB01602,Q86US8,0
DB01602,P78330,0
DB01602,P37093,0
DB01602,Q8IVH8,0
DB01602,Q97E82,0
DB01602,Q14181,0
DB11219,P03372,1
DB11219,P06401,1
DB11219,P10275,1
DB11219,Q92731,1
DB11219,P12995,0
DB11219,P14779,0
DB11219,P17707,0
DB11219,P01906,0
DB09089,O00305,1
DB09089,O00555,1
DB09089,O15554,1
DB09089,O43497,1
DB09089,O60840,1
DB09089,O95180,1
DB09089,P08172,1
DB09089,P08173,1
DB09089,P11229,1
DB09089,P20309,1
DB09089,P35372,1
DB09089,P54284,1
DB09089,Q01668,1
DB09089,Q02641,1
DB09089,Q08289,1
DB09089,Q12791,1
DB09089,Q13698,1
DB09089,Q13936,1
DB09089,Q16558,1
DB09089,Q86W47,1
DB09089,Q92952,1
DB09089,Q9H2S1,1
DB09089,Q9NPA1,1
DB09089,Q9P0X4,1
DB09089,Q9UGI6,1
DB09089,Q9Y691,1
DB09089,P09237,0
DB09089,P43886,0
DB09089,P14169,0
DB09089,P09871,0
DB09089,P0AC44,0
DB09089,Q8N568,0
DB09089,Q9P0J0,0
DB09089,Q9Y463,0
DB09089,P52026,0
DB09089,P31942,0
DB09089,P49915,0
DB09089,P05452,0
DB09089,P30101,0
DB09089,P0A9M5,0
DB09089,Q06187,0
DB09089,P20964,0
DB09089,D2YW37,0
DB09089,Q9KM65,0
DB09089,P55408,0
DB09089,O43681,0
DB09089,P01850,0
DB09089,P23416,0
DB09089,Q8WXA8,0
DB09089,Q9KB30,0
DB09089,P0AES4,0
DB09089,Q79FX8,0
DB03330,Q04760,1
DB03330,P07711,0
DB06083,P05231,1
DB06083,P10145,1
DB06083,P29460,1
DB06083,P60568,1
DB06083,P80075,0
DB06083,P40238,0
DB06083,O75636,0
DB06083,Q8T6S0,0
DB01628,P35354,1
DB01628,P01857,0
DB00833,Q75Y35,1
DB00833,Q8XJ01,1
DB00833,P11802,0
DB00833,Q96RI0,0
DB07117,P14780,1
DB07117,P36924,0
DB01165,P11388,1
DB01165,P43700,1
DB01165,P43702,1
DB01165,P11498,0
DB01165,P08493,0
DB01165,Q16719,0
DB04564,P09848,1
DB04564,Q8III5,0
DB07389,P35228,1
DB07389,Q4W9V8,0
DB00547,P04150,1
DB00547,Q7SIA3,0
DB03963,O60603,1
DB03963,P0A745,1
DB03963,P29474,1
DB03963,Q13426,1
DB03963,Q9Y678,1
DB03963,Q8GEZ8,0
DB03963,P27487,0
DB03963,P49916,0
DB03963,P08865,0
DB03963,Q71U36,0
DB07321,P09467,1
DB07321,P83793,0
DB00717,P04150,1
DB00717,P06401,1
DB00717,P10275,1
DB00717,P36204,0
DB00717,P54716,0
DB00717,Q5SJ28,0
DB01942,O07347,1
DB01942,O14936,1
DB01942,O31465,1
DB01942,O34714,1
DB01942,P00780,1
DB01942,P00918,1
DB01942,P05041,1
DB01942,P05230,1
DB01942,P07998,1
DB01942,P09601,1
DB01942,P0A1V8,1
DB01942,P0A6D3,1
DB01942,P0A6K3,1
DB01942,P0A733,1
DB01942,P0A7E1,1
DB01942,P14621,1
DB01942,P16544,1
DB01942,P20472,1
DB01942,P22629,1
DB01942,P29475,1
DB01942,P30749,1
DB01942,P39841,1
DB01942,P42321,1
DB01942,P75914,1
DB01942,P77454,1
DB01942,P77872,1
DB01942,P80357,1
DB01942,P9WKE9,1
DB01942,P9WPE1,1
DB01942,Q06700,1
DB01942,Q13363,1
DB01942,Q27796,1
DB01942,Q46891,1
DB01942,Q59643,1
DB01942,Q5SHZ4,1
DB01942,Q60099,1
DB01942,Q81C15,1
DB01942,Q81F54,1
DB01942,Q8MU52,1
DB01942,Q99418,1
DB01942,Q9BVM4,1
DB01942,Q9NQX3,1
DB01942,Q9WXS0,1
DB01942,Q9X0F9,1
DB01942,Q9X0L5,1
DB01942,Q9X0N8,1
DB01942,Q9X0V0,1
DB01942,Q9X278,1
DB01942,Q9Z4N6,1
DB01942,O14763,0
DB01942,P00813,0
DB01942,P96618,0
DB01942,P11168,0
DB01942,P11217,0
DB01942,P98194,0
DB01942,P62955,0
DB01942,P47775,0
DB01942,O14832,0
DB01942,Q9NP56,0
DB01942,Q8TD43,0
DB01942,P08690,0
DB01942,O68541,0
DB01942,P04150,0
DB01942,P27828,0
DB01942,O95838,0
DB01942,P05062,0
DB01942,P47895,0
DB01942,Q9GV41,0
DB01942,Q6NS38,0
DB01942,Q8IJ74,0
DB01942,Q6PKH6,0
DB01942,P02974,0
DB01942,Q15878,0
DB01942,P12931,0
DB01942,P56868,0
DB01942,P31025,0
DB01942,P06716,0
DB01942,O00204,0
DB01942,P23181,0
DB01942,Q8IIA4,0
DB01942,P0A334,0
DB01942,Q5JPH6,0
DB01942,P04731,0
DB01942,P14679,0
DB01942,Q15118,0
DB01942,P53420,0
DB01942,P28161,0
DB01942,O00555,0
DB01942,A0A045KKX4,0
DB01942,P26514,0
DB01942,P0A6H7,0
DB01942,O00264,0
DB01942,Q00536,0
DB01942,P35372,0
DB01942,P69054,0
DB01942,P50416,0
DB01942,P48651,0
DB01942,P09373,0
DB00319,P0A3M6,1
DB00319,Q75Y35,1
DB00319,Q7CRA4,1
DB00319,Q8DNB6,1
DB00319,Q8IEM3,0
DB00319,Q8ILK3,0
DB00319,Q92952,0
DB00319,P43116,0
DB04071,P00326,1
DB04071,P13945,0
DB02044,P29474,1
DB02044,P29475,1
DB02044,P35228,1
DB02044,P81605,0
DB02044,Q74EF5,0
DB02044,O75489,0
DB02116,P06493,1
DB02116,P24941,1
DB02116,P28482,1
DB02116,Q00535,1
DB02116,P37330,0
DB02116,P47901,0
DB02116,A0A0H2WWQ9,0
DB02116,P09917,0
DB14723,P04629,1
DB14723,Q16288,1
DB14723,Q16620,1
DB14723,Q2TU84,0
DB14723,Q9NRE1,0
DB14723,P16113,0
DB04119,P22314,1
DB04119,Q9UQM7,1
DB04119,Q9UBS5,0
DB04119,P02787,0
DB08453,O14949,1
DB08453,O14957,1
DB08453,P00156,1
DB08453,P07919,1
DB08453,P08574,1
DB08453,P14927,1
DB08453,P22695,1
DB08453,P31930,1
DB08453,P47985,1
DB08453,P83791,1
DB08453,P83792,1
DB08453,P83793,1
DB08453,P83794,1
DB08453,P83795,1
DB08453,P83796,1
DB08453,P83797,1
DB08453,P83798,1
DB08453,Q9UDW1,1
DB08453,Q96Q83,0
DB08453,P42338,0
DB08453,O75380,0
DB08453,P04003,0
DB08453,Q9Y5Y9,0
DB08453,P17676,0
DB08453,P36956,0
DB08453,Q8IJT2,0
DB08453,P0C2P0,0
DB08453,Q9NPH2,0
DB08453,P09622,0
DB08453,P19624,0
DB08453,P15151,0
DB08453,Q13574,0
DB08453,P20276,0
DB08453,O75489,0
DB08453,P42971,0
DB08453,P06729,0
DB08074,P24182,1
DB08074,P03923,0
DB06881,Q5L1E2,1
DB06881,Q9UIC8,0
DB00461,P23219,1
DB00461,P35354,1
DB00461,P68363,0
DB00461,Q9UKL6,0
DB13437,O00591,1
DB13437,O14764,1
DB13437,P14867,1
DB13437,P18505,1
DB13437,P18507,1
DB13437,P28472,1
DB13437,P31644,1
DB13437,P34903,1
DB13437,P47869,1
DB13437,P47870,1
DB13437,P48169,1
DB13437,P78334,1
DB13437,Q16445,1
DB13437,Q8N1C3,1
DB13437,Q99928,1
DB13437,Q9UN88,1
DB13437,Q16552,0
DB13437,P08648,0
DB13437,P9WHH7,0
DB13437,P07944,0
DB13437,P0A9Z7,0
DB13437,Q5SJH3,0
DB13437,P00414,0
DB13437,P16233,0
DB13437,P10915,0
DB13437,Q9HA77,0
DB13437,Q9NRX3,0
DB13437,P0A9D2,0
DB13437,P49759,0
DB13437,P30872,0
DB13437,P43116,0
DB13437,P9WFF7,0
DB03351,P00374,1
DB03351,O95139,0
DB01614,P08908,1
DB01614,P14416,1
DB01614,P21728,1
DB01614,P28223,1
DB01614,P35348,1
DB01614,P35368,1
DB01614,P02647,0
DB01614,P13639,0
DB01614,Q06203,0
DB01614,P00644,0
DB01614,P9WGY3,0
DB01614,P75792,0
DB04457,P0A884,1
DB04457,P42261,0
DB00990,P11511,1
DB00990,Q16348,0
DB07574,P68363,1
DB07574,Q71U36,1
DB07574,Q9BQE3,1
DB07574,Q9BVA1,1
DB07574,Q9H169,1
DB07574,P40939,0
DB07574,Q57366,0
DB07574,P21890,0
DB07574,P05067,0
DB07574,P22557,0
DB08181,P22629,1
DB08181,P0A9M2,0
DB02183,P49773,1
DB02183,Q9ULX7,0
DB08015,P53779,1
DB08015,P56817,0
DB09245,P21397,1
DB09245,P25098,0
DB08043,P00519,1
DB08043,O69007,0
DB02473,P00749,1
DB02473,Q15858,0
DB02128,P25779,1
DB02128,P0AA43,0
DB04069,P53355,1
DB04069,Q16613,0
DB04312,P00326,1
DB04312,Q4R2T2,0
DB04838,P23141,1
DB04838,P54289,1
DB04838,A0A0M3KKX1,0
DB04838,O15217,0
DB08151,P11217,1
DB08151,Q96D53,0
DB04466,O75469,1
DB04466,P11759,0
DB07652,Q9KEI9,1
DB07652,Q9UBT6,1
DB07652,Q5JTZ9,0
DB07652,Q12756,0
DB11921,P04150,1
DB11921,P05108,0
DB07593,P43235,1
DB07593,P09210,0
DB07119,Q15788,1
DB07119,Q92731,1
DB07119,P45844,0
DB07119,P23946,0
DB01692,P04183,1
DB01692,P22262,1
DB01692,P9WHE9,1
DB01692,P0A444,0
DB01692,P9WIL5,0
DB01692,Q9NYL2,0
DB07978,Q02127,1
DB07978,P69856,0
DB15688,Q16602,1
DB15688,P0C0T5,0
DB00453,P0A7V8,1
DB00453,P0A7X3,1
DB00453,P00451,0
DB00453,P83787,0
DB02459,P00751,1
DB02459,P20742,0
DB01205,O00591,1
DB01205,O14764,1
DB01205,P14867,1
DB01205,P18505,1
DB01205,P18507,1
DB01205,P28472,1
DB01205,P31644,1
DB01205,P34903,1
DB01205,P47869,1
DB01205,P47870,1
DB01205,P48169,1
DB01205,P78334,1
DB01205,Q16445,1
DB01205,Q8N1C3,1
DB01205,Q99928,1
DB01205,Q9UN88,1
DB01205,P55882,0
DB01205,P16499,0
DB01205,Q9Y230,0
DB01205,Q54AI1,0
DB01205,P02656,0
DB01205,Q9RW27,0
DB01205,P24630,0
DB01205,P24557,0
DB01205,Q9H0K1,0
DB01205,Q75Y35,0
DB01205,P00918,0
DB01205,Q4ZHU6,0
DB01205,O15217,0
DB01205,P31133,0
DB01205,Q56691,0
DB01205,P09874,0
DB06825,P30968,1
DB06825,Q92769,0
DB04905,P08183,1
DB04905,P35367,1
DB04905,Q7Z4T2,0
DB04905,Q13153,0
DB07099,P09960,1
DB07099,Q9Y691,0
DB06210,P40238,1
DB06210,Q56308,0
DB07429,Q820T1,1
DB07429,P83223,0
DB00153,O00305,1
DB00153,O00555,1
DB00153,O43497,1
DB00153,O60359,1
DB00153,O60840,1
DB00153,O95180,1
DB00153,P11473,1
DB00153,P54284,1
DB00153,P54289,1
DB00153,P62955,1
DB00153,Q00975,1
DB00153,Q01668,1
DB00153,Q02641,1
DB00153,Q06432,1
DB00153,Q08289,1
DB00153,Q13698,1
DB00153,Q13936,1
DB00153,Q15878,1
DB00153,Q7Z3S7,1
DB00153,Q8IZS8,1
DB00153,Q8WXS5,1
DB00153,Q9BXT2,1
DB00153,Q9NY47,1
DB00153,Q9P0X4,1
DB00153,Q9UBN1,1
DB00153,Q9UF02,1
DB00153,Q9Y698,1
DB00153,P36896,0
DB00153,Q9ZF99,0
DB00153,P34981,0
DB00153,P00749,0
DB00153,Q56839,0
DB00153,P0A9B2,0
DB00153,P30874,0
DB00153,O14717,0
DB00153,P12104,0
DB00153,P37062,0
DB00153,P06710,0
DB00153,O31168,0
DB00153,P16118,0
DB00153,P06734,0
DB00153,Q9BPV8,0
DB00153,P62736,0
DB00153,P21589,0
DB00153,O15382,0
DB00153,P17181,0
DB00153,P42338,0
DB00153,P16220,0
DB00153,Q01344,0
DB00153,P18509,0
DB00153,P07741,0
DB00153,P00747,0
DB00153,O95750,0
DB00153,Q9UP95,0
DB00628,O00591,1
DB00628,O14764,1
DB00628,P14867,1
DB00628,P18505,1
DB00628,P18507,1
DB00628,P28472,1
DB00628,P31644,1
DB00628,P34903,1
DB00628,P47869,1
DB00628,P47870,1
DB00628,P48169,1
DB00628,P78334,1
DB00628,Q16445,1
DB00628,Q8N1C3,1
DB00628,Q99928,1
DB00628,Q9UN88,1
DB00628,P0A6J8,0
DB00628,Q01082,0
DB00628,P10696,0
DB00628,P0A733,0
DB00628,O15350,0
DB00628,P60174,0
DB00628,A0A0E1R3H3,0
DB00628,P09238,0
DB00628,P06983,0
DB00628,P08373,0
DB00628,P58758,0
DB00628,P17568,0
DB00628,O14561,0
DB00628,P15313,0
DB00628,P09871,0
DB00628,P0A9S1,0
DB07388,P29474,1
DB07388,P35228,1
DB07388,Q5SHQ5,0
DB07388,P06129,0
DB00778,P08183,1
DB00778,P0A7J6,1
DB00778,P9WGR1,0
DB00778,P13640,0
DB02435,P07477,1
DB02435,P33038,1
DB02435,Q96C36,0
DB02435,P46736,0
DB03918,P29474,1
DB03918,P70174,0
DB09242,P08913,1
DB09242,Q9Y2I1,1
DB09242,P30939,0
DB09242,Q12797,0
DB07711,P00813,1
DB07711,O95977,0
DB01121,P35498,1
DB01121,P83844,0
DB04417,P19961,1
DB04417,P50225,1
DB04417,P61925,0
DB04417,P05543,0
DB03854,Q46893,1
DB03854,Q07817,0
DB02096,P00813,1
DB02096,Q8IU85,0
DB11348,O14958,1
DB11348,O75340,1
DB11348,O75838,1
DB11348,P04271,1
DB11348,P06703,1
DB11348,P09486,1
DB11348,P0DP23,1
DB11348,P0DP24,1
DB11348,P0DP25,1
DB11348,P13693,1
DB11348,P22676,1
DB11348,P27797,1
DB11348,P27824,1
DB11348,P28676,1
DB11348,P30626,1
DB11348,P31415,1
DB11348,P41180,1
DB11348,P62166,1
DB11348,P80303,1
DB11348,Q02818,1
DB11348,Q13938,1
DB11348,Q15493,1
DB11348,Q86UW7,1
DB11348,Q96FQ6,1
DB11348,Q96L12,1
DB11348,Q99584,1
DB11348,Q99653,1
DB11348,Q99828,1
DB11348,Q9UBV8,1
DB11348,Q9ULB1,1
DB11348,Q9ULU8,1
DB11348,Q8GMG0,0
DB11348,Q6PEY2,0
DB11348,P52699,0
DB11348,Q9KVB4,0
DB11348,P37747,0
DB11348,Q9Y5S8,0
DB11348,Q08462,0
DB11348,Q9BRS2,0
DB11348,P83796,0
DB11348,P0A0Z8,0
DB11348,P77541,0
DB11348,P53667,0
DB11348,P54687,0
DB11348,Q3JWH7,0
DB11348,P31939,0
DB11348,P31992,0
DB11348,Q3JUV5,0
DB11348,P06672,0
DB11348,O95747,0
DB11348,P09871,0
DB11348,Q8WWL2,0
DB11348,Q15878,0
DB11348,P29899,0
DB11348,P09373,0
DB11348,B2ZTR6,0
DB11348,P06493,0
DB11348,Q93TU6,0
DB11348,P13036,0
DB11348,Q9KIE5,0
DB11348,P00480,0
DB11348,P18314,0
DB01814,P06971,1
DB01814,P13661,0
DB04117,P30084,1
DB04117,Q5NUL3,0
DB00465,P23219,1
DB00465,P35354,1
DB00465,Q9UJ96,0
DB00465,P09622,0
DB07127,P23467,1
DB07127,P0AE67,0
DB01357,P03372,1
DB01357,Q83LD8,0
DB00240,P04150,1
DB00240,P05187,0
DB07452,P28720,1
DB07452,O14594,0
DB04841,O43497,1
DB04841,O95180,1
DB04841,P0DP23,1
DB04841,P35367,1
DB04841,Q9P0X4,1
DB04841,O07529,0
DB04841,P9WP23,0
DB04841,P04190,0
DB04841,Q9KU37,0
DB04841,Q9UNA0,0
DB01179,P07437,1
DB01179,P11388,1
DB01179,P68366,1
DB01179,Q9UQL6,0
DB01179,Q05932,0
DB01179,P78540,0
DB09212,P23219,1
DB09212,P35354,1
DB09212,P07773,0
DB09212,O75330,0
DB03648,Q8I372,1
DB03648,P97084,0
DB11831,P09211,1
DB11831,P16455,1
DB11831,P51691,0
DB11831,P48048,0
DB08491,P03956,1
DB08491,Q59560,0
DB01036,P08172,1
DB01036,P08173,1
DB01036,P08912,1
DB01036,P11229,1
DB01036,P20309,1
DB01036,P53041,0
DB01036,P17787,0
DB01036,P20711,0
DB01036,P62937,0
DB01036,P83849,0
DB07058,P49841,1
DB07058,Q9X1F8,0
DB03612,Q16836,1
DB03612,P25815,0
DB07794,P28482,1
DB07794,P43235,0
DB01353,P14867,1
DB01353,P31644,1
DB01353,P34903,1
DB01353,P36544,1
DB01353,P42262,1
DB01353,P43681,1
DB01353,P47869,1
DB01353,P48169,1
DB01353,Q13002,1
DB01353,Q16445,1
DB01353,Q25634,0
DB01353,O43519,0
DB01353,Q86VU5,0
DB01353,P51800,0
DB01353,P25789,0
DB01353,P53671,0
DB01353,Q9BYT3,0
DB01353,P14900,0
DB01353,P20839,0
DB01353,O00591,0
DB00690,O00591,1
DB00690,O14764,1
DB00690,P14867,1
DB00690,P18505,1
DB00690,P18507,1
DB00690,P28472,1
DB00690,P31644,1
DB00690,P34903,1
DB00690,P47869,1
DB00690,P47870,1
DB00690,P48169,1
DB00690,P78334,1
DB00690,Q16445,1
DB00690,Q8N1C3,1
DB00690,Q99928,1
DB00690,Q9UN88,1
DB00690,O66496,0
DB00690,Q32P28,0
DB00690,P28702,0
DB00690,P75430,0
DB00690,P07498,0
DB00690,O00187,0
DB00690,P06280,0
DB00690,Q9X1H9,0
DB00690,P01008,0
DB00690,Q9Y6K9,0
DB00690,P49721,0
DB00690,P0A8Q0,0
DB00690,P06756,0
DB00690,P31142,0
DB00690,Q9HA77,0
DB00690,P04271,0
DB12941,P06401,1
DB12941,P10275,1
DB12941,P37288,0
DB12941,P23560,0
DB07026,P39900,1
DB07026,P0A0N5,0
DB00545,P02768,1
DB00545,P06276,1
DB00545,P22303,1
DB00545,P22234,0
DB00545,Q13237,0
DB00545,Q9NPC2,0
DB02705,P00749,1
DB02705,P31101,0
DB03237,P0AES2,1
DB03237,P16118,0
DB12364,P00742,1
DB12364,P39126,0
DB01738,P05771,1
DB01738,P12998,0
DB01651,P02743,1
DB01651,P39300,0
DB08908,Q04206,1
DB08908,Q14145,1
DB08908,Q8RLY5,0
DB08908,P04049,0
DB02260,P0ACB2,1
DB02260,P13716,1
DB02260,Q8NFJ5,0
DB02260,P50579,0
DB03095,Q14376,1
DB03095,Q5SIH3,0
DB04327,P60484,1
DB04327,Q8YSC4,1
DB04327,Q9UNN8,1
DB04327,P31639,0
DB04327,P08870,0
DB04327,P07944,0
DB02684,P07814,1
DB02684,P21281,0
DB00356,Q12791,1
DB00356,P09467,0
DB03623,P53779,1
DB03623,P22061,0
DB01114,P23975,1
DB01114,P31645,1
DB01114,P35367,1
DB01114,Q01959,1
DB01114,Q56694,0
DB01114,Q5SJ79,0
DB01114,P67936,0
DB01114,P15813,0
DB11712,P13569,1
DB11712,P0AG16,0
DB00213,O94760,1
DB00213,P20648,1
DB00213,P55792,0
DB00213,P07801,0
DB01145,Q27738,1
DB01145,Q8Z2X8,0
DB08435,P37231,1
DB08435,Q9NYV7,0
DB04689,P37231,1
DB04689,P30749,0
DB00774,O43570,1
DB00774,P00915,1
DB00774,P00918,1
DB00774,P05023,1
DB00774,P22748,1
DB00774,P43166,1
DB00774,Q12791,1
DB00774,Q13621,1
DB00774,Q16790,1
DB00774,O96000,0
DB00774,P15259,0
DB00774,P06988,0
DB00774,P15474,0
DB00774,Q9UNI1,0
DB00774,P27696,0
DB00774,P33260,0
DB00774,P72524,0
DB00774,P20674,0
DB03327,P10724,1
DB03327,Q6NS38,0
DB04489,O75976,1
DB04489,O43497,0
DB00938,P07550,1
DB00938,P08588,1
DB00938,P13945,1
DB00938,P35754,0
DB00938,Q04828,0
DB00938,C3T8E2,0
DB06595,P09619,1
DB06595,P10721,1
DB06595,P16234,1
DB06595,P17252,1
DB06595,P35968,1
DB06595,P36888,1
DB06595,A9CJ63,0
DB06595,P0AAI5,0
DB06595,P21549,0
DB06595,Q05940,0
DB06595,O95835,0
DB06595,F1T0I5,0
DB03158,P32019,1
DB03158,O15379,0
DB03801,O25323,1
DB03801,P05020,1
DB03801,P0A1V8,1
DB03801,P0A433,1
DB03801,P10724,1
DB03801,P13661,1
DB03801,P14489,1
DB03801,P14900,1
DB03801,P15925,1
DB03801,P22188,1
DB03801,P24941,1
DB03801,P39377,1
DB03801,P81006,1
DB03801,Q45515,1
DB03801,Q70AC7,1
DB03801,Q7SIE9,1
DB03801,Q8VTT5,1
DB03801,Q9HTQ2,1
DB03801,Q9WYE2,1
DB03801,P02763,0
DB03801,Q9LCV9,0
DB03801,P0A9S1,0
DB03801,P24093,0
DB03801,P22459,0
DB03801,P09429,0
DB03801,P04350,0
DB03801,P07947,0
DB03801,Q6GJI1,0
DB03801,C1KC03,0
DB03801,Q14994,0
DB03801,O00303,0
DB03801,P21695,0
DB03801,O75330,0
DB03801,P47712,0
DB03801,P41743,0
DB03801,P77173,0
DB03801,Q9UGN5,0
DB03801,P60906,0
DB00211,P25100,1
DB00211,P35348,1
DB00211,P35368,1
DB00211,Q9X278,0
DB00211,P29957,0
DB00211,Q86T13,0
DB00641,P04035,1
DB00641,P20701,1
DB00641,Q92769,1
DB00641,Q32P28,0
DB00641,Q8RQE9,0
DB00641,P09850,0
DB00682,O75469,1
DB00682,Q9BQB6,1
DB00682,P04181,0
DB00682,P43657,0
DB06408,P20839,1
DB06408,P22413,1
DB06408,P49902,1
DB06408,P21980,0
DB06408,P0A6T8,0
DB06408,P01861,0
DB03411,P9WP01,1
DB03411,P37268,0
DB01998,P01009,1
DB01998,Q8GGK7,0
DB00656,P08908,1
DB00656,P08909,1
DB00656,P08913,1
DB00656,P28223,1
DB00656,P28335,1
DB00656,P31645,1
DB00656,P35348,1
DB00656,P35367,1
DB00656,P50225,0
DB00656,Q9RN68,0
DB00656,P30613,0
DB00656,P10912,0
DB00656,Q15116,0
DB00656,P20831,0
DB00656,P17568,0
DB00656,P0AF93,0
DB00160,P21549,1
DB00160,P24298,1
DB00160,P43007,1
DB00160,P49588,1
DB00160,P80404,1
DB00160,Q16719,1
DB00160,Q5JTZ9,1
DB00160,Q7Z2H8,1
DB00160,Q8IUZ5,1
DB00160,Q8TD30,1
DB00160,Q9BYV1,1
DB00160,Q9UHI5,1
DB00160,Q9Y697,1
DB00160,Q9UIC8,0
DB00160,P50597,0
DB00160,Q27743,0
DB00160,P00778,0
DB00160,Q9Y285,0
DB00160,Q15904,0
DB00160,P08217,0
DB00160,Q9UK32,0
DB00160,P36946,0
DB00160,P14642,0
DB00160,Q7CRA4,0
DB00160,Q9RHZ6,0
DB00160,P02818,0
DB01103,O60733,1
DB01103,P47712,1
DB01103,Q15111,1
DB01103,P14218,0
DB01103,O00398,0
DB01103,Q9NY65,0
DB04654,P07477,1
DB04654,P20231,1
DB04654,Q96GA7,0
DB04654,P62662,0
DB02319,Q46856,1
DB02319,Q96C24,0
DB00350,P00797,1
DB00350,P23219,1
DB00350,P48048,1
DB00350,Q15118,0
DB00350,P17900,0
DB00350,P11836,0
DB06634,P08684,1
DB06634,P25103,1
DB06634,P30536,0
DB06634,P11309,0
DB08175,P28702,1
DB08175,Q13133,1
DB08175,Q15596,1
DB08175,P23526,0
DB08175,P9WJI5,0
DB08175,Q9UJ96,0
DB03869,P0A8M5,1
DB03869,P25971,0
DB06893,Q9I5I9,1
DB06893,P19926,0
DB07965,P43235,1
DB07965,Q01693,0
DB08490,P45452,1
DB08490,Q8ID50,0
DB11942,O14980,1
DB11942,P32055,0
DB01235,P14416,1
DB01235,P21728,1
DB01235,P21917,1
DB01235,P21918,1
DB01235,P35462,1
DB01235,Q9Y619,0
DB01235,P04036,0
DB01235,Q9Y257,0
DB01235,Q9Y271,0
DB01235,Q96L21,0
DB07952,P00929,1
DB07952,P0A2K1,1
DB07952,P0A079,0
DB07952,P10844,0
DB07054,P24941,1
DB07054,P56868,0
DB05792,Q5T1J1,1
DB05792,P59676,0
DB07542,P07339,1
DB07542,Q82EE4,0
DB05188,Q03181,1
DB05188,Q9HCD5,0
DB04890,P35367,1
DB04890,Q86U10,0
DB02802,P01556,1
DB02802,O15239,0
DB09229,O60840,1
DB09229,P08913,1
DB09229,P18089,1
DB09229,P18825,1
DB09229,P25100,1
DB09229,P35348,1
DB09229,P35368,1
DB09229,Q01668,1
DB09229,Q13698,1
DB09229,Q13936,1
DB09229,Q8N543,0
DB09229,P21281,0
DB09229,Q16873,0
DB09229,Q00536,0
DB09229,P14625,0
DB09229,Q96GR2,0
DB09229,P29899,0
DB09229,P42338,0
DB09229,P49137,0
DB09229,Q14289,0
DB02235,P05067,1
DB02235,P29422,1
DB02235,Q93UV9,1
DB02235,Q6PHR2,0
DB02235,Q9UHD2,0
DB02235,P09884,0
DB00993,P63000,1
DB00993,P15104,0
DB07370,Q08638,1
DB07370,Q6IBS8,0
DB15617,P02786,1
DB15617,P69905,1
DB15617,Q9UP52,1
DB15617,Q9UNN8,0
DB15617,Q59FW3,0
DB15617,P54289,0
DB00188,P20618,1
DB00188,P28074,1
DB00188,P10478,0
DB00188,P05121,0
DB08162,O75116,1
DB08162,P17612,1
DB08162,P61925,1
DB08162,Q13464,1
DB08162,O14763,0
DB08162,Q9NR82,0
DB08162,P49840,0
DB08162,P09850,0
DB03888,P33247,1
DB03888,P09874,0
DB07991,P03372,1
DB07991,Q9NP99,0
DB08590,Q9NWZ3,1
DB08590,P02787,0
DB03539,Q13231,1
DB03539,P07202,0
DB04152,P42262,1
DB04152,P83787,0
DB04739,P12931,1
DB04739,Q9NYY3,0
DB02516,P31572,1
DB02516,P21333,0
DB02743,Q65CX5,1
DB02743,P35590,0
DB14527,P00167,1
DB14527,P60844,0
DB00293,P04818,1
DB00293,Q05932,1
DB00293,Q9Y6M9,0
DB00293,P04062,0
DB02794,P08179,1
DB02794,P05193,0
DB08138,P24941,1
DB08138,O15375,0
DB05414,Q81ZL8,1
DB05414,Q9X1K9,0
DB00817,P0AES6,1
DB00817,P0AFI2,1
DB00817,P04732,0
DB00817,Q8N1G2,0
DB04538,O66145,1
DB04538,Q9UK23,0
DB01917,P07550,1
DB01917,P08588,1
DB01917,P11926,1
DB01917,P17707,1
DB01917,P31133,1
DB01917,Q5SSJ5,0
DB01917,P36404,0
DB01917,Q8N9I0,0
DB01917,Q9NRF9,0
DB01917,P09668,0
DB12010,O00238,1
DB12010,O00329,1
DB12010,O00444,1
DB12010,O00519,1
DB12010,O14578,1
DB12010,O14730,1
DB12010,O14757,1
DB12010,O14920,1
DB12010,O14936,1
DB12010,O14965,1
DB12010,O14976,1
DB12010,O15075,1
DB12010,O15146,1
DB12010,O15197,1
DB12010,O15264,1
DB12010,O15530,1
DB12010,O43283,1
DB12010,O43293,1
DB12010,O43353,1
DB12010,O43741,1
DB12010,O60285,1
DB12010,O60674,1
DB12010,O75116,1
DB12010,O75385,1
DB12010,O75460,1
DB12010,O75716,1
DB12010,O75747,1
DB12010,O75914,1
DB12010,O76074,1
DB12010,O94768,1
DB12010,O94804,1
DB12010,O95382,1
DB12010,O95747,1
DB12010,O95819,1
DB12010,O95835,1
DB12010,O96013,1
DB12010,O96017,1
DB12010,P00519,1
DB12010,P00533,1
DB12010,P04049,1
DB12010,P04626,1
DB12010,P04629,1
DB12010,P05129,1
DB12010,P06213,1
DB12010,P06239,1
DB12010,P06241,1
DB12010,P06493,1
DB12010,P07332,1
DB12010,P07333,1
DB12010,P07498,1
DB12010,P07711,1
DB12010,P07947,1
DB12010,P07948,1
DB12010,P07949,1
DB12010,P08581,1
DB12010,P08631,1
DB12010,P08922,1
DB12010,P09619,1
DB12010,P09769,1
DB12010,P09917,1
DB12010,P0C264,1
DB12010,P0DMS8,1
DB12010,P10721,1
DB12010,P11309,1
DB12010,P11362,1
DB12010,P11802,1
DB12010,P12931,1
DB12010,P14616,1
DB12010,P15056,1
DB12010,P16234,1
DB12010,P16591,1
DB12010,P17612,1
DB12010,P17948,1
DB12010,P19525,1
DB12010,P19784,1
DB12010,P21709,1
DB12010,P21802,1
DB12010,P22309,1
DB12010,P22607,1
DB12010,P22694,1
DB12010,P23458,1
DB12010,P25774,1
DB12010,P27448,1
DB12010,P29317,1
DB12010,P29320,1
DB12010,P29322,1
DB12010,P29323,1
DB12010,P29376,1
DB12010,P29597,1
DB12010,P30291,1
DB12010,P30530,1
DB12010,P31152,1
DB12010,P33981,1
DB12010,P35590,1
DB12010,P35916,1
DB12010,P35968,1
DB12010,P36507,1
DB12010,P36888,1
DB12010,P36896,1
DB12010,P36897,1
DB12010,P37173,1
DB12010,P41240,1
DB12010,P41743,1
DB12010,P42345,1
DB12010,P42679,1
DB12010,P42680,1
DB12010,P42681,1
DB12010,P42684,1
DB12010,P42685,1
DB12010,P43403,1
DB12010,P43405,1
DB12010,P45984,1
DB12010,P46734,1
DB12010,P48729,1
DB12010,P48736,1
DB12010,P49759,1
DB12010,P49760,1
DB12010,P49761,1
DB12010,P49840,1
DB12010,P49841,1
DB12010,P51451,1
DB12010,P51617,1
DB12010,P51812,1
DB12010,P51813,1
DB12010,P51955,1
DB12010,P51956,1
DB12010,P51957,1
DB12010,P52333,1
DB12010,P52564,1
DB12010,P53350,1
DB12010,P53355,1
DB12010,P53667,1
DB12010,P53671,1
DB12010,P53779,1
DB12010,P54619,1
DB12010,P54646,1
DB12010,P54756,1
DB12010,P54760,1
DB12010,P54762,1
DB12010,P54764,1
DB12010,P57059,1
DB12010,P57078,1
DB12010,P62344,1
DB12010,P68400,1
DB12010,P78356,1
DB12010,P80192,1
DB12010,P9WI81,1
DB12010,Q00532,1
DB12010,Q00536,1
DB12010,Q00537,1
DB12010,Q02156,1
DB12010,Q02763,1
DB12010,Q02779,1
DB12010,Q04759,1
DB12010,Q04771,1
DB12010,Q04912,1
DB12010,Q05397,1
DB12010,Q05655,1
DB12010,Q06187,1
DB12010,Q06418,1
DB12010,Q07912,1
DB12010,Q08345,1
DB12010,Q08881,1
DB12010,Q12851,1
DB12010,Q12852,1
DB12010,Q12866,1
DB12010,Q13131,1
DB12010,Q13153,1
DB12010,Q13163,1
DB12010,Q13164,1
DB12010,Q13177,1
DB12010,Q13188,1
DB12010,Q13233,1
DB12010,Q13237,1
DB12010,Q13470,1
DB12010,Q13523,1
DB12010,Q13546,1
DB12010,Q13554,1
DB12010,Q13555,1
DB12010,Q13557,1
DB12010,Q13627,1
DB12010,Q13873,1
DB12010,Q13882,1
DB12010,Q14012,1
DB12010,Q14164,1
DB12010,Q14289,1
DB12010,Q14680,1
DB12010,Q15139,1
DB12010,Q15208,1
DB12010,Q15303,1
DB12010,Q15375,1
DB12010,Q15418,1
DB12010,Q15569,1
DB12010,Q15746,1
DB12010,Q16288,1
DB12010,Q16512,1
DB12010,Q16513,1
DB12010,Q16539,1
DB12010,Q16584,1
DB12010,Q16620,1
DB12010,Q16816,1
DB12010,Q16832,1
DB12010,Q2M2I8,1
DB12010,Q32MK0,1
DB12010,Q52WX2,1
DB12010,Q56UN5,1
DB12010,Q59H18,1
DB12010,Q5S007,1
DB12010,Q6DT37,1
DB12010,Q6P3R8,1
DB12010,Q6PHR2,1
DB12010,Q6ZN16,1
DB12010,Q7KZI7,1
DB12010,Q7L7X3,1
DB12010,Q7Z460,1
DB12010,Q86UE8,1
DB12010,Q86V86,1
DB12010,Q86YV6,1
DB12010,Q8IU85,1
DB12010,Q8IVH8,1
DB12010,Q8IW41,1
DB12010,Q8IY84,1
DB12010,Q8IYT8,1
DB12010,Q8N4C8,1
DB12010,Q8N568,1
DB12010,Q8N5S9,1
DB12010,Q8NEV4,1
DB12010,Q8NFD2,1
DB12010,Q8NG66,1
DB12010,Q8NI60,1
DB12010,Q8TBX8,1
DB12010,Q8TD08,1
DB12010,Q8TD19,1
DB12010,Q8TDR2,1
DB12010,Q8WU08,1
DB12010,Q92772,1
DB12010,Q92918,1
DB12010,Q96BR1,1
DB12010,Q96D53,1
DB12010,Q96GD4,1
DB12010,Q96L34,1
DB12010,Q96NX5,1
DB12010,Q96PY6,1
DB12010,Q96Q40,1
DB12010,Q96RR4,1
DB12010,Q99640,1
DB12010,Q99759,1
DB12010,Q99808,1
DB12010,Q99870,1
DB12010,Q9BQI3,1
DB12010,Q9BRS2,1
DB12010,Q9BUB5,1
DB12010,Q9BVS4,1
DB12010,Q9BXA7,1
DB12010,Q9BYT3,1
DB12010,Q9C098,1
DB12010,Q9H093,1
DB12010,Q9H0K1,1
DB12010,Q9H1R3,1
DB12010,Q9H2G2,1
DB12010,Q9H2K8,1
DB12010,Q9H2X6,1
DB12010,Q9H3Y6,1
DB12010,Q9H422,1
DB12010,Q9H4B4,1
DB12010,Q9HAZ1,1
DB12010,Q9HBH9,1
DB12010,Q9NQU5,1
DB12010,Q9NRH2,1
DB12010,Q9NRP7,1
DB12010,Q9NSY1,1
DB12010,Q9NWZ3,1
DB12010,Q9NYL2,1
DB12010,Q9NYY3,1
DB12010,Q9P0L2,1
DB12010,Q9P286,1
DB12010,Q9P289,1
DB12010,Q9P2K8,1
DB12010,Q9UBF8,1
DB12010,Q9UEE5,1
DB12010,Q9UEW8,1
DB12010,Q9UF33,1
DB12010,Q9UGI9,1
DB12010,Q9UGJ0,1
DB12010,Q9UHD2,1
DB12010,Q9UIK4,1
DB12010,Q9UK32,1
DB12010,Q9UKE5,1
DB12010,Q9UKI8,1
DB12010,Q9UL54,1
DB12010,Q9UM73,1
DB12010,Q9UPZ9,1
DB12010,Q9UQB9,1
DB12010,Q9UQM7,1
DB12010,Q9Y2H1,1
DB12010,Q9Y2H9,1
DB12010,Q9Y2K2,1
DB12010,Q9Y2U5,1
DB12010,Q9Y463,1
DB12010,Q9Y478,1
DB12010,Q9Y4K4,1
DB12010,Q9Y616,1
DB12010,Q9Y6E0,1
DB12010,Q9Y6R4,1
DB12010,P05230,0
DB12010,P0AE22,0
DB12010,P00438,0
DB12010,Q15031,0
DB12010,Q72EF4,0
DB12010,Q08170,0
DB12010,P06753,0
DB12010,Q9Y6Y9,0
DB12010,P08235,0
DB12010,P0AFI2,0
DB12010,P28790,0
DB12010,P51852,0
DB12010,P80874,0
DB12010,O95477,0
DB12010,P13500,0
DB12010,Q9UNQ0,0
DB12010,Q8N0U8,0
DB12010,Q8IBI3,0
DB12010,P35498,0
DB12010,O14957,0
DB12010,Q99705,0
DB12010,P12004,0
DB12010,Q99798,0
DB12010,Q9ZHG9,0
DB12010,P56601,0
DB12010,Q9NP56,0
DB12010,P05109,0
DB12010,P07288,0
DB12010,P04264,0
DB12010,Q8WYK2,0
DB12010,Q8Y7N7,0
DB12010,Q9UBN7,0
DB12010,Q8TCT9,0
DB12010,Q92830,0
DB12010,P24232,0
DB12010,Q9NY65,0
DB12010,P31133,0
DB12010,O15270,0
DB12010,P07814,0
DB12010,P01730,0
DB12010,Q9NY56,0
DB12010,P9WKE9,0
DB12010,Q9UNP4,0
DB12010,Q9NPA1,0
DB12010,P05112,0
DB12010,Q9UF02,0
DB12010,P68104,0
DB12010,Q9X0F9,0
DB12010,P02920,0
DB12010,P60723,0
DB12010,P78330,0
DB12010,O43739,0
DB12010,P46926,0
DB12010,P02461,0
DB12010,P07919,0
DB12010,P06129,0
DB12010,Q146M9,0
DB12010,P09958,0
DB12010,P39135,0
DB12010,P02675,0
DB12010,P39646,0
DB12010,Q9UNA0,0
DB12010,P09525,0
DB12010,Q96QT4,0
DB12010,P40616,0
DB12010,P14555,0
DB12010,Q65CX5,0
DB12010,P00395,0
DB12010,P00691,0
DB12010,P05362,0
DB12010,Q6NVY1,0
DB12010,Q13426,0
DB12010,P00488,0
DB12010,Q9UGM1,0
DB12010,P35914,0
DB12010,P9WN39,0
DB12010,P29460,0
DB12010,Q9NXG6,0
DB12010,P11216,0
DB12010,P30085,0
DB12010,P00451,0
DB12010,P27824,0
DB12010,Q9NS85,0
DB12010,Q9BXT2,0
DB12010,P43115,0
DB12010,P63252,0
DB12010,P00156,0
DB12010,P03891,0
DB12010,P17413,0
DB12010,P17600,0
DB12010,Q59976,0
DB12010,Q9X2W8,0
DB12010,P09038,0
DB12010,P00492,0
DB12010,O60264,0
DB12010,P04377,0
DB12010,Q9ULC6,0
DB12010,P0A9M5,0
DB12010,Q08698,0
DB12010,P30968,0
DB12010,P39905,0
DB12010,Q9BY49,0
DB12010,O68601,0
DB12010,P54219,0
DB12010,Q8GI16,0
DB12010,P0A7Z3,0
DB12010,P14090,0
DB12010,P06126,0
DB12010,P00953,0
DB12010,P53582,0
DB12010,P23827,0
DB12010,P05177,0
DB12010,P31942,0
DB12010,P39748,0
DB12010,P9WN38,0
DB12010,P01106,0
DB12010,Q01344,0
DB12010,P06730,0
DB12010,Q02083,0
DB12010,Q9NSA0,0
DB12010,Q3J1A6,0
DB12010,Q13621,0
DB12010,P0CG30,0
DB12010,P32169,0
DB12010,Q9KWU1,0
DB12010,Q46393,0
DB12010,P26394,0
DB12010,P09172,0
DB12010,Q14145,0
DB12010,P77444,0
DB12010,O75899,0
DB12010,Q836J0,0
DB12010,P22513,0
DB12010,P08192,0
DB12010,P20594,0
DB12010,P39639,0
DB12010,A5HEI4,0
DB12010,P0AES4,0
DB12010,P32019,0
DB12010,P9WGY7,0
DB12010,P10620,0
DB12010,Q9XB59,0
DB12010,P01116,0
DB12010,Q8IKL4,0
DB12010,P24298,0
DB12010,Q05513,0
DB12010,P25942,0
DB12010,Q9Y6K1,0
DB12010,P30926,0
DB12010,Q8IZS8,0
DB12010,Q16099,0
DB12010,P31948,0
DB12010,P55818,0
DB12010,O66145,0
DB12010,C0H4L1,0
DB12010,Q9BZX2,0
DB12010,Q9Y2J8,0
DB12010,P60493,0
DB12010,Q92731,0
DB12010,O43169,0
DB12010,P13674,0
DB12010,P30988,0
DB12010,Q5SID9,0
DB12010,P23467,0
DB12010,P82543,0
DB12010,Q9NUB1,0
DB12010,P28482,0
DB12010,P97084,0
DB12010,P13036,0
DB12010,P15391,0
DB12010,Q7NSZ5,0
DB12010,Q96RI1,0
DB12010,P9WN25,0
DB12010,P56537,0
DB12010,Q9UBQ6,0
DB12010,Q9X242,0
DB12010,P00322,0
DB12010,P35499,0
DB12010,O15528,0
DB12010,Q13255,0
DB12010,O67636,0
DB12010,Q9WYT0,0
DB12010,Q8IJN7,0
DB12010,P14210,0
DB12010,P46859,0
DB12010,P46925,0
DB12010,Q12756,0
DB12010,Q9ZAG3,0
DB12010,Q97E82,0
DB12010,P0A8V9,0
DB12010,Q9GV41,0
DB12010,P20035,0
DB12010,Q9WYS2,0
DB12010,Q9I7A8,0
DB12010,Q25634,0
DB12010,C3T8E2,0
DB12010,F7VJQ1,0
DB12010,P32322,0
DB12010,P25713,0
DB12010,P17315,0
DB12010,Q15102,0
DB12010,P08559,0
DB12010,P12758,0
DB12010,P00915,0
DB12010,P03960,0
DB12010,P9WN95,0
DB12010,O75874,0
DB12010,Q8VVD2,0
DB12010,P08244,0
DB12010,Q9WZW1,0
DB12010,Q9X266,0
DB12010,O33833,0
DB12010,Q9WZI0,0
DB12010,Q9UN88,0
DB12010,P19440,0
DB12010,Q46730,0
DB12010,Q8N543,0
DB12010,Q9ZGI2,0
DB12010,Q9RN59,0
DB12010,P0A7S9,0
DB12010,P19113,0
DB12010,O43677,0
DB12010,Q96L12,0
DB12010,P0A7G9,0
DB12010,Q9X1T2,0
DB12010,Q99707,0
DB12010,P35527,0
DB12010,P25006,0
DB12010,P96622,0
DB12010,Q96ER9,0
DB12010,Q93083,0
DB12010,Q9Y4I5,0
DB12010,P17846,0
DB12010,P06396,0
DB12010,P69795,0
DB12010,P36959,0
DB12010,P61978,0
DB12010,Q14181,0
DB12010,Q8VUS8,0
DB12010,O08498,0
DB12010,Q92947,0
DB12010,P07110,0
DB12010,Q9Z1N9,0
DB12010,O95178,0
DB12010,P21452,0
DB12010,P0AET8,0
DB12010,Q56310,0
DB12010,P46883,0
DB12010,Q9Y689,0
DB12010,P43088,0
DB12010,P56690,0
DB12010,Q9UGI5,0
DB12010,Q9GZU7,0
DB12010,P0CG29,0
DB12010,O95342,0
DB12010,P12998,0
DB12010,P74645,0
DB12010,Q95460,0
DB12010,P21340,0
DB12010,P14489,0
DB12010,P33527,0
DB12010,P40943,0
DB12010,Q16613,0
DB12010,Q9L6V3,0
DB12010,P02655,0
DB12010,Q9X286,0
DB12010,Q9L5C8,0
DB12010,Q92831,0
DB12010,P48066,0
DB12010,P0A2Y7,0
DB12010,P14061,0
DB12010,Q7L266,0
DB12010,P84888,0
DB12010,Q8N5Z0,0
DB12010,P06729,0
DB12010,P16100,0
DB12010,Q55793,0
DB12010,O00264,0
DB12010,Q9L915,0
DB12010,P18858,0
DB12010,P00747,0
DB12010,P62508,0
DB12010,Q6W5P4,0
DB12010,P14679,0
DB12010,Q9FCA6,0
DB12010,P05162,0
DB12010,P78508,0
DB12010,Q9NWT6,0
DB12010,Q9HTN2,0
DB12010,P81040,0
DB12010,Q9RC23,0
DB12010,P41231,0
DB12010,P62312,0
DB12010,P47989,0
DB12010,P54455,0
DB12010,P28476,0
DB12010,Q4L5E4,0
DB12010,P24093,0
DB12010,Q9UJ68,0
DB12010,O68874,0
DB12010,Q7Z3Y4,0
DB12010,Q86V67,0
DB12010,P46059,0
DB12010,Q9KQN0,0
DB07329,P01859,1
DB07329,O75600,0
DB06788,P30968,1
DB06788,P51955,0
DB01754,P11309,1
DB01754,Q7KQK0,0
DB08153,P08238,1
DB08153,Q8WU03,0
DB00907,O60939,1
DB00907,P08172,1
DB00907,P11229,1
DB00907,P23141,1
DB00907,P23975,1
DB00907,P31645,1
DB00907,P35498,1
DB00907,P35499,1
DB00907,Q01118,1
DB00907,Q01959,1
DB00907,Q07699,1
DB00907,Q14524,1
DB00907,Q15858,1
DB00907,Q8IWT1,1
DB00907,Q99250,1
DB00907,Q99720,1
DB00907,Q9NY46,1
DB00907,Q9NY72,1
DB00907,Q9UI33,1
DB00907,Q9UQD0,1
DB00907,Q9Y5Y9,1
DB00907,O25927,0
DB00907,Q8N159,0
DB00907,P14923,0
DB00907,P42328,0
DB00907,Q79MP6,0
DB00907,P60709,0
DB00907,O43451,0
DB00907,P16118,0
DB00907,P08253,0
DB00907,Q8N5Z0,0
DB00907,Q5RT80,0
DB00907,P43080,0
DB00907,P9WK17,0
DB00907,Q6GII7,0
DB00907,P07437,0
DB00907,P16544,0
DB00907,P43700,0
DB00907,P00918,0
DB00907,Q8IBI3,0
DB00907,Q9UF33,0
DB00907,P20594,0
DB00652,P35372,1
DB00652,P41145,1
DB00652,Q99720,1
DB00652,P27169,0
DB00652,Q13363,0
DB00652,P08842,0
DB08071,P9WQ77,1
DB08071,P68363,0
DB08707,P11309,1
DB08707,Q93RD8,0
DB05521,O94956,1
DB05521,Q9Y6L6,1
DB05521,Q15075,0
DB05521,P44490,0
DB02280,P11444,1
DB02280,P20906,1
DB02280,Q8IIA4,0
DB02280,Q14123,0
DB04753,P00491,1
DB04753,P12998,0
DB04067,P56653,1
DB04067,Q04416,1
DB04067,Q9H8P0,0
DB04067,Q8P8J2,0
DB02174,P56868,1
DB02174,P40259,0
DB00959,P04083,1
DB00959,P04150,1
DB00959,C0H5C2,0
DB00959,P55809,0
DB03277,P19961,1
DB03277,Q9RHZ6,1
DB03277,Q6PIU1,0
DB03277,P05155,0
DB00672,Q09428,1
DB00672,P01137,0
DB02087,P00918,1
DB02087,O32248,0
DB01656,P27815,1
DB01656,Q07343,1
DB01656,Q08493,1
DB01656,Q08499,1
DB01656,Q15155,0
DB01656,P27708,0
DB01656,P01730,0
DB01656,P22983,0
DB00410,P41972,1
DB00410,P52045,0
DB08159,P11387,1
DB08159,P30531,0
DB03590,P04964,1
DB03590,P22188,1
DB03590,P29074,0
DB03590,Q13219,0
DB07894,P00929,1
DB07894,P0A2K1,1
DB07894,P61949,0
DB07894,O14792,0
DB03401,P23677,1
DB03401,P35241,1
DB03401,P51178,1
DB03401,Q01082,1
DB03401,Q99418,1
DB03401,Q9Y6I3,1
DB03401,P40406,0
DB03401,P51648,0
DB03401,P62344,0
DB03401,Q07785,0
DB03401,P42684,0
DB03401,Q08460,0
DB01936,P0A9J6,1
DB01936,Q9X286,0
DB11674,P04278,1
DB11674,Q92731,1
DB11674,Q16853,0
DB11674,Q81VW8,0
DB06207,P25100,1
DB06207,P35348,1
DB06207,P35368,1
DB06207,P0AD69,0
DB06207,P0DP24,0
DB06207,L0DSL2,0
DB02226,P22303,1
DB02226,P12429,0
DB01045,O75469,1
DB01045,P0A8V2,1
DB01045,P56373,0
DB01045,Q9UPY5,0
DB07065,P24941,1
DB07065,P52045,0
DB08589,P51584,1
DB08589,P01137,0
DB08711,P51584,1
DB08711,P10827,0
DB03759,P42262,1
DB03759,Q146M9,0
DB01587,O00591,1
DB01587,O14764,1
DB01587,P14867,1
DB01587,P18505,1
DB01587,P18507,1
DB01587,P28472,1
DB01587,P31644,1
DB01587,P34903,1
DB01587,P47869,1
DB01587,P47870,1
DB01587,P48169,1
DB01587,P78334,1
DB01587,Q16445,1
DB01587,Q8N1C3,1
DB01587,Q99928,1
DB01587,Q9UN88,1
DB01587,O95819,0
DB01587,Q16515,0
DB01587,O14976,0
DB01587,O43678,0
DB01587,O95670,0
DB01587,P30874,0
DB01587,P77836,0
DB01587,Q8IBN5,0
DB01587,P46849,0
DB01587,P62312,0
DB01587,P15555,0
DB01587,Q08698,0
DB01587,Q6NUS8,0
DB01587,Q13630,0
DB01587,P29275,0
DB01587,P07550,0
DB07280,P55263,1
DB07280,Q14956,0
DB02991,P29475,1
DB02991,P9WJY5,0
DB00536,P05091,1
DB00536,P07998,1
DB00536,P53608,1
DB00536,P78352,1
DB00536,Q14353,1
DB00536,Q51948,0
DB00536,O60840,0
DB00536,P01876,0
DB00536,P05165,0
DB00536,P06310,0
DB02843,P00490,1
DB02843,P11217,1
DB02843,P19926,1
DB02843,P26276,1
DB02843,Q9HU22,1
DB02843,P09788,0
DB02843,P55792,0
DB02843,P52209,0
DB02843,P0A9M2,0
DB02843,Q9P2K8,0
DB02770,Q05603,1
DB02770,P29371,0
DB08587,P51584,1
DB08587,Q01064,0
DB12731,P43490,1
DB12731,P41743,0
DB08393,O14757,1
DB08393,Q14145,0
DB03194,P11226,1
DB03194,P0AAI5,0
DB02943,P08263,1
DB02943,A2QLK4,0
DB01168,P21397,1
DB01168,P27338,1
DB01168,P22459,0
DB01168,P17540,0
DB12442,P07900,1
DB12442,Q26000,0
DB07714,P00390,1
DB07714,P15043,0
DB01130,P04150,1
DB01130,P16233,0
DB03259,P47228,1
DB03259,Q8IDP1,0
DB03496,P00533,1
DB03496,P06493,1
DB03496,P11216,1
DB03496,P11217,1
DB03496,P11802,1
DB03496,P24941,1
DB03496,P49336,1
DB03496,P50613,1
DB03496,P50750,1
DB03496,Q00534,1
DB03496,Q00535,1
DB03496,Q6P093,0
DB03496,P35241,0
DB03496,P16860,0
DB03496,Q16651,0
DB03496,P10384,0
DB03496,Q9XBQ3,0
DB03496,P9WNH5,0
DB03496,O14730,0
DB03496,P33590,0
DB03496,P35030,0
DB03496,P80040,0
DB00612,P07550,1
DB00612,P08588,1
DB00612,Q8SPQ9,0
DB00612,P12996,0
DB00941,P06276,1
DB00941,P0A108,0
DB03059,A0A0H3K1U2,1
DB03059,P07097,1
DB03059,P16219,1
DB03059,P30084,1
DB03059,P9WNP5,1
DB03059,Q06319,1
DB03059,Q16836,1
DB03059,Q9FD87,1
DB03059,P9WQ77,0
DB03059,Q56310,0
DB03059,P14210,0
DB03059,Q6V0L0,0
DB03059,O43739,0
DB03059,P01008,0
DB03059,P0A7J6,0
DB03059,Q16853,0
DB02342,P04798,1
DB02342,P11511,1
DB02342,P21964,1
DB02342,Q16665,1
DB02342,Q16678,1
DB02342,P25910,0
DB02342,Q5SL87,0
DB02342,P82543,0
DB02342,Q9X0D0,0
DB02342,P44886,0
DB02477,P30418,1
DB02477,P01574,0
DB02546,O15379,1
DB02546,O67135,1
DB02546,Q13547,1
DB02546,Q92769,1
DB02546,Q9BY41,1
DB02546,Q9UBN7,1
DB02546,Q9UJ90,0
DB02546,Q9KB30,0
DB02546,P13631,0
DB02546,O75891,0
DB02546,Q9BVJ7,0
DB02546,Q4U2R8,0
DB07144,P00374,1
DB07144,P09147,0
DB04532,Q05603,1
DB04532,Q92781,0
DB00839,Q09428,1
DB00839,Q14654,1
DB00839,Q9Y2H9,0
DB00839,P0A0Z8,0
DB02574,P01556,1
DB02574,O15342,0
DB11817,O60674,1
DB11817,P23458,1
DB11817,P52333,1
DB11817,Q14289,1
DB11817,P04035,0
DB11817,P07515,0
DB11817,P40394,0
DB11817,Q8III5,0
DB03253,P27487,1
DB03253,Q92570,0
DB09256,P04818,1
DB09256,P0A6B1,0
DB08950,P35348,1
DB08950,Q51793,0
DB05706,P11388,1
DB05706,Q2TU84,0
DB00692,P08913,1
DB00692,P25100,1
DB00692,P35348,1
DB00692,P35368,1
DB00692,P9WG35,0
DB00692,Q6GII7,0
DB00692,Q44048,0
DB00692,Q9RX51,0
DB07009,Q15788,1
DB07009,Q92731,1
DB07009,P47775,0
DB07009,P0A3D9,0
DB07556,P03956,1
DB07556,P39900,1
DB07556,Q16775,0
DB07556,Q99640,0
DB04574,P03372,1
DB04574,Q92731,1
DB04574,P0A749,0
DB04574,Q8MU52,0
DB13930,P27361,1
DB13930,P28482,1
DB13930,Q9Y5S8,0
DB13930,Q8IY84,0
DB00925,P07550,1
DB00925,P08913,1
DB00925,P0DP23,1
DB00925,P18089,1
DB00925,P18825,1
DB00925,P25100,1
DB00925,P35348,1
DB00925,P35368,1
DB00925,O75385,0
DB00925,Q14145,0
DB00925,P49913,0
DB00925,Q53908,0
DB00925,Q93050,0
DB00925,Q02762,0
DB00925,P54578,0
DB00925,P35869,0
DB00973,P15144,1
DB00973,P35610,1
DB00973,Q9UHC9,1
DB00973,Q9Y5N1,0
DB00973,P9WGY7,0
DB00973,O08498,0
DB03679,Q46444,1
DB03679,P02689,0
DB00172,O15460,1
DB00172,O43272,1
DB00172,O43447,1
DB00172,O94903,1
DB00172,P07814,1
DB00172,P13674,1
DB00172,P23284,1
DB00172,P30405,1
DB00172,P32322,1
DB00172,P45877,1
DB00172,P62937,1
DB00172,Q13427,1
DB00172,Q32P28,1
DB00172,Q4W8W1,1
DB00172,Q53H96,1
DB00172,Q7L3T8,1
DB00172,Q8IVL5,1
DB00172,Q8IVL6,1
DB00172,Q96C36,1
DB00172,Q96EM0,1
DB00172,Q99884,1
DB00172,Q9UN76,1
DB00172,O75762,0
DB00172,P00734,0
DB00172,P00959,0
DB00172,P00943,0
DB00172,P00813,0
DB00172,P50440,0
DB00172,Q9NYR8,0
DB00172,P0AFI2,0
DB00172,P0A921,0
DB00172,P0AB91,0
DB00172,P0AC44,0
DB00172,P30530,0
DB00172,Q9UGI5,0
DB00172,P14902,0
DB00172,P10809,0
DB00172,P05362,0
DB00172,P12081,0
DB00172,Q07075,0
DB00172,Q3JWH7,0
DB00172,P09429,0
DB00172,Q16348,0
DB00172,P29422,0
DB02558,P08473,1
DB02558,P15336,0
DB03354,P11217,1
DB03354,Q99828,0
DB11738,P08913,1
DB11738,Q9UKM7,0
DB07270,P09467,1
DB07270,P0A8D6,0
DB01345,P05023,1
DB01345,P47929,0
DB04971,P37231,1
DB04971,Q07869,1
DB04971,P0A759,0
DB04971,O15439,0
DB00182,P07550,1
DB00182,P08588,1
DB00182,P08913,1
DB00182,P13945,1
DB00182,P14416,1
DB00182,P18089,1
DB00182,P18825,1
DB00182,P21397,1
DB00182,P23975,1
DB00182,P25100,1
DB00182,P27338,1
DB00182,P31645,1
DB00182,P35348,1
DB00182,P35368,1
DB00182,Q01959,1
DB00182,Q05940,1
DB00182,Q16568,1
DB00182,Q96RJ0,1
DB00182,Q99870,1
DB00182,P0A110,0
DB00182,O67135,0
DB00182,Q9Y2H1,0
DB00182,A0A045KKX4,0
DB00182,P07445,0
DB00182,P62857,0
DB00182,C0H5C2,0
DB00182,P20701,0
DB00182,P56524,0
DB00182,P05981,0
DB00182,P03023,0
DB00182,Q8IVH8,0
DB00182,Q8NX78,0
DB00182,P0A6L6,0
DB00182,A6PZ59,0
DB00182,Q9H169,0
DB00182,P10145,0
DB00182,P01911,0
DB00182,Q9Y666,0
DB03989,P39265,1
DB03989,Q12965,0
DB09389,P06401,1
DB09389,P10275,1
DB09389,P18405,1
DB09389,P53848,0
DB09389,Q8TDR2,0
DB09389,P05091,0
DB04596,Q9AQS0,1
DB04596,P80874,0
DB08004,Q8TF76,1
DB08004,P19835,0
DB07737,P56817,1
DB07737,Q9WZS7,0
DB09319,P02918,1
DB09319,P02919,1
DB09319,P08506,1
DB09319,P0AD65,1
DB09319,P0AD68,1
DB09319,P0AEB2,1
DB09319,P24228,1
DB09319,Q08426,0
DB09319,P19926,0
DB09319,Q7BJM5,0
DB09319,Q9X9L0,0
DB09319,Q05397,0
DB09319,P14778,0
DB09319,O60391,0
DB01977,P00749,1
DB01977,Q8IBI3,0
DB02519,P11217,1
DB02519,Q07785,1
DB02519,Q6ZZJ1,0
DB02519,P00492,0
DB09324,P00807,1
DB09324,P38435,0
DB07197,P18031,1
DB07197,O95670,0
DB08134,P24941,1
DB08134,P09769,0
DB00371,O00591,1
DB00371,O14764,1
DB00371,P14867,1
DB00371,P18505,1
DB00371,P18507,1
DB00371,P28472,1
DB00371,P31644,1
DB00371,P34903,1
DB00371,P47869,1
DB00371,P47870,1
DB00371,P48169,1
DB00371,P78334,1
DB00371,Q16445,1
DB00371,Q8N1C3,1
DB00371,Q99928,1
DB00371,Q9UN88,1
DB00371,Q9H239,0
DB00371,P69924,0
DB00371,P96945,0
DB00371,Q6A8X5,0
DB00371,P9WNL5,0
DB00371,Q8GJ44,0
DB00371,Q59FW3,0
DB00371,P28074,0
DB00371,P18545,0
DB00371,P39646,0
DB00371,Q6FEW8,0
DB00371,Q92930,0
DB00371,P27815,0
DB00371,O60939,0
DB00371,P06612,0
DB00371,Q2RJ67,0
DB01780,P62258,1
DB01780,C0H419,0
DB02182,P0ABE7,1
DB02182,P69903,0
DB04081,P00918,1
DB04081,Q03403,0
DB06021,P00533,1
DB06021,P04626,1
DB06021,Q8IWU9,0
DB06021,P60723,0
DB11064,P03372,1
DB11064,P06401,1
DB11064,P10275,1
DB11064,P07288,0
DB11064,Q8IVL5,0
DB11064,P38435,0
DB03348,P22303,1
DB03348,P21860,0
DB00376,P08172,1
DB00376,P08173,1
DB00376,P08912,1
DB00376,P11229,1
DB00376,P20309,1
DB00376,Q8L103,0
DB00376,A0A068JFB7,0
DB00376,P22792,0
DB00376,P15555,0
DB00376,P05091,0
DB00285,P23975,1
DB00285,P31645,1
DB00285,Q01959,1
DB00285,P18925,0
DB00285,Q12874,0
DB00285,P02778,0
DB02846,P08758,1
DB02846,P04629,0
DB08574,P55196,1
DB08574,P00497,0
DB08196,P22629,1
DB08196,P56122,0
DB00117,P12081,1
DB00117,P19113,1
DB00117,P42357,1
DB00117,Q99624,1
DB00117,P19531,0
DB00117,P47871,0
DB00117,O14976,0
DB00117,P42574,0
DB05786,Q96AE4,1
DB05786,P46782,0
DB01222,P04083,1
DB01222,P04150,1
DB01222,Q01959,0
DB01222,P60063,0
DB06623,P08913,1
DB06623,Q2TU84,0
DB05025,P00441,1
DB05025,P19926,0
DB04126,P07858,1
DB04126,P09668,1
DB04126,P00183,0
DB04126,O31465,0
DB04551,P0A6F3,1
DB04551,P30613,1
DB04551,P49419,0
DB04551,P07384,0
DB00909,O43497,1
DB00909,O43570,1
DB00909,O60939,1
DB00909,O75493,1
DB00909,O95180,1
DB00909,P00915,1
DB00909,P00918,1
DB00909,P07451,1
DB00909,P21397,1
DB00909,P22748,1
DB00909,P23280,1
DB00909,P27338,1
DB00909,P35218,1
DB00909,P35219,1
DB00909,P35498,1
DB00909,P35499,1
DB00909,P43166,1
DB00909,Q07699,1
DB00909,Q14524,1
DB00909,Q15858,1
DB00909,Q16790,1
DB00909,Q8IWT1,1
DB00909,Q8N1Q1,1
DB00909,Q99250,1
DB00909,Q9NS85,1
DB00909,Q9NY46,1
DB00909,Q9NY72,1
DB00909,Q9P0X4,1
DB00909,Q9UI33,1
DB00909,Q9ULX7,1
DB00909,Q9Y2D0,1
DB00909,O14957,0
DB00909,P0A733,0
DB00909,Q9HCP0,0
DB00909,Q06528,0
DB00909,Q9Y5K8,0
DB00909,P16442,0
DB00909,P20851,0
DB00909,P09788,0
DB00909,Q99436,0
DB00909,P20831,0
DB00909,O60674,0
DB00909,P52700,0
DB00909,Q6IA69,0
DB00909,Q8ILV2,0
DB00909,Q9HBH5,0
DB00909,Q9HVJ6,0
DB00909,Q9BW91,0
DB00909,Q99933,0
DB00909,P09104,0
DB00909,P62829,0
DB00909,Q6NUM9,0
DB00909,P35237,0
DB00909,P0AB91,0
DB00909,P02974,0
DB00909,P24666,0
DB00909,O00206,0
DB00909,P21554,0
DB00909,P00101,0
DB00909,P25705,0
DB00909,P68871,0
DB00909,P48552,0
DB01669,P50870,1
DB01669,Q9BVA1,0
DB04953,O43525,1
DB04953,O43526,1
DB04953,P56696,1
DB04953,Q9NR82,1
DB04953,Q16515,0
DB04953,P56690,0
DB04953,P52700,0
DB04953,Q8TDR2,0
DB02927,P13000,1
DB02927,P07339,0
DB08055,P06239,1
DB08055,Q12851,0
DB07194,P43405,1
DB07194,P01563,0
DB03585,Q9NZK7,1
DB03585,P35610,0
DB02022,P25052,1
DB02022,P55882,1
DB02022,P42898,0
DB02022,P26827,0
DB06951,Q9UNI1,1
DB06951,P13001,0
DB02975,Q83JC4,1
DB02975,P01764,0
DB08523,P0A6K3,1
DB08523,Q8DP79,1
DB08523,P26918,0
DB08523,Q99735,0
DB07071,P03951,1
DB07071,Q07021,0
DB08493,P09237,1
DB08493,Q96GR2,0
DB01643,O52806,1
DB01643,P00469,1
DB01643,P03007,1
DB01643,P04818,1
DB01643,P06612,1
DB01643,P23919,1
DB01643,P9WKE1,1
DB01643,Q9HU22,1
DB01643,P41145,0
DB01643,P59998,0
DB01643,P22557,0
DB01643,P43005,0
DB01643,Q08460,0
DB01643,P60493,0
DB01643,P23246,0
DB01643,P43702,0
DB07051,Q08499,1
DB07051,Q06700,0
DB09338,P05186,1
DB09338,P29972,1
DB09338,P53985,1
DB09338,O33833,0
DB09338,Q16322,0
DB09338,P63104,0
DB08614,Q9UNI1,1
DB08614,P21709,0
DB03109,P07254,1
DB03109,P11797,1
DB03109,Q13231,1
DB03109,P00138,0
DB03109,P16499,0
DB03109,P23368,0
DB04105,P00325,1
DB04105,P0A110,0
DB03428,P06493,1
DB03428,P24941,1
DB03428,Q00535,1
DB03428,P77398,0
DB03428,Q9NY47,0
DB03428,P0C0X2,0
DB13967,P02768,1
DB13967,Q9C0B1,0
DB02424,P07900,1
DB02424,P08238,1
DB02424,P14625,1
DB02424,P10599,0
DB02424,P02925,0
DB02424,P02766,0
DB07844,P00742,1
DB07844,Q59721,0
DB06926,P37231,1
DB06926,P08164,0
DB06420,P11388,1
DB06420,Q01362,0
DB04805,P61927,1
DB04805,Q03431,0
DB00567,P0A3M6,1
DB00567,Q75Y35,1
DB00567,Q7CRA4,1
DB00567,Q8DNB6,1
DB00567,Q8DR59,1
DB00567,P31350,0
DB00567,P06710,0
DB00567,P9WNL9,0
DB00567,Q16671,0
DB00567,P29074,0
DB02328,P32929,1
DB02328,O95831,0
DB00527,P0DP23,1
DB00527,Q14524,1
DB00527,Q9Y5Y9,1
DB00527,Q9UNQ0,0
DB00527,Q8IL86,0
DB00527,Q12851,0
DB06075,P08069,1
DB06075,P0AC13,0
DB11823,O15399,1
DB11823,O60391,1
DB11823,P13639,1
DB11823,P23560,1
DB11823,Q05586,1
DB11823,Q12879,1
DB11823,Q13224,1
DB11823,Q14957,1
DB11823,Q16620,1
DB11823,Q8TCU5,1
DB11823,P0A8P1,0
DB11823,P10997,0
DB11823,O75976,0
DB11823,P36897,0
DB11823,P20581,0
DB11823,Q08881,0
DB11823,Q9UDR5,0
DB11823,P16070,0
DB11823,P24182,0
DB11823,P0A6K3,0
DB03363,P04036,1
DB03363,P42321,0
DB02774,P84077,1
DB02774,P00450,0
DB02498,P09874,1
DB02498,O85361,0
DB08524,Q8DP79,1
DB08524,Q96I59,0
DB13875,P50135,1
DB13875,P10606,0
DB08818,O14594,1
DB08818,O75330,1
DB08818,P05362,1
DB08818,P10915,1
DB08818,P16070,1
DB08818,P98066,1
DB08818,Q07021,1
DB08818,Q14520,1
DB08818,Q5JVS0,1
DB08818,Q6UX15,1
DB08818,Q86UW8,1
DB08818,Q8WWQ8,1
DB08818,Q96S86,1
DB08818,Q9BZV3,1
DB08818,P62344,0
DB08818,P51852,0
DB08818,P46859,0
DB08818,P34913,0
DB08818,P43683,0
DB08818,P35462,0
DB08818,O14949,0
DB08818,P08244,0
DB08818,P43005,0
DB08818,Q08638,0
DB08818,P01019,0
DB08818,P02649,0
DB08818,P05798,0
DB08818,P29600,0
DB11691,P35372,1
DB11691,P41143,1
DB11691,P41145,1
DB11691,Q14524,0
DB11691,P07204,0
DB11691,P60568,0
DB08353,P68400,1
DB08353,P30556,0
DB08875,P07949,1
DB08875,P08581,1
DB08875,P35968,1
DB08875,Q93LQ9,0
DB08875,Q08170,0
DB08875,F1T0I5,0
DB08922,P08908,1
DB08922,P14416,1
DB08922,P21917,1
DB08922,P25100,1
DB08922,P28223,1
DB08922,P35348,1
DB08922,P35367,1
DB08922,P35368,1
DB08922,P08069,0
DB08922,Q8NET8,0
DB08922,P49190,0
DB08922,P0A6Y5,0
DB08922,A0R559,0
DB08922,P12883,0
DB08922,O60264,0
DB08922,Q14956,0
DB08526,P09668,1
DB08526,O75340,0
DB08326,Q96GR2,1
DB08326,P98155,0
DB03093,P07900,1
DB03093,Q8IEN3,0
DB00501,P25021,1
DB00501,P9WJI5,0
DB04276,A0A0H3JWX6,1
DB04276,P07384,1
DB04276,P02795,0
DB04276,P07858,0
DB07585,P31749,1
DB07585,P49841,1
DB07585,Q00740,0
DB07585,O95255,0
DB09069,P09110,1
DB09069,P17412,0
DB08105,P14900,1
DB08105,P30530,0
DB02463,P07477,1
DB02463,P9WHT9,0
DB07989,P00800,1
DB07989,O14763,0
DB00563,P00374,1
DB00563,P04818,1
DB00563,P31939,1
DB00563,P19652,0
DB00563,Q8P9V9,0
DB00563,P04234,0
DB07773,P00929,1
DB07773,P0A2K1,1
DB07773,P41146,0
DB07773,Q9PPP5,0
DB08566,P17538,1
DB08566,Q9NR63,0
DB05219,P27815,1
DB05219,Q07343,1
DB05219,Q08493,1
DB05219,Q08499,1
DB05219,P45983,0
DB05219,Q5SHR6,0
DB05219,P0A6I9,0
DB05219,Q9UK23,0
DB02661,O43252,1
DB02661,P14169,0
DB07996,P17612,1
DB07996,P61925,1
DB07996,C1KC03,0
DB07996,Q8I492,0
DB11421,Q494W8,1
DB11421,P60842,0
DB08915,P37231,1
DB08915,Q07869,1
DB08915,Q15788,1
DB08915,P74645,0
DB08915,P29600,0
DB08915,Q9WYT0,0
DB08517,Q5G940,1
DB08517,P11439,0
DB11943,P0AES4,1
DB11943,P0AFI2,1
DB11943,P29508,0
DB11943,P10620,0
DB03241,P0DJ06,1
DB03241,P09373,0
DB03499,O75390,1
DB03499,P05042,1
DB03499,P23368,1
DB03499,P74645,1
DB03499,P9WK17,1
DB03499,Q57265,1
DB03499,P03372,0
DB03499,O52646,0
DB03499,P0AEG4,0
DB03499,Q96Q40,0
DB03499,P51843,0
DB03499,P29973,0
DB02550,P07900,1
DB02550,P36542,0
DB09343,P19971,1
DB09343,P60844,0
DB03332,P29474,1
DB03332,P02458,0
DB11632,P21964,1
DB11632,P69441,0
DB04616,P22303,1
DB04616,O07015,0
DB04767,P08709,1
DB04767,Q15759,0
DB08504,P27487,1
DB08504,P0C002,0
DB07633,P16442,1
DB07633,P26221,0
DB01282,P30559,1
DB01282,P51955,0
DB08241,P20248,1
DB08241,P24941,1
DB08241,Q14626,0
DB08241,P04391,0
DB03767,P25774,1
DB03767,P15531,0
DB02221,P00918,1
DB02221,Q8RQE9,0
DB01162,P01137,1
DB01162,P25100,1
DB01162,P35348,1
DB01162,P35368,1
DB01162,Q12809,1
DB01162,Q9H252,1
DB01162,Q9NS40,1
DB01162,Q56268,0
DB01162,P04049,0
DB01162,P43457,0
DB01162,P0A753,0
DB01162,Q93LD7,0
DB01162,P48048,0
DB01162,Q8N8Y2,0
DB07710,P00918,1
DB07710,O75636,0
DB14783,Q9GZZ6,1
DB14783,P50607,0
DB01688,Q05603,1
DB01688,Q9H0K1,0
DB02303,Q12882,1
DB02303,P21452,0
DB06933,P53779,1
DB06933,P30084,0
DB09118,O00591,1
DB09118,O14764,1
DB09118,P00338,1
DB09118,P07195,1
DB09118,P14867,1
DB09118,P18505,1
DB09118,P18507,1
DB09118,P28472,1
DB09118,P31644,1
DB09118,P34903,1
DB09118,P47869,1
DB09118,P47870,1
DB09118,P48169,1
DB09118,P78334,1
DB09118,Q16445,1
DB09118,Q8N1C3,1
DB09118,Q99928,1
DB09118,Q9UN88,1
DB09118,O75762,0
DB09118,Q8TED1,0
DB09118,P08123,0
DB09118,Q7SI98,0
DB09118,O32449,0
DB09118,P06396,0
DB09118,P0AEX9,0
DB09118,P28331,0
DB09118,P51691,0
DB09118,P66010,0
DB09118,Q16651,0
DB09118,P0DM80,0
DB09118,Q5EK40,0
DB09118,P02943,0
DB09118,P26439,0
DB09118,Q7BJM5,0
DB09118,Q2TU84,0
DB09118,P48507,0
DB07766,Q00536,1
DB07766,Q9UQM7,1
DB07766,Q9NVS9,0
DB07766,P55786,0
DB02049,P45452,1
DB02049,P45973,0
DB01242,P09211,1
DB01242,P23975,1
DB01242,P28223,1
DB01242,P28335,1
DB01242,P31645,1
DB01242,P41595,1
DB01242,Q7L0J3,0
DB01242,P07195,0
DB01242,P74334,0
DB01242,Q9H3M0,0
DB01242,O95665,0
DB01242,Q51793,0
DB08060,P21549,1
DB08060,Q9H3S4,0
DB01185,P03372,1
DB01185,P04150,1
DB01185,P10275,1
DB01185,P80365,1
DB01185,P02751,0
DB01185,O43776,0
DB01185,P07307,0
DB01185,O75716,0
DB00136,P11473,1
DB00136,P31260,1
DB00136,P70174,0
DB00136,P43681,0
DB08654,P11086,1
DB08654,P0AB77,0
DB02015,P0ABQ4,1
DB02015,Q8I814,1
DB02015,Q8Z2X8,0
DB02015,O60706,0
DB02565,Q9BY41,1
DB02565,P29460,0
DB07038,O14757,1
DB07038,Q9HVZ0,0
DB03526,P00918,1
DB03526,P29498,0
DB05035,P10827,1
DB05035,P10828,1
DB05035,P06870,0
DB05035,P01019,0
DB01159,O00591,1
DB01159,O14649,1
DB01159,O14764,1
DB01159,O15554,1
DB01159,O60391,1
DB01159,P03886,1
DB01159,P08100,1
DB01159,P14867,1
DB01159,P18505,1
DB01159,P18507,1
DB01159,P20020,1
DB01159,P23415,1
DB01159,P23634,1
DB01159,P28472,1
DB01159,P31644,1
DB01159,P34903,1
DB01159,P47869,1
DB01159,P47870,1
DB01159,P48051,1
DB01159,P48169,1
DB01159,P48549,1
DB01159,P59768,1
DB01159,P78334,1
DB01159,Q01814,1
DB01159,Q12791,1
DB01159,Q12879,1
DB01159,Q16445,1
DB01159,Q16720,1
DB01159,Q6W5P4,1
DB01159,Q8N1C3,1
DB01159,Q8TCU5,1
DB01159,Q99928,1
DB01159,Q9NPC2,1
DB01159,Q9UN88,1
DB01159,Q08210,0
DB01159,Q9Y646,0
DB01159,Q9HCP0,0
DB01159,P44801,0
DB01159,O95069,0
DB01159,P52045,0
DB01159,P07024,0
DB01159,P40925,0
DB01159,Q10588,0
DB01159,P24530,0
DB01159,P35908,0
DB01159,P04279,0
DB01159,P32297,0
DB01159,P39639,0
DB01159,Q84II6,0
DB01159,P27623,0
DB01159,P0C0X8,0
DB01159,P11409,0
DB01159,Q9H4B7,0
DB01159,P80511,0
DB01159,P02585,0
DB01159,Q08289,0
DB01159,P11836,0
DB01159,P28065,0
DB01159,P24046,0
DB01159,P28861,0
DB01159,P35368,0
DB01159,P62136,0
DB01159,P50453,0
DB01159,P04926,0
DB01159,P22830,0
DB01159,Q99712,0
DB01159,A0A0H2Z368,0
DB01159,Q52WX2,0
DB02611,P17612,1
DB02611,P98002,0
DB04166,P14920,1
DB04166,Q96RQ9,1
DB04166,O75899,0
DB04166,Q00796,0
DB03533,P22629,1
DB03533,P29508,0
DB03728,Q8GN86,1
DB03728,P54646,0
DB02452,O00142,1
DB02452,P04183,1
DB02452,P26393,1
DB02452,P61888,1
DB02452,P9WKE1,1
DB02452,Q08698,1
DB02452,Q9HU22,1
DB02452,Q9PPP5,1
DB02452,Q9KWU1,0
DB02452,P20815,0
DB02452,Q9Y2H1,0
DB02452,O00469,0
DB02452,P27348,0
DB02452,Q6NUS8,0
DB02452,Q60099,0
DB02452,P0ABQ4,0
DB02394,P30920,1
DB02394,P03951,0
DB08396,P01768,1
DB08396,Q15393,0
DB07493,P24941,1
DB07493,P02538,0
DB02586,P00282,1
DB02586,P44801,0
DB00432,P04818,1
DB00432,Q2RJ67,0
DB12107,A0A068JFB7,1
DB12107,P05364,1
DB12107,P0AD64,1
DB12107,P62593,1
DB12107,Q53IN1,1
DB12107,Q840M4,1
DB12107,Q939N4,1
DB12107,Q93LQ9,1
DB12107,Q9F663,1
DB12107,Q9L5C7,1
DB12107,Q9X757,1
DB12107,P22459,0
DB12107,Q54527,0
DB12107,P37321,0
DB12107,P31572,0
DB12107,Q15119,0
DB12107,Q9Y6E0,0
DB12107,P95276,0
DB12107,Q08499,0
DB12107,P12319,0
DB12107,P62623,0
DB12107,P43522,0
DB03153,P00492,1
DB03153,P40429,0
DB06780,P08235,1
DB06780,P55809,0
DB08954,Q05586,1
DB08954,Q13224,1
DB08954,Q9UGN5,0
DB08954,O60858,0
DB06013,P11388,1
DB06013,O43676,0
DB07137,P20248,1
DB07137,P24941,1
DB07137,P05305,0
DB07137,P53611,0
DB03565,P04054,1
DB03565,Q92947,0
DB03440,P14779,1
DB03440,P05154,0
DB03781,O00763,1
DB03781,P04271,0
DB02956,Q56748,1
DB02956,P33527,0
DB01283,P23219,1
DB01283,P35354,1
DB01283,P16519,0
DB01283,Q9NY59,0
DB04524,P0A6R0,1
DB04524,P17584,0
DB04954,P30542,1
DB04954,Q13907,0
DB03595,P07477,1
DB03595,P45973,0
DB02309,P00492,1
DB02309,P31939,1
DB02309,P06715,0
DB02309,Q9UQB9,0
DB04591,P00734,1
DB04591,P56601,0
DB07437,P12758,1
DB07437,Q16831,1
DB07437,P26391,0
DB07437,Q9HB21,0
DB03005,P22303,1
DB03005,P05327,0
DB07318,P35228,1
DB07318,Q86YB8,0
DB01414,P02918,1
DB01414,P02919,1
DB01414,O60895,0
DB01414,P33032,0
DB03543,P00909,1
DB03543,Q56320,1
DB03543,P05042,0
DB03543,P60842,0
DB01039,O75469,1
DB01039,Q07869,1
DB01039,Q9NPA2,1
DB01039,P0A1X2,0
DB01039,P06213,0
DB01039,P03956,0
DB02848,P09467,1
DB02848,Q96RI0,0
DB02587,O95622,1
DB02587,P13569,1
DB02587,P63092,1
DB02587,Q08462,1
DB02587,P12931,0
DB02587,O95718,0
DB02587,Q6NSD4,0
DB02587,O15496,0
DB00688,P12268,1
DB00688,P20839,1
DB00688,Q03393,1
DB00688,P05108,0
DB00688,O32723,0
DB00688,Q9KVB4,0
DB02153,P00390,1
DB02153,P04190,1
DB02153,P0A115,1
DB02153,P19080,1
DB02153,P32119,1
DB02153,P51003,1
DB02153,P77150,1
DB02153,Q57366,1
DB02153,Q8NX78,1
DB02153,Q9FD87,1
DB02153,Q9RRU8,1
DB02153,Q9ZIV5,1
DB02153,P18847,0
DB02153,O60493,0
DB02153,P06734,0
DB02153,Q53908,0
DB02153,Q46444,0
DB02153,P11086,0
DB02153,P53041,0
DB02153,P18858,0
DB02153,P22102,0
DB02153,P36955,0
DB02153,P55408,0
DB02153,P00846,0
DB02638,P30518,1
DB02638,P37288,1
DB02638,P47901,1
DB02638,P22749,0
DB02638,P40926,0
DB02638,P16435,0
DB07651,P18031,1
DB07651,P35030,0
DB04033,Q9X5N2,1
DB04033,Q9Y2D1,0
DB04614,P22303,1
DB04614,Q01782,0
DB00620,P04150,1
DB00620,P00132,0
DB09217,P35354,1
DB09217,P07711,0
DB08217,O06796,1
DB08217,P06730,1
DB08217,P06731,1
DB08217,Q57254,1
DB08217,P26393,0
DB08217,Q746J6,0
DB08217,Q8IDD3,0
DB08217,Q8IJT2,0
DB03270,P00918,1
DB03270,B2ZTR6,0
DB08230,P11309,1
DB08230,Q6MZM0,0
DB05422,P31645,1
DB05422,Q07020,0
DB06660,P21452,1
DB06660,P09622,0
DB01128,P10275,1
DB01128,P01106,0
DB00317,P00533,1
DB00317,A5HEI4,0
DB04703,Q96GD4,1
DB04703,P24046,0
DB01201,P9WGY7,1
DB01201,P20083,0
DB02252,P37698,1
DB02252,Q9RN59,0
DB04260,P00491,1
DB04260,P42085,0
DB07306,P35228,1
DB07306,O75340,0
DB01346,O00180,1
DB01346,P14867,1
DB01346,P42262,1
DB01346,P47869,1
DB01346,Q14524,1
DB01346,Q9HYN5,0
DB01346,P0AEG4,0
DB01346,P35348,0
DB01346,P0A759,0
DB01346,P0C1U9,0
DB09265,P43220,1
DB09265,O68600,0
DB04285,P18031,1
DB04285,P48544,0
DB01115,O43497,1
DB01115,O75469,1
DB01115,O95180,1
DB01115,P0DP23,1
DB01115,Q01668,1
DB01115,Q08289,1
DB01115,Q13698,1
DB01115,Q13936,1
DB01115,Q9P0X4,1
DB01115,Q9UK17,1
DB01115,P33905,0
DB01115,O15067,0
DB01115,P08172,0
DB01115,P06715,0
DB01115,P11387,0
DB01115,Q16877,0
DB01115,Q9Y6K9,0
DB01115,P37610,0
DB01115,Q7Z406,0
DB01115,P12318,0
DB03897,O67636,1
DB03897,P31012,1
DB03897,P31013,1
DB03897,Q9HGT2,0
DB03897,P54802,0
DB03897,P0A820,0
DB09283,O00408,1
DB09283,O60658,1
DB09283,O76074,1
DB09283,O76083,1
DB09283,O95263,1
DB09283,P09619,1
DB09283,P16499,1
DB09283,P27815,1
DB09283,P35913,1
DB09283,P51160,1
DB09283,P54750,1
DB09283,Q01064,1
DB09283,Q07343,1
DB09283,Q08493,1
DB09283,Q08499,1
DB09283,Q13370,1
DB09283,Q13946,1
DB09283,Q14123,1
DB09283,Q14432,1
DB09283,Q9HCR9,1
DB09283,Q9NP56,1
DB09283,Q9Y233,1
DB09283,P10092,0
DB09283,P78540,0
DB09283,P12314,0
DB09283,O15496,0
DB09283,P00167,0
DB09283,P16444,0
DB09283,P52647,0
DB09283,P9WMC1,0
DB09283,A0A045KKX4,0
DB09283,O06796,0
DB09283,Q96ER9,0
DB09283,Q3JWH7,0
DB09283,P14169,0
DB09283,P28070,0
DB09283,P56194,0
DB09283,P77836,0
DB09283,Q9Y5Y9,0
DB09283,Q12756,0
DB09283,Q56839,0
DB09283,Q9NYY3,0
DB09283,P23416,0
DB09283,P14778,0
DB04164,P29957,1
DB04164,P29372,0
DB08137,P24941,1
DB08137,O60218,0
DB06469,P36888,1
DB06469,K7YNB3,0
DB01436,O15528,1
DB01436,P11473,1
DB01436,P19793,1
DB01436,P14778,0
DB01436,Q5SHR6,0
DB01436,Q4L5E4,0
DB06558,P24530,1
DB06558,P25101,1
DB06558,P42216,0
DB06558,O43766,0
DB03022,P9WHE9,1
DB03022,P41235,0
DB07161,O60674,1
DB07161,Q59961,0
DB03250,P11217,1
DB03250,O69007,0
DB06579,P14867,1
DB06579,P18507,1
DB06579,P31644,1
DB06579,P34903,1
DB06579,P47869,1
DB06579,Q8N1C3,1
DB06579,Q99928,1
DB06579,P62807,0
DB06579,Q75UV1,0
DB06579,Q12852,0
DB06579,O14965,0
DB06579,O43708,0
DB06579,Q6DT37,0
DB06579,P36544,0
DB00500,P23219,1
DB00500,P35354,1
DB00500,P07771,0
DB00500,Q9LCV9,0
DB07873,O95749,1
DB07873,P10644,0
DB03219,Q54527,1
DB03219,Q9H306,0
DB00629,P08913,1
DB00629,P18089,1
DB00629,O95169,0
DB00629,P43652,0
DB02790,P09147,1
DB02790,P52429,0
DB01717,P00568,1
DB01717,P16304,1
DB01717,P27142,1
DB01717,P54819,1
DB01717,P69441,1
DB01717,P84139,1
DB01717,Q96MA6,1
DB01717,Q00266,0
DB01717,P02919,0
DB01717,Q16595,0
DB01717,Q46822,0
DB01717,Q5SID9,0
DB01717,Q9UBN7,0
DB01717,P01903,0
DB03260,Q9RZ04,1
DB03260,Q96DB2,0
DB06218,Q15858,1
DB06218,Q9NY46,1
DB06218,Q9Y5Y9,1
DB06218,P00439,0
DB06218,A5X5Y0,0
DB06218,Q9BQB4,0
DB03019,P24941,1
DB03019,Q5SKH6,0
DB08594,P43235,1
DB08594,Q00080,0
DB03279,P13631,1
DB03279,Q01726,0
DB02758,P00509,1
DB02758,P95468,1
DB02758,Q9NZK7,1
DB02758,Q13938,0
DB02758,O75521,0
DB02758,P21266,0
DB00982,P10276,1
DB00982,P13631,1
DB00982,P08253,0
DB00982,P19821,0
DB01167,P50859,1
DB01167,Q16850,1
DB01167,P06132,0
DB01167,P19793,0
DB00323,P21964,1
DB00323,Q9Y678,0
DB00189,O00591,1
DB00189,O14764,1
DB00189,P14867,1
DB00189,P18505,1
DB00189,P18507,1
DB00189,P28472,1
DB00189,P31644,1
DB00189,P34903,1
DB00189,P47869,1
DB00189,P47870,1
DB00189,P48169,1
DB00189,P78334,1
DB00189,Q16445,1
DB00189,Q8N1C3,1
DB00189,Q99928,1
DB00189,Q9UN88,1
DB00189,Q54528,0
DB00189,Q96C86,0
DB00189,P10828,0
DB00189,Q9UP95,0
DB00189,Q99870,0
DB00189,P35754,0
DB00189,P31930,0
DB00189,P0AB87,0
DB00189,C3T8E2,0
DB00189,P39086,0
DB00189,P9WP01,0
DB00189,Q86W47,0
DB00189,Q9GZZ6,0
DB00189,O95168,0
DB00189,P17600,0
DB00189,Q60053,0
DB08635,P01768,1
DB08635,A0A023W3H0,0
DB01174,O15399,1
DB01174,O60391,1
DB01174,O75469,1
DB01174,P14867,1
DB01174,P36544,1
DB01174,P42262,1
DB01174,P43681,1
DB01174,Q05586,1
DB01174,Q12879,1
DB01174,Q13002,1
DB01174,Q13224,1
DB01174,Q14957,1
DB01174,Q8TCU5,1
DB01174,P02743,0
DB01174,P06732,0
DB01174,Q5SJ76,0
DB01174,P10943,0
DB01174,Q9H4M7,0
DB01174,P10997,0
DB01174,O43181,0
DB01174,P50993,0
DB01174,P59768,0
DB01174,O95259,0
DB01174,P49840,0
DB01174,P09063,0
DB01174,Q3J1A5,0
DB07221,O95749,1
DB07221,Q9WYV8,0
DB03317,P00091,1
DB03317,P00101,1
DB03317,P00132,1
DB03317,P00136,1
DB03317,P00137,1
DB03317,P00148,1
DB03317,P0ABK9,1
DB03317,P11712,1
DB03317,P14532,1
DB03317,P24092,1
DB03317,P24474,1
DB03317,P54820,1
DB03317,P72181,1
DB03317,P81040,1
DB03317,P82599,1
DB03317,P99999,1
DB03317,P9WN25,1
DB03317,Q46444,1
DB03317,Q52369,1
DB03317,Q55013,1
DB03317,Q9L915,1
DB03317,Q9RN68,1
DB03317,Q9RQB9,1
DB03317,Q9UHI5,0
DB03317,P14324,0
DB03317,Q16853,0
DB03317,P17612,0
DB03317,Q02779,0
DB03317,P60723,0
DB03317,P23837,0
DB03317,P10092,0
DB03317,P01871,0
DB03317,P35225,0
DB03317,Q99677,0
DB03317,P13762,0
DB03317,P00943,0
DB03317,Q9NZQ7,0
DB03317,Q8N5Z0,0
DB03317,P9WPB7,0
DB03317,Q16478,0
DB03317,P0A721,0
DB03317,Q9Y6K9,0
DB03317,P55157,0
DB03317,P67936,0
DB03317,Q54089,0
DB03317,Q96C36,0
DB03392,P11217,1
DB03392,P0ACB2,0
DB00466,O75311,1
DB00466,P14867,1
DB00466,P23415,1
DB00466,P23416,1
DB00466,P24046,1
DB00466,Q9BW92,0
DB00466,Q96KK3,0
DB00466,Q6UWM7,0
DB00466,P05546,0
DB00466,P30920,0
DB08135,P24941,1
DB08135,O14556,0
DB00678,P30556,1
DB00678,Q9UKL6,0
DB07650,P9WNG3,1
DB07650,P00282,0
DB06707,P08913,1
DB06707,P18089,1
DB06707,P18825,1
DB06707,P27635,0
DB06707,Q13393,0
DB06707,P20810,0
DB01589,O00591,1
DB01589,O14764,1
DB01589,P14867,1
DB01589,P18505,1
DB01589,P18507,1
DB01589,P28472,1
DB01589,P31644,1
DB01589,P34903,1
DB01589,P47869,1
DB01589,P47870,1
DB01589,P48169,1
DB01589,P78334,1
DB01589,Q16445,1
DB01589,Q8N1C3,1
DB01589,Q99928,1
DB01589,Q9UN88,1
DB01589,Q6NXR0,0
DB01589,P0AFI2,0
DB01589,P51649,0
DB01589,A9X444,0
DB01589,O60701,0
DB01589,Q96A05,0
DB01589,Q86WA6,0
DB01589,P08048,0
DB01589,Q15761,0
DB01589,Q15125,0
DB01589,O15439,0
DB01589,P06307,0
DB01589,P0CG22,0
DB01589,O00217,0
DB01589,P30968,0
DB01589,P09917,0
DB01273,P17787,1
DB01273,P32297,1
DB01273,P36544,1
DB01273,P43681,1
DB01273,Q15825,1
DB01273,P38940,0
DB01273,P05166,0
DB01273,P12319,0
DB01273,P9WNP5,0
DB01273,P17342,0
DB08510,P01859,1
DB08510,P0AD63,0
DB06835,P15086,1
DB06835,P00378,0
DB02725,P12995,1
DB02725,P14193,0
DB08305,P42262,1
DB08305,P22557,0
DB00914,Q13131,1
DB00914,Q15842,1
DB00914,P30041,0
DB00914,P00846,0
DB00661,O00555,1
DB00661,O43497,1
DB00661,O95180,1
DB00661,P25100,1
DB00661,P31645,1
DB00661,P35348,1
DB00661,P35368,1
DB00661,Q00975,1
DB00661,Q12809,1
DB00661,Q13936,1
DB00661,Q14654,1
DB00661,O43193,0
DB00661,Q16644,0
DB00661,P11362,0
DB00661,Q9P286,0
DB00661,Q819K2,0
DB00661,P05100,0
DB00661,P20648,0
DB00661,P36888,0
DB00661,Q8N8R3,0
DB00661,Q8I5Y3,0
DB00661,P04629,0
DB04632,Q16539,1
DB04632,Q27218,0
DB07745,P00929,1
DB07745,P0A2K1,1
DB07745,P9WK83,0
DB07745,P98170,0
DB07477,P07711,1
DB07477,P07949,0
DB03206,P05618,1
DB03206,P12070,1
DB03206,P31723,1
DB03206,Q08638,1
DB03206,Q9UKM7,1
DB03206,Q9RUZ0,0
DB03206,P13100,0
DB03206,Q02218,0
DB03206,Q14573,0
DB03206,Q9HTQ2,0
DB04316,P15085,1
DB04316,P22460,0
DB04648,P05089,1
DB04648,Q9H4M7,0
DB07598,P42262,1
DB07598,P0A6A8,0
DB01496,P14867,1
DB01496,P31644,1
DB01496,P34903,1
DB01496,P36544,1
DB01496,P42262,1
DB01496,P43681,1
DB01496,P47869,1
DB01496,P48169,1
DB01496,Q13002,1
DB01496,Q16445,1
DB01496,P21554,0
DB01496,Q32P28,0
DB01496,Q03736,0
DB01496,Q9UI09,0
DB01496,Q14330,0
DB01496,P02929,0
DB01496,O14618,0
DB01496,P23743,0
DB01496,P19105,0
DB01496,P0C0L4,0
DB00190,P20711,1
DB00190,P80529,0
DB07899,P17538,1
DB07899,Q96EN8,0
DB02633,P09211,1
DB02633,P15559,1
DB02633,P00441,0
DB02633,P08709,0
DB06185,P00491,1
DB06185,Q44048,0
DB00462,P08172,1
DB00462,P11229,1
DB00462,P20309,1
DB00462,P22073,0
DB00462,P16113,0
DB00462,P48735,0
DB01295,P07550,1
DB01295,P08588,1
DB01295,P35348,1
DB01295,P0AA43,0
DB01295,Q9Y285,0
DB01295,P19634,0
DB00295,P35372,1
DB00295,P41143,1
DB00295,P41145,1
DB00295,Q9Y6Y9,1
DB00295,P30872,0
DB00295,P01857,0
DB00295,Q99456,0
DB00295,O75185,0
DB07050,P00918,1
DB07050,O60513,0
DB01406,P03372,1
DB01406,P06401,1
DB01406,P10275,1
DB01406,P13500,1
DB01406,P30968,1
DB01406,Q96P88,1
DB01406,P07822,0
DB01406,P36871,0
DB01406,P13647,0
DB01406,Q04828,0
DB01406,Q8IWL2,0
DB01406,P54278,0
DB02591,Q05603,1
DB02591,P48047,0
DB02762,P12931,1
DB02762,P12821,0
DB02598,P19021,1
DB02598,P16118,0
DB07107,P17612,1
DB07107,P61925,1
DB07107,Q81C15,0
DB07107,P54819,0
DB01875,Q45697,1
DB01875,Q5SJ79,0
DB08741,P0A017,1
DB08741,P26281,0
DB02894,P00918,1
DB02894,P32322,0
DB02628,P98170,1
DB02628,P16422,0
DB01736,P12235,1
DB01736,P13000,0
DB09040,P50859,1
DB09040,Q8IW54,0
DB08258,P34913,1
DB08258,P9WQB3,0
DB08883,P42261,1
DB08883,O15304,0
DB02162,P49773,1
DB02162,P32019,0
DB01087,P08729,1
DB01087,P16083,1
DB01087,P17980,0
DB01087,P0A0Z8,0
DB01825,P28720,1
DB01825,Q7MUW6,0
DB00520,A2QLK4,1
DB00520,Q9NWZ5,0
DB02316,P0A6R0,1
DB02316,P21589,0
DB04277,O35000,1
DB04277,P15260,0
DB03812,P9WHE9,1
DB03812,Q7SIE9,0
DB00960,P07550,1
DB00960,P08588,1
DB00960,P08908,1
DB00960,P13945,1
DB00960,P28222,1
DB00960,P36959,0
DB00960,P51172,0
DB00960,Q01082,0
DB00960,Q93050,0
DB00960,Q9I194,0
DB03622,P22894,1
DB03622,Q93EK7,0
DB05482,P11387,1
DB05482,Q5KSL6,0
DB02974,P20813,1
DB02974,P06608,0
DB00147,O00764,1
DB00147,P30542,0
DB07874,P56817,1
DB07874,P18251,0
DB02072,P18031,1
DB02072,Q746I8,0
DB03148,O33199,1
DB03148,P07024,1
DB03148,P14193,1
DB03148,O77361,0
DB03148,P78334,0
DB03148,P26514,0
DB09238,O00305,1
DB09238,O00555,1
DB09238,O43497,1
DB09238,O60840,1
DB09238,O95180,1
DB09238,P54284,1
DB09238,Q01668,1
DB09238,Q02641,1
DB09238,Q08289,1
DB09238,Q13698,1
DB09238,Q13936,1
DB09238,Q9P0X4,1
DB09238,P28062,0
DB09238,P0DM35,0
DB09238,P51686,0
DB09238,O66496,0
DB09238,Q8IJT2,0
DB09238,P00582,0
DB09238,P83223,0
DB09238,P01709,0
DB09238,P15289,0
DB09238,P49589,0
DB09238,P32427,0
DB09238,Q9Y285,0
DB07153,A0A0M3KKX1,1
DB07153,P05112,0
DB00624,P03372,1
DB00624,P08235,1
DB00624,P10275,1
DB00624,P00918,0
DB00624,P96113,0
DB00624,P14174,0
DB01847,P60327,1
DB01847,O00305,0
DB02111,Q27743,1
DB02111,P15531,0
DB02005,Q01468,1
DB02005,Q9UJ96,0
DB02190,P08200,1
DB02190,P41143,0
DB03417,P07477,1
DB03417,P03915,0
DB01582,P0AC13,1
DB01582,P08670,0
DB01081,P35372,1
DB01081,P41143,1
DB01081,Q9UBK8,0
DB01081,P9WQ77,0
DB07900,P22894,1
DB07900,Q99835,0
DB04410,P07477,1
DB04410,P07478,1
DB04410,P50391,0
DB04410,P12004,0
DB07923,P60844,1
DB07923,O60894,0
DB07879,P56524,1
DB07879,P0DM35,0
DB00962,P14867,1
DB00962,P36507,0
DB06984,Q16706,1
DB06984,Q9GZR5,0
DB08449,P15121,1
DB08449,P18825,0
DB04566,P0A7D4,1
DB04566,P0A9M2,1
DB04566,P0C0H6,1
DB04566,P11217,1
DB04566,P12268,1
DB04566,Q27796,1
DB04566,Q83P33,1
DB04566,Q8N142,1
DB04566,Q9P286,0
DB04566,P78536,0
DB04566,P46072,0
DB04566,P02920,0
DB04566,P78417,0
DB04566,P50897,0
DB04566,P27302,0
DB04566,Q15418,0
DB04851,P33527,1
DB04851,Q2M3G0,1
DB04851,Q9UNQ0,1
DB04851,Q9BWD1,0
DB04851,O14958,0
DB04851,P84887,0
DB08762,P15085,1
DB08762,P08842,0
DB08432,P00582,1
DB08432,Q16719,0
DB03591,P12931,1
DB03591,P05089,0
DB08593,P18031,1
DB08593,P32320,0
DB08537,P24941,1
DB08537,P9WN39,0
DB08145,P24182,1
DB08145,Q92781,0
DB00472,P28335,1
DB00472,P30926,1
DB00472,P31645,1
DB00472,P32297,1
DB00472,P61024,1
DB00472,Q12809,1
DB00472,Q15822,1
DB00472,P25103,0
DB00472,Q9BQI3,0
DB00472,P37059,0
DB00472,O60895,0
DB00472,Q9UM01,0
DB00472,P25100,0
DB00472,P25092,0
DB04724,P20701,1
DB04724,O60678,0
DB02825,P22303,1
DB02825,P33316,0
DB08473,P68400,1
DB08473,P0A9E0,0
DB04602,P61927,1
DB04602,O14786,0
DB04722,P00734,1
DB04722,O34002,0
DB02376,P09848,1
DB02376,P02776,0
DB01255,Q96RJ0,1
DB01255,H3BUU9,0
DB01337,P08172,1
DB01337,P20309,1
DB01337,Q15822,1
DB01337,Q16518,0
DB01337,Q9BVJ7,0
DB01337,P49902,0
DB09119,Q99571,1
DB09119,Q07011,0
DB07080,O75469,1
DB07080,P28702,1
DB07080,P55055,1
DB07080,Q13133,1
DB07080,Q15596,1
DB07080,Q15788,1
DB07080,Q16558,0
DB07080,P40406,0
DB07080,Q79FX6,0
DB07080,Q44244,0
DB07080,P9WG35,0
DB07080,P03891,0
DB07421,P10275,1
DB07421,Q8GR64,0
DB06819,P00800,1
DB06819,P95468,1
DB06819,Q15102,0
DB06819,A0A0H2UXE9,0
DB06889,Q9L5C8,1
DB06889,P45494,0
DB01210,P07550,1
DB01210,P08588,1
DB01210,Q44244,0
DB01210,P31142,0
DB02727,P29475,1
DB02727,Q816R0,0
DB05668,P26358,1
DB05668,P08306,0
DB12129,P49841,1
DB12129,P20674,0
DB03721,P01552,1
DB03721,P01556,1
DB03721,P04958,1
DB03721,P05451,1
DB03721,P10844,1
DB03721,P11226,1
DB03721,P16109,1
DB03721,P16581,1
DB03721,P23141,1
DB03721,P25311,1
DB03721,P42216,1
DB03721,Q9BZZ2,1
DB03721,P46597,0
DB03721,O14983,0
DB03721,Q15910,0
DB03721,P49588,0
DB03721,P60900,0
DB03721,P21709,0
DB03721,Q46891,0
DB03721,Q8N5Z0,0
DB03721,P00437,0
DB03721,P43876,0
DB03721,P30518,0
DB03721,Q8IJC6,0
DB01267,P08908,1
DB01267,P08913,1
DB01267,P14416,1
DB01267,P18089,1
DB01267,P18825,1
DB01267,P21728,1
DB01267,P21917,1
DB01267,P28221,1
DB01267,P28223,1
DB01267,P28335,1
DB01267,P34969,1
DB01267,P35348,1
DB01267,P35367,1
DB01267,P35368,1
DB01267,P35462,1
DB01267,Q92598,0
DB01267,Q86UE8,0
DB01267,P09373,0
DB01267,Q6NSD4,0
DB01267,P04234,0
DB01267,Q92876,0
DB01267,O69007,0
DB01267,P06703,0
DB01267,P34096,0
DB01267,P22102,0
DB01267,P00558,0
DB01267,P54710,0
DB01267,Q15382,0
DB01267,P9WJY5,0
DB01267,Q9NZD2,0
DB03371,Q8RLY5,1
DB03371,P20645,0
DB04861,P07550,1
DB04861,P08588,1
DB04861,P13945,1
DB04861,P13568,0
DB04861,P00749,0
DB04861,Q9H239,0
DB15624,P45983,1
DB15624,P45984,1
DB15624,P53779,1
DB15624,P13650,0
DB15624,Q9Y4K4,0
DB15624,Q9UJ70,0
DB05047,P23560,1
DB05047,P42261,1
DB05047,P42262,1
DB05047,P42263,1
DB05047,P48058,1
DB05047,P61987,0
DB05047,P20132,0
DB05047,P05166,0
DB05047,Q9KEQ1,0
DB05047,P63462,0
DB04130,Q05603,1
DB04130,P00947,0
DB00892,Q9Y5Y9,1
DB00892,Q15738,0
DB00679,P14416,1
DB00679,P21728,1
DB00679,P28223,1
DB00679,P35348,1
DB00679,P35368,1
DB00679,Q12809,1
DB00679,P07515,0
DB00679,P46976,0
DB00679,Q9Y4W6,0
DB00679,P97253,0
DB00679,Q15746,0
DB00679,P27696,0
DB07535,P56817,1
DB07535,O14792,0
DB07342,P09601,1
DB07342,Q9KM65,0
DB02733,P11802,1
DB02733,P24941,1
DB02733,P27361,1
DB02733,P28482,1
DB02733,P78362,1
DB02733,Q07785,1
DB02733,P13945,0
DB02733,P35869,0
DB02733,P61313,0
DB02733,P37747,0
DB02733,Q9Y2J8,0
DB02733,Q9Y3I0,0
DB02065,P96945,1
DB02065,Q00653,0
DB12007,P37231,1
DB12007,Q07869,1
DB12007,Q8NER1,0
DB12007,P14621,0
DB00849,O75469,1
DB00849,P14867,1
DB00849,P31644,1
DB00849,P34903,1
DB00849,P36544,1
DB00849,P42262,1
DB00849,P43681,1
DB00849,P47869,1
DB00849,P48169,1
DB00849,Q13002,1
DB00849,Q16445,1
DB00849,Q6DT37,0
DB00849,Q9ZB17,0
DB00849,P63104,0
DB00849,Q14181,0
DB00849,P0AF12,0
DB00849,P80297,0
DB00849,P56122,0
DB00849,P42790,0
DB00849,P53350,0
DB00849,Q9WYT0,0
DB00849,P01552,0
DB02604,P11217,1
DB02604,P23827,0
DB09304,A5X5Y0,1
DB09304,O95264,1
DB09304,P08908,1
DB09304,P08913,1
DB09304,P18089,1
DB09304,P18825,1
DB09304,P28221,1
DB09304,P28222,1
DB09304,P28223,1
DB09304,P28335,1
DB09304,P28566,1
DB09304,P30939,1
DB09304,P34969,1
DB09304,P41595,1
DB09304,P46098,1
DB09304,P50406,1
DB09304,Q13639,1
DB09304,Q70Z44,1
DB09304,Q8WXA8,1
DB09304,P02920,0
DB09304,P35228,0
DB09304,P13817,0
DB09304,P15813,0
DB09304,Q9XB59,0
DB09304,P61322,0
DB09304,P0A6F3,0
DB09304,P17291,0
DB09304,P22939,0
DB09304,P54802,0
DB09304,Q93UV9,0
DB09304,O25323,0
DB09304,O00591,0
DB09304,P48723,0
DB09304,P50747,0
DB09304,Q8RQP5,0
DB09304,O75348,0
DB09304,P29498,0
DB09304,P09668,0
DB07814,Q6P093,1
DB07814,Q9A1B7,0
DB01354,P14867,1
DB01354,P31644,1
DB01354,P34903,1
DB01354,P36544,1
DB01354,P42262,1
DB01354,P43681,1
DB01354,P47869,1
DB01354,P48169,1
DB01354,Q13002,1
DB01354,Q16445,1
DB01354,Q51705,0
DB01354,O34598,0
DB01354,Q9Z4P0,0
DB01354,O43169,0
DB01354,P18846,0
DB01354,P48147,0
DB01354,P56524,0
DB01354,O95264,0
DB01354,Q7K6A4,0
DB01354,Q96Q40,0
DB05229,P43119,1
DB05229,Q6NSD4,0
DB00384,P37088,1
DB00384,P51168,1
DB00384,P51170,1
DB00384,P51172,1
DB00384,P02930,0
DB00384,P11168,0
DB00384,P00451,0
DB00384,O60603,0
DB03900,P07998,1
DB03900,P0DP23,1
DB03900,P47228,1
DB03900,P50579,1
DB03900,P60174,1
DB03900,A0A0H2UQB5,0
DB03900,Q9HTQ2,0
DB03900,P20742,0
DB03900,Q9UKM7,0
DB03900,P50597,0
DB04878,O43451,1
DB04878,Q06700,0
DB04884,P08908,1
DB04884,P28222,1
DB04884,P28335,1
DB04884,P05695,0
DB04884,P36956,0
DB04884,P0AC41,0
DB07409,P60472,1
DB07409,Q8NFA2,0
DB01192,P35372,1
DB01192,P41143,1
DB01192,Q7BK04,0
DB01192,Q9UBN7,0
DB08751,P01112,1
DB08751,P14679,0
DB08361,P43405,1
DB08361,P42126,0
DB07439,P12758,1
DB07439,P23340,0
DB01439,P35372,1
DB01439,P41143,1
DB01439,P41145,1
DB01439,P18846,0
DB01439,P53350,0
DB01439,Q96SW2,0
DB05938,P05067,1
DB05938,P01857,0
DB02418,P62837,1
DB02418,P16218,0
DB03515,P00947,1
DB03515,P07445,1
DB03515,Q9HUR5,0
DB03515,P21638,0
DB05018,P06280,1
DB05018,P34932,0
DB13335,O00591,1
DB13335,O14764,1
DB13335,P14867,1
DB13335,P18505,1
DB13335,P18507,1
DB13335,P28472,1
DB13335,P31644,1
DB13335,P34903,1
DB13335,P47869,1
DB13335,P47870,1
DB13335,P48169,1
DB13335,P78334,1
DB13335,Q16445,1
DB13335,Q8N1C3,1
DB13335,Q99928,1
DB13335,Q9UN88,1
DB13335,P19838,0
DB13335,P02747,0
DB13335,P01127,0
DB13335,Q9UGM6,0
DB13335,P15336,0
DB13335,Q9NP99,0
DB13335,P12259,0
DB13335,P04271,0
DB13335,Q08460,0
DB13335,P61497,0
DB13335,P27338,0
DB13335,P54760,0
DB13335,Q92569,0
DB13335,P33260,0
DB13335,P9WNG3,0
DB13335,P9WFF5,0
DB08655,Q92793,1
DB08655,P30405,0
DB04881,P08183,1
DB04881,P48357,0
DB00187,P08588,1
DB00187,O15511,0
DB00207,Q9UM07,1
DB00207,P61925,0
DB02288,P07477,1
DB02288,P23921,0
DB01181,O75469,1
DB01181,Q9NRE1,0
DB01120,P15692,1
DB01120,Q09428,1
DB01120,P00282,0
DB01120,P06744,0
DB03437,P00811,1
DB03437,Q05586,0
DB01935,P00800,1
DB01935,Q9UQD0,0
DB06515,Q8NER1,1
DB06515,P06239,0
DB01834,P09211,1
DB01834,P09488,1
DB01834,P20231,0
DB01834,P0AD69,0
DB14508,O14732,1
DB14508,P29218,1
DB14508,P42263,1
DB14508,P49841,1
DB14508,P0DM80,0
DB14508,P18850,0
DB14508,P07477,0
DB14508,P08603,0
DB01997,P29474,1
DB01997,P29475,1
DB01997,P35228,1
DB01997,P12461,0
DB01997,Q14573,0
DB01997,P11684,0
DB00430,C1KC03,1
DB00430,P02918,1
DB00430,P02919,1
DB00430,P08506,1
DB00430,P0AD68,1
DB00430,Q07806,1
DB00430,Q9X6W0,1
DB00430,P42262,0
DB00430,P14920,0
DB00430,P04075,0
DB00430,Q08288,0
DB00430,Q16651,0
DB00430,Q13093,0
DB00430,Q5LI27,0
DB00691,P12821,1
DB00691,O67854,0
DB01778,P56740,1
DB01778,P37093,0
DB03182,O75390,1
DB03182,P0A0N4,0
DB07086,P03372,1
DB07086,Q15596,1
DB07086,P00778,0
DB07086,P13376,0
DB08387,Q9Y233,1
DB08387,Q99623,0
DB02188,P32396,1
DB02188,O08498,0
DB03116,P0A6D3,1
DB03116,P00634,0
DB03957,P60568,1
DB03957,O97313,0
DB00608,P01375,1
DB00608,P09210,1
DB00608,P09429,1
DB00608,P09488,1
DB00608,Q8MU52,1
DB00608,Q9BYF1,1
DB00608,Q9NR96,1
DB00608,O14936,0
DB00608,P08048,0
DB00608,O75899,0
DB00608,P31323,0
DB00608,P02746,0
DB00608,P13647,0
DB00608,P14543,0
DB07700,P42330,1
DB07700,Q9Y6F1,0
DB01392,P08908,1
DB01392,P08913,1
DB01392,P14416,1
DB01392,P18089,1
DB01392,P18825,1
DB01392,P28221,1
DB01392,P28222,1
DB01392,P28223,1
DB01392,P28335,1
DB01392,P35462,1
DB01392,P41595,1
DB01392,P48048,1
DB01392,P78508,1
DB01392,Q14500,1
DB01392,Q14654,1
DB01392,Q15842,1
DB01392,Q99712,1
DB01392,Q9UNX9,1
DB01392,O00182,0
DB01392,P0A9J6,0
DB01392,C0H5H0,0
DB01392,P17315,0
DB01392,Q16775,0
DB01392,Q8GIQ0,0
DB01392,P01127,0
DB01392,O75976,0
DB01392,Q9KFR4,0
DB01392,P96558,0
DB01392,C0H4V6,0
DB01392,O07732,0
DB01392,Q8I0V4,0
DB01392,O60895,0
DB01392,P80192,0
DB01392,Q9NY59,0
DB01392,O31440,0
DB01392,P49788,0
DB02211,P27338,1
DB02211,P17931,0
DB08167,P22303,1
DB08167,Q8NMG3,1
DB08167,Q60053,0
DB08167,Q96I99,0
DB07666,P27487,1
DB07666,P05231,0
DB03228,P38489,1
DB03228,Q7KQK0,0
DB01177,P11388,1
DB01177,P17612,0
DB06912,P61626,1
DB06912,P0AFI5,0
DB12147,O43519,1
DB12147,P07333,1
DB12147,P09619,1
DB12147,P10721,1
DB12147,P11362,1
DB12147,P16234,1
DB12147,P21802,1
DB12147,P22455,1
DB12147,P22607,1
DB12147,P35968,1
DB12147,Q99661,0
DB12147,P29559,0
DB12147,Q5T601,0
DB12147,P59768,0
DB12147,Q9Y4W6,0
DB12147,Q14872,0
DB12147,P16615,0
DB12147,P52597,0
DB12147,P55789,0
DB12147,P0A3M5,0
DB05514,P51788,1
DB05514,P16870,0
DB04361,P13650,1
DB04361,Q03426,0
DB07609,P11509,1
DB07609,P0A2W7,0
DB00923,Q70KI2,1
DB00923,Q7L266,0
DB03974,P29474,1
DB03974,P00646,0
DB02184,P9WHE9,1
DB02184,P09210,0
DB08765,P00918,1
DB08765,P14174,1
DB08765,Q9UBX1,0
DB08765,Q9X757,0
DB04501,P00183,1
DB04501,Q9Y2Q0,0
DB14583,P04150,1
DB14583,P06401,1
DB14583,P10275,1
DB14583,P20231,0
DB14583,Q9UJ90,0
DB14583,Q02156,0
DB08280,P28845,1
DB08280,Q86UW8,0
DB14010,P08908,1
DB14010,P28223,1
DB14010,P0C278,0
DB14010,Q4W9V8,0
DB01865,P0AEK4,1
DB01865,Q03431,0
DB04531,P16455,1
DB04531,Q8IB72,0
DB00167,O15382,1
DB00167,P41252,1
DB00167,P45954,1
DB00167,P54687,1
DB00167,Q9NSE4,1
DB00167,P47900,0
DB00167,P00846,0
DB00167,P28593,0
DB00167,A0A0H2WWQ9,0
DB00167,P41007,0
DB13036,Q9Y5Y4,1
DB13036,P9WIP7,0
DB04089,P00918,1
DB04089,P9WPB5,0
DB02429,P00918,1
DB02429,P76577,0
DB02697,P08254,1
DB02697,P45452,1
DB02697,Q9UJU2,0
DB02697,P0A9J6,0
DB08314,P24182,1
DB08314,P30038,0
DB08704,Q9KU37,1
DB08704,Q8TET4,0
DB00918,P28221,1
DB00918,P28222,1
DB00918,Q54331,0
DB00918,P35225,0
DB01064,O00459,1
DB01064,P00441,1
DB01064,P07550,1
DB01064,P08588,1
DB01064,P13945,1
DB01064,P27986,1
DB01064,P28482,1
DB01064,Q4ZHU6,1
DB01064,Q92569,1
DB01064,P17538,0
DB01064,P0A110,0
DB01064,P05618,0
DB01064,P83798,0
DB01064,Q08460,0
DB01064,Q9Y5R8,0
DB01064,P11741,0
DB01064,P43652,0
DB01064,Q02083,0
DB03226,P00326,1
DB03226,P01112,1
DB03226,P42328,1
DB03226,Q9Y4R7,0
DB03226,P32170,0
DB03226,O52646,0
DB07440,P00734,1
DB07440,P9WKE9,0
DB07618,P24941,1
DB07618,O14788,0
DB11071,P23219,1
DB11071,P35354,1
DB11071,Q9UQF2,0
DB11071,P54289,0
DB14013,P20393,1
DB14013,Q14995,1
DB14013,Q72EF3,0
DB14013,Q2LU76,0
DB03052,P24557,1
DB03052,Q6WRI0,0
DB08409,P01857,1
DB08409,P01859,1
DB08409,P34995,0
DB08409,O00264,0
DB02827,P18031,1
DB02827,P56220,0
DB08539,P24941,1
DB08539,P9WK19,0
DB03133,P11217,1
DB03133,O00299,0
DB08864,O75469,1
DB08864,O95718,0
DB08114,P17612,1
DB08114,P61925,1
DB08114,P22830,0
DB08114,P12724,0
DB08192,P12931,1
DB08192,Q8IM15,0
DB08136,P24941,1
DB08136,P60953,0
DB04263,P11926,1
DB04263,Q05603,0
DB07422,P10275,1
DB07422,P25021,0
DB14879,P24228,1
DB14879,Q07806,1
DB14879,Q51504,1
DB14879,Q9X6V3,1
DB14879,Q9X6W0,1
DB14879,P76270,0
DB14879,O00459,0
DB14879,P18825,0
DB14879,P61604,0
DB14879,P27142,0
DB07990,P22088,1
DB07990,P11511,0
DB07771,P01116,1
DB07771,P49354,1
DB07771,P49356,1
DB07771,Q8TBX8,0
DB07771,P21695,0
DB07771,P37700,0
DB06795,P23280,1
DB06795,Q9UGM1,0
DB00784,P23219,1
DB00784,P35354,1
DB00784,Q8NW68,0
DB00784,P09668,0
DB01422,P50579,1
DB01422,Q9NQS7,0
DB00764,P04150,1
DB00764,P06401,1
DB00764,P02776,0
DB00764,P32397,0
DB02172,P12070,1
DB02172,P18314,0
DB07103,P00800,1
DB07103,P28472,0
DB06243,P11926,1
DB06243,Q6L8H2,0
DB07522,P00734,1
DB07522,Q13698,0
DB00669,P08908,1
DB00669,P28221,1
DB00669,P28222,1
DB00669,P30939,1
DB00669,Q7L0J3,0
DB00669,P51168,0
DB00669,Q9X022,0
DB00669,P23634,0
DB04645,P11217,1
DB04645,O14727,0
DB02677,P00780,1
DB02677,P19622,0
DB04004,P28720,1
DB04004,P62344,0
DB03381,P07108,1
DB03381,P08100,1
DB03381,P83844,0
DB03381,P62491,0
DB08739,P48147,1
DB08739,Q01064,0
DB02898,P24941,1
DB02898,P00101,0
DB07129,P00749,1
DB07129,Q8XB74,0
DB04522,O15530,1
DB04522,O31465,1
DB04522,O32723,1
DB04522,P00634,1
DB04522,P02974,1
DB04522,P05451,1
DB04522,P07515,1
DB04522,P08100,1
DB04522,P11217,1
DB04522,P11309,1
DB04522,P13569,1
DB04522,P17612,1
DB04522,P25924,1
DB04522,P26276,1
DB04522,P29508,1
DB04522,P51584,1
DB04522,Q03721,1
DB04522,Q04759,1
DB04522,Q15796,1
DB04522,Q9UL54,1
DB04522,Q9X112,0
DB04522,P10145,0
DB04522,O60493,0
DB04522,O08398,0
DB04522,Q12791,0
DB04522,P26789,0
DB04522,Q8TD30,0
DB04522,P51800,0
DB04522,Q92876,0
DB04522,Q51792,0
DB04522,P48729,0
DB04522,P01019,0
DB04522,P01574,0
DB04522,P15336,0
DB04522,P44801,0
DB04522,Q09428,0
DB04522,P67910,0
DB04522,Q5VZ30,0
DB04522,Q9Y234,0
DB04522,P21452,0
DB06451,P17252,1
DB06451,P00781,0
DB01755,P56690,1
DB01755,Q9X266,0
DB05737,O15496,1
DB05737,P14555,1
DB05737,Q9NS18,0
DB05737,P28065,0
DB00193,O15399,1
DB00193,O60391,1
DB00193,P08913,1
DB00193,P11229,1
DB00193,P18089,1
DB00193,P18825,1
DB00193,P20309,1
DB00193,P23975,1
DB00193,P25103,1
DB00193,P28335,1
DB00193,P30542,1
DB00193,P31645,1
DB00193,P35372,1
DB00193,P41143,1
DB00193,P41145,1
DB00193,Q05586,1
DB00193,Q12879,1
DB00193,Q13224,1
DB00193,Q14957,1
DB00193,Q693P7,1
DB00193,Q8NER1,1
DB00193,Q8TCU5,1
DB00193,Q99250,1
DB00193,P34024,0
DB00193,P49356,0
DB00193,Q00975,0
DB00193,P06870,0
DB00193,Q9X278,0
DB00193,Q8N8R3,0
DB00193,Q5SHN7,0
DB00193,Q02762,0
DB00193,Q9NPC2,0
DB00193,P05141,0
DB00193,P32397,0
DB00193,P53779,0
DB00193,Q8I3X4,0
DB00193,Q8IJN7,0
DB00193,P9WGY7,0
DB00193,Q9UBQ6,0
DB00193,Q6NXR0,0
DB00193,P52647,0
DB00193,P78348,0
DB00193,Q05940,0
DB00193,Q16552,0
DB00193,Q93088,0
DB00193,P0A108,0
DB03091,P0ABA0,1
DB03091,Q7CRA4,0
DB00697,P08913,1
DB00697,P18089,1
DB00697,P18825,1
DB00697,P25100,1
DB00697,P35348,1
DB00697,P35368,1
DB00697,Q9Y2I1,1
DB00697,P26394,0
DB00697,P48169,0
DB00697,P47205,0
DB00697,P63027,0
DB00697,P11498,0
DB00697,P33981,0
DB00697,Q16678,0
DB00464,P04070,1
DB00464,P07225,1
DB00464,Q13332,0
DB00464,P09147,0
DB07941,Q16539,1
DB07941,Q8XB74,0
DB04505,P07900,1
DB04505,P30837,0
DB02363,P07998,1
DB02363,P0ABQ4,1
DB02363,P43876,1
DB02363,P35557,0
DB02363,O60359,0
DB02363,Q92847,0
DB03312,O00142,1
DB03312,P62508,0
DB01719,P30920,1
DB01719,Q9BWD1,0
DB01301,P0A7X3,1
DB01301,Q13133,0
DB02079,P21549,1
DB02079,P04279,0
DB04241,P16932,1
DB04241,P49862,0
DB08050,P51852,1
DB08050,Q83LD8,0
DB08213,P42574,1
DB08213,Q8TDN1,0
DB00439,P04035,1
DB00439,P35225,0
DB03113,P0A716,1
DB03113,O60502,0
DB02599,P28720,1
DB02599,P01574,0
DB07277,P00734,1
DB07277,P00742,1
DB07277,P02649,0
DB07277,Q939N4,0
DB07174,P00797,1
DB07174,P23297,0
DB03865,P00734,1
DB03865,P00749,1
DB03865,P05981,1
DB03865,P07477,1
DB03865,P09147,0
DB03865,P04391,0
DB03865,P19105,0
DB03865,P0A8V9,0
DB06904,P00803,1
DB06904,O15270,0
DB07285,P14780,1
DB07285,P62241,0
DB07193,P27487,1
DB07193,Q15031,0
DB00550,P07202,1
DB00550,P0AC47,0
DB08771,P28845,1
DB08771,P40859,0
DB02259,P18031,1
DB02259,P50597,0
DB00534,P51649,1
DB00534,Q13621,1
DB00534,Q8N8N7,0
DB00534,Q16706,0
DB11827,P31639,1
DB11827,P48729,0
DB06920,P00742,1
DB06920,P51659,0
DB05478,P08684,1
DB05478,O60858,0
DB05423,P04150,1
DB05423,Q9UKE5,0
DB04534,P29474,1
DB04534,P35228,1
DB04534,P58335,0
DB04534,P09622,0
DB00316,P23219,1
DB00316,P35354,1
DB00316,Q15185,1
DB00316,Q8NER1,1
DB00316,P9WNH5,0
DB00316,P51884,0
DB00316,P06132,0
DB00316,Q9H2X9,0
DB02711,P9WHE9,1
DB02711,P32890,0
DB04578,P27487,1
DB04578,Q07864,0
DB04176,Q05603,1
DB04176,Q53707,0
DB04499,Q93D82,1
DB04499,P17252,0
DB00381,A0A024R8I1,1
DB00381,P00915,1
DB00381,P17405,1
DB00381,Q00975,1
DB00381,Q02641,1
DB00381,Q13936,1
DB00381,Q8IZS8,1
DB00381,Q9P0X4,1
DB00381,P12081,0
DB00381,P10646,0
DB00381,O13332,0
DB00381,Q04782,0
DB00381,P46926,0
DB00381,P19634,0
DB00381,P49841,0
DB00381,P06733,0
DB03896,P51003,1
DB03896,Q8I0V4,0
DB11136,P00167,1
DB11136,Q9UGJ0,0
DB04885,P46098,1
DB04885,P40394,0
DB08125,P24941,1
DB08125,P0A0Z8,0
DB04617,P22303,1
DB04617,Q8WVQ1,0
DB12733,P41594,1
DB12733,P30532,0
DB06830,O95749,1
DB06830,P20231,0
DB00135,P07101,1
DB00135,P17735,1
DB00135,P54577,1
DB00135,Q9Y2Z4,1
DB00135,P78334,0
DB00135,O75636,0
DB00135,Q8KI25,0
DB00135,Q8XB74,0
DB03439,P04746,1
DB03439,P03951,0
DB12651,Q14790,1
DB12651,O15269,0
DB02820,Q99714,1
DB02820,Q9WZS7,0
DB05518,P09467,1
DB05518,O14792,0
DB00723,P25100,1
DB00723,P35348,1
DB00723,P35368,1
DB00723,P32238,0
DB00723,Q59976,0
DB00723,P51161,0
DB07055,Q9L5C8,1
DB07055,Q02761,0
DB06903,Q82IZ1,1
DB06903,P61457,0
DB03472,P0A9Z7,1
DB03472,P0AD63,1
DB03472,Q99798,0
DB03472,O60931,0
DB04282,P07986,1
DB04282,P09848,1
DB04282,P22073,1
DB04282,Q54331,1
DB04282,P53004,0
DB04282,P00634,0
DB04282,P24232,0
DB04282,P00746,0
DB04293,P00811,1
DB04293,Q8XL08,0
DB04864,P22303,1
DB04864,Q07982,0
DB00311,P00915,1
DB00311,P00918,1
DB00311,P07451,1
DB00311,P22748,1
DB00311,P43166,1
DB00311,P0AE22,0
DB00311,Q9UGI6,0
DB00311,Q00653,0
DB00311,Q15080,0
DB00311,Q01959,0
DB08185,P0DOY6,1
DB08185,P0DOY7,1
DB08185,P0DOY9,1
DB08185,P17291,1
DB08185,P62658,1
DB08185,P62660,1
DB08185,P62661,1
DB08185,P62662,1
DB08185,P62663,1
DB08185,P62669,1
DB08185,P80371,1
DB08185,P80372,1
DB08185,P80373,1
DB08185,P80374,1
DB08185,P80376,1
DB08185,P80377,1
DB08185,P80380,1
DB08185,Q01698,1
DB08185,Q5SHN3,1
DB08185,Q5SHN7,1
DB08185,Q5SHP2,1
DB08185,Q5SHQ5,1
DB08185,Q5SIH3,1
DB08185,Q5SJ76,1
DB08185,Q5SJH3,1
DB08185,Q5SLP8,1
DB08185,Q5SLQ0,1
DB08185,Q03154,0
DB08185,P23469,0
DB08185,P50440,0
DB08185,P55055,0
DB08185,Q75Y35,0
DB08185,P06307,0
DB08185,Q9UI12,0
DB08185,P0ADY7,0
DB08185,Q02643,0
DB08185,Q9UNP4,0
DB08185,P84141,0
DB08185,P11684,0
DB08185,P00811,0
DB08185,P41250,0
DB08185,P28074,0
DB08185,P14174,0
DB08185,P08235,0
DB08185,P30291,0
DB08185,Q15788,0
DB08185,Q15155,0
DB08185,P9WNS5,0
DB08185,P75792,0
DB08185,O75636,0
DB08185,Q51911,0
DB08185,Q96GD4,0
DB08185,O75964,0
DB08185,P49619,0
DB11791,P08581,1
DB11791,Q9NPC2,0
DB08032,P52732,1
DB08032,Q13231,0
DB07195,P03372,1
DB07195,Q15596,1
DB07195,P80099,0
DB07195,Q969F8,0
DB00338,P20648,1
DB00338,P35869,1
DB00338,P02750,0
DB00338,Q9Y6L6,0
DB03380,P01303,1
DB03380,Q86WA6,1
DB03380,P0A433,0
DB03380,Q8WU08,0
DB03311,P18031,1
DB03311,P07359,0
DB07914,Q0S9X1,1
DB07914,Q59721,1
DB07914,P63462,0
DB07914,O43451,0
DB09013,P07550,1
DB09013,P08588,1
DB09013,P22392,0
DB09013,Q92482,0
DB11477,P08913,1
DB11477,P18089,1
DB11477,P18825,1
DB11477,P01859,0
DB11477,P09960,0
DB11477,P04279,0
DB03325,P0AGJ9,1
DB03325,P13376,0
DB09272,P35372,1
DB09272,P41143,1
DB09272,P41145,1
DB09272,Q9H6Z9,0
DB09272,P41407,0
DB09272,P36946,0
DB03307,P24941,1
DB03307,P06280,0
DB03573,P25779,1
DB03573,Q9UBX1,1
DB03573,P09210,0
DB03573,Q9NYX4,0
DB00206,O15392,1
DB00206,P54219,1
DB00206,Q05940,1
DB00206,P0AFI5,0
DB00206,P29466,0
DB00206,P68871,0
DB09460,P00915,1
DB09460,P00918,1
DB09460,P22748,1
DB09460,Q16790,1
DB09460,P00491,0
DB09460,P01834,0
DB09460,O33199,0
DB09460,Q93088,0
DB00831,P0DP23,1
DB00831,P14416,1
DB00831,P26447,1
DB00831,P35348,1
DB00831,P63316,1
DB00831,Q9NYX4,1
DB00831,Q81C15,0
DB00831,Q9UJ96,0
DB00831,P20261,0
DB00831,P13100,0
DB00831,Q93D82,0
DB00831,P08306,0
DB01149,P08908,1
DB01149,P08913,1
DB01149,P23975,1
DB01149,P28223,1
DB01149,P28335,1
DB01149,P31645,1
DB01149,P35348,1
DB01149,P35368,1
DB01149,Q01959,1
DB01149,Q12809,1
DB01149,O00217,0
DB01149,P81006,0
DB01149,P17812,0
DB01149,P9WGY7,0
DB01149,P26790,0
DB01149,Q60FT7,0
DB01149,P9WFF5,0
DB01149,P63151,0
DB01149,P01889,0
DB01149,Q15648,0
DB00379,P35869,1
DB00379,Q14524,1
DB00379,P02458,0
DB00379,P51955,0
DB00816,P07550,1
DB00816,Q81EW9,0
DB02688,P43683,1
DB02688,O15239,0
DB03657,P11217,1
DB03657,Q8IYT8,0
DB11726,P36544,1
DB11726,Q8XJ01,0
DB01561,P00947,1
DB01561,P14061,1
DB01561,Q9UJM8,0
DB01561,P19827,0
DB02617,P00183,1
DB02617,Q23022,0
DB00486,P21554,1
DB00486,P34972,1
DB00486,P13100,0
DB00486,P49424,0
DB07944,P00734,1
DB07944,Q56232,0
DB07905,P28482,1
DB07905,Q47764,0
DB01629,P00441,1
DB01629,P12758,1
DB01629,O85465,0
DB01629,P28062,0
DB07747,P11086,1
DB07747,Q02127,0
DB06882,P12931,1
DB06882,Q16539,1
DB06882,P9WNL9,0
DB06882,P21731,0
DB08666,P0AE18,1
DB08666,P76045,0
DB01085,P08172,1
DB01085,P08173,1
DB01085,P11229,1
DB01085,P20309,1
DB01085,P41235,0
DB01085,P22459,0
DB01085,P00138,0
DB01085,Q9BQB6,0
DB09409,O15399,1
DB09409,O60391,1
DB09409,Q05586,1
DB09409,Q12879,1
DB09409,Q13224,1
DB09409,Q14957,1
DB09409,Q8TCU5,1
DB09409,P11439,0
DB09409,P00497,0
DB09409,P25084,0
DB09409,P83792,0
DB09409,Q8IVH4,0
DB09409,P05129,0
DB09409,Q9Y5Y6,0
DB04855,O00305,1
DB04855,O60840,1
DB04855,O95069,1
DB04855,P08588,1
DB04855,P08913,1
DB04855,P10827,1
DB04855,P18089,1
DB04855,P18825,1
DB04855,P25100,1
DB04855,P32418,1
DB04855,P35348,1
DB04855,P35368,1
DB04855,P48050,1
DB04855,P48549,1
DB04855,P51787,1
DB04855,P54284,1
DB04855,P63252,1
DB04855,Q01668,1
DB04855,Q02641,1
DB04855,Q08289,1
DB04855,Q12809,1
DB04855,Q13698,1
DB04855,Q13936,1
DB04855,Q14500,1
DB04855,Q14524,1
DB04855,Q9UK17,1
DB04855,Q9UNX9,1
DB04855,P22983,0
DB04855,P07650,0
DB04855,P31243,0
DB04855,P00811,0
DB04855,P14679,0
DB04855,Q16647,0
DB04855,P13929,0
DB04855,P23381,0
DB04855,P13702,0
DB04855,Q9F0J6,0
DB04855,P19835,0
DB04855,O15403,0
DB04855,P28222,0
DB04855,P83689,0
DB04855,P0AC41,0
DB04855,P14550,0
DB04855,P01876,0
DB04855,P00959,0
DB04855,P68400,0
DB04855,P20333,0
DB04855,P05230,0
DB04855,P19652,0
DB04855,P06732,0
DB04855,P23367,0
DB04855,Q9NXB9,0
DB04855,Q81C15,0
DB04855,P52664,0
DB08006,Q02127,1
DB08006,O31156,0
DB02073,P02144,1
DB02073,P09601,1
DB02073,P30043,1
DB02073,Q46822,0
DB02073,Q9NY65,0
DB02073,P58335,0
DB06821,P0AC13,1
DB06821,P20963,0
DB05234,P10275,1
DB05234,Q13126,0
DB07268,P45983,1
DB07268,Q8I4W4,0
DB07946,P00734,1
DB07946,P09238,0
DB06953,P49354,1
DB06953,P49356,1
DB06953,P01137,0
DB06953,Q9Z4J7,0
DB07639,P00734,1
DB07639,Q6QNK2,0
DB03180,Q05603,1
DB03180,Q9Y6T7,0
DB04673,P00742,1
DB04673,P03960,0
DB00148,P06732,1
DB00148,P12277,1
DB00148,P12532,1
DB00148,P17540,1
DB00148,P48029,1
DB00148,Q14353,1
DB00148,Q9NYP7,0
DB00148,Q8ILE8,0
DB00148,Q16552,0
DB00148,P29395,0
DB00148,P56373,0
DB00148,Q59931,0
DB08345,P68400,1
DB08345,P07919,0
DB06938,P35968,1
DB06938,Q14353,0
DB04296,P0AG16,1
DB04296,Q92781,0
DB03160,P12998,1
DB03160,P01106,0
DB04195,P11217,1
DB04195,P23219,0
DB00470,P21554,1
DB00470,P34972,1
DB00470,P01834,0
DB00470,P41789,0
DB02850,P32754,1
DB02850,Q9X1B3,0
DB08272,Q9A1B7,1
DB08272,Q8GIQ0,0
DB06201,P41594,1
DB06201,Q15858,1
DB06201,P04155,0
DB06201,Q3JP94,0
DB04187,P09488,1
DB04187,P07339,0
DB02051,P25779,1
DB02051,P49773,0
DB04948,P08908,1
DB04948,P08913,1
DB04948,P28221,1
DB04948,P28335,1
DB04948,P34969,1
DB04948,P35348,1
DB04948,Q99798,0
DB04948,Q9NZD2,0
DB04948,Q9HAZ1,0
DB04948,Q5L1E2,0
DB04948,P22256,0
DB04948,Q9P2W7,0
DB14501,P00450,1
DB14501,P02786,1
DB14501,P02787,1
DB14501,P02794,1
DB14501,P06746,1
DB14501,P39748,1
DB14501,P69905,1
DB14501,Q16595,1
DB14501,Q969S2,1
DB14501,Q96FI4,1
DB14501,Q9BY41,1
DB14501,Q9GZT9,1
DB14501,Q9NZD4,1
DB14501,Q8NHE4,0
DB14501,Q9UF33,0
DB14501,P45984,0
DB14501,P0DP24,0
DB14501,P02655,0
DB14501,Q8NER1,0
DB14501,P01871,0
DB14501,P23763,0
DB14501,Q9Y2Z4,0
DB14501,P0A7W7,0
DB14501,Q9LCC8,0
DB14501,Q8IVH8,0
DB14501,P35520,0
DB08179,Q04760,1
DB08179,Q8I3X4,0
DB02030,Q05603,1
DB02030,P11998,0
DB02809,P00381,1
DB02809,P13995,0
DB08731,P00811,1
DB08731,P14555,0
DB08612,Q9UKY3,1
DB08612,Q96MA6,0
DB04094,P62942,1
DB04094,Q92830,0
DB07120,P00734,1
DB07120,P36946,0
DB04023,P11759,1
DB04023,O75251,0
DB02906,Q93TU6,1
DB02906,Q7WT42,0
DB07115,Q8N1Q1,1
DB07115,P02708,0
DB00559,P24530,1
DB00559,P25101,1
DB00559,P0CG30,0
DB00559,P55072,0
DB06240,P08183,1
DB06240,P44345,0
DB05239,Q02750,1
DB05239,P9WIE5,0
DB05116,P04818,1
DB05116,O00591,0
DB13125,P40238,1
DB13125,P49190,0
DB00499,O75469,1
DB00499,P10275,1
DB00499,P35869,1
DB00499,P25789,0
DB00499,P11678,0
DB00499,Q9TY94,0
DB03557,P18031,1
DB03557,Q83QN9,0
DB02627,P00811,1
DB02627,B2ZTR6,0
DB01549,P14416,1
DB01549,Q8TCU5,1
DB01549,P11166,0
DB01549,A0A045ISQ8,0
DB03863,Q46079,1
DB03863,Q59288,1
DB03863,P24666,0
DB03863,P25100,0
DB03705,Q81VW8,1
DB03705,P37001,0
DB00157,O00217,1
DB00157,O00483,1
DB00157,O14556,1
DB00157,O14561,1
DB00157,O15239,1
DB00157,O43175,1
DB00157,O43181,1
DB00157,O43674,1
DB00157,O43676,1
DB00157,O43677,1
DB00157,O43678,1
DB00157,O43837,1
DB00157,O43920,1
DB00157,O60701,1
DB00157,O75251,1
DB00157,O75306,1
DB00157,O75380,1
DB00157,O75438,1
DB00157,O75489,1
DB00157,O94788,1
DB00157,O95139,1
DB00157,O95167,1
DB00157,O95168,1
DB00157,O95169,1
DB00157,O95178,1
DB00157,O95182,1
DB00157,O95298,1
DB00157,O95299,1
DB00157,O95479,1
DB00157,O96000,1
DB00157,P00325,1
DB00157,P00326,1
DB00157,P00338,1
DB00157,P00352,1
DB00157,P00367,1
DB00157,P00374,1
DB00157,P00387,1
DB00157,P00390,1
DB00157,P03886,1
DB00157,P03891,1
DB00157,P03897,1
DB00157,P03901,1
DB00157,P03905,1
DB00157,P03915,1
DB00157,P03923,1
DB00157,P04035,1
DB00157,P04406,1
DB00157,P05091,1
DB00157,P05093,1
DB00157,P07195,1
DB00157,P07327,1
DB00157,P07864,1
DB00157,P08319,1
DB00157,P08559,1
DB00157,P09417,1
DB00157,P09601,1
DB00157,P09622,1
DB00157,P10515,1
DB00157,P11177,1
DB00157,P11586,1
DB00157,P11766,1
DB00157,P12268,1
DB00157,P13995,1
DB00157,P14060,1
DB00157,P14061,1
DB00157,P14679,1
DB00157,P15121,1
DB00157,P15428,1
DB00157,P16083,1
DB00157,P16219,1
DB00157,P17516,1
DB00157,P17568,1
DB00157,P19404,1
DB00157,P20839,1
DB00157,P21695,1
DB00157,P23368,1
DB00157,P26439,1
DB00157,P28331,1
DB00157,P28845,1
DB00157,P29803,1
DB00157,P30038,1
DB00157,P30043,1
DB00157,P30519,1
DB00157,P30837,1
DB00157,P30838,1
DB00157,P31937,1
DB00157,P32322,1
DB00157,P37058,1
DB00157,P37059,1
DB00157,P40394,1
DB00157,P40925,1
DB00157,P40926,1
DB00157,P40939,1
DB00157,P42330,1
DB00157,P43353,1
DB00157,P47895,1
DB00157,P48163,1
DB00157,P48448,1
DB00157,P48728,1
DB00157,P49189,1
DB00157,P49419,1
DB00157,P49448,1
DB00157,P49821,1
DB00157,P50213,1
DB00157,P51553,1
DB00157,P51648,1
DB00157,P51649,1
DB00157,P51659,1
DB00157,P51970,1
DB00157,P52895,1
DB00157,P53004,1
DB00157,P56181,1
DB00157,P56556,1
DB00157,P56937,1
DB00157,P80365,1
DB00157,Q00796,1
DB00157,Q02218,1
DB00157,Q02252,1
DB00157,Q02338,1
DB00157,Q02928,1
DB00157,Q04828,1
DB00157,Q08426,1
DB00157,Q13423,1
DB00157,Q13630,1
DB00157,Q15738,1
DB00157,Q15800,1
DB00157,Q16718,1
DB00157,Q16795,1
DB00157,Q16798,1
DB00157,Q16836,1
DB00157,Q16878,1
DB00157,Q6ZMR3,1
DB00157,Q86Y39,1
DB00157,Q92506,1
DB00157,Q92781,1
DB00157,Q96C36,1
DB00157,Q99714,1
DB00157,Q9BYZ2,1
DB00157,Q9NRX3,1
DB00157,Q9P0J0,1
DB00157,Q9UBM7,1
DB00157,Q9UDR5,1
DB00157,Q9UI09,1
DB00157,Q9Y6M9,1
DB00157,P52687,0
DB00157,Q9UBK8,0
DB00157,P31152,0
DB00157,P13726,0
DB00157,P54965,0
DB00157,P83796,0
DB00157,O60264,0
DB00157,P14920,0
DB00157,O00222,0
DB00157,Q9Y5S8,0
DB00157,P17676,0
DB00157,P16118,0
DB00157,Q9HTN2,0
DB00157,Q8XJ01,0
DB00157,P31260,0
DB00157,Q47NK3,0
DB00157,Q9BY32,0
DB00157,P41146,0
DB00157,P10145,0
DB00157,F7VJQ1,0
DB00157,O15375,0
DB00157,Q92569,0
DB00157,P05067,0
DB00157,P0A8V2,0
DB00157,P12259,0
DB00157,Q9L9D7,0
DB00157,P07204,0
DB00157,P0A6A8,0
DB00157,Q07912,0
DB00157,O43772,0
DB00157,Q7RTT9,0
DB00157,P16113,0
DB00157,P37001,0
DB00157,P48047,0
DB00157,Q46702,0
DB00157,P21980,0
DB00157,Q55793,0
DB00157,Q8TDS4,0
DB00157,P02745,0
DB00157,Q9BY41,0
DB00157,P56220,0
DB00157,P07355,0
DB00157,O06796,0
DB00157,P08254,0
DB00157,P13376,0
DB00157,P50618,0
DB00157,Q5PXQ6,0
DB00157,P81040,0
DB00157,Q59675,0
DB00157,Q9KKU4,0
DB00157,P23340,0
DB00157,P21631,0
DB00157,Q9BYV1,0
DB00157,P12532,0
DB00157,P10997,0
DB00157,Q98GN8,0
DB00157,P9WJ63,0
DB00157,P25116,0
DB00157,P31723,0
DB00157,P9WKE1,0
DB00157,Q96NY8,0
DB00157,Q15238,0
DB00157,Q16478,0
DB00157,O00204,0
DB00157,Q15428,0
DB00157,P29590,0
DB00157,P62660,0
DB00157,P10412,0
DB00157,Q16671,0
DB00157,Q08698,0
DB00157,P20276,0
DB00157,Q9H093,0
DB00157,C0H4Y6,0
DB00157,P45983,0
DB00157,P13569,0
DB00157,P37268,0
DB00157,P18669,0
DB00157,P75914,0
DB00157,Q04912,0
DB00157,Q14872,0
DB00157,Q70GK9,0
DB00157,P0C8P8,0
DB00157,P08913,0
DB00157,Q840M4,0
DB00157,Q54AI1,0
DB00157,Q9GPQ4,0
DB00157,Q9RW27,0
DB00157,P0AD63,0
DB00157,Q8WWQ8,0
DB00157,P9WQD9,0
DB00157,P46940,0
DB00157,Q52546,0
DB00157,P04156,0
DB00157,Q8I5G6,0
DB00157,P20581,0
DB00157,P07741,0
DB00157,P0AGG2,0
DB00157,P25786,0
DB00157,P01374,0
DB00157,Q16555,0
DB00157,O14618,0
DB00157,P31939,0
DB00157,P0AE12,0
DB00157,Q8NHE4,0
DB00157,P14770,0
DB00157,P17540,0
DB00157,P00136,0
DB00157,O43525,0
DB00157,P0A7Z4,0
DB00157,Q7LG56,0
DB00157,P41022,0
DB00157,P49915,0
DB00157,P27797,0
DB00157,Q86V86,0
DB00157,Q44244,0
DB00157,Q14081,0
DB00157,Q5SKH7,0
DB00157,Q96NX5,0
DB00157,Q46730,0
DB00157,Q16513,0
DB00157,P04746,0
DB00157,P43985,0
DB00157,P16932,0
DB00157,P0A8P1,0
DB00157,P24474,0
DB00157,P29074,0
DB00157,Q9UKU7,0
DB00157,P08048,0
DB00157,P61927,0
DB00157,Q45515,0
DB00157,Q96DP5,0
DB00157,P16442,0
DB00157,Q8SPQ9,0
DB00157,Q12791,0
DB00157,Q15750,0
DB00157,P52026,0
DB00157,O96221,0
DB00157,P28248,0
DB00157,Q5SSJ5,0
DB00157,O14949,0
DB00157,P0A6M2,0
DB00157,P32238,0
DB00157,P61626,0
DB00157,P9WIB9,0
DB00360,P00439,1
DB00360,P07101,1
DB00360,P17752,1
DB00360,P29474,1
DB00360,Q7SIE9,0
DB00360,P48664,0
DB00360,P46849,0
DB00360,P04391,0
DB04324,P50579,1
DB04324,P53582,1
DB04324,P0A7V3,0
DB04324,Q16512,0
DB13931,O75116,1
DB13931,P23975,1
DB13931,Q13464,1
DB13931,P31751,0
DB13931,P06875,0
DB13931,Q9I5I9,0
DB02805,P07998,1
DB02805,P63208,0
DB02129,P05020,1
DB02129,Q9UIC8,0
DB03639,P49366,1
DB03639,P05166,0
DB03068,P0ABF6,1
DB03068,O76074,0
DB01623,P14416,1
DB01623,P21728,1
DB01623,P28223,1
DB01623,P07254,0
DB01623,Q8IE67,0
DB01623,Q01234,0
DB01735,Q00740,1
DB01735,P02741,0
DB03203,P15151,1
DB03203,Q9NZD2,1
DB03203,P62658,0
DB03203,O75899,0
DB03994,P12429,1
DB03994,Q9RP17,1
DB03994,Q86WA6,0
DB03994,P61978,0
DB00275,P30556,1
DB00275,P46926,0
DB08047,P03372,1
DB08047,Q15596,1
DB08047,P76187,0
DB08047,P37747,0
DB01356,O14732,1
DB01356,P29218,1
DB01356,P42263,1
DB01356,P49841,1
DB01356,P16519,0
DB01356,P51788,0
DB01356,P06576,0
DB01356,P14174,0
DB07795,Q00534,1
DB07795,O60674,0
DB02885,P39594,1
DB02885,P38936,0
DB03506,P07741,1
DB03506,P17291,0
DB07713,P22894,1
DB07713,P14223,0
DB00541,P07437,1
DB00541,P68366,1
DB00541,O43181,0
DB00541,P48050,0
DB06980,P63208,1
DB06980,P07024,0
DB07786,P00813,1
DB07786,P33905,0
DB08056,P06239,1
DB08056,O60931,0
DB00413,P08908,1
DB00413,P08913,1
DB00413,P14416,1
DB00413,P21917,1
DB00413,P35462,1
DB00413,Q96KC2,0
DB00413,P10114,0
DB00413,P9WHE9,0
DB00413,P00352,0
DB00413,P95276,0
DB09477,P12821,1
DB09477,P46663,1
DB09477,P18507,0
DB09477,P15770,0
DB08463,P20248,1
DB08463,P24941,1
DB08463,H3BUU9,0
DB08463,P35367,0
DB09120,Q8NER1,1
DB09120,P06703,0
DB08369,P20813,1
DB08369,P04439,0
DB06869,P00734,1
DB06869,P95468,0
DB08609,Q15119,1
DB08609,O60264,0
DB00940,P08172,1
DB00940,P08173,1
DB00940,P08912,1
DB00940,P11229,1
DB00940,P20309,1
DB00940,P25021,1
DB00940,Q97R46,0
DB00940,Q8TF61,0
DB00940,P21589,0
DB00940,P31992,0
DB00940,Q8I5Y3,0
DB00940,P18357,0
DB08210,P35557,1
DB08210,P28566,0
DB03791,P55055,1
DB03791,P41250,0
DB01237,P35367,1
DB01237,Q96EN8,0
DB08265,P0AEK4,1
DB08265,Q8DNV6,0
DB02691,P51161,1
DB02691,Q70Z44,0
DB02160,P07097,1
DB02160,P0A953,0
DB02491,P21802,1
DB02491,Q4W9V8,0
DB03035,P68400,1
DB03035,P16615,0
DB06652,P51681,1
DB06652,P13001,0
DB08291,Q92831,1
DB08291,P31491,0
DB09071,P48039,1
DB09071,P49286,1
DB09071,P07173,0
DB09071,P0AD65,0
DB08508,Q7CRA4,1
DB08508,P16278,0
DB03751,P26391,1
DB03751,P95780,1
DB03751,Q8GIQ0,1
DB03751,Q9HU22,1
DB03751,Q9ZGH3,1
DB03751,Q5L1E2,0
DB03751,P45124,0
DB03751,P52848,0
DB03751,O43169,0
DB03751,P80188,0
DB03187,P23434,1
DB03187,P43490,0
DB00393,O00305,1
DB00393,O60840,1
DB00393,P08235,1
DB00393,P35869,1
DB00393,P54284,1
DB00393,Q01668,1
DB00393,Q02641,1
DB00393,Q08289,1
DB00393,Q13698,1
DB00393,Q13936,1
DB00393,P0AGG2,0
DB00393,P48448,0
DB00393,Q13509,0
DB00393,P0AB74,0
DB00393,P67775,0
DB00393,P43683,0
DB00393,Q16719,0
DB00393,P13507,0
DB00393,Q96MA6,0
DB00393,P9WIB9,0
DB11901,O00591,1
DB11901,O14764,1
DB11901,P10275,1
DB11901,P14867,1
DB11901,P18505,1
DB11901,P18507,1
DB11901,P28472,1
DB11901,P31644,1
DB11901,P34903,1
DB11901,P47869,1
DB11901,P47870,1
DB11901,P48169,1
DB11901,P78334,1
DB11901,Q16445,1
DB11901,Q8N1C3,1
DB11901,Q99928,1
DB11901,Q9UN88,1
DB11901,P27487,0
DB11901,P24941,0
DB11901,Q8VUT0,0
DB11901,P31943,0
DB11901,P18405,0
DB11901,P46098,0
DB11901,P25942,0
DB11901,P09693,0
DB11901,O60488,0
DB11901,P30837,0
DB11901,P55017,0
DB11901,O15075,0
DB11901,Q14654,0
DB11901,P39023,0
DB11901,P27017,0
DB11901,Q9WZW1,0
DB11901,Q14721,0
DB00543,O00591,1
DB00543,O14764,1
DB00543,P08172,1
DB00543,P08173,1
DB00543,P08908,1
DB00543,P08912,1
DB00543,P08913,1
DB00543,P11229,1
DB00543,P14416,1
DB00543,P14867,1
DB00543,P18089,1
DB00543,P18505,1
DB00543,P18507,1
DB00543,P18825,1
DB00543,P20309,1
DB00543,P21728,1
DB00543,P21917,1
DB00543,P23975,1
DB00543,P25100,1
DB00543,P28222,1
DB00543,P28223,1
DB00543,P28335,1
DB00543,P28472,1
DB00543,P31644,1
DB00543,P31645,1
DB00543,P34903,1
DB00543,P34969,1
DB00543,P35348,1
DB00543,P35367,1
DB00543,P35368,1
DB00543,P35462,1
DB00543,P41595,1
DB00543,P46098,1
DB00543,P47869,1
DB00543,P47870,1
DB00543,P48169,1
DB00543,P50406,1
DB00543,P78334,1
DB00543,Q01959,1
DB00543,Q16445,1
DB00543,Q8N1C3,1
DB00543,Q99928,1
DB00543,Q9H3N8,1
DB00543,Q9UN88,1
DB00543,P80075,0
DB00543,Q16832,0
DB00543,P16471,0
DB00543,P16930,0
DB00543,O95977,0
DB00543,Q9NR97,0
DB00543,P21462,0
DB00543,Q6NSD4,0
DB00543,P08306,0
DB00543,Q6P093,0
DB00543,P65389,0
DB00543,P51649,0
DB00543,Q8IY84,0
DB00543,P49721,0
DB00543,C0H4Y6,0
DB00543,Q79FX8,0
DB00543,P25311,0
DB00543,P20851,0
DB00543,P02751,0
DB00543,O15145,0
DB00543,P10613,0
DB00543,O14793,0
DB00543,Q81EE4,0
DB00543,Q00975,0
DB00543,Q34522,0
DB00543,P24630,0
DB00543,Q9RW27,0
DB00543,P40943,0
DB00543,P0A079,0
DB00543,C6KTA4,0
DB00543,P02765,0
DB00543,Q86UW8,0
DB00543,P16070,0
DB00543,P37698,0
DB00543,P01106,0
DB00543,Q6PHR2,0
DB00543,P17302,0
DB00543,Q9H244,0
DB00543,P01270,0
DB00543,P0C0X1,0
DB00543,Q8IUZ5,0
DB00543,A0A024R8I1,0
DB00543,P14677,0
DB00543,P21926,0
DB03410,P46072,1
DB03410,Q6PKH6,0
DB14488,P00450,1
DB14488,P02786,1
DB14488,P02787,1
DB14488,P02794,1
DB14488,P06746,1
DB14488,P39748,1
DB14488,P69905,1
DB14488,Q16595,1
DB14488,Q969S2,1
DB14488,Q96FI4,1
DB14488,Q9BY41,1
DB14488,Q9GZT9,1
DB14488,Q9NZD4,1
DB14488,Q07020,0
DB14488,A9CJ63,0
DB14488,Q96D53,0
DB14488,Q14978,0
DB14488,P0A6I0,0
DB14488,Q15746,0
DB14488,Q15759,0
DB14488,Q5T601,0
DB14488,P08493,0
DB14488,P08912,0
DB14488,P23975,0
DB14488,Q9NS40,0
DB14488,Q96QD8,0
DB02851,P00183,1
DB02851,Q9P289,0
DB02899,P0A884,1
DB02899,P26789,1
DB02899,P26790,1
DB02899,P41020,1
DB02899,P41021,1
DB02899,P41022,1
DB02899,Q5SII2,1
DB02899,Q9NZD2,0
DB02899,P52699,0
DB02899,Q9NY46,0
DB02899,Q70I53,0
DB02899,P0AFI2,0
DB02899,Q7L5Y9,0
DB02899,P39841,0
DB07748,P00929,1
DB07748,P0A2K1,1
DB07748,Q6PIU1,0
DB07748,Q6NUM9,0
DB04512,Q8WX39,1
DB04512,Q7SIE2,0
DB07168,Q13554,1
DB07168,P09884,0
DB01712,P62942,1
DB01712,P14489,0
DB09130,F7VJQ1,1
DB09130,O00299,1
DB09130,O60701,1
DB09130,O75880,1
DB09130,P00338,1
DB09130,P00387,1
DB09130,P00390,1
DB09130,P00558,1
DB09130,P00734,1
DB09130,P00739,1
DB09130,P00747,1
DB09130,P01008,1
DB09130,P01009,1
DB09130,P01019,1
DB09130,P01024,1
DB09130,P01031,1
DB09130,P01042,1
DB09130,P01619,1
DB09130,P01857,1
DB09130,P01861,1
DB09130,P02647,1
DB09130,P02649,1
DB09130,P02652,1
DB09130,P02655,1
DB09130,P02656,1
DB09130,P02743,1
DB09130,P02747,1
DB09130,P02748,1
DB09130,P02749,1
DB09130,P02750,1
DB09130,P02765,1
DB09130,P02766,1
DB09130,P02775,1
DB09130,P02787,1
DB09130,P04003,1
DB09130,P04004,1
DB09130,P04217,1
DB09130,P04264,1
DB09130,P04406,1
DB09130,P05067,1
DB09130,P05090,1
DB09130,P05109,1
DB09130,P05121,1
DB09130,P05155,1
DB09130,P05156,1
DB09130,P05452,1
DB09130,P05543,1
DB09130,P05546,1
DB09130,P05787,1
DB09130,P06396,1
DB09130,P06727,1
DB09130,P06733,1
DB09130,P06744,1
DB09130,P07237,1
DB09130,P07358,1
DB09130,P07437,1
DB09130,P07900,1
DB09130,P08185,1
DB09130,P08603,1
DB09130,P08697,1
DB09130,P08758,1
DB09130,P08865,1
DB09130,P09525,1
DB09130,P09871,1
DB09130,P0C0L5,1
DB09130,P10412,1
DB09130,P10809,1
DB09130,P10909,1
DB09130,P10997,1
DB09130,P11021,1
DB09130,P11142,1
DB09130,P12814,1
DB09130,P13645,1
DB09130,P14550,1
DB09130,P14618,1
DB09130,P14625,1
DB09130,P14866,1
DB09130,P15531,1
DB09130,P15814,1
DB09130,P15880,1
DB09130,P17174,1
DB09130,P18669,1
DB09130,P19823,1
DB09130,P22626,1
DB09130,P23246,1
DB09130,P23415,1
DB09130,P23526,1
DB09130,P23528,1
DB09130,P23560,1
DB09130,P25311,1
DB09130,P26447,1
DB09130,P27169,1
DB09130,P27797,1
DB09130,P29034,1
DB09130,P29401,1
DB09130,P29622,1
DB09130,P30041,1
DB09130,P30086,1
DB09130,P30101,1
DB09130,P31942,1
DB09130,P31943,1
DB09130,P31946,1
DB09130,P31948,1
DB09130,P32119,1
DB09130,P35527,1
DB09130,P35858,1
DB09130,P35908,1
DB09130,P36955,1
DB09130,P37840,1
DB09130,P43487,1
DB09130,P43652,1
DB09130,P45973,1
DB09130,P48637,1
DB09130,P48723,1
DB09130,P50213,1
DB09130,P51693,1
DB09130,P51858,1
DB09130,P51884,1
DB09130,P56537,1
DB09130,P60842,1
DB09130,P61769,1
DB09130,P61987,1
DB09130,P62807,1
DB09130,P62937,1
DB09130,P63244,1
DB09130,P63261,1
DB09130,P68104,1
DB09130,P68871,1
DB09130,P69905,1
DB09130,Q03154,1
DB09130,Q06323,1
DB09130,Q06830,1
DB09130,Q07021,1
DB09130,Q07955,1
DB09130,Q08288,1
DB09130,Q0VD83,1
DB09130,Q15185,1
DB09130,Q15428,1
DB09130,Q6MZM0,1
DB09130,Q969S2,1
DB09130,Q96FI4,1
DB09130,Q96PD5,1
DB09130,Q96RE1,1
DB09130,Q99497,1
DB09130,Q9UHF0,1
DB09130,Q9H0K1,0
DB09130,P48507,0
DB09130,Q9X180,0
DB09130,P06988,0
DB09130,P0DP24,0
DB09130,P25052,0
DB09130,P0A3Y5,0
DB09130,Q8IEM3,0
DB09130,P41146,0
DB09130,P15273,0
DB09130,P9WQN9,0
DB09130,P20020,0
DB09130,Q8TDN1,0
DB09130,Q9H228,0
DB09130,P44801,0
DB09130,O14556,0
DB09130,P00325,0
DB09130,P22301,0
DB09130,P06310,0
DB09130,O15264,0
DB09130,P63252,0
DB09130,Q07820,0
DB09130,P71447,0
DB09130,Q5SKH6,0
DB09130,P00091,0
DB09130,Q14749,0
DB09130,P28221,0
DB09130,Q13470,0
DB09130,P14385,0
DB09130,P48065,0
DB09130,P43985,0
DB09130,P13051,0
DB09130,Q13285,0
DB09130,P14902,0
DB09130,Q9UK17,0
DB09130,P95780,0
DB09130,Q6GII7,0
DB09130,P62826,0
DB09130,Q6PKH6,0
DB09130,Q99928,0
DB09130,P03905,0
DB09130,P11411,0
DB09130,P55055,0
DB09130,Q5SLQ0,0
DB09130,Q01959,0
DB09130,P26640,0
DB09130,C6KSR5,0
DB09130,P0A6Y5,0
DB09130,P0A8X2,0
DB09130,Q6LFH8,0
DB09130,Q99584,0
DB09130,P45984,0
DB09130,Q14032,0
DB09130,P29508,0
DB09130,Q9Y646,0
DB09130,Q03181,0
DB09130,P0AD65,0
DB09130,P0A9P4,0
DB09130,P07814,0
DB09130,Q60049,0
DB09130,P37058,0
DB09130,Q89ZI2,0
DB09130,Q9ZGH3,0
DB09130,P00519,0
DB09130,O95264,0
DB09130,P33221,0
DB09130,O14957,0
DB09130,P01374,0
DB09130,Q9HAN9,0
DB09130,Q09470,0
DB09130,P17302,0
DB09130,P33644,0
DB09130,Q02169,0
DB09130,Q9AFC7,0
DB09130,P13498,0
DB09130,O43497,0
DB09130,P94622,0
DB09130,Q7L0J3,0
DB09130,Q5SHF5,0
DB09130,P00326,0
DB09130,Q9Z1N9,0
DB09130,P78348,0
DB09130,O43353,0
DB09130,Q96SW2,0
DB09130,Q01698,0
DB09130,P51170,0
DB09130,Q9KU37,0
DB09130,P15587,0
DB09130,P0A8T7,0
DB09130,Q96RQ9,0
DB09130,P0AEG6,0
DB09130,P35228,0
DB09130,P17676,0
DB09130,P0A7S3,0
DB09130,P9WNH5,0
DB09130,Q51990,0
DB09130,P61073,0
DB09130,O33833,0
DB09130,P0A794,0
DB09130,Q86XF0,0
DB09130,Q96C86,0
DB09130,O15067,0
DB09130,Q04759,0
DB09130,Q92806,0
DB09130,Q9H306,0
DB09130,P06731,0
DB09130,P07254,0
DB09130,Q9BZV3,0
DB09130,A5HEI4,0
DB09130,P0A8Q3,0
DB09130,P07515,0
DB09130,P56122,0
DB09130,Q9UKY3,0
DB09130,P16233,0
DB09130,P0AFI5,0
DB09130,P51003,0
DB09130,Q14181,0
DB09130,Q6QNK2,0
DB09130,P31749,0
DB09130,P25098,0
DB09130,P13981,0
DB09130,P53805,0
DB09130,P47898,0
DB09130,P35610,0
DB09130,P03891,0
DB09130,P20963,0
DB09130,Q76NN7,0
DB09130,P30153,0
DB09130,O34453,0
DB09130,Q8NI60,0
DB09130,P01112,0
DB09130,P08887,0
DB09130,P40616,0
DB09130,P11387,0
DB09130,P04075,0
DB09130,Q96RJ0,0
DB09130,P35590,0
DB09130,P52699,0
DB09130,Q13231,0
DB09130,Q8N119,0
DB09130,O14730,0
DB09130,P11717,0
DB09130,Q15418,0
DB09130,Q87MW5,0
DB09130,P62661,0
DB07591,P0AE18,1
DB07591,Q5HEB7,0
DB00205,P00374,1
DB00205,P07686,1
DB00205,P13922,1
DB00205,Q15759,0
DB00205,P14385,0
DB00205,P05798,0
DB03142,P02924,1
DB03142,P0A9E0,1
DB03142,Q9ZB17,1
DB03142,P59846,0
DB03142,Q83QN9,0
DB03142,P9WPB3,0
DB03026,P0A733,1
DB03026,P0AB71,1
DB03026,P0AB74,1
DB03026,P0AB87,1
DB03026,P32169,1
DB03026,P60174,1
DB03026,O15393,0
DB03026,Q89ZI2,0
DB03026,P01730,0
DB03026,Q6PHW0,0
DB03026,P31434,0
DB03026,P80511,0
DB02104,P00374,1
DB02104,P0CG47,0
DB00549,Q9Y271,1
DB00549,Q8I4R5,0
DB03608,P07477,1
DB03608,P0A0N4,1
DB03608,P19801,1
DB03608,P30044,1
DB03608,P29323,0
DB03608,P35340,0
DB03608,Q9NY65,0
DB03608,Q8TCG2,0
DB00844,P35372,1
DB00844,P41143,1
DB00844,P41145,1
DB00844,Q08288,0
DB00844,P80874,0
DB00844,O95977,0
DB06766,P35367,1
DB06766,Q92887,0
DB03140,P00811,1
DB03140,P31101,0
DB00385,P11388,1
DB00385,P05177,0
DB07400,P00734,1
DB07400,P19823,0
DB03849,Q07343,1
DB03849,Q08499,1
DB03849,Q9Y286,0
DB03849,Q08210,0
DB00417,P12256,1
DB00417,P24228,1
DB00417,P46059,1
DB00417,Q53707,1
DB00417,Q8XJ01,1
DB00417,P61160,0
DB00417,P11229,0
DB00417,O15169,0
DB00417,P14625,0
DB00417,Q13443,0
DB07481,P28720,1
DB07481,Q15274,0
DB00579,P23975,1
DB00579,P31645,1
DB00579,Q01959,1
DB00579,Q05940,1
DB00579,Q8IJR6,0
DB00579,C6KT34,0
DB00579,P56937,0
DB00579,P02585,0
DB08777,O14757,1
DB08777,P05655,0
DB01155,P43700,1
DB01155,P43702,1
DB01155,Q01344,0
DB01155,P46734,0
DB06859,P00734,1
DB06859,P20309,0
DB08247,P24941,1
DB08247,P9WKE9,0
DB00755,O43174,1
DB00755,O60760,1
DB00755,O94788,1
DB00755,P00352,1
DB00755,P02753,1
DB00755,P10276,1
DB00755,P10826,1
DB00755,P13631,1
DB00755,P19793,1
DB00755,P28702,1
DB00755,P31025,1
DB00755,P48443,1
DB00755,P49788,1
DB00755,Q16654,1
DB00755,Q6V0L0,1
DB00755,Q8NFJ5,1
DB00755,Q9NR63,1
DB00755,Q9NY56,1
DB00755,Q84II6,0
DB00755,P35372,0
DB00755,Q96L42,0
DB00755,P84077,0
DB00755,P29377,0
DB00755,Q9Y5S8,0
DB00755,O60656,0
DB00755,O60547,0
DB00755,Q53707,0
DB00755,P16118,0
DB00755,Q47PU3,0
DB00755,P0A716,0
DB00755,P42336,0
DB00755,P19838,0
DB00755,P78368,0
DB00755,O60706,0
DB00755,P61160,0
DB00755,P24630,0
DB01708,O00591,1
DB01708,O14764,1
DB01708,O15399,1
DB01708,O60391,1
DB01708,O75469,1
DB01708,P03372,1
DB01708,P10275,1
DB01708,P14867,1
DB01708,P18505,1
DB01708,P18507,1
DB01708,P28472,1
DB01708,P31644,1
DB01708,P34903,1
DB01708,P47869,1
DB01708,P47870,1
DB01708,P48169,1
DB01708,P78334,1
DB01708,Q05586,1
DB01708,Q07869,1
DB01708,Q12879,1
DB01708,Q13224,1
DB01708,Q14957,1
DB01708,Q14994,1
DB01708,Q16445,1
DB01708,Q8N1C3,1
DB01708,Q8TCU5,1
DB01708,Q92731,1
DB01708,Q99720,1
DB01708,Q99928,1
DB01708,Q9UN88,1
DB01708,P11546,0
DB01708,P20339,0
DB01708,P00138,0
DB01708,P06010,0
DB01708,Q16568,0
DB01708,P04155,0
DB01708,P0A9S1,0
DB01708,Q8P8J2,0
DB01708,Q8I4W4,0
DB01708,Q59961,0
DB01708,O60706,0
DB01708,Q9ZAG3,0
DB01708,P61978,0
DB01708,P08493,0
DB01708,P08690,0
DB01708,O67648,0
DB01708,P55055,0
DB01708,Q13554,0
DB01708,Q14416,0
DB01708,K7YNB3,0
DB01708,P26514,0
DB01708,Q4W9V8,0
DB01708,Q99653,0
DB01708,C0H571,0
DB01708,P16455,0
DB01708,P0ADY7,0
DB01708,P51686,0
DB01708,P07327,0
DB01708,Q14542,0
DB01708,P43119,0
DB08623,P00811,1
DB08623,Q15155,0
DB05814,P62942,1
DB05814,P35089,0
DB03556,P16152,1
DB03556,Q9KL51,1
DB03556,P33447,0
DB03556,Q13085,0
DB07393,P00390,1
DB07393,P49189,0
DB00810,P11229,1
DB00810,P24310,0
DB04452,P15917,1
DB04452,Q8TED1,0
DB06711,P08913,1
DB06711,P35348,1
DB06711,Q9F6D4,0
DB06711,P19480,0
DB03459,P0A789,1
DB03459,P27708,1
DB03459,Q13188,0
DB03459,Q9X022,0
DB02152,P08581,1
DB02152,Q02750,1
DB02152,P27797,0
DB02152,Q87MW5,0
DB07179,P24941,1
DB07179,Q7Z4T2,0
DB09330,P00533,1
DB09330,P29899,0
DB07466,P62593,1
DB07466,P32890,0
DB06307,P10415,1
DB06307,Q9KWU1,0
DB03447,P07998,1
DB03447,O14818,0
DB02168,Q8RLY5,1
DB02168,Q7WT42,0
DB02669,P00800,1
DB02669,P00966,0
DB02818,P42262,1
DB02818,P12532,0
DB03953,P35228,1
DB03953,P35367,0
DB07019,P56817,1
DB07019,C0H4V6,0
DB01291,P07550,1
DB01291,P08588,1
DB01291,Q12965,0
DB01291,Q9Y5K3,0
DB08795,P0A3M6,1
DB08795,Q75Y35,1
DB08795,Q7CRA4,1
DB08795,Q8DNB6,1
DB08795,Q8DR59,1
DB08795,P30825,0
DB08795,O53240,0
DB08795,Q9H2S1,0
DB08795,Q9S427,0
DB08795,Q9ZGH3,0
DB06151,O14920,1
DB06151,O15111,1
DB06151,O15399,1
DB06151,P48637,1
DB06151,Q03154,1
DB06151,Q05586,1
DB06151,Q12879,1
DB06151,Q13224,1
DB06151,Q8TCU5,1
DB06151,Q9UPY5,1
DB06151,Q9UBN1,0
DB06151,P41020,0
DB06151,P9WPB7,0
DB06151,O95838,0
DB06151,P49915,0
DB06151,Q9LCV9,0
DB06151,P37108,0
DB06151,Q5SHN7,0
DB06151,Q96BR1,0
DB06151,P00800,0
DB08606,P0AF12,1
DB08606,Q12884,0
DB04270,P37231,1
DB04270,P11233,0
DB07516,P47229,1
DB07516,Q7DHH4,0
DB06939,P27487,1
DB06939,O43447,0
DB04720,P68400,1
DB04720,P20711,0
DB02229,P00959,1
DB02229,P07237,0
DB07131,P00734,1
DB07131,P07477,1
DB07131,Q13838,0
DB07131,Q01995,0
DB11837,P15538,1
DB11837,P19099,1
DB11837,Q9HB21,0
DB11837,P18825,0
DB08533,P24941,1
DB08533,Q9H422,0
DB03936,P0A716,1
DB03936,Q15375,0
DB00786,O60882,1
DB00786,O75900,1
DB00786,P03956,1
DB00786,P08253,1
DB00786,P08254,1
DB00786,P09237,1
DB00786,P09238,1
DB00786,P14780,1
DB00786,P22894,1
DB00786,P24347,1
DB00786,P39900,1
DB00786,P45452,1
DB00786,P50281,1
DB00786,P51511,1
DB00786,P51512,1
DB00786,Q8N119,1
DB00786,Q99542,1
DB00786,Q9H239,1
DB00786,Q9H306,1
DB00786,Q9NPA2,1
DB00786,Q9NRE1,1
DB00786,Q9ULZ9,1
DB00786,Q9Y5R2,1
DB00786,P60355,0
DB00786,P96622,0
DB00786,P36897,0
DB00786,P9WQD9,0
DB00786,P27302,0
DB00786,P16234,0
DB00786,Q8ILV2,0
DB00786,Q8TF76,0
DB00786,P00929,0
DB00786,P15289,0
DB00786,P08306,0
DB00786,P0A8D6,0
DB00786,O43525,0
DB00786,P51813,0
DB00786,P9WPE1,0
DB00786,P00738,0
DB00786,Q8I814,0
DB00786,Q9H2H9,0
DB00786,P51884,0
DB00786,Q04707,0
DB00786,P11310,0
DB00786,P01374,0
DB00786,Q9UGM6,0
DB07678,P03372,1
DB07678,Q15596,1
DB07678,P09467,0
DB07678,P0AA43,0
DB00822,P05091,1
DB00822,P09172,1
DB00822,P23560,0
DB00822,Q02809,0
DB01129,P20648,1
DB01129,P62593,0
DB00433,P08913,1
DB00433,P14416,1
DB00433,P18089,1
DB00433,P18825,1
DB00433,P25100,1
DB00433,P35348,1
DB00433,P35367,1
DB00433,P35368,1
DB00433,O00764,0
DB00433,Q9Y2J8,0
DB00433,P0A3M5,0
DB00433,P14618,0
DB00433,Q96BH3,0
DB00433,O14832,0
DB00433,A0A144A2G5,0
DB00433,P0A921,0
DB01208,P11388,1
DB01208,P43700,1
DB01208,P43702,1
DB01208,Q9UM07,0
DB01208,P38936,0
DB01208,Q08751,0
DB04555,P0A0Z8,1
DB04555,P0A6I0,1
DB04555,P14169,1
DB04555,P42216,1
DB04555,P62619,1
DB04555,Q8RQP5,1
DB04555,P50213,0
DB04555,Q83QN9,0
DB04555,Q02761,0
DB04555,P16410,0
DB04555,P78330,0
DB04555,P00374,0
DB01415,P02918,1
DB01415,P02919,1
DB01415,P0AD65,1
DB01415,P0AD68,1
DB01415,Q6ZMR3,0
DB01415,P13830,0
DB01415,B4YQT9,0
DB01415,Q27743,0
DB07316,P28845,1
DB07316,Q8IY84,0
DB03976,P07477,1
DB03976,P07478,1
DB03976,P17538,1
DB03976,O14791,0
DB03976,Q07021,0
DB03976,P0A6V8,0
DB07740,Q01581,1
DB07740,P0A0K8,0
DB01153,P10613,1
DB01153,Q9Y6L6,0
DB00695,P00918,1
DB00695,Q13621,1
DB00695,Q9HC97,1
DB00695,P0A6V7,0
DB00695,Q8NBN7,0
DB00695,P14868,0
DB07692,P14618,1
DB07692,P54886,0
DB02840,P07900,1
DB02840,P27816,0
DB08744,P16083,1
DB08744,A0A045ISQ8,0
DB09194,P08172,1
DB09194,P08173,1
DB09194,P08912,1
DB09194,P08913,1
DB09194,P11229,1
DB09194,P14416,1
DB09194,P18089,1
DB09194,P18825,1
DB09194,P20309,1
DB09194,P25100,1
DB09194,P28223,1
DB09194,P28335,1
DB09194,P35348,1
DB09194,P35368,1
DB09194,Q93050,0
DB09194,P9WGR1,0
DB09194,P16444,0
DB09194,P28072,0
DB09194,P16640,0
DB09194,P0A7J6,0
DB09194,P61987,0
DB09194,Q734I1,0
DB09194,Q9P2N6,0
DB09194,P27707,0
DB09194,Q14565,0
DB09194,P00362,0
DB09194,P10109,0
DB09194,Q8IZS8,0
DB04253,P16083,1
DB04253,P38489,1
DB04253,Q8GEZ8,0
DB04253,P86287,0
DB01048,P01889,1
DB01048,Q9FBC5,0
DB01094,O75908,1
DB01094,P04278,1
DB01094,P35610,1
DB01094,P55157,1
DB01094,Q13131,0
DB01094,P43088,0
DB01094,P0C264,0
DB01094,P34972,0
DB00336,P06715,1
DB00336,P63104,0
DB00686,P05230,1
DB00686,P08620,1
DB00686,P09038,1
DB00686,Q9UBN7,0
DB00686,Q6WRI0,0
DB00686,P29274,0
DB02596,O07732,1
DB02596,O32393,1
DB02596,P08164,1
DB02596,P26281,1
DB02596,P9WIL5,1
DB02596,Q96T66,1
DB02596,Q9XB61,1
DB02596,Q99643,0
DB02596,P03960,0
DB02596,P24474,0
DB02596,O68541,0
DB02596,Q5SHQ5,0
DB02596,Q96I59,0
DB02596,P14193,0
DB07448,P28838,1
DB07448,Q9X0L5,0
DB03274,P0A884,1
DB03274,P14642,0
DB02469,P30920,1
DB02469,P43007,0
DB00372,P14416,1
DB00372,Q16348,0
DB02407,P20248,1
DB02407,P24941,1
DB02407,O94768,0
DB02407,P01906,0
DB08277,P28845,1
DB08277,Q96QT4,0
DB04201,P56194,1
DB04201,P60906,1
DB04201,P43155,0
DB04201,O07732,0
DB03820,P15555,1
DB03820,P19821,0
DB00451,P05106,1
DB00451,P06756,1
DB00451,P10827,1
DB00451,P10828,1
DB00451,Q939N4,0
DB00451,P41597,0
DB00451,Q12874,0
DB00451,Q05655,0
DB01250,P01579,1
DB01250,P51580,1
DB01250,Q08188,0
DB01250,P11387,0
DB04845,Q13509,1
DB04845,P07949,0
DB08123,P24941,1
DB08123,P0C0T5,0
DB07450,P15121,1
DB07450,P45452,0
DB00312,O00591,1
DB00312,O14764,1
DB00312,O15399,1
DB00312,O60391,1
DB00312,O75469,1
DB00312,P14867,1
DB00312,P18505,1
DB00312,P18507,1
DB00312,P28472,1
DB00312,P31644,1
DB00312,P34903,1
DB00312,P36544,1
DB00312,P42262,1
DB00312,P43681,1
DB00312,P47869,1
DB00312,P47870,1
DB00312,P48169,1
DB00312,P78334,1
DB00312,Q05586,1
DB00312,Q12879,1
DB00312,Q13002,1
DB00312,Q13224,1
DB00312,Q14957,1
DB00312,Q16445,1
DB00312,Q8N1C3,1
DB00312,Q8TCU5,1
DB00312,Q99928,1
DB00312,Q9UN88,1
DB00312,Q9Y3R4,0
DB00312,A0A144A2G5,0
DB00312,P13568,0
DB00312,P15313,0
DB00312,P0A721,0
DB00312,Q01770,0
DB00312,Q02768,0
DB00312,P18314,0
DB00312,P0A8X2,0
DB00312,Q72EF4,0
DB00312,O00182,0
DB00312,Q9NR63,0
DB00312,P11310,0
DB00312,P02741,0
DB00312,P39594,0
DB00312,Q8KNZ7,0
DB00312,P06748,0
DB00312,P16455,0
DB00312,P54687,0
DB00312,P21860,0
DB00312,P28908,0
DB00312,P02794,0
DB00312,Q96BH3,0
DB00312,P24158,0
DB00312,P94182,0
DB00312,Q9Y617,0
DB00312,P18850,0
DB00312,P07360,0
DB04405,P39900,1
DB04405,P08842,0
DB02335,P29474,1
DB02335,P68104,0
DB07286,P10275,1
DB07286,P0AES4,0
DB08131,P0A884,1
DB08131,Q13956,0
DB07720,P17787,1
DB07720,P30926,1
DB07720,P32297,1
DB07720,P36544,1
DB07720,P43681,1
DB07720,Q15822,1
DB07720,Q494W8,1
DB07720,A0A045ISQ8,0
DB07720,P63252,0
DB07720,P07773,0
DB07720,Q9WXN1,0
DB07720,O31156,0
DB07720,P35568,0
DB07720,P02768,0
DB00991,P23219,1
DB00991,P35354,1
DB00991,P23904,0
DB00991,P42443,0
DB01906,P56740,1
DB01906,Q5T6L4,0
DB04215,P07477,1
DB04215,Q14123,0
DB07445,O25928,1
DB07445,P08183,0
DB01105,P23975,1
DB01105,P31645,1
DB01105,Q01959,1
DB01105,P35754,0
DB01105,P96965,0
DB01105,Q96GD3,0
DB01021,P00915,1
DB01021,P00918,1
DB01021,P05023,1
DB01021,P22748,1
DB01021,P55017,1
DB01021,Q8IHS5,0
DB01021,Q9UN19,0
DB01021,P06986,0
DB01021,Q6YP21,0
DB01021,Q7KZI7,0
DB07524,P11309,1
DB07524,P27505,0
DB04397,P36871,1
DB04397,P47205,0
DB02098,P07998,1
DB02098,P10153,1
DB02098,P12724,1
DB02098,P00749,0
DB02098,P52209,0
DB02098,Q9NPB1,0
DB08168,P0AFL3,1
DB08168,P30405,1
DB08168,Q9BY41,1
DB08168,P44801,0
DB08168,O68541,0
DB08168,P53671,0
DB06367,P43235,1
DB06367,P00797,0
DB00842,O00591,1
DB00842,O14764,1
DB00842,P14867,1
DB00842,P18505,1
DB00842,P18507,1
DB00842,P28472,1
DB00842,P31644,1
DB00842,P34903,1
DB00842,P47869,1
DB00842,P47870,1
DB00842,P48169,1
DB00842,P78334,1
DB00842,Q16445,1
DB00842,Q8N1C3,1
DB00842,Q99928,1
DB00842,Q9UN88,1
DB00842,P12429,0
DB00842,P14902,0
DB00842,P28566,0
DB00842,Q8NI60,0
DB00842,Q9UI32,0
DB00842,P43166,0
DB00842,Q9NY72,0
DB00842,P74334,0
DB00842,O00341,0
DB00842,O00763,0
DB00842,O60488,0
DB00842,Q6QNK2,0
DB00842,P62619,0
DB00842,P23416,0
DB00842,P28305,0
DB00842,P04439,0
DB07465,P27487,1
DB07465,O31168,0
DB02191,P77173,1
DB02191,Q83QN9,1
DB02191,P29600,0
DB02191,Q9JZW6,0
DB05969,P15692,1
DB05969,P50613,1
DB05969,Q9UBT6,0
DB05969,Q9WZ57,0
DB01511,O00591,1
DB01511,O14764,1
DB01511,P14867,1
DB01511,P18505,1
DB01511,P18507,1
DB01511,P28472,1
DB01511,P31644,1
DB01511,P34903,1
DB01511,P47869,1
DB01511,P47870,1
DB01511,P48169,1
DB01511,P78334,1
DB01511,Q16445,1
DB01511,Q8N1C3,1
DB01511,Q99928,1
DB01511,Q9UN88,1
DB01511,P24670,0
DB01511,Q15746,0
DB01511,P36894,0
DB01511,Q96RQ9,0
DB01511,P22676,0
DB01511,P00734,0
DB01511,P41250,0
DB01511,P51160,0
DB01511,P31152,0
DB01511,Q16134,0
DB01511,Q7KQK0,0
DB01511,P02745,0
DB01511,P35241,0
DB01511,Q51705,0
DB01511,Q9NZV8,0
DB01511,P0C0H6,0
DB03374,P07477,1
DB03374,P17612,1
DB03374,P33590,1
DB03374,P61925,1
DB03374,Q6PHW0,1
DB03374,Q9KFR4,1
DB03374,Q13627,0
DB03374,P0DM35,0
DB03374,O15554,0
DB03374,Q6GJI1,0
DB03374,Q9RC92,0
DB03374,P30519,0
DB03500,P32947,1
DB03500,P05156,0
DB08515,O14818,1
DB08515,P20618,1
DB08515,P25786,1
DB08515,P25787,1
DB08515,P25788,1
DB08515,P25789,1
DB08515,P28066,1
DB08515,P28070,1
DB08515,P28072,1
DB08515,P28074,1
DB08515,P49720,1
DB08515,P49721,1
DB08515,P60900,1
DB08515,Q99436,1
DB08515,P84077,0
DB08515,Q46509,0
DB08515,Q9Y600,0
DB08515,Q99873,0
DB08515,P53350,0
DB08515,Q9X0P2,0
DB08515,P07360,0
DB08515,P62993,0
DB08515,Q9UBK8,0
DB08515,Q02779,0
DB08515,P04798,0
DB08515,Q9X1F0,0
DB08515,P63316,0
DB08515,P45799,0
DB04175,P09467,1
DB04175,Q56694,0
DB01862,P00722,1
DB01862,P03023,1
DB01862,P07464,1
DB01862,P80294,0
DB01862,Q7KQM4,0
DB01862,P35270,0
DB06970,Q8DNV6,1
DB06970,P02748,0
DB02665,P07477,1
DB02665,Q9C098,0
DB03394,P16152,1
DB03394,P22266,0
DB09351,P08588,1
DB09351,P31350,0
DB02414,P11797,1
DB02414,Q9HD40,0
DB06947,P00734,1
DB06947,P17600,0
DB07430,P49137,1
DB07430,P0A6Q3,0
DB00968,P08913,1
DB00968,P20711,1
DB00968,Q9NXA8,0
DB00968,P9WKD7,0
DB01941,P28702,1
DB01941,P35089,0
DB08216,P22629,1
DB08216,P53611,0
DB08814,P19838,1
DB08814,P23219,1
DB08814,P35228,1
DB08814,Q9Y233,1
DB08814,Q5T1J1,0
DB08814,P0AAI5,0
DB08814,P29466,0
DB08814,P30968,0
DB03777,O15530,1
DB03777,P11309,1
DB03777,P41743,1
DB03777,O15217,0
DB03777,P15034,0
DB03777,P29508,0
DB04888,P08908,1
DB04888,P14416,1
DB04888,Q7NSZ5,0
DB04888,Q8NW68,0
DB02256,P0A884,1
DB02256,P12758,1
DB02256,Q9BXA7,0
DB02256,P02538,0
DB01684,P48147,1
DB01684,P62491,0
DB00277,O76074,1
DB00277,P09874,1
DB00277,P27815,1
DB00277,P29274,1
DB00277,P29275,1
DB00277,P30542,1
DB00277,Q07343,1
DB00277,Q14432,1
DB00277,Q15155,1
DB00277,Q7Z5B4,1
DB00277,Q8TCT9,1
DB00277,Q92769,1
DB00277,Q99829,1
DB00277,Q9Y4R7,1
DB00277,P05121,0
DB00277,P12081,0
DB00277,Q8IBN5,0
DB00277,Q46393,0
DB00277,Q93EK7,0
DB00277,P48723,0
DB00277,Q9HC29,0
DB00277,P10613,0
DB00277,P56817,0
DB00277,P44490,0
DB00277,P19480,0
DB00277,P51575,0
DB00277,P04637,0
DB00277,Q07973,0
DB15444,P13569,1
DB15444,P0C0X8,0
DB00127,P07550,1
DB00127,P08588,1
DB00127,P11926,1
DB00127,P41180,1
DB00127,P52788,1
DB00127,Q9NWM0,1
DB00127,Q9NZV8,0
DB00127,Q8WXS5,0
DB00127,P17931,0
DB00127,P07801,0
DB00127,O75385,0
DB00127,P61432,0
DB00969,P46098,1
DB00969,Q9HAB3,0
DB04035,P00811,1
DB04035,P62593,1
DB04035,Q840M4,1
DB04035,Q939N4,1
DB04035,Q9L5C7,1
DB04035,Q16478,0
DB04035,Q9WYA5,0
DB04035,Q6PI48,0
DB04035,P13945,0
DB04035,O00459,0
DB00670,P11229,1
DB00670,P42345,0
DB08647,P01834,1
DB08647,Q13002,0
DB04519,P0A953,1
DB04519,P0ADA1,1
DB04519,Q07869,1
DB04519,Q9HA77,0
DB04519,C0H4V6,0
DB04519,P01137,0
DB08405,P0A6A8,1
DB08405,Q9Y3I0,0
DB01931,Q05586,1
DB01931,O00303,0
DB02983,Q05315,1
DB02983,Q92731,1
DB02983,Q9HD40,0
DB02983,Q8WX39,0
DB07746,P50579,1
DB07746,P78368,0
DB00419,Q16739,1
DB00419,Q6PI48,0
DB07122,P00749,1
DB07122,P9WKE9,0
DB04063,P0AB80,1
DB04063,O75746,0
DB06802,P23219,1
DB06802,P35354,1
DB06802,O15440,0
DB06802,Q14494,0
DB03445,P0AD63,1
DB03445,P63000,0
DB04865,P20276,1
DB04865,P39023,1
DB04865,Q08460,0
DB04865,Q8DNV6,0
DB04088,P18031,1
DB04088,Q99661,0
DB08872,P54289,1
DB08872,Q9NY47,1
DB08872,Q96GA7,0
DB08872,P18847,0
DB02715,P03372,1
DB02715,O00264,0
DB01836,P07477,1
DB01836,P47898,0
DB04847,Q96KS0,1
DB04847,Q9GZT9,1
DB04847,Q9H6Z9,1
DB04847,P35348,0
DB04847,C0H551,0
DB04847,Q93LD7,0
DB04836,P23975,1
DB04836,P31645,1
DB04836,Q9BQ31,0
DB04836,Q15111,0
DB06454,P08908,1
DB06454,P14416,1
DB06454,P35462,1
DB06454,Q5HEB7,0
DB06454,P21462,0
DB06454,Q9UNI1,0
DB09235,Q13936,1
DB09235,Q9P0X4,1
DB09235,P46940,0
DB09235,P14410,0
DB14641,P03372,1
DB14641,P04278,1
DB14641,Q92731,1
DB14641,Q15303,0
DB14641,Q746L7,0
DB14641,P07711,0
DB00898,A5X5Y0,1
DB00898,O00591,1
DB00898,O14764,1
DB00898,O95264,1
DB00898,P14867,1
DB00898,P17787,1
DB00898,P18505,1
DB00898,P19320,1
DB00898,P23415,1
DB00898,P23416,1
DB00898,P28472,1
DB00898,P30532,1
DB00898,P30926,1
DB00898,P31644,1
DB00898,P32004,1
DB00898,P32297,1
DB00898,P34903,1
DB00898,P36544,1
DB00898,P42261,1
DB00898,P42262,1
DB00898,P42263,1
DB00898,P43681,1
DB00898,P46098,1
DB00898,P47869,1
DB00898,P47870,1
DB00898,P48051,1
DB00898,P48058,1
DB00898,P48169,1
DB00898,P48544,1
DB00898,P48549,1
DB00898,P78334,1
DB00898,Q01668,1
DB00898,Q02641,1
DB00898,Q05901,1
DB00898,Q06432,1
DB00898,Q13698,1
DB00898,Q13936,1
DB00898,Q14542,1
DB00898,Q15822,1
DB00898,Q15825,1
DB00898,Q16445,1
DB00898,Q70Z44,1
DB00898,Q8N1C3,1
DB00898,Q8TCU5,1
DB00898,Q8WXA8,1
DB00898,Q92806,1
DB00898,Q99808,1
DB00898,Q99928,1
DB00898,Q9GZZ6,1
DB00898,Q9UGM1,1
DB00898,Q9UN88,1
DB00898,Q9Y698,1
DB00898,Q9H1R3,0
DB00898,Q96LB4,0
DB00898,P24752,0
DB00898,Q9NYR8,0
DB00898,P22894,0
DB00898,P51170,0
DB00898,P05771,0
DB00898,Q15375,0
DB00898,Q9L915,0
DB00898,O94956,0
DB00898,Q15842,0
DB00898,O32449,0
DB00898,C6S3C7,0
DB00898,Q9KEI9,0
DB00898,P23083,0
DB00898,P32245,0
DB00898,Q9RC23,0
DB00898,P46926,0
DB00898,P40261,0
DB00898,P79483,0
DB00898,Q84II6,0
DB00898,O96013,0
DB00898,O07529,0
DB00898,P78540,0
DB00898,O00244,0
DB00898,P22983,0
DB00898,P14193,0
DB00898,Q8I3X4,0
DB00898,P26439,0
DB00898,P36894,0
DB00898,P31323,0
DB00898,P18357,0
DB00898,P04070,0
DB00898,Q7SIG1,0
DB00898,P24557,0
DB00898,P46781,0
DB00898,P48735,0
DB00898,O75908,0
DB00898,P61322,0
DB00898,P06875,0
DB00898,Q9RN68,0
DB00898,P0ABQ4,0
DB00898,P22364,0
DB00898,P08243,0
DB00898,P25084,0
DB00898,P55818,0
DB00898,O43293,0
DB00898,C0H551,0
DB00898,P16860,0
DB00898,P00323,0
DB00898,P09874,0
DB00898,P62617,0
DB01098,P04035,1
DB01098,P20701,1
DB01098,P75430,0
DB01098,P0A444,0
DB02526,P00749,1
DB02526,P07477,1
DB02526,Q15031,0
DB02526,O15239,0
DB00208,Q9H244,1
DB00208,O96221,0
DB00434,P08172,1
DB00434,P11229,1
DB00434,P20309,1
DB00434,P28223,1
DB00434,P28335,1
DB00434,P34969,1
DB00434,P35367,1
DB00434,Q8IVL6,0
DB00434,P54455,0
DB00434,P16544,0
DB00434,P15259,0
DB00434,P15531,0
DB00434,Q8I3T9,0
DB00434,P71278,0
DB03755,P15925,1
DB03755,Q9KB30,0
DB02425,P9WMC1,1
DB02425,Q02155,0
DB11328,Q9UNN8,1
DB11328,Q96BH3,0
DB02905,Q05603,1
DB02905,O14730,0
DB02464,P07477,1
DB02464,P07478,1
DB02464,P00797,0
DB02464,P62312,0
DB01007,P10613,1
DB01007,Q16850,1
DB01007,P17931,0
DB01007,P11498,0
DB03346,P49888,1
DB03346,P43004,0
DB04050,P02144,1
DB04050,P19793,0
DB03967,P37001,1
DB03967,P61626,1
DB03967,P10415,0
DB03967,Q08188,0
DB04070,Q00441,1
DB04070,Q9Y5N1,0
DB08782,P00918,1
DB08782,Q5R2K6,0
DB01321,P44345,1
DB01321,Q15637,0
DB07307,Q16539,1
DB07307,P48764,0
DB04982,P42261,1
DB04982,P42262,1
DB04982,P42263,1
DB04982,P48058,1
DB04982,Q4L5E4,0
DB04982,Q00496,0
DB04982,O95749,0
DB04982,P11177,0
DB00984,P10275,1
DB00984,O14965,0
DB00988,O95264,1
DB00988,P00441,1
DB00988,P08908,1
DB00988,P09172,1
DB00988,P14416,1
DB00988,P21728,1
DB00988,P21917,1
DB00988,P21918,1
DB00988,P23975,1
DB00988,P31645,1
DB00988,P34969,1
DB00988,P35462,1
DB00988,P46098,1
DB00988,Q01959,1
DB00988,Q05940,1
DB00988,P11168,0
DB00988,Q96BR1,0
DB00988,Q05488,0
DB00988,Q84EX5,0
DB00988,P77150,0
DB00988,Q05581,0
DB00988,P29320,0
DB00988,Q8TF61,0
DB00988,P78330,0
DB00988,P42574,0
DB00988,P0C002,0
DB00988,Q9UDR5,0
DB00988,P29498,0
DB00988,Q00080,0
DB00988,P30556,0
DB04825,P0DP23,1
DB04825,Q9H1R3,1
DB04825,P35237,0
DB04825,P09669,0
DB03549,P22629,1
DB03549,P76187,0
DB00289,O15399,1
DB00289,O60391,1
DB00289,P23975,1
DB00289,P31645,1
DB00289,P41145,1
DB00289,P48549,1
DB00289,Q05586,1
DB00289,Q12879,1
DB00289,Q13224,1
DB00289,Q14957,1
DB00289,Q8TCU5,1
DB00289,P31946,0
DB00289,P69681,0
DB00289,P0A6R0,0
DB00289,P31415,0
DB00289,P62736,0
DB00289,P37173,0
DB00289,Q0P8G4,0
DB00289,Q96FI4,0
DB00289,Q9UBQ6,0
DB00289,P22314,0
DB00289,P16144,0
DB03296,Q26966,1
DB03296,Q75UV1,0
DB08218,P20248,1
DB08218,P24941,1
DB08218,Q8NEY4,0
DB08218,P06716,0
DB02984,Q16539,1
DB02984,P84887,0
DB01136,O95298,1
DB01136,P07550,1
DB01136,P08588,1
DB01136,P08913,1
DB01136,P15692,1
DB01136,P16581,1
DB01136,P16860,1
DB01136,P17302,1
DB01136,P18089,1
DB01136,P18825,1
DB01136,P19320,1
DB01136,P25100,1
DB01136,P35348,1
DB01136,P35368,1
DB01136,P48050,1
DB01136,P63252,1
DB01136,Q12809,1
DB01136,Q16665,1
DB01136,P0C002,0
DB01136,Q9UEW3,0
DB01136,P22629,0
DB01136,P11488,0
DB01136,Q9EXV5,0
DB01136,P09622,0
DB01136,Q92696,0
DB01136,P04391,0
DB01136,Q8Y7N7,0
DB01136,P14223,0
DB01136,P23827,0
DB01136,P46439,0
DB01136,P12081,0
DB01136,O14732,0
DB01136,O95665,0
DB01136,O32248,0
DB01136,P56653,0
DB01136,P31645,0
DB00226,P23975,1
DB00226,Q13574,0
DB00668,P01375,1
DB00668,P07550,1
DB00668,P08588,1
DB00668,P08913,1
DB00668,P18089,1
DB00668,P25100,1
DB00668,P35348,1
DB00668,P35368,1
DB00668,P05106,0
DB00668,P40306,0
DB00668,P20618,0
DB00668,P40261,0
DB00668,Q4U2R8,0
DB00668,O00763,0
DB00668,P0AE12,0
DB00668,P26010,0
DB07681,P06276,1
DB07681,Q9Y694,0
DB14185,P08172,1
DB14185,P08173,1
DB14185,P08908,1
DB14185,P08912,1
DB14185,P08913,1
DB14185,P11229,1
DB14185,P14416,1
DB14185,P18089,1
DB14185,P18825,1
DB14185,P20309,1
DB14185,P21728,1
DB14185,P21917,1
DB14185,P21918,1
DB14185,P28221,1
DB14185,P28222,1
DB14185,P28223,1
DB14185,P28335,1
DB14185,P28566,1
DB14185,P34969,1
DB14185,P35348,1
DB14185,P35367,1
DB14185,P35368,1
DB14185,P35462,1
DB14185,P46098,1
DB14185,P50406,1
DB14185,O31440,0
DB14185,Q99500,0
DB14185,P76216,0
DB14185,Q86YB8,0
DB14185,P02775,0
DB14185,Q13285,0
DB14185,P10809,0
DB14185,Q9H252,0
DB14185,P04377,0
DB14185,P0A786,0
DB14185,P30711,0
DB14185,P30197,0
DB14185,P41022,0
DB14185,Q5MYR6,0
DB14185,Q8IVH8,0
DB14185,Q12908,0
DB14185,Q9ZHG9,0
DB14185,O75385,0
DB14185,O00444,0
DB14185,P21709,0
DB14185,P62714,0
DB14185,Q57254,0
DB14185,O31168,0
DB14185,P20292,0
DB14185,P55011,0
DB02461,P0AE67,1
DB02461,P47989,0
DB01229,O75469,1
DB01229,P10415,1
DB01229,P10636,1
DB01229,P11137,1
DB01229,P27816,1
DB01229,Q9H4B7,1
DB01229,P26640,0
DB01229,Q9Y266,0
DB01229,O75385,0
DB01229,O60896,0
DB01229,P83797,0
DB01229,Q9P2N6,0
DB01425,P14416,1
DB01425,Q8NBQ5,0
DB02953,P22894,1
DB02953,P95780,0
DB01956,O00591,1
DB01956,O14764,1
DB01956,O75311,1
DB01956,P14867,1
DB01956,P18505,1
DB01956,P18507,1
DB01956,P23415,1
DB01956,P23416,1
DB01956,P28472,1
DB01956,P31644,1
DB01956,P34903,1
DB01956,P37610,1
DB01956,P47869,1
DB01956,P47870,1
DB01956,P48169,1
DB01956,P54965,1
DB01956,P78334,1
DB01956,Q13224,1
DB01956,Q16445,1
DB01956,Q8N1C3,1
DB01956,Q99928,1
DB01956,Q9UBS5,1
DB01956,Q9UN88,1
DB01956,Q14003,0
DB01956,P37551,0
DB01956,Q9UQQ2,0
DB01956,Q9F5I8,0
DB01956,P13551,0
DB01956,Q04771,0
DB01956,Q9EXV5,0
DB01956,O14983,0
DB01956,P04053,0
DB01956,Q16322,0
DB01956,Q59192,0
DB01956,O15239,0
DB01956,Q8T6S0,0
DB01956,P9WGT1,0
DB01956,P08200,0
DB01956,P79483,0
DB01956,P06744,0
DB01956,P00778,0
DB01956,P9WKE9,0
DB01956,P31645,0
DB01956,P07711,0
DB01956,O96017,0
DB01956,P0AB87,0
DB03991,Q02834,1
DB03991,Q9Y3R4,1
DB03991,Q04609,0
DB03991,P00742,0
DB01359,P07550,1
DB01359,P08588,1
DB01359,P08908,1
DB01359,P28222,1
DB01359,Q16518,0
DB01359,P16860,0
DB01359,Q9Y5Y6,0
DB01359,P0DOY6,0
DB01146,P35367,1
DB01146,Q01959,1
DB01146,P30291,0
DB01146,P01911,0
DB03121,P14555,1
DB03121,Q8WWQ8,0
DB02292,P00918,1
DB02292,P08842,1
DB02292,A5X5Y0,0
DB02292,Q8NFW8,0
DB07555,P22303,1
DB07555,Q9HC29,0
DB01765,P68400,1
DB01765,P62619,0
DB00169,P11473,1
DB00169,P46828,0
DB03714,P18031,1
DB03714,Q5SHR6,0
DB13783,P23219,1
DB13783,P35354,1
DB13783,P35367,0
DB13783,O14618,0
DB07279,P00734,1
DB07279,O34598,0
DB03862,O85465,1
DB03862,Q08638,1
DB03862,P23528,0
DB03862,P10147,0
DB07269,P15086,1
DB07269,Q8IKM6,0
DB09085,P35498,1
DB09085,P35499,1
DB09085,Q01118,1
DB09085,Q14524,1
DB09085,Q15858,1
DB09085,Q99250,1
DB09085,Q9NY46,1
DB09085,Q9UI33,1
DB09085,Q9UQD0,1
DB09085,Q9Y5Y9,1
DB09085,Q86UW8,0
DB09085,Q99814,0
DB09085,P38606,0
DB09085,Q01770,0
DB09085,Q96RQ3,0
DB09085,Q46509,0
DB09085,Q6IA69,0
DB09085,P29208,0
DB09085,P29768,0
DB09085,P10636,0
DB02892,P04964,1
DB02892,H3BUU9,0
DB08695,O60760,1
DB08695,P31943,0
DB07469,Q7Z406,1
DB07469,P20261,0
DB04575,P03372,1
DB04575,Q10588,0
DB08536,P24941,1
DB08536,P49247,0
DB00783,O75469,1
DB00783,P00846,1
DB00783,P03372,1
DB00783,P43681,1
DB00783,Q14457,1
DB00783,Q92731,1
DB00783,Q99527,1
DB00783,P00929,0
DB00783,Q9L9D7,0
DB00783,P19961,0
DB00783,P11229,0
DB00783,Q14573,0
DB00783,Q734I1,0
DB00783,P32947,0
DB06421,P11388,1
DB06421,Q02880,1
DB06421,Q9REC4,0
DB06421,Q96EM0,0
DB08182,P20248,1
DB08182,P24941,1
DB08182,Q8TCC7,0
DB08182,Q9R5V5,0
DB00721,O15554,1
DB00721,P21397,1
DB00721,P26358,1
DB00721,P27338,1
DB00721,P46098,1
DB00721,P47712,1
DB00721,Q01959,1
DB00721,Q12791,1
DB00721,Q15822,1
DB00721,Q16558,1
DB00721,Q86U10,1
DB00721,Q86W47,1
DB00721,Q8TCU5,1
DB00721,Q92952,1
DB00721,Q9H2S1,1
DB00721,Q9NPA1,1
DB00721,Q9UGI6,1
DB00721,Q9Y5Y9,1
DB00721,Q9Y691,1
DB00721,Q9Y6K1,1
DB00721,P62753,0
DB00721,Q9X9L0,0
DB00721,P19827,0
DB00721,P00751,0
DB00721,P20586,0
DB00721,Q9HCP0,0
DB00721,P46883,0
DB00721,P02931,0
DB00721,P32320,0
DB00721,O14793,0
DB00721,P23083,0
DB00721,Q939N4,0
DB00721,P12429,0
DB00721,P9WH11,0
DB00721,P04731,0
DB00721,Q8KNZ7,0
DB00721,Q5SJH3,0
DB00721,P43652,0
DB00721,P06702,0
DB00721,Q9X1T2,0
DB08283,P04062,1
DB08283,P23975,0
DB08235,O15143,1
DB08235,O15144,1
DB08235,O15145,1
DB08235,O15511,1
DB08235,P59998,1
DB08235,P61158,1
DB08235,P61160,1
DB08235,Q9LAG2,0
DB08235,P32055,0
DB08235,P27815,0
DB08235,P46883,0
DB08235,P52197,0
DB08235,P0A2Y7,0
DB08235,Q06418,0
DB07865,Q9L5C8,1
DB07865,Q9NPB1,0
DB02686,P43457,1
DB02686,P11274,0
DB07254,P54760,1
DB07254,P42685,0
DB03861,P07686,1
DB03861,Q9Y691,1
DB03861,Q8TED1,0
DB03861,P19961,0
DB04342,P14489,1
DB04342,P35626,0
DB04204,P18031,1
DB04204,P27302,0
DB06354,P39086,1
DB06354,Q9UBS5,1
DB06354,P30153,0
DB06354,Q99933,0
DB08758,P0AE18,1
DB08758,O14874,0
DB04774,P68133,1
DB04774,C0H4L1,0
DB11952,O00329,1
DB11952,P48736,1
DB11952,P41091,0
DB11952,Q72K87,0
DB12662,P37231,1
DB12662,Q15102,0
DB02401,P07195,1
DB02401,Q27743,1
DB02401,P02675,0
DB02401,P14780,0
DB01137,P43700,1
DB01137,P43702,1
DB01137,P35869,0
DB01137,P0AGG2,0
DB04295,P11217,1
DB04295,P94690,0
DB00395,P14867,1
DB00395,P18507,1
DB00395,P31644,1
DB00395,P34903,1
DB00395,P47870,1
DB00395,P9WIQ3,0
DB00395,P51852,0
DB00395,P42685,0
DB00395,O85465,0
DB00395,P04626,0
DB06739,P21731,1
DB06739,P47870,0
DB00334,P07550,1
DB00334,P08172,1
DB00334,P08173,1
DB00334,P08588,1
DB00334,P08908,1
DB00334,P11229,1
DB00334,P13945,1
DB00334,P14416,1
DB00334,P14867,1
DB00334,P18507,1
DB00334,P20309,1
DB00334,P21728,1
DB00334,P21917,1
DB00334,P21918,1
DB00334,P28221,1
DB00334,P28222,1
DB00334,P28223,1
DB00334,P28335,1
DB00334,P28566,1
DB00334,P30939,1
DB00334,P31644,1
DB00334,P34903,1
DB00334,P35348,1
DB00334,P35367,1
DB00334,P35368,1
DB00334,P35462,1
DB00334,P46098,1
DB00334,P47869,1
DB00334,P50406,1
DB00334,Q8N1C3,1
DB00334,Q99928,1
DB00334,P08581,0
DB00334,P01556,0
DB00334,P37268,0
DB00334,Q9X1T2,0
DB00334,P10415,0
DB00334,Q03154,0
DB00334,Q9Y2D1,0
DB00334,P69908,0
DB00334,Q04760,0
DB00334,Q5SHN3,0
DB00334,Q46220,0
DB00334,O75340,0
DB00334,P42336,0
DB00334,Q9KL51,0
DB00334,Q56320,0
DB00334,Q46509,0
DB00334,P30920,0
DB00334,P0A0K8,0
DB00334,O15197,0
DB00334,P30043,0
DB00334,P0DP25,0
DB00334,P41407,0
DB00334,P14927,0
DB00334,P17405,0
DB00334,Q9Y6F1,0
DB00334,Q86WA6,0
DB00334,Q5KSL6,0
DB00334,P62658,0
DB00334,P13817,0
DB00334,O14672,0
DB00334,P35089,0
DB07508,P00734,1
DB07508,P58758,0
DB04116,P00722,1
DB04116,P49146,0
DB08413,P01834,1
DB08413,P05187,1
DB08413,Q9Z1N9,0
DB08413,P0A953,0
DB06962,P20231,1
DB06962,Q08638,0
DB05607,P41595,1
DB05607,Q44244,0
DB01047,P04150,1
DB01047,Q99835,1
DB01047,Q9NYK1,0
DB01047,P37802,0
DB01127,O75469,1
DB01127,P10613,1
DB01127,Q04912,0
DB01127,P51161,0
DB01689,P15121,1
DB01689,P07919,0
DB07175,P56817,1
DB07175,Q8N142,0
DB07314,O14757,1
DB07314,Q9HBG4,0
DB08358,P49137,1
DB08358,Q16644,1
DB08358,Q96EB6,0
DB08358,P56181,0
DB08500,P11217,1
DB08500,P0A6H7,0
DB03730,O25323,1
DB03730,Q9UBK8,0
DB07284,P56817,1
DB07284,P13650,0
DB06853,P00734,1
DB06853,P07477,1
DB06853,P9WQ77,0
DB06853,Q6QNK2,0
DB00431,O75311,1
DB00431,O75469,1
DB00431,P03372,1
DB00431,P06401,1
DB00431,P18505,1
DB00431,P23415,1
DB00431,P23416,1
DB00431,P24046,1
DB00431,P28472,1
DB00431,P48167,1
DB00431,C0H546,0
DB00431,P37268,0
DB00431,Q96QU6,0
DB00431,Q8I487,0
DB00431,Q8N543,0
DB00431,P11409,0
DB00431,Q13153,0
DB00431,Q2M3G0,0
DB00431,P0C0X2,0
DB00431,Q96LZ3,0
DB03726,P07998,1
DB03726,P9WPQ5,0
DB06347,O14965,1
DB06347,P46781,0
DB04422,O34667,1
DB04422,Q9WYA5,1
DB04422,Q9X112,1
DB04422,Q8TET4,0
DB04422,Q16322,0
DB04422,O95342,0
DB06728,P02768,1
DB06728,P06870,1
DB06728,P17584,0
DB06728,Q9KWT6,0
DB00423,P00915,1
DB00423,P0A3D9,0
DB02980,P24289,1
DB02980,P47871,0
DB08605,P0AEK4,1
DB08605,Q16698,1
DB08605,Q99714,0
DB08605,Q98GN8,0
DB01640,Q13370,1
DB01640,P51168,0
DB00712,P23219,1
DB00712,P35354,1
DB00712,P09466,0
DB00712,Q96BH3,0
DB08248,P20248,1
DB08248,P24941,1
DB08248,P9WNP5,0
DB08248,P30153,0
DB00505,P08172,1
DB00505,P11229,1
DB00505,P20309,1
DB00505,P46736,0
DB00505,Q52546,0
DB00505,P43007,0
DB03280,P0A721,1
DB03280,P23919,1
DB03280,P9WKE1,1
DB03280,Q8WTS6,0
DB03280,P98194,0
DB03280,P07225,0
DB04278,P60568,1
DB04278,P69924,0
DB00555,O00591,1
DB00555,O14764,1
DB00555,P02708,1
DB00555,P08588,1
DB00555,P08913,1
DB00555,P14416,1
DB00555,P14867,1
DB00555,P18505,1
DB00555,P18507,1
DB00555,P21728,1
DB00555,P21918,1
DB00555,P28223,1
DB00555,P28472,1
DB00555,P29274,1
DB00555,P30542,1
DB00555,P31644,1
DB00555,P34903,1
DB00555,P35348,1
DB00555,P35367,1
DB00555,P35498,1
DB00555,P35499,1
DB00555,P41145,1
DB00555,P42261,1
DB00555,P46098,1
DB00555,P47869,1
DB00555,P47870,1
DB00555,P48169,1
DB00555,P78334,1
DB00555,Q01118,1
DB00555,Q14524,1
DB00555,Q15858,1
DB00555,Q15878,1
DB00555,Q16445,1
DB00555,Q8N1C3,1
DB00555,Q99250,1
DB00555,Q99928,1
DB00555,Q9NY46,1
DB00555,Q9UI33,1
DB00555,Q9UN88,1
DB00555,Q9UQD0,1
DB00555,Q9Y5Y9,1
DB00555,P19429,0
DB00555,Q15375,0
DB00555,Q86V86,0
DB00555,Q46822,0
DB00555,P52699,0
DB00555,Q9BTZ2,0
DB00555,P23526,0
DB00555,O14958,0
DB00555,O43175,0
DB00555,Q8GJ44,0
DB00555,Q96I15,0
DB00555,Q9HAZ1,0
DB00555,P0ACJ8,0
DB00555,P26397,0
DB00555,P0DMS8,0
DB00555,Q9HAN9,0
DB00555,P68371,0
DB00555,Q9P0J0,0
DB00555,O95819,0
DB00555,P0C1U9,0
DB00555,Q9X0L5,0
DB00555,O52806,0
DB00555,Q3JP94,0
DB00555,P07332,0
DB00555,Q9BUF5,0
DB00555,P0CG04,0
DB00555,P68771,0
DB00555,P13830,0
DB00555,O43741,0
DB00555,Q51225,0
DB00555,P62166,0
DB00555,Q15825,0
DB00555,P03952,0
DB00555,P14489,0
DB00555,Q5SLP8,0
DB00555,P10398,0
DB00555,P19821,0
DB00555,Q14457,0
DB00555,P14866,0
DB00555,P01130,0
DB00555,P01112,0
DB07872,P00742,1
DB07872,Q9X519,0
DB12436,P25103,1
DB12436,P29371,0
DB06263,P11388,1
DB06263,Q9H244,0
DB04656,P15474,1
DB04656,P06756,0
DB02257,P13376,1
DB02257,P42357,0
DB03887,Q05603,1
DB03887,P05019,0
DB11723,P27487,1
DB11723,P31948,0
DB09073,P11802,1
DB09073,Q00534,1
DB09073,P48029,0
DB09073,Q9Y4W6,0
DB02952,P01303,1
DB02952,P06850,1
DB02952,P23945,0
DB02952,Q7KQM4,0
DB03037,Q53908,1
DB03037,Q9WXS0,0
DB02261,P17900,1
DB02261,P25105,1
DB02261,P26790,0
DB02261,O75676,0
DB00162,O75911,1
DB00162,O94788,1
DB00162,O95237,1
DB00162,P00352,1
DB00162,P05090,1
DB00162,P41222,1
DB00162,P47895,1
DB00162,Q6NUM9,1
DB00162,Q8NBN7,1
DB00162,Q8TC12,1
DB00162,Q92781,1
DB00162,Q96NR8,1
DB00162,Q9BTZ2,1
DB00162,Q9HBH5,1
DB00162,Q9NYR8,1
DB00162,Q9UJ70,0
DB00162,Q99720,0
DB00162,Q9NPH2,0
DB00162,P25098,0
DB00162,P06126,0
DB00162,P36543,0
DB00162,P78417,0
DB00162,A0A0H3JWX6,0
DB00162,Q03721,0
DB00162,P14923,0
DB00162,P04279,0
DB00162,Q9ULA0,0
DB00162,P16233,0
DB00162,P94692,0
DB00162,Q8I492,0
DB06982,P63208,1
DB06982,P0A721,0
DB07237,P09960,1
DB07237,Q9NS75,0
DB06955,Q83WG3,1
DB06955,Q44048,0
DB03504,P07900,1
DB03504,P33316,0
DB02503,P00811,1
DB02503,P31012,0
DB02023,P08337,1
DB02023,P27348,0
DB07890,P00929,1
DB07890,P0A2K1,1
DB07890,P08164,0
DB07890,Q13509,0
DB12789,Q9Y5Y4,1
DB12789,P09104,0
DB04044,P11217,1
DB04044,P09546,0
DB08309,P20248,1
DB08309,P24941,1
DB08309,Q13554,0
DB08309,Q8KN66,0
DB02549,P26394,1
DB02549,P61987,0
DB04054,P07900,1
DB04054,P54284,0
DB07060,P20932,1
DB07060,Q9UJM8,1
DB07060,P41231,0
DB07060,P61927,0
DB01002,Q9Y5Y9,1
DB01002,P51691,0
DB00798,P00374,1
DB00798,P08164,1
DB00798,P0A7S3,1
DB00798,Q7RTT9,0
DB00798,P35499,0
DB00798,P02766,0
DB01030,P11387,1
DB01030,Q969P6,1
DB01030,Q8N8Y2,0
DB01030,P31213,0
DB03910,P29474,1
DB03910,Q06187,0
DB00887,P13569,1
DB00887,P55011,1
DB00887,Q13621,1
DB00887,Q9H2X9,1
DB00887,Q9UP95,1
DB00887,P9WIE5,0
DB00887,P06310,0
DB00887,P18825,0
DB00887,P14625,0
DB00887,P55407,0
DB08619,P0A3R9,1
DB08619,O32449,0
DB07160,P07858,1
DB07160,Q9H4B4,0
DB06902,P62508,1
DB06902,P13507,0
DB02337,Q93088,1
DB02337,P35030,0
DB01256,Q9A1X4,1
DB01256,F1T0I5,0
DB11642,Q12809,1
DB11642,Q9Y5N1,1
DB11642,Q15375,0
DB11642,P27816,0
DB06738,O15399,1
DB06738,O60391,1
DB06738,P35372,1
DB06738,P41143,1
DB06738,P41145,1
DB06738,Q05586,1
DB06738,Q12879,1
DB06738,Q13224,1
DB06738,Q14957,1
DB06738,Q8TCU5,1
DB06738,P01730,0
DB06738,Q5SJH3,0
DB06738,C6KTA4,0
DB06738,P04049,0
DB06738,Q888A4,0
DB06738,Q9BQI3,0
DB06738,P66010,0
DB06738,P19021,0
DB06738,P46072,0
DB06738,Q13470,0
DB03124,P42574,1
DB03124,P20132,0
DB07834,Q16539,1
DB07834,O31616,0
DB08344,P43889,1
DB08344,P15313,0
DB01375,P21796,1
DB01375,P45880,1
DB01375,P63316,1
DB01375,Q9Y277,1
DB01375,Q15303,0
DB01375,P53004,0
DB01375,P19438,0
DB01375,P40259,0
DB01123,P00734,1
DB01123,P0A0N4,1
DB01123,Q58L87,1
DB01123,O96000,0
DB01123,P34981,0
DB01123,P53611,0
DB01591,P08172,1
DB01591,P08173,1
DB01591,P08912,1
DB01591,P11229,1
DB01591,P20309,1
DB01591,F1L7U3,0
DB01591,Q93D82,0
DB01591,O75636,0
DB01591,P44886,0
DB01591,Q15758,0
DB00387,P08172,1
DB00387,P08173,1
DB00387,P11229,1
DB00387,P20309,1
DB00387,Q9Y2Z4,0
DB00387,P12429,0
DB00387,Q9GZT4,0
DB00387,P37672,0
DB03670,P18031,1
DB03670,Q07021,0
DB03189,P61626,1
DB03189,P16278,0
DB01331,P02918,1
DB01331,P02919,1
DB01331,P08506,1
DB01331,P0A3M6,1
DB01331,P0AD68,1
DB01331,P0AEB2,1
DB01331,P0AFI5,1
DB01331,P24228,1
DB01331,Q75Y35,1
DB01331,Q7CRA4,1
DB01331,Q8DNB6,1
DB01331,Q8DR59,1
DB01331,P02941,0
DB01331,P08686,0
DB01331,P77425,0
DB01331,P33447,0
DB01331,Q9Y2Q0,0
DB01331,P41439,0
DB01331,P14927,0
DB01331,P31644,0
DB01331,P0A8P1,0
DB01331,P81180,0
DB01331,O05935,0
DB01331,P09936,0
DB07836,P04054,1
DB07836,P0AES6,0
DB06829,P18031,1
DB06829,P43912,0
DB08433,P15273,1
DB08433,P48735,0
DB03467,P03372,1
DB03467,P04278,1
DB03467,P11511,1
DB03467,Q04828,1
DB03467,Q16678,1
DB03467,Q92731,1
DB03467,Q9AIU0,1
DB03467,Q9P2N6,1
DB03467,P51570,0
DB03467,P48764,0
DB03467,Q15238,0
DB03467,O15264,0
DB03467,P12995,0
DB03467,P26789,0
DB03467,P08123,0
DB03467,P06864,0
DB08677,P24941,1
DB08677,Q7DB61,0
DB03552,P07101,1
DB03552,P0DP24,0
DB07415,P56817,1
DB07415,P07998,0
DB02077,P29474,1
DB02077,P29475,1
DB02077,P11166,0
DB02077,P23904,0
DB00953,P28221,1
DB00953,P28222,1
DB00953,P30939,1
DB00953,Q6NUM9,0
DB00953,P80188,0
DB00953,Q93050,0
DB07843,P00742,1
DB07843,Q88CZ6,0
DB00412,O60488,1
DB00412,P19793,1
DB00412,P28702,1
DB00412,P37231,1
DB00412,P48443,1
DB00412,Q03181,1
DB00412,Q07869,1
DB00412,P14649,0
DB00412,P28223,0
DB00412,P11274,0
DB00412,P33981,0
DB00412,P04141,0
DB00412,P39265,0
DB00412,Q9Y5R2,0
DB00851,P52209,1
DB00851,Q14181,1
DB00851,P31350,0
DB00851,P56220,0
DB02035,P50897,1
DB02035,Q8IKW5,0
DB04794,P10613,1
DB04794,P20813,1
DB04794,P83788,0
DB04794,Q8XB74,0
DB09223,P14416,1
DB09223,P28223,1
DB09223,P35462,1
DB09223,O07529,0
DB09223,P47205,0
DB09223,Q08462,0
DB04138,P38489,1
DB04138,Q12791,0
DB07022,P03951,1
DB07022,P62277,0
DB03575,Q8TCU5,1
DB03575,Q99720,1
DB03575,P0AD68,0
DB03575,P33981,0
DB08602,Q13946,1
DB08602,Q8IVH8,0
DB07075,O14757,1
DB07075,P36896,0
DB04930,O75469,1
DB04930,P03372,1
DB04930,P35498,1
DB04930,P41022,0
DB04930,Q8IZS8,0
DB04930,O43175,0
DB07852,P20248,1
DB07852,P24941,1
DB07852,P22626,0
DB07852,Q32P28,0
DB00156,P26639,1
DB00156,Q9BW92,1
DB00156,P51168,0
DB00156,C0H4Y6,0
DB08461,P10275,1
DB08461,P51956,0
DB01569,P80365,1
DB01569,P11142,0
DB03085,P11413,1
DB03085,P0C2S5,0
DB08918,P23975,1
DB08918,P31645,1
DB08918,P33590,0
DB08918,O43451,0
DB09166,O00591,1
DB09166,O14764,1
DB09166,P14867,1
DB09166,P18505,1
DB09166,P18507,1
DB09166,P25105,1
DB09166,P28472,1
DB09166,P31644,1
DB09166,P34903,1
DB09166,P47869,1
DB09166,P47870,1
DB09166,P48169,1
DB09166,P78334,1
DB09166,Q16445,1
DB09166,Q8N1C3,1
DB09166,Q99928,1
DB09166,Q9UN88,1
DB09166,Q15788,0
DB09166,Q5SKH6,0
DB09166,O75715,0
DB09166,P37059,0
DB09166,P52429,0
DB09166,Q8IE67,0
DB09166,P24232,0
DB09166,P96618,0
DB09166,P00750,0
DB09166,P19099,0
DB09166,P02943,0
DB09166,P0A7X3,0
DB09166,P30044,0
DB09166,Q8TDN2,0
DB09166,P50250,0
DB09166,Q16555,0
DB09166,P51813,0
DB00773,P11388,1
DB00773,Q02880,1
DB00773,Q6NUM9,0
DB00773,O95479,0
DB08268,P28720,1
DB08268,P29208,0
DB00643,P68371,1
DB00643,Q71U36,1
DB00643,Q9NR63,0
DB00643,Q9BWD1,0
DB00745,P35368,1
DB00745,Q01959,1
DB00745,Q8TDU6,0
DB00745,Q13627,0
DB03144,O34453,1
DB03144,P05089,1
DB03144,P29474,1
DB03144,P29475,1
DB03144,P35228,1
DB03144,Q9Y2Z4,0
DB03144,P19634,0
DB03144,O14578,0
DB03144,P48723,0
DB03144,Q56310,0
DB04349,O07015,1
DB04349,P39126,1
DB04349,P0ABQ0,0
DB04349,P00374,0
DB07141,P00374,1
DB07141,P29768,0
DB03108,P9WKD7,1
DB03108,P44469,0
DB00362,A2QLK4,1
DB00362,O95298,0
DB00915,P14416,1
DB00915,P32297,1
DB00915,P36544,1
DB00915,P43681,1
DB00915,Q8TCU5,1
DB00915,P72525,0
DB00915,P34972,0
DB00915,Q9Y487,0
DB00915,P22557,0
DB00915,P08637,0
DB00234,P23975,1
DB00234,P61927,0
DB12153,A0A0H2UQB5,1
DB12153,Q99653,0
DB04289,P9WGR1,1
DB04289,Q8IIR9,0
DB01125,P38435,1
DB01125,P83791,0
DB02717,Q59325,1
DB02717,O60939,0
DB01612,P16066,1
DB01612,Q969I6,0
DB01213,P00325,1
DB01213,P00326,1
DB01213,P04040,1
DB01213,P07327,1
DB01213,O43776,0
DB01213,P12532,0
DB01213,Q16322,0
DB01213,Q59931,0
DB08869,Q02643,1
DB08869,P61713,0
DB08521,P28482,1
DB08521,Q16539,1
DB08521,Q15648,0
DB08521,P24182,0
DB03566,P07550,1
DB03566,P08588,1
DB03566,P0AFK9,1
DB03566,P23181,1
DB03566,Q9WZW1,0
DB03566,P16218,0
DB03566,Q16864,0
DB03566,Q8IM16,0
DB00903,P05023,1
DB00903,P09211,1
DB00903,Q13621,1
DB00903,Q9UJU2,1
DB00903,Q9PM68,0
DB00903,P19624,0
DB00903,Q83QN9,0
DB00903,P45983,0
DB07180,P51955,1
DB07180,P00136,0
DB08649,P84887,1
DB08649,P84888,1
DB08649,P00338,0
DB08649,Q9Y6Y9,0
DB07098,Q5G940,1
DB07098,P11411,0
DB02723,P00734,1
DB02723,P07098,0
DB07663,P00811,1
DB07663,P32320,0
DB07641,P21397,1
DB07641,P18507,0
DB03624,P13000,1
DB03624,O15374,0
DB03268,P12931,1
DB03268,P31645,0
DB02082,Q92930,1
DB02082,Q15796,0
DB03619,P07445,1
DB03619,P09211,1
DB03619,P25553,1
DB03619,P31224,1
DB03619,P33517,1
DB03619,P54965,1
DB03619,Q03736,1
DB03619,Q7Z2Z2,1
DB03619,Q8GGK7,1
DB03619,Q8TDU6,1
DB03619,Q96RI1,1
DB03619,Q8NBP7,0
DB03619,Q16774,0
DB03619,P08648,0
DB03619,P62258,0
DB03619,P00338,0
DB03619,P42971,0
DB03619,P16932,0
DB03619,P11217,0
DB03619,P25275,0
DB03619,P12268,0
DB03619,Q9H422,0
DB14066,P08183,1
DB14066,P06971,0
DB00980,P48039,1
DB00980,P49286,1
DB00980,P86287,0
DB00980,P25929,0
DB07425,P10828,1
DB07425,Q59FW3,1
DB07425,P0A808,0
DB07425,O43676,0
DB02919,P00374,1
DB02919,P03897,0
DB04824,O60656,1
DB04824,O75469,1
DB04824,P03372,1
DB04824,P04278,1
DB04824,Q14994,1
DB04824,P30793,0
DB04824,Q05581,0
DB04824,O94760,0
DB04824,P21860,0
DB04824,Q969V6,0
DB07265,P30291,1
DB07265,P43080,0
DB01156,P23975,1
DB01156,P32297,1
DB01156,P46098,1
DB01156,Q01959,1
DB01156,P07602,0
DB01156,P78348,0
DB01156,P31942,0
DB01156,P08620,0
DB07371,P01857,1
DB07371,C1KC03,0
DB00877,P09038,1
DB00877,P42345,1
DB00877,P62942,1
DB00877,P0A759,0
DB00877,P08048,0
DB00877,P16473,0
DB02816,P05364,1
DB02816,P17787,0
DB09050,P02918,1
DB09050,P02919,1
DB09050,P08506,1
DB09050,P0AD65,1
DB09050,P0AD68,1
DB09050,P0AEB2,1
DB09050,P24228,1
DB09050,P76577,1
DB09050,Q51504,1
DB09050,Q9X6W0,1
DB09050,O77323,0
DB09050,P9WKE1,0
DB09050,P40926,0
DB09050,P24394,0
DB09050,P26827,0
DB09050,P49763,0
DB09050,Q9WXV1,0
DB09050,P0DOY9,0
DB09050,Q13470,0
DB09050,Q9K578,0
DB00804,P08172,1
DB00804,P11229,1
DB00804,P42443,0
DB00804,P11217,0
DB07697,P14618,1
DB07697,P0C0J0,0
DB01141,A2QLK4,1
DB01141,P05041,0
DB08065,O14965,1
DB08065,P32169,0
DB01678,P12931,1
DB01678,Q96DB2,0
DB03248,O66496,1
DB03248,Q9NPH2,0
DB01699,P80404,1
DB01699,P32745,0
DB07504,P24941,1
DB07504,Q7ADF8,0
DB03343,P0C278,1
DB03343,P32019,0
DB08063,P19793,1
DB08063,Q13133,1
DB08063,P41180,0
DB08063,Q05603,0
DB03589,P23368,1
DB03589,P33681,0
DB07072,P27487,1
DB07072,Q9P2K8,0
DB02028,P50607,1
DB02028,P00282,0
DB04683,Q13285,1
DB04683,O15270,0
DB05038,P30411,1
DB05038,Q6ZMR3,0
DB04541,P11797,1
DB04541,P29768,0
DB02301,P00469,1
DB02301,P0A884,1
DB02301,P15925,1
DB02301,Q9AQS0,0
DB02301,Q8IJR6,0
DB02301,P45877,0
DB02343,P22303,1
DB02343,P83788,1
DB02343,Q8Y7N7,1
DB02343,P0C0L4,0
DB02343,Q16816,0
DB02343,Q15120,0
DB07305,P0AE18,1
DB07305,Q9KG76,0
DB00770,P34995,1
DB00770,P43116,1
DB00770,Q9Y5Y4,1
DB00770,P05113,0
DB00770,O95168,0
DB00770,P0C002,0
DB00585,P25021,1
DB00585,P61457,0
DB04530,O60493,1
DB04530,P00722,1
DB04530,P04818,1
DB04530,P05089,1
DB04530,P0A884,1
DB04530,P0ACB2,1
DB04530,P0AEX9,1
DB04530,P11309,1
DB04530,P17612,1
DB04530,P36952,1
DB04530,P39126,1
DB04530,P39805,1
DB04530,P9WH11,1
DB04530,Q01064,1
DB04530,Q07343,1
DB04530,Q99418,1
DB04530,O60931,0
DB04530,Q8TDN1,0
DB04530,Q86WA6,0
DB04530,B7JBP8,0
DB04530,P0A6Y5,0
DB04530,P0AFI5,0
DB04530,O94925,0
DB04530,P22455,0
DB04530,P16410,0
DB04530,P9WGV3,0
DB04530,P08690,0
DB04530,P97084,0
DB04530,P20815,0
DB04530,P0A6L0,0
DB04530,Q15822,0
DB04530,B4YQT9,0
DB06894,O00519,1
DB06894,Q9I5I9,1
DB06894,Q8N5S9,0
DB06894,Q59334,0
DB12579,P14416,1
DB12579,P83689,0
DB00890,P03372,1
DB00890,P04278,1
DB00890,Q9HGT2,0
DB00890,P11488,0
DB11614,P25105,1
DB11614,P35367,1
DB11614,Q08638,0
DB11614,Q9HBH9,0
DB03245,Q92947,1
DB03245,O15111,0
DB14533,O14556,1
DB14533,O14618,1
DB14533,O14791,1
DB14533,O15304,1
DB14533,O15350,1
DB14533,P00441,1
DB14533,P00450,1
DB14533,P00736,1
DB14533,P00738,1
DB14533,P01009,1
DB14533,P01011,1
DB14533,P01023,1
DB14533,P01024,1
DB14533,P01031,1
DB14533,P01042,1
DB14533,P01308,1
DB14533,P01591,1
DB14533,P02647,1
DB14533,P02649,1
DB14533,P02671,1
DB14533,P02746,1
DB14533,P02747,1
DB14533,P02751,1
DB14533,P02765,1
DB14533,P02766,1
DB14533,P02787,1
DB14533,P02790,1
DB14533,P02795,1
DB14533,P03372,1
DB14533,P03951,1
DB14533,P03952,1
DB14533,P04003,1
DB14533,P04004,1
DB14533,P04075,1
DB14533,P04196,1
DB14533,P04278,1
DB14533,P04279,1
DB14533,P04637,1
DB14533,P04731,1
DB14533,P05067,1
DB14533,P05109,1
DB14533,P05546,1
DB14533,P06702,1
DB14533,P06733,1
DB14533,P07237,1
DB14533,P08185,1
DB14533,P08603,1
DB14533,P08700,1
DB14533,P09871,1
DB14533,P09874,1
DB14533,P0C0L5,1
DB14533,P10909,1
DB14533,P14780,1
DB14533,P15169,1
DB14533,P15531,1
DB14533,P16455,1
DB14533,P19652,1
DB14533,P19823,1
DB14533,P19827,1
DB14533,P20742,1
DB14533,P20851,1
DB14533,P22792,1
DB14533,P23415,1
DB14533,P25713,1
DB14533,P27169,1
DB14533,P29034,1
DB14533,P29372,1
DB14533,P30101,1
DB14533,P31151,1
DB14533,P35527,1
DB14533,P35858,1
DB14533,P41238,1
DB14533,P45381,1
DB14533,P46663,1
DB14533,P46736,1
DB14533,P49411,1
DB14533,P51693,1
DB14533,P56524,1
DB14533,P60174,1
DB14533,P68104,1
DB14533,P68871,1
DB14533,P69905,1
DB14533,P78330,1
DB14533,P81605,1
DB14533,Q00987,1
DB14533,Q02383,1
DB14533,Q06033,1
DB14533,Q06481,1
DB14533,Q06830,1
DB14533,Q0VD83,1
DB14533,Q13547,1
DB14533,Q14624,1
DB14533,Q96PD5,1
DB14533,Q9BY41,1
DB14533,P9WI73,0
DB14533,Q25634,0
DB14533,P15034,0
DB14533,P04732,0
DB14533,Q8GR64,0
DB14533,P45452,0
DB14533,P15391,0
DB14533,Q08499,0
DB14533,P15291,0
DB14533,P14923,0
DB14533,P18825,0
DB14533,Q5SHN3,0
DB14533,Q9C0B1,0
DB14533,Q9H2K8,0
DB14533,P06709,0
DB14533,P0A759,0
DB14533,Q8GMG0,0
DB14533,P9WNG3,0
DB14533,P19622,0
DB14533,P17931,0
DB14533,P0A789,0
DB14533,P51788,0
DB14533,Q9BYT3,0
DB14533,Q9UQQ2,0
DB14533,Q8IEM3,0
DB14533,P20807,0
DB14533,Q9NY47,0
DB14533,P17540,0
DB14533,P9WIE5,0
DB14533,P34024,0
DB14533,Q9Z4N6,0
DB14533,P49760,0
DB14533,P60568,0
DB14533,P54368,0
DB14533,P08865,0
DB14533,P07602,0
DB14533,Q99497,0
DB14533,Q6MZM0,0
DB14533,Q9HCP0,0
DB14533,P44490,0
DB14533,A0A0H2URW2,0
DB14533,Q9UHA3,0
DB14533,P49069,0
DB14533,P15086,0
DB14533,Q99643,0
DB14533,Q9BXT2,0
DB14533,P80294,0
DB14533,P15170,0
DB14533,A0A144A2G5,0
DB14533,Q53908,0
DB14533,P37063,0
DB14533,Q9P2J5,0
DB14533,P53554,0
DB14533,P68826,0
DB14533,P97253,0
DB14533,P49257,0
DB14533,Q9HTN2,0
DB14533,Q96EN8,0
DB14533,P10620,0
DB14533,P52270,0
DB14533,Q16568,0
DB14533,P42328,0
DB14533,F7VJQ1,0
DB14533,P01850,0
DB14533,P35462,0
DB14533,P36952,0
DB14533,P06010,0
DB14533,P09172,0
DB14533,P9WGR1,0
DB14533,P06968,0
DB14533,Q00441,0
DB14533,P01008,0
DB14533,P10415,0
DB14533,Q86Y39,0
DB14533,P42593,0
DB14533,Q5SJ80,0
DB14533,Q8I3Z5,0
DB14533,Q9Y257,0
DB14533,Q15493,0
DB14533,P31948,0
DB14533,P02974,0
DB14533,Q9S427,0
DB14533,Q13164,0
DB14533,Q9NR97,0
DB14533,P80303,0
DB14533,P37268,0
DB14533,P01730,0
DB14533,P53667,0
DB14533,P63261,0
DB14533,Q9Y234,0
DB14533,Q13509,0
DB14533,P19793,0
DB14533,P06241,0
DB14533,P48167,0
DB01860,P51003,1
DB01860,Q9Y663,0
DB02323,P14061,1
DB02323,Q8IDI5,0
DB00884,P14324,1
DB00884,P53004,0
DB02992,O66496,1
DB02992,P75792,0
DB01394,P07437,1
DB01394,Q9HBA0,0
DB01626,P21397,1
DB01626,P27338,1
DB01626,P19784,0
DB01626,Q9BQE3,0
DB06233,P42345,1
DB06233,P25524,0
DB07751,P24941,1
DB07751,P01861,0
DB04641,Q27743,1
DB04641,P01127,0
DB03993,P0AB80,1
DB03993,P55786,0
DB00950,P35367,1
DB00950,P04080,0
DB07811,Q16539,1
DB07811,Q51793,0
DB07557,P19793,1
DB07557,P51857,1
DB07557,Q14994,1
DB07557,Q15788,1
DB07557,P10340,0
DB07557,P39300,0
DB07557,P11142,0
DB07557,P00646,0
DB04515,Q46079,1
DB04515,P30988,0
DB02436,P18031,1
DB02436,P18505,0
DB03416,P39594,1
DB03416,P26358,0
DB08995,P35869,1
DB08995,P23258,0
DB02838,P14920,1
DB02838,Q88CZ6,0
DB02355,O32393,1
DB02355,P25052,0
DB00400,P10875,1
DB00400,Q99456,1
DB00400,P38545,0
DB00400,Q01995,0
DB08303,P42262,1
DB08303,O95342,0
DB01672,P40871,1
DB01672,P80188,1
DB01672,Q06203,0
DB01672,P06732,0
DB00680,Q14524,1
DB00680,Q9NY46,0
DB08052,P12931,1
DB08052,Q01995,0
DB00874,O15399,1
DB00874,O60391,1
DB00874,Q05586,1
DB00874,Q12879,1
DB00874,Q13224,1
DB00874,Q14957,1
DB00874,Q8TCU5,1
DB00874,P28676,0
DB00874,P0AET8,0
DB00874,Q96RI0,0
DB00874,P26391,0
DB00874,Q15637,0
DB00874,O68600,0
DB00874,P0A1X2,0
DB08621,P24093,1
DB08621,P09848,0
DB00671,P44469,1
DB00671,P06729,0
DB01952,O25323,1
DB01952,P09871,0
DB01110,O00305,1
DB01110,O15554,1
DB01110,O43525,1
DB01110,O43526,1
DB01110,O60840,1
DB01110,O75469,1
DB01110,O95259,1
DB01110,P10613,1
DB01110,P15382,1
DB01110,P16389,1
DB01110,P17658,1
DB01110,P22001,1
DB01110,P22459,1
DB01110,P22460,1
DB01110,P29474,1
DB01110,P35228,1
DB01110,P48050,1
DB01110,P48547,1
DB01110,P51787,1
DB01110,P54284,1
DB01110,P56696,1
DB01110,P63252,1
DB01110,Q01668,1
DB01110,Q02641,1
DB01110,Q03721,1
DB01110,Q08289,1
DB01110,Q09470,1
DB01110,Q12791,1
DB01110,Q12809,1
DB01110,Q13303,1
DB01110,Q13698,1
DB01110,Q13936,1
DB01110,Q14003,1
DB01110,Q14500,1
DB01110,Q14721,1
DB01110,Q14722,1
DB01110,Q16322,1
DB01110,Q16558,1
DB01110,Q6PIU1,1
DB01110,Q86W47,1
DB01110,Q8NCM2,1
DB01110,Q8TAE7,1
DB01110,Q8TDN1,1
DB01110,Q8TDN2,1
DB01110,Q8WWG9,1
DB01110,Q92952,1
DB01110,Q92953,1
DB01110,Q96KK3,1
DB01110,Q96L42,1
DB01110,Q96PR1,1
DB01110,Q9BQ31,1
DB01110,Q9H252,1
DB01110,Q9H2S1,1
DB01110,Q9H3M0,1
DB01110,Q9NPA1,1
DB01110,Q9NR82,1
DB01110,Q9NS40,1
DB01110,Q9NSA2,1
DB01110,Q9NZV8,1
DB01110,Q9UGI6,1
DB01110,Q9UIX4,1
DB01110,Q9UJ90,1
DB01110,Q9UJ96,1
DB01110,Q9UK17,1
DB01110,Q9ULD8,1
DB01110,Q9UNX9,1
DB01110,Q9UQ05,1
DB01110,Q9Y691,1
DB01110,Q9Y6H6,1
DB01110,Q9Y6J6,1
DB01110,P62617,0
DB01110,Q873X9,0
DB01110,O15145,0
DB01110,Q53IN1,0
DB01110,P00167,0
DB01110,P09917,0
DB01110,Q8IBI3,0
DB01110,P15259,0
DB01110,P30793,0
DB01110,P51687,0
DB01110,P02929,0
DB01110,P99999,0
DB01110,P04054,0
DB01110,Q99705,0
DB01110,P51149,0
DB01110,P69795,0
DB01110,P54583,0
DB01110,Q6ZZJ1,0
DB01110,P06850,0
DB01110,P0A8V2,0
DB01110,Q9UBM7,0
DB01110,P14410,0
DB01110,Q9KWT6,0
DB01110,Q53H96,0
DB01110,Q12884,0
DB01110,P45494,0
DB01110,P0A9P4,0
DB01110,Q5NUL3,0
DB01110,P25116,0
DB01110,P04035,0
DB01110,P27487,0
DB01110,P19883,0
DB01110,P46663,0
DB01110,Q9HC97,0
DB01110,Q9Y5S1,0
DB01110,P05067,0
DB01110,Q9Y221,0
DB01110,Q00535,0
DB01110,P31415,0
DB01110,Q9UKI8,0
DB01110,P00861,0
DB01110,P47901,0
DB01110,P09758,0
DB01110,P16220,0
DB01110,O34450,0
DB01110,P48048,0
DB01110,P29508,0
DB01110,Q15648,0
DB01110,Q9Y698,0
DB01110,O95298,0
DB01110,P36419,0
DB01110,Q9RME2,0
DB01110,Q9WZC2,0
DB01110,Q9H228,0
DB01110,A0A045ISQ8,0
DB01110,Q59675,0
DB01110,Q9Y600,0
DB01110,P0A6F3,0
DB01110,P30305,0
DB01110,Q9WZ57,0
DB01110,Q01362,0
DB01110,Q06174,0
DB01110,P20020,0
DB01110,Q9RQB9,0
DB01110,Q9LAK3,0
DB01110,P08179,0
DB01110,P30086,0
DB01110,Q3J1A6,0
DB01110,P38606,0
DB01110,P09848,0
DB08617,P54577,1
DB08617,P61177,0
DB05630,P11387,1
DB05630,P15954,0
DB00532,O75469,1
DB00532,Q14524,1
DB00532,P29034,0
DB00532,P26447,0
DB03535,P48147,1
DB03535,Q9X6R4,1
DB03535,Q86UE8,0
DB03535,Q9UL51,0
DB04761,P45452,1
DB04761,P49366,0
DB00399,O95749,1
DB00399,P14324,1
DB00399,P29827,0
DB00399,P50416,0
DB02213,P01556,1
DB02213,P32890,1
DB02213,P12259,0
DB02213,Q9KEI9,0
DB03978,P42790,1
DB03978,P54577,1
DB03978,P83453,1
DB03978,Q9UDX3,0
DB03978,P02675,0
DB03978,P55017,0
DB07936,P24941,1
DB07936,P52961,0
DB02154,P52699,1
DB02154,Q79MP6,1
DB02154,P00782,0
DB02154,P0A910,0
DB02858,P00811,1
DB02858,Q15569,0
DB02353,P13501,1
DB02353,P18507,0
DB02063,P07477,1
DB02063,P34903,0
DB07918,P00363,1
DB07918,P0A8Q0,1
DB07918,P0A8Q3,1
DB07918,P0AAJ3,1
DB07918,P0AC47,1
DB07918,P0AEK7,1
DB07918,Q72EF3,1
DB07918,Q72EF4,1
DB07918,P51813,0
DB07918,P17787,0
DB07918,Q9ZLT0,0
DB07918,Q9L888,0
DB07918,P18357,0
DB07918,Q9NR82,0
DB07918,Q05209,0
DB07918,P55038,0
DB04716,O43293,1
DB04716,O60674,1
DB04716,P23458,1
DB04716,P29597,1
DB04716,P52333,1
DB04716,P36544,0
DB04716,P53350,0
DB04716,Q00534,0
DB04716,Q53908,0
DB04716,Q9H4Y5,0
DB04840,P23975,1
DB04840,O43526,0
DB00296,Q9Y5Y9,1
DB00296,P22748,0
DB07213,O14757,1
DB07213,P30273,0
DB00200,P20061,1
DB00200,P22033,1
DB00200,Q8IVH4,1
DB00200,Q99707,1
DB00200,Q9BXJ7,1
DB00200,Q9Y4U1,1
DB00200,P02788,0
DB00200,Q15185,0
DB00200,Q8IKW5,0
DB00200,Q9HU21,0
DB00200,P20645,0
DB00200,P35367,0
DB02467,P0A884,1
DB02467,P20339,1
DB02467,P22364,1
DB02467,P80561,1
DB02467,Q54331,1
DB02467,Q79G13,1
DB02467,P07948,0
DB02467,O14818,0
DB02467,P48637,0
DB02467,Q12882,0
DB02467,P31645,0
DB02467,P11387,0
DB00243,O00305,1
DB00243,O60840,1
DB00243,O60939,1
DB00243,P08588,1
DB00243,P25100,1
DB00243,P35348,1
DB00243,P35368,1
DB00243,P35498,1
DB00243,P35499,1
DB00243,P48050,1
DB00243,P54284,1
DB00243,P63252,1
DB00243,Q01118,1
DB00243,Q01668,1
DB00243,Q02641,1
DB00243,Q07699,1
DB00243,Q08289,1
DB00243,Q13698,1
DB00243,Q13936,1
DB00243,Q14500,1
DB00243,Q14524,1
DB00243,Q15858,1
DB00243,Q8IWT1,1
DB00243,Q99250,1
DB00243,Q9NY46,1
DB00243,Q9NY72,1
DB00243,Q9UI33,1
DB00243,Q9UNX9,1
DB00243,Q9UQD0,1
DB00243,Q9Y5Y9,1
DB00243,P05543,0
DB00243,Q9UBN7,0
DB00243,P9WNH5,0
DB00243,P62594,0
DB00243,P02747,0
DB00243,Q9Y4R7,0
DB00243,P20831,0
DB00243,Q51366,0
DB00243,P40939,0
DB00243,P80529,0
DB00243,O14983,0
DB00243,Q16602,0
DB00243,Q99470,0
DB00243,Q8NCM2,0
DB00243,P14868,0
DB00243,P35218,0
DB00243,Q9NSE4,0
DB00243,Q9C098,0
DB00243,Q72EF3,0
DB00243,P52824,0
DB00243,Q96T66,0
DB00243,P80365,0
DB00243,P11444,0
DB00243,Q8IBN5,0
DB00243,Q9UGJ0,0
DB00243,P02795,0
DB00243,P09669,0
DB00243,Q9H4Y5,0
DB00243,O34974,0
DB00243,P35030,0
DB09028,P17787,1
DB09028,P32297,1
DB09028,P36544,1
DB09028,P43681,1
DB09028,Q15825,1
DB09028,Q5KUI3,0
DB09028,P19404,0
DB09028,Q8RJN5,0
DB09028,Q9Y2Z4,0
DB09028,P14900,0
DB06842,P27815,1
DB06842,Q08499,1
DB06842,P00582,0
DB06842,P42679,0
DB00349,O00591,1
DB00349,O14764,1
DB00349,P14867,1
DB00349,P18505,1
DB00349,P18507,1
DB00349,P28472,1
DB00349,P31644,1
DB00349,P34903,1
DB00349,P47869,1
DB00349,P47870,1
DB00349,P48169,1
DB00349,P78334,1
DB00349,Q16445,1
DB00349,Q8N1C3,1
DB00349,Q99928,1
DB00349,Q9UN88,1
DB00349,P9WGY3,0
DB00349,P09466,0
DB00349,Q9Y266,0
DB00349,P0C0T5,0
DB00349,P48357,0
DB00349,P61497,0
DB00349,P35080,0
DB00349,Q9UQF2,0
DB00349,P50914,0
DB00349,P01764,0
DB00349,P45563,0
DB00349,P54764,0
DB00349,A0A0E1R3H3,0
DB00349,Q9NSY1,0
DB00349,Q04771,0
DB00349,Q8XL08,0
DB01820,P18031,1
DB01820,Q9UKE5,0
DB07921,P39900,1
DB07921,P42679,0
DB00391,P00918,1
DB00391,P07451,1
DB00391,P14416,1
DB00391,P35462,1
DB00391,P81040,0
DB00391,P25787,0
DB00391,Q7DB61,0
DB00391,P45059,0
DB00828,P0A749,1
DB00828,A0A0H2URW2,0
DB08778,O14757,1
DB08778,O75762,0
DB07933,P03372,1
DB07933,Q92731,1
DB07933,O14556,0
DB07933,P17612,0
DB08604,O24990,1
DB08604,O75469,1
DB08604,P07202,1
DB08604,P0AEK4,1
DB08604,P10275,1
DB08604,P37231,1
DB08604,P9WGR1,1
DB08604,Q14994,1
DB08604,Q6GI75,1
DB08604,Q8WWG9,0
DB08604,P17568,0
DB08604,P77173,0
DB08604,P16384,0
DB08604,P56740,0
DB08604,P34024,0
DB08604,Q5PXQ6,0
DB08604,Q16740,0
DB08604,Q96AZ6,0
DB04163,P22906,1
DB04163,Q86XF0,1
DB04163,Q8NBP7,0
DB04163,P22619,0
DB08810,P08908,1
DB08810,P28223,1
DB08810,Q13639,1
DB08810,Q8IKW5,0
DB08810,P56524,0
DB08810,P48664,0
DB14568,O75874,1
DB14568,Q72EF4,0
DB00481,P03372,1
DB00481,P04155,1
DB00481,P50453,1
DB00481,Q92731,1
DB00481,P04035,0
DB00481,P00509,0
DB00481,P21631,0
DB00481,P55055,0
DB01198,P14867,1
DB01198,P30536,1
DB01198,P31644,1
DB01198,P34903,1
DB01198,P47869,1
DB01198,P0A1X2,0
DB01198,Q02643,0
DB01198,O52791,0
DB01198,P0A094,0
DB01198,P9WK83,0
DB00144,P17252,1
DB00144,P48651,1
DB00144,P49619,1
DB00144,Q16760,1
DB00144,Q8WTV0,1
DB00144,Q9BVG9,1
DB00144,Q9NXE4,1
DB00144,Q9NY59,1
DB00144,Q9UG56,1
DB00144,Q9Y2Q0,1
DB00144,P04036,0
DB00144,Q9H093,0
DB00144,Q9NRH2,0
DB00144,Q9NR28,0
DB00144,P80511,0
DB00144,Q13233,0
DB00144,Q8EBR3,0
DB00144,P06632,0
DB00144,P01871,0
DB00144,P00363,0
DB03383,P11217,1
DB03383,P26640,0
DB02348,P11217,1
DB02348,Q16671,0
DB07647,O14757,1
DB07647,P08631,0
DB03696,P48449,1
DB03696,P43405,0
DB03510,Q8N142,1
DB03510,Q9U8D3,1
DB03510,P45954,0
DB03510,P54619,0
DB01367,P10415,1
DB01367,P27338,1
DB01367,P22570,0
DB01367,Q939D2,0
DB03070,P12268,1
DB03070,Q9P0J0,0
DB02071,P45452,1
DB02071,Q6QNK2,0
DB04301,P07477,1
DB04301,Q6UWN8,0
DB04083,P00509,1
DB04083,P00935,1
DB04083,P11217,1
DB04083,P11926,1
DB04083,P12995,1
DB04083,P13254,1
DB04083,P21549,1
DB04083,P33447,1
DB04083,Q16773,1
DB04083,Q9X266,1
DB04083,P16144,0
DB04083,P28335,0
DB04083,Q8IKK7,0
DB04083,Q54276,0
DB04083,Q46705,0
DB04083,Q26966,0
DB04083,P43657,0
DB04083,Q8IVA8,0
DB04083,P49419,0
DB04083,Q86Y39,0
DB07359,P35557,1
DB07359,Q8TCG2,0
DB00899,P35372,1
DB00899,P41143,1
DB00899,P41145,1
DB00899,O60939,0
DB00899,P02918,0
DB00899,O32723,0
DB00957,P03372,1
DB00957,P06401,1
DB00957,P10275,1
DB00957,Q14565,0
DB00957,P46849,0
DB00957,P28702,0
DB01970,Q13370,1
DB01970,P51511,0
DB04762,P00509,1
DB04762,P26514,0
DB02007,P06744,1
DB02007,P11217,1
DB02007,P15121,1
DB02007,P17169,1
DB02007,P19367,1
DB02007,P26276,1
DB02007,P31677,1
DB02007,P54716,1
DB02007,Q9X108,1
DB02007,P62312,0
DB02007,P18548,0
DB02007,Q9NY47,0
DB02007,P10724,0
DB02007,P50914,0
DB02007,Q06418,0
DB02007,Q7RTT9,0
DB02007,P62166,0
DB02007,P23763,0
DB02334,Q97E82,1
DB02334,Q13546,0
DB04658,Q08638,1
DB04658,P05327,0
DB06873,P12758,1
DB06873,P15814,0
DB03857,P37698,1
DB03857,Q93LD7,0
DB02271,O60551,1
DB02271,P48729,0
DB13720,P20309,1
DB13720,P43166,0
DB05446,P02749,1
DB05446,P05154,0
DB01216,P18405,1
DB01216,P31213,1
DB01216,P51857,1
DB01216,Q60099,0
DB01216,P02585,0
DB01216,P0DMS8,0
DB07986,P08254,1
DB07986,Q45135,0
DB08569,P17612,1
DB08569,P61925,1
DB08569,P26572,0
DB08569,P0DOY9,0
DB04182,O34667,1
DB04182,Q00496,0
DB01918,P40859,1
DB01918,P11836,0
DB00845,P22001,1
DB00845,P37231,1
DB00845,Q14832,0
DB00845,P05091,0
DB03364,P60327,1
DB03364,O75746,0
DB01789,P30920,1
DB01789,P09598,0
DB02136,P15555,1
DB02136,P23905,0
DB08643,P08254,1
DB08643,P17948,0
DB07146,P06239,1
DB07146,P84139,0
DB04570,P02918,1
DB04570,P02919,1
DB04570,P24228,1
DB04570,P42971,1
DB04570,P16099,0
DB04570,O00142,0
DB04570,Q51793,0
DB04570,P9WK19,0
DB00966,P30556,1
DB00966,P37231,1
DB00966,Q9UL54,0
DB00966,Q9Z4J7,0
DB14063,P08183,1
DB14063,Q13131,0
DB03584,O85465,1
DB03584,P37698,1
DB03584,P37700,1
DB03584,Q79G13,1
DB03584,P00781,0
DB03584,P05166,0
DB03584,P9WP23,0
DB03584,Q8ILF7,0
DB02915,P20248,1
DB02915,P24941,1
DB02915,P09110,0
DB02915,P19823,0
DB05339,P08908,1
DB05339,P19440,0
DB04934,P0A8V2,1
DB04934,P02144,0
DB02973,P24941,1
DB02973,Q9RRU8,0
DB02282,P14751,1
DB02282,Q13126,1
DB02282,O08398,0
DB02282,Q16678,0
DB04947,Q01959,1
DB04947,P16422,0
DB04573,P03372,1
DB04573,P04278,1
DB04573,Q92731,1
DB04573,P94690,0
DB04573,Q16647,0
DB04573,P06744,0
DB08095,Q16539,1
DB08095,P30520,0
DB07266,O14965,1
DB07266,Q8IKL4,0
DB03968,P00797,1
DB03968,P10696,0
DB00731,P37231,1
DB00731,Q09428,1
DB00731,P13073,0
DB00731,Q14032,0
DB04207,Q9UDR5,1
DB04207,A0A0H2UQB5,0
DB03255,P00800,1
DB03255,P02768,1
DB03255,P07288,0
DB03255,Q9I5F3,0
DB06237,O76074,1
DB06237,P83797,0
DB14581,Q15910,1
DB14581,P07014,0
DB07539,P20248,1
DB07539,P24941,1
DB07539,Q14626,0
DB07539,P61713,0
DB02026,P16184,1
DB02026,P0AGE0,0
DB08406,P00374,1
DB08406,Q99873,0
DB03126,Q7Z406,1
DB03126,Q01995,0
DB02374,P07986,1
DB02374,P19525,0
DB11429,P10275,1
DB11429,P22033,0
DB02568,P00491,1
DB02568,O67135,0
DB03837,P25774,1
DB03837,P83223,0
DB04627,P0A1F6,1
DB04627,Q96FI4,0
DB11660,P43088,1
DB11660,Q7RTV2,0
DB04267,P04036,1
DB04267,P9WP23,1
DB04267,P32396,0
DB04267,Q13627,0
DB01221,P06276,1
DB01221,P08172,1
DB01221,P08173,1
DB01221,P08908,1
DB01221,P08912,1
DB01221,P11229,1
DB01221,P14416,1
DB01221,P20309,1
DB01221,P23975,1
DB01221,P25103,1
DB01221,P28221,1
DB01221,P28222,1
DB01221,P28223,1
DB01221,P28335,1
DB01221,P28566,1
DB01221,P29475,1
DB01221,P30939,1
DB01221,P35372,1
DB01221,P41143,1
DB01221,P41145,1
DB01221,P41595,1
DB01221,P46098,1
DB01221,Q693P7,1
DB01221,Q8TCU5,1
DB01221,P32322,0
DB01221,P25713,0
DB01221,Q8VVD2,0
DB01221,O14561,0
DB01221,C0H571,0
DB01221,P11546,0
DB01221,O25928,0
DB01221,Q9WZI0,0
DB01221,P44469,0
DB01221,Q9UK32,0
DB01221,P0CG48,0
DB01221,P78536,0
DB01221,P54687,0
DB01221,Q9UQB9,0
DB01221,C6KTA4,0
DB01221,P47205,0
DB01221,P49721,0
DB01221,Q12756,0
DB01221,Q9UL51,0
DB01221,P0A079,0
DB01221,P30043,0
DB01221,P19784,0
DB01221,P25524,0
DB01221,Q9Z4P0,0
DB00806,P21589,1
DB00806,P29274,1
DB00806,P30542,1
DB00806,Q6WRI0,0
DB00806,O43772,0
DB00806,Q9NP56,0
DB08752,P25774,1
DB08752,Q9X0V0,0
DB02722,Q8VVD2,1
DB02722,Q9BUB5,0
DB07677,Q9Y6F1,1
DB07677,P0A7S3,0
DB03758,P08238,1
DB03758,P0DM80,1
DB03758,P10515,1
DB03758,P14625,1
DB03758,Q15120,1
DB03758,Q8N159,0
DB03758,P02818,0
DB03758,P08235,0
DB03758,Q9KB30,0
DB03758,O15111,0
DB11692,P29371,1
DB11692,Q9RW27,0
DB08641,Q9UNI1,1
DB08641,Q9NSD9,0
DB08576,O32449,1
DB08576,Q92637,0
DB04224,P02689,1
DB04224,P19793,1
DB04224,P37231,1
DB04224,Q03181,1
DB04224,Q07869,1
DB04224,Q8N1Q1,0
DB04224,P07195,0
DB04224,P13956,0
DB04224,P21796,0
DB04224,P48651,0
DB06311,P47712,1
DB06311,Q494W8,0
DB04523,P43235,1
DB04523,O75936,0
DB06140,P50406,1
DB06140,O00222,0
DB00809,P08172,1
DB00809,P08173,1
DB00809,P11229,1
DB00809,P20309,1
DB00809,P49366,0
DB00809,P30301,0
DB00809,P60981,0
DB00809,P09382,0
DB00119,O15374,1
DB00119,O15375,1
DB00119,O15403,1
DB00119,O15427,1
DB00119,O60669,1
DB00119,O95907,1
DB00119,P11177,1
DB00119,P11498,1
DB00119,P14618,1
DB00119,P30613,1
DB00119,P36021,1
DB00119,P53985,1
DB00119,P80404,1
DB00119,Q9BYV1,1
DB00119,P11439,0
DB00119,A6PZ59,0
DB00119,P54284,0
DB00119,P31677,0
DB00119,Q9FD87,0
DB00119,P0AGC3,0
DB00119,Q96RQ9,0
DB00119,Q59FK2,0
DB00119,Q92953,0
DB00119,P10802,0
DB00119,Q92918,0
DB00119,Q5MYR6,0
DB00119,Q5XXA6,0
DB00119,P0ABP8,0
DB08222,P04118,1
DB08222,P16233,1
DB08222,O67135,0
DB08222,A1Z199,0
DB07768,P52895,1
DB07768,Q04828,1
DB07768,Q08426,0
DB07768,P25053,0
DB01412,P29274,1
DB01412,P30542,1
DB01412,Q07343,1
DB01412,O14842,0
DB01412,P15260,0
DB01412,P36888,0
DB13014,P08263,1
DB13014,P09211,1
DB13014,P00568,0
DB13014,P0A333,0
DB11132,Q9UEW3,1
DB11132,A0A0H3JWX6,0
DB05266,P27815,1
DB05266,Q07343,1
DB05266,Q08493,1
DB05266,Q08499,1
DB05266,Q14432,1
DB05266,Q02192,0
DB05266,P42685,0
DB05266,P00395,0
DB05266,Q5SJH3,0
DB05266,P35869,0
DB01365,P07550,1
DB01365,P08588,1
DB01365,P08913,1
DB01365,P13945,1
DB01365,P18089,1
DB01365,P18825,1
DB01365,P25100,1
DB01365,P35348,1
DB01365,P35368,1
DB01365,P48443,0
DB01365,P22637,0
DB01365,P14625,0
DB01365,P50597,0
DB01365,O94804,0
DB01365,P39300,0
DB01365,Q06187,0
DB01365,P42345,0
DB01365,P17752,0
DB00924,O00206,1
DB00924,P23975,1
DB00924,P28223,1
DB00924,P28335,1
DB00924,P31645,1
DB00924,P34969,1
DB00924,P41595,1
DB00924,P50406,1
DB00924,Q06278,1
DB00924,Q9Y6M4,0
DB00924,O00398,0
DB00924,Q01362,0
DB00924,Q8IVH8,0
DB00924,P23434,0
DB00924,P10276,0
DB00924,Q04760,0
DB00924,P05771,0
DB00924,P24182,0
DB06422,P46098,1
DB06422,Q13639,1
DB06422,Q7Z3Y4,0
DB06422,Q8KI25,0
DB03534,P0AEK4,1
DB03534,P06608,0
DB05713,P00742,1
DB05713,Q9NPA1,0
DB03846,P9WKE1,1
DB03846,O43678,0
DB05812,P05093,1
DB05812,P0A7J6,0
DB07079,P78536,1
DB07079,P40763,0
DB05420,P23921,1
DB05420,P0AFL3,0
DB03065,P29474,1
DB03065,P01127,0
DB13949,P02786,1
DB13949,P07822,1
DB13949,Q7CRA4,0
DB13949,P17252,0
DB08259,P34913,1
DB08259,P14625,0
DB03396,P50579,1
DB03396,O52806,0
DB02873,Q16539,1
DB02873,P27302,0
DB00533,P15502,1
DB00533,P35354,1
DB00533,Q9Y6B6,0
DB00533,O15392,0
DB08907,P31639,1
DB08907,P08217,0
DB04701,P28161,1
DB04701,Q96FI4,0
DB00634,P0AC13,1
DB00634,P0C002,1
DB00634,P53848,1
DB00634,P10589,0
DB00634,Q9EXV5,0
DB00634,Q8NFA2,0
DB01630,P08253,1
DB01630,O15067,0
DB02615,P03372,1
DB02615,P18031,1
DB02615,P9WG35,0
DB02615,P23368,0
DB02988,P14920,1
DB02988,P22676,0
DB02016,P48449,1
DB02016,P05181,0
DB03661,O34667,1
DB03661,P07711,1
DB03661,P0A6R0,1
DB03661,P12256,1
DB03661,P18031,1
DB03661,P30305,1
DB03661,P43522,1
DB03661,P96113,1
DB03661,Q05514,1
DB03661,Q5MYR6,1
DB03661,Q9H4G4,1
DB03661,Q9K2N0,1
DB03661,Q9X0G9,1
DB03661,Q9X0P2,1
DB03661,P46072,0
DB03661,P9WGY3,0
DB03661,P21554,0
DB03661,P0C0X1,0
DB03661,P08913,0
DB03661,Q04759,0
DB03661,Q96D53,0
DB03661,P56937,0
DB03661,P29322,0
DB03661,P14866,0
DB03661,P00953,0
DB03661,Q969G3,0
DB03661,P10415,0
DB03661,P49354,0
DB11623,P08473,1
DB11623,Q15825,0
DB08779,O14757,1
DB08779,P51648,0
DB00204,O95069,1
DB00204,Q12809,1
DB00204,Q14500,1
DB00204,P35094,0
DB00204,P16384,0
DB00204,Q9ULU8,0
DB04540,P11473,1
DB04540,P35398,1
DB04540,Q14994,1
DB04540,Q9ULY5,1
DB04540,P07741,0
DB04540,P42126,0
DB04540,P03023,0
DB04540,P30038,0
DB00485,A0A0E1R3H3,1
DB00485,P0A3M6,1
DB00485,Q75Y35,1
DB00485,Q7CRA4,1
DB00485,Q8DNB6,1
DB00485,Q8DR59,1
DB00485,Q00080,0
DB00485,P40406,0
DB00485,P63252,0
DB00485,P0AEZ1,0
DB00485,Q9NZK7,0
DB00485,P24630,0
DB03559,P00326,1
DB03559,P08319,1
DB03559,Q9X112,0
DB03559,Q9UBQ6,0
DB02075,P20035,1
DB02075,O14965,0
DB01091,Q14534,1
DB01091,P28482,0
DB03708,O43252,1
DB03708,Q5SKH7,1
DB03708,P11021,0
DB03708,P04079,0
DB07373,P71278,1
DB07373,Q8IKW5,0
DB07341,P16442,1
DB07341,P0C0Y8,0
DB07165,P00734,1
DB07165,O00555,0
DB02861,P00918,1
DB02861,Q99623,0
DB07311,O14757,1
DB07311,P36897,0
DB04294,P9WJJ7,1
DB04294,O14672,0
DB03706,Q03013,1
DB03706,P0A078,0
DB06972,P20701,1
DB06972,O75964,0
DB07223,P07858,1
DB07223,O14949,0
DB06374,P03372,1
DB06374,Q9Y619,0
DB01710,P02144,1
DB01710,P13929,0
DB08742,P11473,1
DB08742,Q15788,1
DB08742,P02786,0
DB08742,P05187,0
DB00761,P55011,1
DB00761,Q13621,1
DB00761,Q9H2X9,1
DB00761,Q9UHW9,1
DB00761,Q9UP95,1
DB00761,Q9Y666,1
DB00761,P02818,0
DB00761,O15403,0
DB00761,P94182,0
DB00761,P23378,0
DB00761,Q9UQ05,0
DB00761,Q8N8N7,0
DB00626,P01023,1
DB00626,P14735,1
DB00626,P00138,0
DB00626,Q03013,0
DB07635,P10614,1
DB07635,P33447,0
DB03051,P09546,1
DB03051,Q46444,1
DB03051,P33261,0
DB03051,Q08460,0
DB03464,P0AE12,1
DB03464,P53985,0
DB04257,O31440,1
DB04257,O67648,1
DB04257,P14779,1
DB04257,P35625,0
DB04257,Q9BUF5,0
DB04257,Q99808,0
DB08564,P12931,1
DB08564,Q8GGK7,0
DB02447,P11217,1
DB02447,P72525,0
DB05232,P35498,1
DB05232,Q99250,1
DB05232,Q9NY46,1
DB05232,Q9UQD0,1
DB05232,P52732,0
DB05232,Q9X1H9,0
DB05232,P55882,0
DB05232,P28702,0
DB11740,P30291,1
DB11740,Q7Z2H8,0
DB07267,P36897,1
DB07267,P29768,0
DB05428,P31350,1
DB05428,P0AFG8,0
DB07091,P00734,1
DB07091,P07477,1
DB07091,Q96RR4,0
DB07091,P14550,0
DB07377,P50579,1
DB07377,Q7L3T8,0
DB03553,P00509,1
DB03553,P0AB80,1
DB03553,P69908,1
DB03553,Q9NP56,0
DB03553,Q8I6U8,0
DB03553,Q9H0K1,0
DB00613,P50135,1
DB00613,Q9RME2,0
DB04917,P46098,1
DB04917,Q13639,1
DB04917,Q819K2,0
DB04917,P05141,0
DB07778,O14949,1
DB07778,O14957,1
DB07778,P00156,1
DB07778,P07919,1
DB07778,P08574,1
DB07778,P14927,1
DB07778,P22695,1
DB07778,P31930,1
DB07778,P47985,1
DB07778,Q9UDW1,1
DB07778,P15382,0
DB07778,P25024,0
DB07778,P13929,0
DB07778,Q12882,0
DB07778,P03960,0
DB07778,Q04759,0
DB07778,P32754,0
DB07778,Q7Z4J2,0
DB07778,P49419,0
DB07778,P14679,0
DB12637,P04150,1
DB12637,Q6QNK2,1
DB12637,O60218,0
DB12637,P96945,0
DB08692,P17538,1
DB08692,P21695,0
DB08072,P00749,1
DB08072,Q9UJX1,0
DB08787,P07900,1
DB08787,Q939N4,0
DB09006,P37231,1
DB09006,Q03181,1
DB09006,Q07869,1
DB09006,P40238,0
DB09006,P14854,0
DB09006,P25786,0
DB08804,P10275,1
DB08804,P21728,0
DB07067,P27487,1
DB07067,Q9NPJ3,0
DB07673,P00800,1
DB07673,Q9UBN1,0
DB07664,P42684,1
DB07664,P49761,1
DB07664,Q16566,1
DB07664,Q9H2G2,1
DB07664,Q9Y6M4,1
DB07664,P21728,0
DB07664,O43399,0
DB07664,P35354,0
DB07664,P14621,0
DB07664,Q9Y2Q0,0
DB01645,O75469,1
DB01645,O95718,1
DB01645,P03372,1
DB01645,P04278,1
DB01645,P11388,1
DB01645,P11474,1
DB01645,P31749,1
DB01645,Q14289,1
DB01645,Q15596,1
DB01645,Q15788,1
DB01645,Q16678,1
DB01645,Q92731,1
DB01645,Q99527,1
DB01645,Q9F663,0
DB01645,Q9KKU4,0
DB01645,Q16566,0
DB01645,P07998,0
DB01645,P54710,0
DB01645,P06716,0
DB01645,P13645,0
DB01645,P31013,0
DB01645,P00782,0
DB01645,A2QLK4,0
DB01645,P22748,0
DB01645,P60842,0
DB01645,Q9A1B7,0
DB12978,P07333,1
DB12978,P09619,1
DB12978,P10721,1
DB12978,P36888,1
DB12978,P02647,0
DB12978,P04390,0
DB12978,P00803,0
DB12978,Q01693,0
DB01624,P08913,1
DB01624,P14416,1
DB01624,P21728,1
DB01624,P21918,1
DB01624,P28223,1
DB01624,P35348,1
DB01624,P35367,1
DB01624,P50440,0
DB01624,P00909,0
DB01624,P25815,0
DB01624,P51168,0
DB01624,P9WJJ7,0
DB01624,P20742,0
DB01624,O70038,0
DB04938,P03372,1
DB04938,P60906,0
DB03641,Q0P8G4,1
DB03641,P17846,0
DB03061,P00326,1
DB03061,Q55013,0
DB00324,P04150,1
DB00324,Q02155,0
DB03337,P07477,1
DB03337,Q15382,0
DB01910,P13956,1
DB01910,P14385,1
DB01910,P14751,1
DB01910,Q54527,1
DB01910,O00764,0
DB01910,P72355,0
DB01910,Q08853,0
DB01910,P42768,0
DB08911,P36507,1
DB08911,Q02750,1
DB08911,P52045,0
DB08911,Q9NRH2,0
DB08471,P9WMC1,1
DB08471,P04035,0
DB09288,P21554,1
DB09288,P23219,1
DB09288,P35354,1
DB09288,Q8NER1,1
DB09288,Q9BVJ7,0
DB09288,Q14416,0
DB09288,P13498,0
DB09288,P02766,0
DB08224,P23141,1
DB08224,P0A8V9,0
DB01758,P0AGJ9,1
DB01758,Q9UK32,0
DB04615,P22303,1
DB04615,P36419,0
DB06246,O00408,1
DB06246,O60218,1
DB06246,O76074,1
DB06246,P09211,1
DB06246,P15121,1
DB06246,Q08493,1
DB06246,Q08499,1
DB06246,P12256,0
DB06246,Q15842,0
DB06246,O67854,0
DB06246,A1A2B5,0
DB06246,Q5SL87,0
DB06246,Q8N159,0
DB06246,P24298,0
DB01711,P00326,1
DB01711,P80297,0
DB00471,P09917,1
DB00471,Q9Y271,1
DB00471,P48147,0
DB00471,P80099,0
DB03855,P39304,1
DB03855,P0A6D3,0
DB00180,P04150,1
DB00180,P10909,0
DB07225,P07858,1
DB07225,Q7SIE9,0
DB04527,O00187,1
DB04527,P25024,0
DB04351,P36683,1
DB04351,Q99798,1
DB04351,P51575,0
DB04351,Q08638,0
DB01786,P15555,1
DB01786,O43447,0
DB12887,Q15910,1
DB12887,Q92800,1
DB12887,P0A8M5,0
DB12887,Q969P6,0
DB02803,P00797,1
DB02803,P07097,0
DB04496,P9WKD7,1
DB04496,O75911,0
DB00767,P08172,1
DB00767,P08173,1
DB00767,P08912,1
DB00767,P11229,1
DB00767,P20309,1
DB00767,P35367,1
DB00767,P00691,0
DB00767,P29590,0
DB00767,P0A3Y5,0
DB00767,F7VJQ1,0
DB00767,P00322,0
DB00767,O70038,0
DB00565,Q15822,1
DB00565,Q9S400,0
DB00704,P35372,1
DB00704,P41143,1
DB00704,P41145,1
DB00704,Q5T1J1,1
DB00704,P07202,0
DB00704,Q45135,0
DB00704,Q96EB6,0
DB00704,P35462,0
DB01209,P35372,1
DB01209,P41145,1
DB01209,O75348,0
DB01209,Q79G13,0
DB15598,P05106,1
DB15598,P49281,1
DB15598,Q12908,0
DB15598,C6S3C7,0
DB01632,P00492,1
DB01632,P07741,1
DB01632,P08870,1
DB01632,Q27796,1
DB01632,Q8VP84,1
DB01632,Q9NWZ5,1
DB01632,P14868,0
DB01632,P21796,0
DB01632,P0A2W7,0
DB01632,Q8IKW5,0
DB01632,P21340,0
DB01632,P25963,0
DB07769,P10275,1
DB07769,Q51990,0
DB07669,P17412,1
DB07669,P17413,1
DB07669,P17596,1
DB07669,Q26609,0
DB07669,O76082,0
DB07669,Q8IUR0,0
DB09017,O00591,1
DB09017,O14764,1
DB09017,P14867,1
DB09017,P18505,1
DB09017,P18507,1
DB09017,P28472,1
DB09017,P31644,1
DB09017,P34903,1
DB09017,P47869,1
DB09017,P47870,1
DB09017,P48169,1
DB09017,P78334,1
DB09017,Q16445,1
DB09017,Q8N1C3,1
DB09017,Q99928,1
DB09017,Q9UN88,1
DB09017,Q96GD0,0
DB09017,Q97E82,0
DB09017,P12814,0
DB09017,Q8IKM5,0
DB09017,Q9Y697,0
DB09017,O95831,0
DB09017,P35372,0
DB09017,P09669,0
DB09017,Q96NR8,0
DB09017,Q16552,0
DB09017,P46597,0
DB09017,Q3IWB0,0
DB09017,P01137,0
DB09017,P31358,0
DB09017,O95838,0
DB09017,Q8RJN8,0
DB01921,P07986,1
DB01921,Q9X0G9,0
DB03003,P08263,1
DB03003,P09211,1
DB03003,P0A9D2,1
DB03003,Q03013,1
DB03003,P0A2W7,0
DB03003,P01042,0
DB03003,P68826,0
DB03003,Q9H4G4,0
DB02949,P04164,1
DB02949,Q70Z44,0
DB03046,P00749,1
DB03046,P07949,0
DB07857,P17612,1
DB07857,P61925,1
DB07857,Q9NYP7,0
DB07857,P09238,0
DB14499,P05023,1
DB14499,Q96GD4,0
DB00427,P35367,1
DB00427,P07437,0
DB07750,P24941,1
DB07750,P21912,0
DB00328,P14555,1
DB00328,P23219,1
DB00328,P35354,1
DB00328,P37231,1
DB00328,P42330,1
DB00328,Q04760,1
DB00328,Q07869,1
DB00328,Q8N8N7,1
DB00328,Q9Y5Y4,1
DB00328,P42892,0
DB00328,Q9UK17,0
DB00328,P33905,0
DB00328,P62594,0
DB00328,P15034,0
DB00328,P53004,0
DB00328,Q9NRE1,0
DB00328,P05655,0
DB00328,P49916,0
DB02962,Q05603,1
DB02962,Q07699,0
DB01062,P08172,1
DB01062,P11229,1
DB01062,P20309,1
DB01062,P37698,0
DB01062,Q9NXG6,0
DB01062,Q00080,0
DB05265,P18314,1
DB05265,Q8NFA2,1
DB05265,Q56268,0
DB05265,P43912,0
DB13837,O00591,1
DB13837,O14764,1
DB13837,P14867,1
DB13837,P18505,1
DB13837,P18507,1
DB13837,P28472,1
DB13837,P31644,1
DB13837,P34903,1
DB13837,P47869,1
DB13837,P47870,1
DB13837,P48169,1
DB13837,P78334,1
DB13837,Q16445,1
DB13837,Q8N1C3,1
DB13837,Q99928,1
DB13837,Q9UN88,1
DB13837,P36897,0
DB13837,P17213,0
DB13837,Q8XB74,0
DB13837,P02918,0
DB13837,P06756,0
DB13837,P09012,0
DB13837,P32322,0
DB13837,Q9Y3R4,0
DB13837,P50250,0
DB13837,P02919,0
DB13837,P22301,0
DB13837,Q14978,0
DB13837,P33590,0
DB13837,Q9BVJ7,0
DB13837,O34667,0
DB13837,P20586,0
DB07053,P37231,1
DB07053,P01374,0
DB11148,O00305,1
DB11148,O00555,1
DB11148,O43497,1
DB11148,O60359,1
DB11148,O60840,1
DB11148,O75762,1
DB11148,O95180,1
DB11148,P48048,1
DB11148,P54284,1
DB11148,P54289,1
DB11148,P62955,1
DB11148,P78508,1
DB11148,Q00975,1
DB11148,Q01668,1
DB11148,Q02641,1
DB11148,Q06432,1
DB11148,Q08289,1
DB11148,Q13698,1
DB11148,Q13936,1
DB11148,Q14500,1
DB11148,Q14654,1
DB11148,Q15842,1
DB11148,Q15878,1
DB11148,Q7Z3S7,1
DB11148,Q8IZS8,1
DB11148,Q8WXS5,1
DB11148,Q99712,1
DB11148,Q9BXT2,1
DB11148,Q9HBA0,1
DB11148,Q9NY47,1
DB11148,Q9P0X4,1
DB11148,Q9UBN1,1
DB11148,Q9UF02,1
DB11148,Q9UNX9,1
DB11148,Q9Y698,1
DB11148,P51687,0
DB11148,Q16222,0
DB11148,O95237,0
DB11148,Q9UI12,0
DB11148,P94690,0
DB11148,P08254,0
DB11148,P17676,0
DB11148,P56817,0
DB11148,Q5LRQ9,0
DB11148,P30305,0
DB11148,P0AB91,0
DB11148,P61888,0
DB11148,P37268,0
DB11148,Q8DP79,0
DB11148,P41252,0
DB11148,O95838,0
DB11148,Q9Z4J7,0
DB11148,P40616,0
DB11148,P94548,0
DB11148,O75865,0
DB11148,Q8N8N7,0
DB11148,Q9UHW9,0
DB11148,Q15418,0
DB11148,P0A6W9,0
DB11148,P18031,0
DB11148,O43681,0
DB11148,Q13002,0
DB11148,P00490,0
DB11148,P78368,0
DB11148,P52026,0
DB11148,P77173,0
DB11148,P19105,0
DB11148,P9WPB5,0
DB11148,P30711,0
DB11148,Q9UGM6,0
DB01348,P12821,1
DB01348,P09871,0
DB09290,P46098,1
DB09290,P00509,0
DB03331,O14556,1
DB03331,O14618,0
DB04510,P00558,1
DB04510,P15259,1
DB04510,P36204,1
DB04510,P60174,1
DB04510,Q07412,1
DB04510,Q9X519,1
DB04510,Q8IKH8,0
DB04510,P43007,0
DB04510,Q9NY72,0
DB04510,Q58L87,0
DB04510,P10515,0
DB04510,P15538,0
DB03186,P07998,1
DB03186,Q13163,0
DB08529,O95749,1
DB08529,O60359,0
DB02484,P27623,1
DB02484,P42081,0
DB13946,P03372,1
DB13946,P08235,1
DB13946,P10275,1
DB13946,P07771,0
DB13946,P0A7E1,0
DB13946,Q8XJ01,0
DB00677,P02787,1
DB00677,P06276,1
DB00677,P22303,1
DB00677,P36507,0
DB00677,P35243,0
DB00677,Q13126,0
DB00789,P52209,1
DB00789,P03023,0
DB02716,P06730,1
DB02716,P08164,0
DB12285,P56817,1
DB12285,O15379,0
DB01131,P00374,1
DB01131,P13922,1
DB01131,Q14181,0
DB01131,P9WPB7,0
DB00610,P35348,1
DB00610,P08870,0
DB02402,P22906,1
DB02402,Q86XF0,1
DB02402,Q9UBN1,0
DB02402,Q16222,0
DB07189,P78536,1
DB07189,P39748,0
DB00239,O75469,1
DB00239,P10613,1
DB00239,Q04782,1
DB00239,P35243,0
DB00239,A0A0H2Z368,0
DB00239,P31224,0
DB08901,P00519,1
DB08901,P06239,1
DB08901,P07948,1
DB08901,P07949,1
DB08901,P10721,1
DB08901,P11274,1
DB08901,P11362,1
DB08901,P12931,1
DB08901,P16234,1
DB08901,P21802,1
DB08901,P22455,1
DB08901,P22607,1
DB08901,P35968,1
DB08901,P36888,1
DB08901,Q02763,1
DB08901,P07947,0
DB08901,Q99653,0
DB08901,P24228,0
DB08901,P31572,0
DB08901,Q8DR59,0
DB08901,P02533,0
DB08901,P06653,0
DB08901,P27815,0
DB08901,Q00536,0
DB08901,Q9NSY1,0
DB08901,P12256,0
DB08901,Q81EW9,0
DB08901,P9WG35,0
DB08901,P51606,0
DB08901,P56817,0
DB06155,P21554,1
DB06155,Q9Y2T6,1
DB06155,Q8N339,0
DB06155,P9WPX7,0
DB12783,P20711,1
DB12783,P17342,0
DB08412,P01857,1
DB08412,Q02156,0
DB07431,P24941,1
DB07431,P49137,1
DB07431,Q8RQP5,0
DB07431,Q9UJT0,0
DB07495,P07900,1
DB07495,P40939,0
DB04677,P27338,1
DB04677,Q9UEE5,0
DB07301,Q84II6,1
DB07301,Q8GI16,1
DB07301,P0CG48,0
DB07301,P11586,0
DB03368,P08254,1
DB03368,P11217,0
DB03134,P56220,1
DB03134,Q9Y6K1,0
DB02115,P05091,1
DB02115,P25021,0
DB14515,P05023,1
DB14515,Q9HTN2,0
DB07882,P01834,1
DB07882,Q9NRP7,0
DB02317,P71447,1
DB02317,Q9NQ25,0
DB00756,O14521,1
DB00756,P00367,1
DB00756,P03372,1
DB00756,P06149,1
DB00756,P58758,0
DB00756,Q9NRF9,0
DB00756,P29218,0
DB00756,F1L7U3,0
DB06196,P15144,1
DB06196,P30411,1
DB06196,Q8KI25,0
DB06196,P13929,0
DB07328,P27487,1
DB07328,Q8WYK2,0
DB01775,P45510,1
DB01775,Q8RQE8,0
DB04820,P21397,1
DB04820,P21964,1
DB04820,P27338,1
DB04820,P17297,0
DB04820,P43522,0
DB04820,P01350,0
DB08128,P11086,1
DB08128,P30872,0
DB03198,P30920,1
DB03198,Q93083,0
DB00685,P11388,1
DB00685,P43700,1
DB00685,P43702,1
DB00685,P40926,0
DB00685,P11021,0
DB00685,P35499,0
DB00596,P04150,1
DB00596,P49190,0
DB02181,P15531,1
DB02181,P13995,0
DB02641,Q9ZAG3,1
DB02641,P32019,0
DB05187,P37231,1
DB05187,Q03181,1
DB05187,Q07869,1
DB05187,O95298,0
DB05187,P29827,0
DB05187,C6KSR5,0
DB08046,P00918,1
DB08046,P05154,0
DB08363,P04637,1
DB08363,B7JBP8,0
DB04052,Q05603,1
DB04052,Q8WY07,0
DB08355,P20248,1
DB08355,P24941,1
DB08355,P16234,0
DB08355,Q16498,0
DB00768,P04271,1
DB00768,P23297,1
DB00768,P25021,1
DB00768,P29034,1
DB00768,P35367,1
DB00768,P80511,1
DB00768,Q99584,1
DB00768,Q9Y5N1,1
DB00768,P18507,0
DB00768,P18858,0
DB00768,P06126,0
DB00768,P10614,0
DB00768,P84887,0
DB00768,O43451,0
DB00768,P54646,0
DB00768,Q16620,0
DB02548,P06744,1
DB02548,P08870,0
DB04672,Q9NPB1,1
DB04672,A9JQL9,0
DB02728,P14174,1
DB02728,Q9KU37,0
DB04386,Q9AQS0,1
DB04386,P48167,0
DB08608,Q15119,1
DB08608,Q9UNA0,0
DB04960,P49356,1
DB04960,P18925,0
DB00861,P23219,1
DB00861,P35354,1
DB00861,Q96EN8,0
DB00861,P20702,0
DB12565,Q13547,1
DB12565,P11142,0
DB02475,Q05581,1
DB02475,Q51990,0
DB00972,P04054,1
DB00972,P25021,1
DB00972,P35367,1
DB00972,Q16873,1
DB00972,P51956,0
DB00972,P54886,0
DB00972,P0A7S3,0
DB00972,P20645,0
DB00824,P0DMS8,1
DB00824,P27815,1
DB00824,P29274,1
DB00824,P29275,1
DB00824,P30542,1
DB00824,Q07343,1
DB00824,P07737,0
DB00824,Q9H8P0,0
DB00824,P00148,0
DB00824,Q8RQE8,0
DB00824,Q9WY54,0
DB00824,Q2G0P0,0
DB02976,P96945,1
DB02976,Q93EK7,1
DB02976,P50897,0
DB02976,P31350,0
DB02908,P12931,1
DB02908,Q8TE23,0
DB08184,P07477,1
DB08184,P14902,0
DB02480,Q46822,1
DB02480,P16435,0
DB08596,P07998,1
DB08596,P63000,0
DB07106,P50135,1
DB07106,P53004,0
DB04122,P11411,1
DB04122,O75838,0
DB00986,P08172,1
DB00986,P11229,1
DB00986,P20309,1
DB00986,O60513,0
DB00986,P06213,0
DB00986,Q24940,0
DB02279,Q9UJM8,1
DB02279,P08637,0
DB03395,P00797,1
DB03395,P43099,0
DB07049,P28845,1
DB07049,Q08462,0
DB01234,O75469,1
DB01234,P04083,1
DB01234,P04150,1
DB01234,P35228,1
DB01234,P51843,1
DB01234,P35346,0
DB01234,Q9UNK4,0
DB01234,P20807,0
DB01234,P02786,0
DB01234,Q03393,0
DB08889,P20618,1
DB08889,P28062,1
DB08889,P28065,1
DB08889,P28074,1
DB08889,P40306,1
DB08889,P49721,1
DB08889,O75390,0
DB08889,P05106,0
DB08889,P41407,0
DB08889,Q84II6,0
DB08889,Q8GMG0,0
DB08889,O95622,0
DB08464,P08238,1
DB08464,P14625,1
DB08464,P0C002,0
DB08464,P33527,0
DB08712,P9WNG3,1
DB08712,Q9Y463,0
DB00468,O15554,1
DB00468,P14770,1
DB00468,Q5SLQ0,0
DB00468,P61182,0
DB01351,P14867,1
DB01351,P31644,1
DB01351,P34903,1
DB01351,P36544,1
DB01351,P42262,1
DB01351,P43681,1
DB01351,P47869,1
DB01351,P48169,1
DB01351,Q13002,1
DB01351,Q16445,1
DB01351,O15269,0
DB01351,Q14749,0
DB01351,P04079,0
DB01351,P04278,0
DB01351,P08306,0
DB01351,Q92781,0
DB01351,T1RTG8,0
DB01351,P0AB71,0
DB01351,P0AC38,0
DB01351,Q14565,0
DB08505,Q70I53,1
DB08505,O95182,0
DB07969,P08581,1
DB07969,Q86V67,0
DB06827,P9WJ63,1
DB06827,Q6ZMR3,0
DB07094,P09960,1
DB07094,P00437,0
DB07340,Q96GD4,1
DB07340,Q9NQS7,1
DB07340,Q13085,0
DB07340,O00469,0
DB00575,P08913,1
DB00575,P18089,1
DB00575,P18825,1
DB00575,P25100,1
DB00575,P35348,1
DB00575,P35368,1
DB00575,Q59FK2,0
DB00575,Q5SHZ4,0
DB00575,Q5T1J1,0
DB00575,O52646,0
DB00575,O15399,0
DB00575,P36896,0
DB08066,O14965,1
DB08066,P24941,1
DB08066,O95182,0
DB08066,Q9H6Z9,0
DB01880,P14174,1
DB01880,P16113,1
DB01880,Q3IWB0,1
DB01880,P18843,0
DB01880,P32245,0
DB01880,Q52437,0
DB00130,P15104,1
DB00130,P17812,1
DB00130,Q06203,1
DB00130,P60709,0
DB00130,Q5L1E2,0
DB00130,Q8KI25,0
DB03570,P00282,1
DB03570,P25053,1
DB03570,Q5SHF5,1
DB03570,Q13698,0
DB03570,Q9Y2H9,0
DB03570,P83797,0
DB00325,P16066,1
DB00325,Q9UKL6,0
DB00776,O60939,1
DB00776,P35498,1
DB00776,P35499,1
DB00776,Q01118,1
DB00776,Q07699,1
DB00776,Q14524,1
DB00776,Q15858,1
DB00776,Q8IWT1,1
DB00776,Q99250,1
DB00776,Q9NY46,1
DB00776,Q9NY72,1
DB00776,Q9UI33,1
DB00776,Q9UQD0,1
DB00776,Q9Y5Y9,1
DB00776,P01730,0
DB00776,Q13224,0
DB00776,Q59560,0
DB00776,P01857,0
DB00776,P58335,0
DB00776,F5GY58,0
DB00776,Q84EX5,0
DB00776,Q96LZ3,0
DB00776,P06858,0
DB00776,P06703,0
DB00776,A0A0H2XJ39,0
DB00776,O31440,0
DB00776,P29371,0
DB00776,Q939N4,0
DB11386,Q12809,1
DB11386,P72525,0
DB02528,P02144,1
DB02528,P17302,0
DB13908,Q99250,1
DB13908,P80511,0
DB07531,P24941,1
DB07531,P0A9P4,0
DB01102,P07550,1
DB01102,P08588,1
DB01102,P13945,1
DB01102,P42512,0
DB01102,Q92753,0
DB01102,Q9L5C7,0
DB08048,P03372,1
DB08048,Q15596,1
DB08048,P14735,0
DB08048,Q8IVH4,0
DB00353,P21728,1
DB00353,P41595,1
DB00353,P0A8D6,0
DB00353,P17802,0
DB03127,O00244,1
DB03127,P00749,1
DB03127,P00775,1
DB03127,P06870,1
DB03127,P07477,1
DB03127,P07478,1
DB03127,P35030,1
DB03127,P42126,1
DB03127,P68400,1
DB03127,Q92876,1
DB03127,Q9Y5Y6,1
DB03127,Q9BQ31,0
DB03127,P49589,0
DB03127,Q8TDN2,0
DB03127,P0A094,0
DB03127,P31948,0
DB03127,Q9UJT0,0
DB03127,O34667,0
DB03127,O14936,0
DB03127,P30291,0
DB03127,P43353,0
DB03127,P18085,0
DB08064,Q16539,1
DB08064,P08909,0
DB03880,P22894,1
DB03880,P39900,1
DB03880,P51512,1
DB03880,Q9UKQ2,1
DB03880,Q9UNA0,1
DB03880,O43293,0
DB03880,P33590,0
DB03880,P36955,0
DB03880,P61978,0
DB03880,Q9NPB1,0
DB02178,P46883,1
DB02178,P0ADY7,0
DB07299,P03951,1
DB07299,Q6PI48,0
DB06603,O15379,1
DB06603,P56524,1
DB06603,Q13547,1
DB06603,Q8WUI4,1
DB06603,Q92769,1
DB06603,Q969S8,1
DB06603,Q96DB2,1
DB06603,Q9BY41,1
DB06603,Q9UBN7,1
DB06603,Q9UKV0,1
DB06603,Q9UQL6,1
DB06603,P10844,0
DB06603,Q9NPF7,0
DB06603,P01599,0
DB06603,P11409,0
DB06603,P13688,0
DB06603,Q9NQX3,0
DB06603,P35908,0
DB06603,Q96ER9,0
DB06603,P0A8P1,0
DB06603,O00187,0
DB06603,P41789,0
DB09224,P14416,1
DB09224,Q9RA47,0
DB02552,O95749,1
DB02552,P14324,1
DB02552,P62617,1
DB02552,P62619,1
DB02552,P9WFF5,1
DB02552,P9WFF7,1
DB02552,Q4R2T2,1
DB02552,Q9PM68,1
DB02552,P07602,0
DB02552,Q07955,0
DB02552,Q9H3N8,0
DB02552,P19099,0
DB02552,Q8WU08,0
DB02552,P22619,0
DB02552,P29508,0
DB02552,Q93086,0
DB03470,P28593,1
DB03470,Q56408,0
DB07993,P56817,1
DB07993,P31645,0
DB04233,A5W4F4,1
DB04233,O33407,1
DB04233,P02931,1
DB04233,P04118,1
DB04233,P05695,1
DB04233,P06129,1
DB04233,P07110,1
DB04233,P08100,1
DB04233,P0A910,1
DB04233,P0A915,1
DB04233,P0A917,1
DB04233,P10384,1
DB04233,P16233,1
DB04233,P31243,1
DB04233,P32722,1
DB04233,P33247,1
DB04233,P39767,1
DB04233,P74334,1
DB04233,P76045,1
DB04233,Q48152,1
DB04233,Q72JD8,1
DB04233,Q9HUR5,1
DB04233,Q9HVJ6,1
DB04233,Q9K597,1
DB04233,Q9RBW8,1
DB04233,P23528,0
DB04233,Q9I5F3,0
DB04233,O15197,0
DB04233,P43405,0
DB04233,P14649,0
DB04233,P04632,0
DB04233,P61497,0
DB04233,P10614,0
DB04233,P52209,0
DB04233,P02745,0
DB04233,P0DP24,0
DB04233,P00803,0
DB04233,Q9BTZ2,0
DB04233,P01906,0
DB04233,Q8TF61,0
DB04233,Q7Z4W1,0
DB04233,Q9L5C7,0
DB04233,Q15118,0
DB04233,P84888,0
DB04233,P06653,0
DB04233,Q7WT42,0
DB04233,P53985,0
DB04233,O60669,0
DB04233,P11759,0
DB04233,O00329,0
DB08559,P06875,1
DB08559,P10809,0
DB04149,Q07343,1
DB04149,Q08499,1
DB04149,Q04917,0
DB04149,Q816R0,0
DB09091,P04150,1
DB09091,Q92769,1
DB09091,P12461,0
DB09091,Q52546,0
DB04142,P18031,1
DB04142,Q9UKY3,0
DB04926,Q8TCU5,1
DB04926,P41146,0
DB08960,Q15822,1
DB08960,Q8NBQ5,0
DB03064,Q9UJM8,1
DB03064,P0A334,0
DB01214,P07550,1
DB01214,P08588,1
DB01214,P9WGR1,0
DB01214,P28223,0
DB07135,P27487,1
DB07135,P0C0T5,0
DB06946,Q8GMG0,1
DB06946,Q14416,0
DB03809,P07900,1
DB03809,P26397,0
DB04360,P00811,1
DB04360,P55196,0
DB06481,Q02127,1
DB06481,P26790,0
DB08351,Q16539,1
DB08351,Q9Y694,0
DB15489,O00591,1
DB15489,O14764,1
DB15489,P14867,1
DB15489,P18505,1
DB15489,P18507,1
DB15489,P28472,1
DB15489,P31644,1
DB15489,P34903,1
DB15489,P47869,1
DB15489,P47870,1
DB15489,P48169,1
DB15489,P78334,1
DB15489,Q16445,1
DB15489,Q8N1C3,1
DB15489,Q99928,1
DB15489,Q9UN88,1
DB15489,Q46891,0
DB15489,P16860,0
DB15489,Q5T601,0
DB15489,P9WPX7,0
DB15489,Q9P2J5,0
DB15489,P0AB71,0
DB15489,P09619,0
DB15489,P23258,0
DB15489,Q9WZS7,0
DB15489,Q9NY72,0
DB15489,P31057,0
DB15489,P97084,0
DB15489,P00775,0
DB15489,Q9Y600,0
DB15489,P69441,0
DB15489,P42261,0
DB01238,O15399,1
DB01238,O60391,1
DB01238,P07550,1
DB01238,P08172,1
DB01238,P08173,1
DB01238,P08588,1
DB01238,P08908,1
DB01238,P08912,1
DB01238,P08913,1
DB01238,P11229,1
DB01238,P14416,1
DB01238,P18089,1
DB01238,P18825,1
DB01238,P20309,1
DB01238,P21728,1
DB01238,P21917,1
DB01238,P21918,1
DB01238,P25021,1
DB01238,P28221,1
DB01238,P28222,1
DB01238,P28223,1
DB01238,P28335,1
DB01238,P28566,1
DB01238,P31645,1
DB01238,P34969,1
DB01238,P35348,1
DB01238,P35367,1
DB01238,P35368,1
DB01238,P35372,1
DB01238,P35462,1
DB01238,P41143,1
DB01238,P41145,1
DB01238,P41595,1
DB01238,P46098,1
DB01238,P47898,1
DB01238,P50406,1
DB01238,Q01959,1
DB01238,Q05586,1
DB01238,Q12879,1
DB01238,Q13224,1
DB01238,Q14957,1
DB01238,Q8TCU5,1
DB01238,Q9H3N8,1
DB01238,Q9Y5N1,1
DB01238,Q57193,0
DB01238,P06672,0
DB01238,P43657,0
DB01238,P62658,0
DB01238,Q56320,0
DB01238,P50416,0
DB01238,O75015,0
DB01238,Q15878,0
DB01238,P9WP01,0
DB01238,Q01082,0
DB01238,Q8IE67,0
DB01238,P52895,0
DB01238,P33247,0
DB01238,P0AG82,0
DB01238,O35000,0
DB01238,P05327,0
DB01238,O15496,0
DB01238,Q8X444,0
DB01238,P05113,0
DB01238,Q14164,0
DB01238,C6S3C7,0
DB01238,P17213,0
DB01238,Q46705,0
DB01238,A5W4F4,0
DB01238,Q52WX2,0
DB01238,Q5S007,0
DB01238,P12277,0
DB01238,P04279,0
DB01238,Q837V6,0
DB01238,P11409,0
DB01238,Q8TAB3,0
DB01238,P24228,0
DB01238,Q98GN8,0
DB01238,P00148,0
DB01238,Q53591,0
DB01238,P60900,0
DB01238,Q9WYS2,0
DB01238,P41222,0
DB01238,Q6IX08,0
DB01238,O00264,0
DB01238,Q9NPF7,0
DB01238,Q47764,0
DB01238,P25524,0
DB01238,Q9FDN7,0
DB07583,P17612,1
DB07583,P61925,1
DB07583,P13376,0
DB07583,P41222,0
DB02468,P09601,1
DB02468,Q88CZ6,0
DB07015,P27487,1
DB07015,P01857,0
DB02137,Q46509,1
DB02137,P25971,0
DB07020,P45984,1
DB07020,Q8RQE8,0
DB12500,O60674,1
DB12500,P23458,1
DB12500,P36888,1
DB12500,P19971,0
DB12500,Q96L42,0
DB12500,Q15761,0
DB11365,Q92482,1
DB11365,Q5SKC5,0
DB04674,P25101,1
DB04674,Q04828,1
DB04674,P13423,0
DB04674,P16544,0
DB08177,P15917,1
DB08177,P41235,0
DB07617,P11509,1
DB07617,P15121,0
DB14067,P08183,1
DB14067,Q2M3G0,1
DB14067,Q13093,0
DB14067,P04406,0
DB08808,P07550,1
DB08808,P08588,1
DB08808,P13945,1
DB08808,P11509,0
DB08808,O67648,0
DB08808,P28702,0
DB02458,P09488,1
DB02458,P28161,1
DB02458,P34969,0
DB02458,P22262,0
DB03934,P99999,1
DB03934,P05362,0
DB07082,P55055,1
DB07082,A0A0H2UXE9,0
DB00653,O00305,1
DB00653,O00555,1
DB00653,O60840,1
DB00653,P54284,1
DB00653,Q01668,1
DB00653,Q02641,1
DB00653,Q08289,1
DB00653,Q13698,1
DB00653,Q13936,1
DB00653,Q9Y600,0
DB00653,P41145,0
DB00653,Q98GN8,0
DB00653,Q9RN59,0
DB00653,P04035,0
DB00653,Q9HB55,0
DB00653,P0AB80,0
DB00653,Q13621,0
DB00653,P42338,0
DB02383,O60218,1
DB02383,P14550,1
DB02383,P15121,1
DB02383,P11922,0
DB02383,P05089,0
DB02383,P9WND1,0
DB04678,P16442,1
DB04678,Q96EM0,0
DB09034,O43613,1
DB09034,O43614,1
DB09034,O15111,0
DB09034,P43119,0
DB00405,P35367,1
DB00405,P14416,0
DB07703,Q9ZGI2,1
DB07703,Q7DHH4,0
DB03151,Q51705,1
DB03151,Q7SIA3,1
DB03151,P20648,0
DB03151,P16435,0
DB01938,P10943,1
DB01938,Q14123,0
DB07761,P24941,1
DB07761,P62166,0
DB00218,P11388,1
DB00218,P43700,1
DB00218,P43702,1
DB00218,P52961,0
DB00218,P42216,0
DB00218,O94956,0
DB12924,P0AFI2,1
DB12924,P43700,1
DB12924,P06870,0
DB12924,P48547,0
DB03844,P00918,1
DB03844,P04155,0
DB08485,P15474,1
DB08485,O15269,0
DB06924,P15085,1
DB06924,Q9KL51,0
DB11753,P0A7Z4,1
DB11753,P0A8T7,1
DB11753,P0A8V2,1
DB11753,Q8IVA8,0
DB11753,P49888,0
DB11753,O00398,0
DB07068,P23467,1
DB07068,Q92800,0
DB03220,P00813,1
DB03220,P10153,0
DB00956,P35372,1
DB00956,P41143,1
DB00956,Q99720,1
DB00956,L0DSL2,0
DB00956,P49189,0
DB00956,P37610,0
DB07379,Q00534,1
DB07379,Q96GR2,0
DB00502,P08908,1
DB00502,P08913,1
DB00502,P14416,1
DB00502,P18089,1
DB00502,P18825,1
DB00502,P20309,1
DB00502,P21728,1
DB00502,P28223,1
DB00502,P28335,1
DB00502,P34969,1
DB00502,P35348,1
DB00502,P35367,1
DB00502,P35462,1
DB00502,P50406,1
DB00502,Q05940,1
DB00502,Q13224,1
DB00502,Q99705,1
DB00502,Q99720,1
DB00502,Q8GBW6,0
DB00502,Q13164,0
DB00502,O14965,0
DB00502,P14061,0
DB00502,P68371,0
DB00502,P49821,0
DB00502,Q56308,0
DB00502,P17846,0
DB00502,Q13555,0
DB00502,O75460,0
DB00502,P08263,0
DB00502,Q13093,0
DB00502,P01024,0
DB00502,O00555,0
DB00502,Q9HBL8,0
DB00502,Q9UDR5,0
DB00502,Q9UDX3,0
DB00502,Q8P9V9,0
DB07292,P09960,1
DB07292,P32169,0
DB04665,P11509,1
DB04665,O00238,0
DB07227,P49354,1
DB07227,P49356,1
DB07227,P53609,1
DB07227,Q9ULW8,0
DB07227,O94956,0
DB07227,P06864,0
DB07147,P78536,1
DB07147,P0A110,0
DB03197,P26281,1
DB03197,P0AGE0,0
DB01821,P29474,1
DB01821,P29475,1
DB01821,P83844,0
DB01821,P81180,0
DB00209,P11229,1
DB00209,P20309,1
DB00209,P0AAI5,0
DB00209,Q13885,0
DB07866,P28845,1
DB07866,P00323,0
DB04783,P68133,1
DB04783,P0A1X2,0
DB08197,P07900,1
DB08197,O60488,0
DB08198,P52732,1
DB08198,Q9X108,0
DB07567,P03372,1
DB07567,C7C422,0
DB08636,Q51948,1
DB08636,P26396,0
DB02967,Q05315,1
DB02967,P0A0N5,0
DB09291,P25103,1
DB09291,Q5SKW1,0
DB07809,P00734,1
DB07809,Q13936,0
DB07276,P45983,1
DB07276,Q9UQF2,1
DB07276,O07015,0
DB07276,Q9Y2D1,0
DB02134,P0A9M5,1
DB02134,P45563,1
DB02134,O14757,0
DB02134,Q59976,0
DB08784,Q9HBL8,1
DB08784,P41180,0
DB04513,P0DP23,1
DB04513,P19429,1
DB04513,P63316,1
DB04513,Q65CX5,0
DB04513,Q9WZW1,0
DB04513,P21333,0
DB01734,P18031,1
DB01734,P33151,0
DB01006,P11511,1
DB01006,P10809,0
DB01993,P10724,1
DB01993,Q9H2P9,0
DB01430,P05023,1
DB01430,P72524,0
DB09064,Q07869,1
DB09064,Q6DT37,0
DB04367,P49759,1
DB04367,Q07912,1
DB04367,P0A8M5,0
DB04367,P22392,0
DB08759,Q9ZGI2,1
DB08759,P07225,0
DB03132,P52270,1
DB03132,P60174,1
DB03132,P06733,0
DB03132,Q14457,0
DB07046,Q02750,1
DB07046,Q3JWH7,0
DB01166,Q14432,1
DB01166,P09960,0
DB08107,P14900,1
DB08107,P14410,0
DB11757,P29274,1
DB11757,P30542,1
DB11757,Q14181,0
DB11757,Q9L5C7,0
DB07684,P00750,1
DB07684,P72181,0
DB02308,P35030,1
DB02308,P98155,0
DB03156,Q54873,1
DB03156,Q59288,1
DB03156,Q8VVD2,1
DB03156,P0ABQ0,0
DB03156,Q5VZ30,0
DB03156,P33038,0
DB07390,P08254,1
DB07390,P23222,0
DB01388,O00305,1
DB01388,O43497,1
DB01388,O60840,1
DB01388,O95180,1
DB01388,P54284,1
DB01388,Q01668,1
DB01388,Q02641,1
DB01388,Q08289,1
DB01388,Q13698,1
DB01388,Q13936,1
DB01388,Q9P0X4,1
DB01388,Q7SIA3,0
DB01388,Q5SHN3,0
DB01388,Q14542,0
DB01388,P17291,0
DB01388,P12995,0
DB01388,P26392,0
DB01388,Q81VW8,0
DB01388,P54716,0
DB01388,Q9UNX9,0
DB01388,P20309,0
DB01388,P9WPB3,0
DB00484,P08913,1
DB00484,P18089,1
DB00484,P18825,1
DB00484,P25553,0
DB00484,Q9UNI1,0
DB00484,P29120,0
DB03412,P06608,1
DB03412,P49788,0
DB07560,P10614,1
DB07560,P38484,0
DB02432,P12931,1
DB02432,P01911,0
DB08599,P39900,1
DB08599,P06971,0
DB06203,P27487,1
DB06203,P9WIP7,0
DB00602,O75311,1
DB00602,P28472,1
DB00602,P09598,0
DB00602,P62857,0
DB13751,P01375,1
DB13751,P06858,1
DB13751,P19838,1
DB13751,P28845,1
DB13751,P42574,1
DB13751,Q00653,1
DB13751,Q59771,0
DB13751,Q02880,0
DB13751,P51582,0
DB13751,Q9NZQ7,0
DB13751,P43985,0
DB13751,P17413,0
DB11703,Q06187,1
DB11703,P09493,0
DB07326,P35968,1
DB07326,P0C0H6,0
DB14575,Q99571,1
DB14575,Q9RVD6,0
DB06691,P35367,1
DB06691,P0A0N4,0
DB04450,P08100,1
DB04450,P0A6A8,1
DB04450,P53554,1
DB04450,Q9L6V3,1
DB04450,P41020,0
DB04450,O68874,0
DB04450,Q5MYR6,0
DB04450,P36404,0
DB02592,Q6GGU4,1
DB02592,Q9Y221,0
DB03289,P08692,1
DB03289,P04629,0
DB06957,P07900,1
DB06957,P33221,0
DB07025,O14757,1
DB07025,Q9NVS9,0
DB08141,P24941,1
DB08141,Q8IIR9,0
DB02901,P03372,1
DB02901,P08235,1
DB02901,P10275,1
DB02901,P14061,1
DB02901,Q57265,0
DB02901,P10145,0
DB02901,Q72LA4,0
DB02901,P00973,0
DB03218,P11217,1
DB03218,Q99735,0
DB06960,Q9I596,1
DB06960,Q9AGP8,0
DB07478,P0A108,1
DB07478,Q9Y296,0
DB02869,O60911,1
DB02869,P43235,1
DB02869,Q8NG66,0
DB02869,Q8IY84,0
DB03397,P09147,1
DB03397,P0A751,1
DB03397,P0ACC7,1
DB03397,P26572,1
DB03397,Q14376,1
DB03397,Q16222,1
DB03397,Q97R46,1
DB03397,Q9UBQ6,1
DB03397,Q16288,0
DB03397,Q27796,0
DB03397,P60568,0
DB03397,Q5SKH7,0
DB03397,Q8I4W4,0
DB03397,Q14353,0
DB03397,Q86SZ2,0
DB03397,Q01468,0
DB09244,P08908,1
DB09244,P08913,1
DB09244,P21397,1
DB09244,Q56408,0
DB09244,Q16762,0
DB09244,Q9ULW8,0
DB02237,P13507,1
DB02237,Q08751,1
DB02237,P15509,0
DB02237,Q96NR8,0
DB01810,P25779,1
DB01810,Q9UBX1,1
DB01810,P12461,0
DB01810,P14902,0
DB08801,P08172,1
DB08801,P35367,1
DB08801,P9WQG9,0
DB08801,P13762,0
DB06635,P00742,1
DB06635,P62269,0
DB02608,Q56148,1
DB02608,A0A0M3KKX1,0
DB00233,O15111,1
DB00233,P09917,1
DB00233,P35354,1
DB00233,Q9NZK7,1
DB00233,P19424,0
DB00233,P39905,0
DB00233,P29322,0
DB00233,P52333,0
DB00170,P00734,1
DB00170,P00740,1
DB00170,P02818,1
DB00170,P04070,1
DB00170,P07225,1
DB00170,P15559,1
DB00170,P16083,1
DB00170,P38435,1
DB00170,Q8N0U8,1
DB00170,Q9BQB6,1
DB00170,P45877,0
DB00170,P46976,0
DB00170,P07101,0
DB00170,P0CG48,0
DB00170,P31391,0
DB00170,P00137,0
DB00170,P0C264,0
DB00170,Q9ULA0,0
DB00170,P11388,0
DB00170,P14625,0
DB02215,Q9UKQ2,1
DB02215,P01871,0
DB00542,P12821,1
DB00542,P9WGV3,0
DB07216,P49354,1
DB07216,P49356,1
DB07216,Q9NXG6,0
DB07216,Q969I3,0
DB05695,P41180,1
DB05695,P12644,0
DB03738,Q96CD2,1
DB03738,P94182,0
DB01278,O60894,1
DB01278,O60895,1
DB01278,O60896,1
DB01278,P30988,1
DB01278,P05771,0
DB01278,Q9K578,0
DB01278,Q8N568,0
DB01278,Q16877,0
DB12808,P10276,1
DB12808,P10826,1
DB12808,P13631,1
DB12808,Q9H6Z9,0
DB12808,Q02760,0
DB12808,P05129,0
DB04735,P0A444,1
DB04735,Q8IEN3,0
DB02907,P06971,1
DB02907,P31013,0
DB03114,P12931,1
DB03114,Q8KT33,0
DB04373,P46925,1
DB04373,P75914,0
DB03659,P0DJ06,1
DB03659,P09142,0
DB06470,P14867,1
DB06470,P43912,0
DB04604,P27361,1
DB04604,P78368,1
DB04604,Q8TF76,1
DB04604,Q96S37,0
DB04604,P46782,0
DB04604,P00709,0
DB06932,O15530,1
DB06932,P0A6B1,0
DB06709,P20309,1
DB06709,P25275,0
DB12379,P04798,1
DB12379,P35869,1
DB12379,Q8III5,0
DB12379,P52788,0
DB01000,C1KC03,1
DB01000,P02918,1
DB01000,P02919,1
DB01000,P08506,1
DB01000,P0AD65,1
DB01000,P0AD68,1
DB01000,P0AEB2,1
DB01000,P24228,1
DB01000,Q75Y35,1
DB01000,Q8DR59,1
DB01000,Q84EX5,0
DB01000,Q8TCT9,0
DB01000,P45452,0
DB01000,P23919,0
DB01000,P15309,0
DB01000,P22102,0
DB01000,P00136,0
DB01000,Q9ULB1,0
DB01000,O94788,0
DB01000,Q07806,0
DB01657,P46883,1
DB01657,P0A721,0
DB02866,P00918,1
DB02866,P60568,0
DB04908,P08908,1
DB04908,P21917,1
DB04908,P28223,1
DB04908,O15270,0
DB04908,P62491,0
DB04908,O70038,0
DB01399,P23219,1
DB01399,P35354,1
DB01399,P25787,0
DB01399,Q8IYT8,0
DB06174,Q99720,1
DB06174,Q8IKR1,0
DB00237,O00591,1
DB00237,O14764,1
DB00237,P14867,1
DB00237,P17787,1
DB00237,P18505,1
DB00237,P18507,1
DB00237,P28472,1
DB00237,P30532,1
DB00237,P30926,1
DB00237,P31644,1
DB00237,P32297,1
DB00237,P34903,1
DB00237,P36544,1
DB00237,P39086,1
DB00237,P42261,1
DB00237,P42262,1
DB00237,P42263,1
DB00237,P43681,1
DB00237,P47869,1
DB00237,P47870,1
DB00237,P48058,1
DB00237,P48169,1
DB00237,P78334,1
DB00237,Q05901,1
DB00237,Q13002,1
DB00237,Q13003,1
DB00237,Q15822,1
DB00237,Q15825,1
DB00237,Q16099,1
DB00237,Q16445,1
DB00237,Q16478,1
DB00237,Q8N1C3,1
DB00237,Q99928,1
DB00237,Q9GZZ6,1
DB00237,Q9UGM1,1
DB00237,Q9UN88,1
DB00237,Q15738,0
DB00237,P0A808,0
DB00237,Q12884,0
DB00237,P0AFI7,0
DB00237,Q8IL86,0
DB00237,P11717,0
DB00237,P31937,0
DB00237,P9WH11,0
DB00237,Q56694,0
DB00237,Q16773,0
DB00237,Q9Y289,0
DB00237,P18548,0
DB00237,P13254,0
DB00237,Q8NEY4,0
DB00237,Q9Y691,0
DB00237,P49788,0
DB00237,Q05315,0
DB00237,Q12809,0
DB00237,P00973,0
DB00237,P04792,0
DB00237,P22088,0
DB00237,Q9HAZ1,0
DB00237,Q06033,0
DB00237,Q16790,0
DB00237,Q05586,0
DB00237,Q9Y2D0,0
DB00237,P67936,0
DB00237,Q53464,0
DB00237,Q9Y5Y4,0
DB00237,P36673,0
DB00237,O43570,0
DB00237,P05162,0
DB00237,P01008,0
DB00237,P00403,0
DB00237,Q9Y6B6,0
DB00237,P84887,0
DB00251,P10613,1
DB00251,P02359,0
DB03081,P07477,1
DB03081,Q8XB74,0
DB06950,Q5G940,1
DB06950,O75493,0
DB00590,P25100,1
DB00590,P35348,1
DB00590,P35368,1
DB00590,Q12809,1
DB00590,Q9H252,1
DB00590,Q9NS40,1
DB00590,Q9X0G9,0
DB00590,P07900,0
DB00590,P30405,0
DB00590,P11488,0
DB00590,P15531,0
DB00590,Q9NP99,0
DB07109,Q55813,1
DB07109,P02689,0
DB08308,P00947,1
DB08308,P05451,0
DB02784,P18031,1
DB02784,P16115,0
DB07667,P22629,1
DB07667,P83792,0
DB07351,P15085,1
DB07351,P15086,0
DB01677,P0C278,1
DB01677,P16930,1
DB01677,P23368,1
DB01677,P80040,1
DB01677,P83223,1
DB01677,P26391,0
DB01677,O32723,0
DB01677,Q06110,0
DB01677,P08185,0
DB01677,Q86Y39,0
DB08236,O15143,1
DB08236,O15144,1
DB08236,O15145,1
DB08236,O15511,1
DB08236,P59998,1
DB08236,P61158,1
DB08236,P61160,1
DB08236,P28566,0
DB08236,P62312,0
DB08236,O60664,0
DB08236,P25275,0
DB08236,P16591,0
DB08236,P05100,0
DB08236,P02747,0
DB09332,P00734,1
DB09332,P00740,1
DB09332,P00742,1
DB09332,P04070,1
DB09332,P07225,1
DB09332,P08709,1
DB09332,P38435,1
DB09332,P27797,0
DB09332,Q9NTG7,0
DB09332,Q9BVM4,0
DB09332,P08238,0
DB09332,P23743,0
DB09332,O14841,0
DB09332,Q46822,0
DB03889,Q16775,1
DB03889,P11444,0
DB08689,O14521,1
DB08689,P06008,1
DB08689,P06009,1
DB08689,P06010,1
DB08689,P07173,1
DB08689,P0A6M2,1
DB08689,P0AEG4,1
DB08689,P21912,1
DB08689,P31040,1
DB08689,Q72LA4,1
DB08689,Q72LA5,1
DB08689,Q72LA6,1
DB08689,Q99643,1
DB08689,P25053,0
DB08689,P54819,0
DB08689,O95819,0
DB08689,P31152,0
DB08689,Q32P28,0
DB08689,Q51990,0
DB08689,P21589,0
DB08689,O06796,0
DB08689,Q88K39,0
DB08689,P49286,0
DB08689,Q8IVH8,0
DB08689,O43293,0
DB08689,P06732,0
DB08264,P0A110,1
DB08264,P0A112,1
DB08264,Q51948,0
DB08264,Q9P286,0
DB01795,Q9L9D7,1
DB01795,P62857,0
DB08082,P27338,1
DB08082,P0C0Y7,0
DB03028,P07339,1
DB03028,P20742,0
DB11994,P05177,1
DB11994,P05181,1
DB11994,P08684,1
DB11994,P09917,1
DB11994,P10635,1
DB11994,P11712,1
DB11994,P20815,1
DB11994,P24462,1
DB11994,P55055,1
DB11994,Q13133,1
DB11994,Q9HB55,1
DB11994,P22460,0
DB11994,Q9WZI0,0
DB11994,Q8I372,0
DB11994,P41143,0
DB11994,Q8VTT5,0
DB11994,Q14721,0
DB11994,Q7RTV2,0
DB11994,O75251,0
DB11994,P17612,0
DB11994,Q9ZHG9,0
DB11994,P0AB74,0
DB07244,P00797,1
DB07244,P29474,1
DB07244,P01011,0
DB07244,P04731,0
DB00760,P24228,1
DB00760,Q5XXA6,0
DB02472,P00813,1
DB02472,P9WPQ5,0
DB00727,P16066,1
DB00727,P0AES4,0
DB08190,P16083,1
DB08190,P04390,0
DB07002,P35228,1
DB07002,Q08493,0
DB08694,P20248,1
DB08694,P24941,1
DB08694,Q9NPB1,0
DB08694,Q5SKC5,0
DB02626,P06971,1
DB02626,P83798,0
DB05590,P07550,1
DB05590,P69054,0
DB07074,P03951,1
DB07074,P22234,0
DB04456,P08690,1
DB04456,P08692,1
DB04456,P11998,0
DB04456,P14550,0
DB08601,P19793,1
DB08601,Q15596,1
DB08601,P07451,0
DB08601,P41091,0
DB00985,P35367,1
DB00985,Q72LA6,0
DB07759,P0AE18,1
DB07759,Q92831,0
DB07290,P15917,1
DB07290,Q09428,0
DB01481,P10275,1
DB01481,P22314,0
DB05806,P11387,1
DB05806,P15151,0
DB07346,P56817,1
DB07346,Q7Z4J2,0
DB06981,P63208,1
DB06981,P20020,0
DB02492,Q16706,1
DB02492,P06746,0
DB03150,P23919,1
DB03150,P39900,0
DB02264,P05230,1
DB02264,P14210,1
DB02264,Q9Y663,1
DB02264,P08100,0
DB02264,P02753,0
DB02264,Q9BXA7,0
DB04322,P11586,1
DB04322,P07822,0
DB02674,P22629,1
DB02674,P16066,0
DB00335,P07550,1
DB00335,P08588,1
DB00335,A0A0H2UXE9,0
DB00335,Q8XJ01,0
DB03213,P07477,1
DB03213,P42685,0
DB02561,Q9HYN5,1
DB02561,P07026,0
DB01366,P07550,1
DB01366,P02774,0
DB07719,P18031,1
DB07719,P40394,0
DB01284,Q01718,1
DB01284,P26640,0
DB02300,P11473,1
DB02300,P29957,0
DB11693,P63098,1
DB11693,Q96LZ3,1
DB11693,Q9NY46,0
DB11693,P48061,0
DB07300,O15530,1
DB07300,P0AEK7,0
DB07090,P9WGR1,1
DB07090,O75716,0
DB05714,P00734,1
DB05714,O77323,0
DB08250,P52732,1
DB08250,P94182,0
DB07689,P0CG22,1
DB07689,Q1LCS4,0
DB08129,P11086,1
DB08129,Q9Y266,0
DB08403,P03956,1
DB08403,P22894,1
DB08403,P13650,0
DB08403,Q13163,0
DB13345,A5X5Y0,1
DB13345,O95264,1
DB13345,P07550,1
DB13345,P08588,1
DB13345,P08908,1
DB13345,P08913,1
DB13345,P13945,1
DB13345,P14416,1
DB13345,P18089,1
DB13345,P18825,1
DB13345,P21728,1
DB13345,P21917,1
DB13345,P21918,1
DB13345,P25100,1
DB13345,P28221,1
DB13345,P28222,1
DB13345,P28223,1
DB13345,P28335,1
DB13345,P28566,1
DB13345,P30939,1
DB13345,P34969,1
DB13345,P35348,1
DB13345,P35368,1
DB13345,P35462,1
DB13345,P41595,1
DB13345,P46098,1
DB13345,P50406,1
DB13345,Q13639,1
DB13345,Q70Z44,1
DB13345,Q8WXA8,1
DB13345,P0C8P8,0
DB13345,Q15858,0
DB13345,P22676,0
DB13345,Q14353,0
DB13345,Q56148,0
DB13345,Q9BRS2,0
DB13345,P02788,0
DB13345,P47898,0
DB13345,P22694,0
DB13345,P50579,0
DB13345,Q6PIU1,0
DB13345,O00299,0
DB13345,P62623,0
DB13345,Q15637,0
DB13345,Q7L266,0
DB13345,P81605,0
DB13345,P63252,0
DB13345,P00441,0
DB13345,P13650,0
DB13345,P20711,0
DB13345,Q00534,0
DB13345,P01574,0
DB13345,P14618,0
DB13345,P05543,0
DB13345,Q06174,0
DB13345,P42261,0
DB13345,P11168,0
DB13345,P51787,0
DB13345,P21462,0
DB13345,P50921,0
DB03468,P11086,1
DB03468,P44801,0
DB02977,P18031,1
DB02977,P19801,0
DB01972,O76074,1
DB01972,P00497,1
DB01972,P0A9M5,1
DB01972,P0AG16,1
DB01972,P31939,1
DB01972,P36959,1
DB01972,P41007,1
DB01972,P49773,1
DB01972,P78352,1
DB01972,Q05599,1
DB01972,Q08188,1
DB01972,Q16774,1
DB01972,Q9A5I5,1
DB01972,Q8TD30,0
DB01972,P01009,0
DB01972,P02753,0
DB01972,P20711,0
DB01972,P55818,0
DB01972,P51800,0
DB01972,P03951,0
DB01972,Q75UV1,0
DB01972,P54886,0
DB01972,Q60049,0
DB01972,O95069,0
DB01972,P48068,0
DB01972,Q9RQB9,0
DB04337,P02144,1
DB04337,Q46705,0
DB02490,P06732,1
DB02490,Q51911,0
DB06412,P10275,1
DB06412,P16860,1
DB06412,O95299,0
DB06412,Q13219,0
DB07913,Q9UBX1,1
DB07913,Q03721,0
DB04682,P02585,1
DB04682,Q9LCC8,0
DB03135,P60174,1
DB03135,P08865,0
DB14146,P35372,1
DB14146,P41143,1
DB14146,P41145,1
DB14146,P02925,0
DB14146,Q8RLY5,0
DB14146,Q9H228,0
DB04064,Q9RN59,1
DB04064,Q99572,0
DB08802,P35367,1
DB08802,Q9H4G4,0
DB11591,P35367,1
DB11591,P46439,0
DB02877,P10826,1
DB02877,Q15418,0
DB01741,P07477,1
DB01741,Q54089,0
DB04072,Q99798,1
DB04072,P80099,0
DB00014,P22888,1
DB00014,P30968,1
DB00014,P68104,0
DB00014,P43116,0
DB07061,O60551,1
DB07061,Q02834,0
DB03211,P22513,1
DB03211,Q04230,0
DB00604,P28223,1
DB00604,P46098,1
DB00604,Q12809,1
DB00604,Q13639,1
DB00604,P69772,0
DB00604,P26639,0
DB00604,P28861,0
DB00604,P18858,0
DB01809,P07949,1
DB01809,P08631,1
DB01809,Q13546,0
DB01809,Q8VVD2,0
DB02350,P08254,1
DB02350,Q6GI75,0
DB02287,P00734,1
DB02287,P00749,1
DB02287,P07477,1
DB02287,P54716,0
DB02287,P15692,0
DB02287,P07801,0
DB07749,P17538,1
DB07749,Q8WX39,0
DB08365,P30291,1
DB08365,Q9P0Z9,0
DB07087,P03372,1
DB07087,Q15596,1
DB07087,O95749,0
DB07087,Q12884,0
DB02166,P22303,1
DB02166,Q9UNQ0,0
DB03951,P0A759,1
DB03951,P46926,1
DB03951,P32004,0
DB03951,Q9UNA0,0
DB02712,P15121,1
DB02712,Q9UP52,0
DB07198,Q15788,1
DB07198,Q92731,1
DB07198,Q9ZHG9,0
DB07198,P00709,0
DB02322,P13501,1
DB02322,P9WH69,0
DB00910,P11473,1
DB00910,P13727,0
DB00315,P08908,1
DB00315,P28221,1
DB00315,P28222,1
DB00315,P28223,1
DB00315,P28566,1
DB00315,P30939,1
DB00315,P34969,1
DB00315,P41595,1
DB00315,P62136,0
DB00315,P12318,0
DB00315,P01579,0
DB00315,P36021,0
DB00315,P61177,0
DB00315,P25713,0
DB00315,O33833,0
DB00315,P55211,0
DB02545,Q96RI1,1
DB02545,P16099,0
DB01349,P30556,1
DB01349,P50052,1
DB01349,P0ABF6,0
DB01349,P53778,0
DB06548,O95749,1
DB06548,P14324,1
DB06548,Q9NSD5,0
DB06548,C0H546,0
DB04218,P00813,1
DB04218,Q00653,0
DB13139,P07550,1
DB13139,P00935,0
DB07187,P15121,1
DB07187,O60493,0
DB03704,P11766,1
DB03704,O43525,0
DB00414,P48048,1
DB00414,P18850,0
DB01748,P00918,1
DB01748,Q13285,0
DB00581,P06864,1
DB00581,P43702,0
DB04433,P11797,1
DB04433,P07942,0
DB01960,P06730,1
DB01960,Q96C86,1
DB01960,P0AES4,0
DB01960,P28305,0
DB01866,P12931,1
DB01866,P83794,0
DB01364,P07550,1
DB01364,P08588,1
DB01364,P23975,1
DB01364,P35348,1
DB01364,P0AD65,0
DB01364,Q02750,0
DB01364,Q13002,0
DB01364,P15144,0
DB01339,Q15822,1
DB01339,Q9Y4U1,0
DB07498,P15121,1
DB07498,P19801,0
DB07360,O14965,1
DB07360,P01911,0
DB04075,P0A6C8,1
DB04075,Q9HTN2,1
DB04075,P77454,0
DB04075,P13376,0
DB02060,P71278,1
DB02060,P08185,0
DB09526,P14679,1
DB09526,P09147,0
DB09232,O00305,1
DB09232,O00555,1
DB09232,O60840,1
DB09232,P54284,1
DB09232,Q00975,1
DB09232,Q01668,1
DB09232,Q02641,1
DB09232,Q08289,1
DB09232,Q13698,1
DB09232,Q13936,1
DB09232,Q92482,0
DB09232,Q16134,0
DB09232,Q5SJH3,0
DB09232,Q26966,0
DB09232,P19835,0
DB09232,P20333,0
DB09232,P56601,0
DB09232,Q07011,0
DB09232,Q8IL88,0
DB09232,P07098,0
DB11431,Q25634,1
DB11431,Q56308,0
DB08058,Q9Y6F1,1
DB08058,Q9KWU1,0
DB06890,P10614,1
DB06890,P11474,0
DB03636,P22894,1
DB03636,Q9Y6T7,0
DB07358,P35557,1
DB07358,P07986,0
DB14539,P04083,1
DB14539,P04150,1
DB14539,P14060,1
DB14539,P80365,1
DB14539,Q9BXA7,0
DB14539,P9WPF1,0
DB14539,P0A1X3,0
DB14539,P02656,0
DB09074,P09874,1
DB09074,Q9UGN5,1
DB09074,Q9Y6F1,1
DB09074,Q7SIA3,0
DB09074,P00374,0
DB09074,Q47PU3,0
DB07887,P03951,1
DB07887,P24046,0
DB02267,P04424,1
DB02267,P59846,1
DB02267,Q9H2X9,0
DB02267,Q8IUR0,0
DB07485,P62508,1
DB07485,O95718,0
DB14058,O13332,1
DB14058,P77836,0
DB02817,P00183,1
DB02817,O43283,0
DB03587,P04054,1
DB03587,Q96LB9,0
DB04843,P11229,1
DB04843,P20309,1
DB04843,P27816,0
DB04843,Q99624,0
DB08416,P00918,1
DB08416,Q16552,0
DB03903,P68133,1
DB03903,P23526,0
DB11254,P11387,1
DB11254,P14679,1
DB11254,P21980,1
DB11254,P31749,0
DB11254,P20138,0
DB11254,P49366,0
DB00782,P11229,1
DB00782,Q9NR82,0
DB00582,P10613,1
DB00582,P9WQG9,0
DB03305,P29474,1
DB03305,Q13370,0
DB00521,P07550,1
DB00521,P08588,1
DB00521,Q9P0L2,0
DB00521,P51164,0
DB00905,P34995,1
DB00905,P43088,1
DB00905,P43115,1
DB00905,O95831,0
DB00905,P07445,0
DB00905,P06703,0
DB06864,P29208,1
DB06864,Q9Y230,0
DB02067,P34896,1
DB02067,P02787,0
DB02813,P07686,1
DB02813,P11797,1
DB02813,Q6UWN8,0
DB02813,O77361,0
DB00836,O00555,1
DB00836,P01189,1
DB00836,P0DP23,1
DB00836,P35372,1
DB00836,P41143,1
DB00836,P41145,1
DB00836,Q14994,1
DB00836,H3BUU9,0
DB00836,P08493,0
DB00836,P09063,0
DB00836,O14936,0
DB00836,Q8IB72,0
DB00836,Q96C86,0
DB00836,Q8RJN5,0
DB14487,O14556,1
DB14487,O14618,1
DB14487,O14791,1
DB14487,O15304,1
DB14487,O15350,1
DB14487,O75340,1
DB14487,O75636,1
DB14487,P00441,1
DB14487,P00450,1
DB14487,P00734,1
DB14487,P00736,1
DB14487,P00739,1
DB14487,P00748,1
DB14487,P00751,1
DB14487,P01009,1
DB14487,P01011,1
DB14487,P01019,1
DB14487,P01023,1
DB14487,P01024,1
DB14487,P01031,1
DB14487,P01042,1
DB14487,P01308,1
DB14487,P01591,1
DB14487,P01599,1
DB14487,P01619,1
DB14487,P01871,1
DB14487,P01876,1
DB14487,P02533,1
DB14487,P02538,1
DB14487,P02647,1
DB14487,P02649,1
DB14487,P02652,1
DB14487,P02671,1
DB14487,P02743,1
DB14487,P02746,1
DB14487,P02747,1
DB14487,P02751,1
DB14487,P02765,1
DB14487,P02766,1
DB14487,P02787,1
DB14487,P02795,1
DB14487,P03372,1
DB14487,P03952,1
DB14487,P04003,1
DB14487,P04004,1
DB14487,P04075,1
DB14487,P04217,1
DB14487,P04264,1
DB14487,P04278,1
DB14487,P04279,1
DB14487,P04637,1
DB14487,P04731,1
DB14487,P05067,1
DB14487,P05109,1
DB14487,P05156,1
DB14487,P05160,1
DB14487,P05546,1
DB14487,P06396,1
DB14487,P06702,1
DB14487,P06727,1
DB14487,P06733,1
DB14487,P07237,1
DB14487,P07357,1
DB14487,P07358,1
DB14487,P07360,1
DB14487,P08185,1
DB14487,P08603,1
DB14487,P08700,1
DB14487,P08779,1
DB14487,P09871,1
DB14487,P09874,1
DB14487,P0C0L5,1
DB14487,P10909,1
DB14487,P13645,1
DB14487,P13647,1
DB14487,P14780,1
DB14487,P14923,1
DB14487,P15169,1
DB14487,P15531,1
DB14487,P16455,1
DB14487,P19652,1
DB14487,P19823,1
DB14487,P19827,1
DB14487,P20742,1
DB14487,P20851,1
DB14487,P22792,1
DB14487,P23415,1
DB14487,P25713,1
DB14487,P27169,1
DB14487,P29034,1
DB14487,P29372,1
DB14487,P29622,1
DB14487,P30101,1
DB14487,P31151,1
DB14487,P35527,1
DB14487,P35858,1
DB14487,P35908,1
DB14487,P45381,1
DB14487,P46663,1
DB14487,P46736,1
DB14487,P49411,1
DB14487,P51693,1
DB14487,P56524,1
DB14487,P60174,1
DB14487,P68104,1
DB14487,P68871,1
DB14487,P69905,1
DB14487,P78330,1
DB14487,P80748,1
DB14487,P81605,1
DB14487,Q00987,1
DB14487,Q06033,1
DB14487,Q06481,1
DB14487,Q06830,1
DB14487,Q0VD83,1
DB14487,Q13547,1
DB14487,Q14624,1
DB14487,Q8N907,1
DB14487,Q96PD5,1
DB14487,Q9BY41,1
DB14487,P16473,0
DB14487,P0A444,0
DB14487,Q9ULY5,0
DB14487,O95255,0
DB14487,O43451,0
DB14487,C6KSR5,0
DB14487,P30626,0
DB14487,P61177,0
DB14487,C7C422,0
DB14487,P69856,0
DB14487,P04035,0
DB14487,Q8TCT1,0
DB14487,P06213,0
DB14487,C6KTA4,0
DB14487,P40871,0
DB14487,P06008,0
DB14487,Q03431,0
DB14487,Q51990,0
DB14487,P02768,0
DB14487,Q8IJC6,0
DB14487,Q96FQ6,0
DB14487,P42766,0
DB14487,O68600,0
DB14487,Q5PXQ6,0
DB14487,Q16836,0
DB14487,Q9X2W8,0
DB14487,P35243,0
DB14487,P35232,0
DB14487,Q9H1R3,0
DB14487,Q9NSY1,0
DB14487,P9WKE1,0
DB14487,P45563,0
DB14487,B2ZTR6,0
DB14487,Q02928,0
DB14487,Q8GMG0,0
DB14487,Q13002,0
DB14487,P00374,0
DB14487,Q9K578,0
DB14487,Q92637,0
DB14487,P0A115,0
DB14487,A0A143ZZK9,0
DB14487,Q14145,0
DB14487,P51955,0
DB14487,P00749,0
DB14487,Q27796,0
DB14487,P0C8P8,0
DB14487,P0A6L0,0
DB14487,T1RTG8,0
DB14487,Q06700,0
DB14487,Q15125,0
DB14487,Q9L6V3,0
DB14487,P04164,0
DB14487,P26281,0
DB14487,P16070,0
DB14487,P04733,0
DB14487,P10114,0
DB14487,Q13332,0
DB14487,Q16760,0
DB14487,P02679,0
DB14487,P22513,0
DB14487,P22460,0
DB14487,P60568,0
DB14487,P30273,0
DB14487,P37957,0
DB14487,O75348,0
DB14487,P96945,0
DB14487,Q93EK7,0
DB14487,C6KT50,0
DB14487,Q99542,0
DB14487,P55786,0
DB14487,P80511,0
DB14487,P9WK83,0
DB14487,P47895,0
DB14487,Q16644,0
DB14487,P46940,0
DB14487,P23458,0
DB14487,Q8IEN3,0
DB14487,P10943,0
DB14487,P13830,0
DB14487,P78334,0
DB14487,Q9X757,0
DB14487,P0DJD9,0
DB14487,Q9RQB9,0
DB14487,Q6GGU4,0
DB14487,P05141,0
DB14487,Q86WA6,0
DB14487,P21589,0
DB14487,Q12809,0
DB14487,P0AFL3,0
DB14487,Q16774,0
DB14487,P77425,0
DB14487,P19080,0
DB14487,P29723,0
DB14487,P26391,0
DB14487,Q9RN68,0
DB14487,Q9UM01,0
DB14487,Q9UKG9,0
DB14487,Q96BI3,0
DB14487,P61182,0
DB14487,P68133,0
DB14487,P09038,0
DB14487,P29474,0
DB14487,P0A4L9,0
DB14487,P32170,0
DB14487,P35520,0
DB14487,P48167,0
DB14487,P49759,0
DB14487,P0A1F6,0
DB14487,P02792,0
DB14487,O15145,0
DB14487,P08631,0
DB14487,Q14524,0
DB14487,P62593,0
DB14487,Q15761,0
DB14487,Q6GI75,0
DB14487,P49190,0
DB14487,P37551,0
DB14487,Q15569,0
DB14487,P02452,0
DB14487,Q6NXR0,0
DB07577,P04818,1
DB07577,P37173,0
DB01438,P35498,1
DB01438,Q96BH3,0
DB01411,P01375,1
DB01411,P05113,1
DB01411,P12724,1
DB01411,P19838,1
DB01411,Q9Y271,1
DB01411,P0A820,0
DB01411,P94548,0
DB01411,Q6PI48,0
DB01411,P07771,0
DB01411,Q96GD0,0
DB03966,P0AES6,1
DB03966,P10340,0
DB09018,P14416,1
DB09018,P96113,0
DB00645,Q9Y5Y9,1
DB00645,P60953,0
DB08110,P05364,1
DB08110,Q5EK40,0
DB15690,P03372,1
DB15690,Q92731,1
DB15690,P36544,0
DB15690,P00947,0
DB03536,P25779,1
DB03536,Q9UBX1,1
DB03536,P80075,0
DB03536,Q9UKV0,0
DB07847,P00742,1
DB07847,P09488,0
DB04286,P02925,1
DB04286,P36946,1
DB04286,P22637,0
DB04286,Q9KX40,0
DB04725,P09917,1
DB04725,P35354,1
DB04725,Q9NZK7,1
DB04725,P48169,0
DB04725,Q92793,0
DB04725,Q14145,0
DB09239,P35348,1
DB09239,Q92876,0
DB05869,P01375,1
DB05869,P09429,1
DB05869,Q06609,0
DB05869,Q9HB21,0
DB04121,P84077,1
DB04121,P22188,0
DB00948,P0AD65,1
DB00948,Q75Y35,1
DB00948,Q8XJ01,1
DB00948,P98066,0
DB00948,P09210,0
DB00948,P37700,0
DB12458,P14867,1
DB12458,P18507,1
DB12458,P28472,1
DB12458,Q03405,0
DB12458,P14489,0
DB12458,Q15031,0
DB07802,P68400,1
DB07802,Q07011,0
DB01603,P0A3M6,1
DB01603,Q53707,1
DB01603,Q75Y35,1
DB01603,Q7CRA4,1
DB01603,Q8DNB6,1
DB01603,Q8DR59,1
DB01603,Q96ER9,0
DB01603,P05166,0
DB01603,P56868,0
DB01603,P01127,0
DB01603,P0A3Y5,0
DB01603,P60174,0
DB03666,P23919,1
DB03666,P9WKE1,1
DB03666,P35558,0
DB03666,Q9Y617,0
DB04073,P01556,1
DB04073,O07015,0
DB08451,P0AE18,1
DB08451,P62669,0
DB03594,P00918,1
DB03594,Q15904,0
DB03088,O43612,1
DB03088,O68601,1
DB03088,P00091,1
DB03088,P00138,1
DB03088,P01709,1
DB03088,P04746,1
DB03088,P0CG04,1
DB03088,P15692,1
DB03088,P19961,1
DB03088,P80075,1
DB03088,Q03403,1
DB03088,Q701N4,1
DB03088,Q7SIE2,1
DB03088,Q9UKQ2,1
DB03088,P0C1U9,0
DB03088,P01857,0
DB03088,P02656,0
DB03088,Q8TCT1,0
DB03088,Q00441,0
DB03088,P15086,0
DB03088,P22894,0
DB03088,O75185,0
DB03088,P35247,0
DB03088,Q96RQ9,0
DB03088,P13702,0
DB03088,P01848,0
DB03088,P06971,0
DB03088,P43813,0
DB02029,P34913,1
DB02029,O95169,0
DB02630,P39304,1
DB02630,P12724,0
DB00587,Q9Y271,1
DB00587,Q14541,0
DB07966,P12931,1
DB07966,P26010,0
DB04721,P68400,1
DB04721,P0A6K3,0
DB02879,P29723,1
DB02879,P51451,0
DB03995,O69007,1
DB03995,P0AEX9,1
DB03995,Q08751,1
DB03995,P19835,0
DB03995,Q51793,0
DB03995,P29474,0
DB06587,O43193,1
DB06587,P08373,0
DB03904,P00378,1
DB03904,P00918,1
DB03904,P05089,1
DB03904,P35222,1
DB03904,Q8XB74,1
DB03904,Q56UN5,0
DB03904,Q54AI1,0
DB03904,Q9L5C8,0
DB03904,Q5SJ79,0
DB03904,P55786,0
DB07934,P00734,1
DB07934,Q9UJM8,0
DB00457,P08913,1
DB00457,P18089,1
DB00457,P25100,1
DB00457,P35348,1
DB00457,P35368,1
DB00457,Q12809,1
DB00457,P15144,0
DB00457,Q13698,0
DB00457,P23258,0
DB00457,P75914,0
DB00457,P08588,0
DB00457,P06875,0
DB04095,P9WP01,1
DB04095,Q9X1H9,0
DB02646,P02144,1
DB02646,P15941,0
DB05416,Q03181,1
DB05416,Q07869,1
DB05416,P0A9J6,0
DB05416,P12070,0
DB00837,P14867,1
DB00837,Q9UBS5,1
DB00837,O60678,0
DB00837,Q9NPH2,0
DB04002,P00918,1
DB04002,P06870,0
DB08448,P00374,1
DB08448,P26827,0
DB04303,O68541,1
DB04303,Q8VVD2,1
DB04303,P78330,0
DB04303,P9WN95,0
DB08201,P06276,1
DB08201,C6S3C7,0
DB00560,P0A7S3,1
DB00560,P0A7S9,1
DB00560,P0A7U3,1
DB00560,P0A7X3,1
DB00560,P0AG59,1
DB00560,P32055,0
DB00560,Q9RYA6,0
DB00560,Q02641,0
DB00560,Q16552,0
DB00560,P05771,0
DB07012,P28720,1
DB07012,P12461,0
DB07939,P52700,1
DB07939,P26640,0
DB03959,P05230,1
DB03959,P08758,1
DB03959,P09038,1
DB03959,P14210,1
DB03959,Q9Y663,1
DB03959,Q9H2X9,0
DB03959,P53985,0
DB03959,Q8IC05,0
DB03959,P23458,0
DB03959,O60840,0
DB04459,P00746,1
DB04459,P13423,0
DB00256,P0A7V8,1
DB00256,P0AEG4,0
DB00252,O00305,1
DB00252,O00555,1
DB00252,O00591,1
DB00252,O14764,1
DB00252,O60840,1
DB00252,O75469,1
DB00252,P14867,1
DB00252,P18505,1
DB00252,P18507,1
DB00252,P28472,1
DB00252,P31644,1
DB00252,P34903,1
DB00252,P35498,1
DB00252,P47869,1
DB00252,P47870,1
DB00252,P48169,1
DB00252,P54284,1
DB00252,P78334,1
DB00252,Q01668,1
DB00252,Q02641,1
DB00252,Q07699,1
DB00252,Q08289,1
DB00252,Q12809,1
DB00252,Q13698,1
DB00252,Q13936,1
DB00252,Q14524,1
DB00252,Q16445,1
DB00252,Q8N1C3,1
DB00252,Q99250,1
DB00252,Q99928,1
DB00252,Q9NY46,1
DB00252,Q9UN88,1
DB00252,Q9UQD0,1
DB00252,Q6GGU4,0
DB00252,P61313,0
DB00252,P29803,0
DB00252,P54578,0
DB00252,Q76NM6,0
DB00252,Q8N8Y2,0
DB00252,P08179,0
DB00252,P06753,0
DB00252,P49662,0
DB00252,P63316,0
DB00252,P51955,0
DB00252,Q6PHR2,0
DB00252,P33527,0
DB00252,P50870,0
DB00252,P46781,0
DB00252,P00282,0
DB00252,P10415,0
DB00252,P0A8D6,0
DB00252,P0A9E0,0
DB00252,Q9UBS5,0
DB00252,Q02221,0
DB00252,P04156,0
DB00252,O75185,0
DB00252,O15143,0
DB00252,P14061,0
DB00252,Q59EB3,0
DB00252,P13995,0
DB00252,P22088,0
DB00252,Q9F6D4,0
DB00252,P35408,0
DB00252,Q81ZL8,0
DB00252,O33830,0
DB00252,P14923,0
DB00402,O00591,1
DB00402,O14764,1
DB00402,P14867,1
DB00402,P18505,1
DB00402,P18507,1
DB00402,P28472,1
DB00402,P31644,1
DB00402,P34903,1
DB00402,P47869,1
DB00402,P47870,1
DB00402,P48169,1
DB00402,P78334,1
DB00402,Q16445,1
DB00402,Q8N1C3,1
DB00402,Q99928,1
DB00402,Q9UN88,1
DB00402,Q46393,0
DB00402,P39300,0
DB00402,Q01814,0
DB00402,Q8WWG9,0
DB00402,Q8TCC7,0
DB00402,P28072,0
DB00402,Q9NZV8,0
DB00402,P24462,0
DB00402,P30837,0
DB00402,Q03393,0
DB00402,P98155,0
DB00402,P86287,0
DB00402,P26841,0
DB00402,Q9X0D0,0
DB00402,P97084,0
DB00402,O76082,0
DB05403,P53778,1
DB05403,O14757,0
DB03408,P48637,1
DB03408,Q9UBV8,0
DB07730,P18031,1
DB07730,P07333,0
DB02038,P10724,1
DB02038,P16932,1
DB02038,P28305,1
DB02038,Q8ZNF3,1
DB02038,P42443,0
DB02038,P00497,0
DB02038,P96113,0
DB02038,Q5SL87,0
DB07878,P25774,1
DB07878,Q9WYH8,0
DB07317,P07900,1
DB07317,Q9HTQ2,0
DB07111,P37231,1
DB07111,O60391,0
DB03868,Q48255,1
DB03868,P00966,0
DB08497,P42574,1
DB08497,Q13526,0
DB02918,Q08499,1
DB02918,L0DSL2,0
DB03376,P07814,1
DB03376,Q5SLQ0,0
DB13867,P04150,1
DB13867,P06401,1
DB13867,P08235,1
DB13867,P47712,1
DB13867,O43674,0
DB13867,Q92831,0
DB13867,P10176,0
DB13867,P20061,0
DB03215,Q9XB61,1
DB03215,Q59643,0
DB03779,P14262,1
DB03779,P14649,0
DB07876,P17612,1
DB07876,P61925,1
DB07876,Q13464,1
DB07876,Q16659,0
DB07876,Q86US8,0
DB07876,Q97E82,0
DB07579,P02743,1
DB07579,P08048,0
DB03739,P9WPX7,1
DB03739,P04053,0
DB07589,P25774,1
DB07589,P52026,0
DB04628,P07254,1
DB04628,P11797,1
DB04628,P61182,0
DB04628,P06241,0
DB06362,P11388,1
DB06362,Q02880,1
DB06362,P23905,0
DB06362,Q79FX6,0
DB13955,O75469,1
DB13955,P00846,1
DB13955,P03372,1
DB13955,P37059,1
DB13955,P43681,1
DB13955,P62508,1
DB13955,Q14457,1
DB13955,Q15596,1
DB13955,Q92731,1
DB13955,Q99527,1
DB13955,Q8TCG2,0
DB13955,P04075,0
DB13955,P0A9B2,0
DB13955,Q5MYR6,0
DB13955,P18848,0
DB13955,P17413,0
DB13955,Q9Y5Y9,0
DB13955,P27623,0
DB13955,P27693,0
DB13955,P0C2S5,0
DB01241,O94956,1
DB01241,Q07869,1
DB01241,Q8TCC7,1
DB01241,Q9NPD5,1
DB01241,Q9Y6L6,1
DB01241,Q5R2K6,0
DB01241,P13817,0
DB01241,O00141,0
DB01241,P0CI79,0
DB01241,P04053,0
DB08855,P33527,1
DB08855,Q9NS75,1
DB08855,Q9Y271,1
DB08855,Q08426,0
DB08855,O34450,0
DB08855,P62277,0
DB04817,P23219,1
DB04817,P02743,0
DB01544,O00591,1
DB01544,O14764,1
DB01544,P14867,1
DB01544,P18505,1
DB01544,P18507,1
DB01544,P28472,1
DB01544,P31644,1
DB01544,P34903,1
DB01544,P47869,1
DB01544,P47870,1
DB01544,P48169,1
DB01544,P78334,1
DB01544,Q16445,1
DB01544,Q8N1C3,1
DB01544,Q99928,1
DB01544,Q9UN88,1
DB01544,Q06278,0
DB01544,P9WPP7,0
DB01544,P39086,0
DB01544,P49720,0
DB01544,P23141,0
DB01544,P96622,0
DB01544,P0AFM2,0
DB01544,Q53591,0
DB01544,P16109,0
DB01544,C6KSR5,0
DB01544,O96017,0
DB01544,P11717,0
DB01544,Q146M9,0
DB01544,P07225,0
DB01544,Q5JAM2,0
DB01544,P51800,0
DB03495,P04746,1
DB03495,P02655,0
DB08420,P07477,1
DB08420,P10902,0
DB08626,P08473,1
DB08626,P0AF12,0
DB07981,P23219,1
DB07981,Q8IKL4,0
DB01639,P00509,1
DB01639,P07359,0
DB02648,P43155,1
DB02648,Q9UKG9,1
DB02648,P22607,0
DB02648,P46072,0
DB08676,P49354,1
DB08676,P49356,1
DB08676,P49286,0
DB08676,P51570,0
DB04365,P11229,1
DB04365,P20309,1
DB04365,P11498,0
DB04365,P02774,0
DB12093,P14416,1
DB12093,P21728,1
DB12093,O95264,0
DB12093,P0A9B2,0
DB04467,P00509,1
DB04467,P10724,1
DB04467,Q9ZHG9,1
DB04467,P61604,0
DB04467,P31025,0
DB04467,Q55013,0
DB07637,P19235,1
DB07637,P05102,0
DB00463,O00591,1
DB00463,O14764,1
DB00463,P14867,1
DB00463,P18505,1
DB00463,P18507,1
DB00463,P28472,1
DB00463,P31644,1
DB00463,P34903,1
DB00463,P36544,1
DB00463,P42262,1
DB00463,P43681,1
DB00463,P47869,1
DB00463,P47870,1
DB00463,P48169,1
DB00463,P78334,1
DB00463,Q13002,1
DB00463,Q16445,1
DB00463,Q8N1C3,1
DB00463,Q99928,1
DB00463,Q9UN88,1
DB00463,P17291,0
DB00463,O77323,0
DB00463,Q14542,0
DB00463,P59676,0
DB00463,P24752,0
DB00463,P52569,0
DB00463,P16640,0
DB00463,Q9RA63,0
DB00463,Q9P0L2,0
DB00463,O33833,0
DB00463,P32890,0
DB00463,P29395,0
DB00463,P04183,0
DB00463,Q16790,0
DB00463,P23763,0
DB00463,P32722,0
DB00463,P0A721,0
DB00463,Q13285,0
DB00463,P21397,0
DB00463,T1RTG8,0
DB00531,O75469,1
DB00531,P25786,0
DB07483,P54997,1
DB07483,P11274,0
DB03103,P15531,1
DB03103,P53778,0
DB14840,P09619,1
DB14840,P10721,1
DB14840,P15056,1
DB14840,P16234,1
DB14840,P35968,1
DB14840,Q02763,1
DB14840,P0AAI5,0
DB14840,P22392,0
DB14840,P04070,0
DB14840,Q8N159,0
DB14840,P13827,0
DB14840,Q8TDN2,0
DB14543,P04083,1
DB14543,P04150,1
DB14543,P14060,1
DB14543,P80365,1
DB14543,P05164,0
DB14543,P05771,0
DB14543,P42593,0
DB14543,P13702,0
DB08112,P14900,1
DB08112,P77398,0
DB00830,P23975,1
DB00830,Q01959,1
DB00830,P11922,0
DB00830,P56537,0
DB01046,P51788,1
DB01046,Q9GZR5,0
DB07374,P39023,1
DB07374,P40429,1
DB07374,P55769,1
DB07374,P61313,1
DB07374,P61927,1
DB07374,P62750,1
DB07374,P62829,1
DB07374,P62913,1
DB07374,P62917,1
DB07374,P84098,1
DB07374,Q96L21,1
DB07374,Q9UHA3,1
DB07374,Q9UNX3,1
DB07374,P0A6C8,0
DB07374,P01579,0
DB07374,Q6V0L0,0
DB07374,Q8N1G2,0
DB07374,P00338,0
DB07374,O95259,0
DB07374,O00141,0
DB07374,P44490,0
DB07374,P43353,0
DB07374,P19440,0
DB07374,P16581,0
DB07374,O14618,0
DB07374,P80294,0
DB01940,P17612,1
DB01940,P25084,0
DB03938,P18548,1
DB03938,P30872,0
DB03680,P23368,1
DB03680,Q16798,1
DB03680,P07741,0
DB03680,P48048,0
DB08191,O00141,1
DB08191,Q8IKK7,0
DB08096,Q16539,1
DB08096,P9WH69,0
DB08562,P01615,1
DB08562,P01834,1
DB08562,P01857,1
DB08562,P61927,0
DB08562,P54750,0
DB08562,P04196,0
DB08906,P04150,1
DB08906,P06401,1
DB08906,P08235,1
DB08906,P31785,0
DB08906,P08709,0
DB08906,O00217,0
DB14072,P08183,1
DB14072,O43193,0
DB01088,P00750,1
DB01088,P27815,1
DB01088,P34995,1
DB01088,P43119,1
DB01088,Q07343,1
DB01088,Q08493,1
DB01088,Q08499,1
DB01088,Q9Y5Y4,1
DB01088,P0C0Y7,0
DB01088,P30613,0
DB01088,P29274,0
DB01088,O75899,0
DB01088,P51788,0
DB01088,A0A0E1R3H3,0
DB01088,Q9ZIV5,0
DB01088,O43193,0
DB07960,Q9Y3R4,1
DB07960,Q16620,0
DB07599,P62593,1
DB07599,P49662,0
DB01895,P36419,1
DB01895,P38435,0
DB06979,Q9UJM8,1
DB06979,P26439,0
DB03822,P06276,1
DB03822,P0A433,1
DB03822,Q00266,0
DB03822,Q8I372,0
DB07281,P56817,1
DB07281,P09466,0
DB01204,P11388,1
DB01204,P42892,0
DB00429,P34995,1
DB00429,P14193,0
DB08342,O43617,1
DB08342,O75865,1
DB08342,Q86SZ2,1
DB08342,Q8IUR0,1
DB08342,Q9Y296,1
DB08342,Q9Y5R8,1
DB08342,P32169,0
DB08342,P23921,0
DB08342,Q07785,0
DB08342,Q96EB6,0
DB08342,Q8TCC7,0
DB08342,P80371,0
DB02889,P04746,1
DB02889,P83798,0
DB02494,P15085,1
DB02494,P39023,1
DB02494,P40429,1
DB02494,P55769,1
DB02494,P61313,1
DB02494,P61927,1
DB02494,P62750,1
DB02494,P62829,1
DB02494,P62913,1
DB02494,P62917,1
DB02494,P84098,1
DB02494,Q59771,1
DB02494,Q96L21,1
DB02494,Q9UHA3,1
DB02494,Q9UNX3,1
DB02494,Q5SHN7,0
DB02494,P40933,0
DB02494,P14927,0
DB02494,P49916,0
DB02494,P17213,0
DB02494,O75015,0
DB02494,Q9NQX3,0
DB02494,Q8GN86,0
DB02494,Q8N8Y2,0
DB02494,Q92952,0
DB02494,Q9H4B7,0
DB02494,Q9WZ40,0
DB02494,Q9NQS7,0
DB02494,P9WIJ3,0
DB02494,Q51792,0
DB03562,P19079,1
DB03562,P46059,0
DB01144,P00915,1
DB01144,P00918,1
DB01144,P07451,1
DB01144,P22748,1
DB01144,P43166,1
DB01144,O07347,0
DB01144,P80188,0
DB01144,P0A1P6,0
DB01144,P32297,0
DB01144,P02655,0
DB07536,O67648,1
DB07536,A9X444,0
DB11596,P0A827,1
DB11596,P03952,0
DB06749,Q9NPD5,1
DB06749,Q8I431,0
DB07541,P00811,1
DB07541,P25098,0
DB06677,P25101,1
DB06677,P72161,0
DB11730,P11802,1
DB11730,Q00534,1
DB11730,P00568,0
DB11730,P15336,0
DB03314,P09488,1
DB03314,P60174,1
DB03314,Q8N1C3,0
DB03314,P31491,0
DB08419,P22088,1
DB08419,P0A9M2,0
DB01576,P08913,1
DB01576,P18089,1
DB01576,P18825,1
DB01576,P23975,1
DB01576,P25100,1
DB01576,P35348,1
DB01576,P35368,1
DB01576,Q01959,1
DB01576,Q05940,1
DB01576,Q96RJ0,1
DB01576,P21912,0
DB01576,P11498,0
DB01576,P05798,0
DB01576,O95865,0
DB01576,P0A9M5,0
DB01576,P09391,0
DB01576,P0AFG8,0
DB01576,P31751,0
DB01576,O75912,0
DB01576,P13100,0
DB03202,Q9UNI1,1
DB03202,Q8NCM2,0
DB00734,P08908,1
DB00734,P14416,1
DB00734,P18089,1
DB00734,P18825,1
DB00734,P21728,1
DB00734,P28221,1
DB00734,P28223,1
DB00734,P28335,1
DB00734,P34969,1
DB00734,P35348,1
DB00734,P35367,1
DB00734,P35368,1
DB00734,Q96FQ6,0
DB00734,P50052,0
DB00734,P11546,0
DB00734,P01574,0
DB00734,P25053,0
DB00734,P28161,0
DB00734,P23763,0
DB00734,P10768,0
DB00734,P04406,0
DB00734,P20648,0
DB00734,P00490,0
DB00734,P0A1P6,0
DB08374,P17538,1
DB08374,Q14542,0
DB12329,P0A7V8,1
DB12329,Q9Z4P0,0
DB08350,P00519,1
DB08350,Q24940,0
DB01744,O75762,1
DB01744,P00183,1
DB01744,Q7Z2W7,1
DB01744,Q8NER1,1
DB01744,Q8NET8,1
DB01744,Q9Y271,0
DB01744,C0H419,0
DB01744,P09455,0
DB01744,P51451,0
DB01744,Q8N159,0
DB08691,P49759,1
DB08691,P49761,1
DB08691,Q9UGJ0,0
DB08691,P08506,0
DB14050,F5GY58,1
DB14050,O75762,1
DB14050,Q8NER1,1
DB14050,Q9Y5S1,1
DB14050,P55211,0
DB14050,P51957,0
DB14050,P9WI81,0
DB14050,Q7Z3S7,0
DB02465,O00519,1
DB02465,P25084,0
DB08717,Q7SIA5,1
DB08717,P78334,0
DB12418,P07451,1
DB12418,O95644,0
DB05964,P14416,1
DB05964,P23975,1
DB05964,P31645,1
DB05964,Q8WWL2,0
DB05964,P06709,0
DB05964,Q72K87,0
DB06963,P53350,1
DB06963,Q969F8,0
DB04867,P32238,1
DB04867,P12931,0
DB07338,P32397,1
DB07338,P56601,1
DB07338,P48632,0
DB07338,Q9H239,0
DB01104,O00264,1
DB01104,P23975,1
DB01104,P31645,1
DB01104,Q01959,1
DB01104,Q7RTT9,1
DB01104,Q99720,1
DB01104,P43876,0
DB01104,O95139,0
DB01104,P00811,0
DB01104,P13922,0
DB01104,Q9I596,0
DB01104,Q9Y478,0
DB04912,P09601,1
DB04912,P30519,1
DB04912,Q8IKW5,0
DB04912,Q6PIU1,0
DB03278,P09373,1
DB03278,Q9RZ04,0
DB06429,P29371,1
DB06429,Q6NSD4,0
DB04287,P14555,1
DB04287,P41143,0
DB01327,P02918,1
DB01327,P02919,1
DB01327,P0AD65,1
DB01327,P0AD68,1
DB01327,P27169,1
DB01327,P40933,1
DB01327,P60568,1
DB01327,P76577,1
DB01327,P19784,0
DB01327,P27142,0
DB01327,T1RTG8,0
DB01327,O00444,0
DB01327,P07949,0
DB01327,Q9NRH2,0
DB01327,P08185,0
DB01327,Q86U10,0
DB02062,P08473,1
DB02062,P09960,1
DB02062,Q06174,0
DB02062,P24666,0
DB03769,P23526,1
DB03769,P36673,0
DB04041,P07944,1
DB04041,Q9BVG9,0
DB07130,P18031,1
DB07130,Q13423,0
DB06990,P13051,1
DB06990,P95468,0
DB02963,P24941,1
DB02963,P57078,0
DB00482,H3BUU9,1
DB00482,O15530,1
DB00482,P00918,1
DB00482,P07451,1
DB00482,P35354,1
DB00482,P00742,0
DB00482,P32245,0
DB00482,P55196,0
DB00482,P22234,0
DB00482,Q9BVA1,0
DB03701,Q01959,1
DB03701,Q9Y6K9,0
DB00490,P08908,1
DB00490,P14416,1
DB00490,P21917,1
DB00490,P25100,1
DB00490,P35348,1
DB00490,P35368,1
DB00490,P35462,1
DB00490,Q13393,0
DB00490,Q9H3N8,0
DB00490,P45066,0
DB00490,P34972,0
DB00490,P01709,0
DB00490,P19827,0
DB00490,P78508,0
DB08560,P37231,1
DB08560,O75911,0
DB03816,P00959,1
DB03816,P00750,0
DB02289,P51691,1
DB02289,Q8IKM5,0
DB01831,P00953,1
DB01831,P23381,1
DB01831,Q8IBN5,0
DB01831,P29034,0
DB07817,Q4L5E3,1
DB07817,Q4L5E4,1
DB07817,Q52437,0
DB07817,P14679,0
DB06702,P08172,1
DB06702,P08173,1
DB06702,P08912,1
DB06702,P11229,1
DB06702,P20309,1
DB06702,Q27743,0
DB06702,P9WNH5,0
DB06702,P16050,0
DB06702,P16115,0
DB06702,P25786,0
DB00872,P30518,1
DB00872,P37288,1
DB00872,P01589,0
DB00872,P45452,0
DB00881,P12821,1
DB00881,P00147,0
DB00711,P09917,1
DB00711,P23219,1
DB00711,P43886,0
DB00711,P19827,0
DB08690,O14949,1
DB08690,O14957,1
DB08690,P00156,1
DB08690,P06008,1
DB08690,P06009,1
DB08690,P06010,1
DB08690,P07014,1
DB08690,P07173,1
DB08690,P07919,1
DB08690,P08574,1
DB08690,P0A6M2,1
DB08690,P0AC41,1
DB08690,P0AC44,1
DB08690,P0C0Y7,1
DB08690,P0C0Y8,1
DB08690,P0C0Y9,1
DB08690,P14927,1
DB08690,P22695,1
DB08690,P31930,1
DB08690,P47985,1
DB08690,P69054,1
DB08690,Q02760,1
DB08690,Q02761,1
DB08690,Q02762,1
DB08690,Q9UDW1,1
DB08690,P31327,0
DB08690,O95168,0
DB08690,P23469,0
DB08690,P62269,0
DB08690,P00797,0
DB08690,P17980,0
DB08690,Q46856,0
DB08690,P60355,0
DB08690,Q16772,0
DB08690,P04181,0
DB08690,Q146M9,0
DB08690,Q14872,0
DB08690,P08243,0
DB08690,P0A820,0
DB08690,P42892,0
DB08690,P55818,0
DB08690,P80040,0
DB08690,P60844,0
DB08690,P25971,0
DB08690,P16066,0
DB08690,Q9NYY3,0
DB08690,O43681,0
DB08690,Q8VUS8,0
DB08690,P01593,0
DB08690,P47898,0
DB01211,P0A7J6,1
DB01211,Q12809,1
DB01211,Q9NPD5,1
DB01211,Q9Y6L6,1
DB01211,Q8TD30,0
DB01211,Q06323,0
DB01211,P08319,0
DB01211,P05108,0
DB05541,O60939,1
DB05541,P35498,1
DB05541,P35499,1
DB05541,Q01118,1
DB05541,Q07699,1
DB05541,Q14524,1
DB05541,Q15858,1
DB05541,Q7L0J3,1
DB05541,Q8IWT1,1
DB05541,Q99250,1
DB05541,Q9NY46,1
DB05541,Q9NY72,1
DB05541,Q9UI33,1
DB05541,Q9UQD0,1
DB05541,Q9Y5Y9,1
DB05541,Q96PD5,0
DB05541,P01768,0
DB05541,O13332,0
DB05541,Q9BXA7,0
DB05541,Q6PEY2,0
DB05541,Q9C0B1,0
DB05541,Q9UI32,0
DB05541,Q07869,0
DB05541,P12318,0
DB05541,P05412,0
DB05541,P04391,0
DB05541,Q9UBN7,0
DB05541,Q9Y5S1,0
DB05541,Q13557,0
DB05541,Q9X6W0,0
DB06148,P08908,1
DB06148,P08913,1
DB06148,P14416,1
DB06148,P18089,1
DB06148,P18825,1
DB06148,P21728,1
DB06148,P21918,1
DB06148,P23975,1
DB06148,P25100,1
DB06148,P28223,1
DB06148,P28335,1
DB06148,P30939,1
DB06148,P31645,1
DB06148,P34969,1
DB06148,P35348,1
DB06148,P35367,1
DB06148,P35368,1
DB06148,P35462,1
DB06148,P41145,1
DB06148,P41595,1
DB06148,P50406,1
DB06148,Q01959,1
DB06148,Q9H3N8,1
DB06148,P02929,0
DB06148,P09147,0
DB06148,P27707,0
DB06148,P10909,0
DB06148,P36924,0
DB06148,Q8IM15,0
DB06148,Q9H2G2,0
DB06148,P08373,0
DB06148,P14090,0
DB06148,P16860,0
DB06148,Q746I8,0
DB06148,P28161,0
DB06148,Q9HCC0,0
DB06148,Q00169,0
DB06148,P37108,0
DB06148,P01100,0
DB06148,P43683,0
DB06148,Q86W47,0
DB06148,P13929,0
DB06148,P07288,0
DB06148,Q6N063,0
DB06148,P28331,0
DB06148,A0A0H3JRU9,0
DB09214,P23219,1
DB09214,P35354,1
DB09214,Q9X1F8,0
DB09214,P0A749,0
DB03716,Q70GK9,1
DB03716,P24311,0
DB07076,P00749,1
DB07076,P21905,0
DB07525,P11362,1
DB07525,P13702,0
DB03137,P07900,1
DB03137,Q13564,0
DB06448,P17936,1
DB06448,P49354,1
DB06448,P0A017,0
DB06448,O60427,0
DB08267,P28720,1
DB08267,C3T8E2,0
DB06880,P27487,1
DB06880,P03951,0
DB03110,Q16539,1
DB03110,P80374,0
DB02822,P00326,1
DB02822,P13423,0
DB07906,P11086,1
DB07906,P0AEZ1,0
DB04014,P06493,1
DB04014,P49841,1
DB04014,Q00535,1
DB04014,P54687,0
DB04014,Q9H239,0
DB04014,Q08257,0
DB13346,P23219,1
DB13346,P35354,1
DB13346,Q969S8,1
DB13346,Q9UBN7,1
DB13346,P08588,0
DB13346,P0A753,0
DB13346,P00488,0
DB13346,P54317,0
DB00607,P0A3M6,1
DB00607,Q75Y35,1
DB00607,Q7CRA4,1
DB00607,Q8DNB6,1
DB00607,Q8DR59,1
DB00607,P21673,0
DB00607,P18357,0
DB00607,Q8IJN7,0
DB00607,P55038,0
DB00607,P19652,0
DB07780,O95749,1
DB07780,P01116,1
DB07780,P14324,1
DB07780,P29559,1
DB07780,P49354,1
DB07780,P49356,1
DB07780,P53611,1
DB07780,P60472,1
DB07780,P9WFF5,1
DB07780,Q8EBR3,1
DB07780,Q92696,1
DB07780,O14818,0
DB07780,Q8IW41,0
DB07780,P08235,0
DB07780,P07741,0
DB07780,P15260,0
DB07780,P43405,0
DB07780,P07998,0
DB07780,O43175,0
DB07780,Q00653,0
DB07780,P23882,0
DB07780,P05164,0
DB08667,P0AE18,1
DB08667,P10275,0
DB04156,P0AE67,1
DB04156,P75792,1
DB04156,Q9GZU7,1
DB04156,P23234,0
DB04156,Q01668,0
DB04156,Q96FQ6,0
DB07322,P50579,1
DB07322,Q16288,0
DB04518,P24941,1
DB04518,P60723,0
DB06229,P08913,1
DB06229,P14416,1
DB06229,P18089,1
DB06229,P18825,1
DB06229,P25100,1
DB06229,P28223,1
DB06229,P28335,1
DB06229,P35348,1
DB06229,P35367,1
DB06229,P35368,1
DB06229,P41595,1
DB06229,O00187,0
DB06229,Q5SJI0,0
DB06229,C0H4Y6,0
DB06229,P48443,0
DB06229,P35610,0
DB06229,P26951,0
DB06229,O15304,0
DB06229,O94766,0
DB06229,P0C2S5,0
DB06229,Q9NUB1,0
DB06229,Q16647,0
DB01819,O66496,1
DB01819,P0A716,1
DB01819,P0AB91,1
DB01819,P13929,1
DB01819,P35558,1
DB01819,Q57265,1
DB01819,Q9WYH8,1
DB01819,P9WPN5,0
DB01819,P51956,0
DB01819,O32393,0
DB01819,P0A2Y7,0
DB01819,Q9Y230,0
DB01819,Q9XB61,0
DB01819,P29498,0
DB06230,P35372,1
DB06230,P41143,1
DB06230,P41145,1
DB06230,C3T8E2,0
DB06230,P48547,0
DB06230,P43886,0
DB00736,O94760,1
DB00736,P20648,1
DB00736,P09601,0
DB00736,P04040,0
DB08287,P43235,1
DB08287,P10606,0
DB03207,P22894,1
DB03207,P41022,0
DB02360,P08311,1
DB02360,Q06033,0
DB04158,P26281,1
DB04158,P67936,0
DB11217,P14679,1
DB11217,P04958,0
DB02341,P08246,1
DB02341,Q9UNI1,1
DB02341,P06310,0
DB02341,O75385,0
DB08099,P00797,1
DB08099,P14677,0
DB00197,O60488,1
DB00197,P05121,1
DB00197,P09211,1
DB00197,P11474,1
DB00197,P37231,1
DB00197,P62508,1
DB00197,Q03181,1
DB00197,Q07869,1
DB00197,Q99808,1
DB00197,O60911,0
DB00197,Q7K6A4,0
DB00197,Q8ZKF6,0
DB00197,O15439,0
DB00197,P28790,0
DB00197,P9WPN5,0
DB00197,P06881,0
DB00197,P14210,0
DB00197,P60880,0
DB03649,P45568,1
DB03649,P06576,0
DB04346,Q8Z2X8,1
DB04346,O15145,0
DB11644,P02766,1
DB11644,P30043,0
DB02695,P81180,1
DB02695,Q13639,0
DB00446,P08174,1
DB00446,P0ADY7,1
DB00446,P24093,1
DB00446,P37700,0
DB00446,P51649,0
DB00446,Q00987,0
DB07334,P35968,1
DB07334,Q9UQ05,0
DB05553,Q9H244,1
DB05553,P28223,0
DB11273,A5X5Y0,1
DB11273,O95264,1
DB11273,P07550,1
DB11273,P08588,1
DB11273,P08908,1
DB11273,P08913,1
DB11273,P13945,1
DB11273,P18089,1
DB11273,P18825,1
DB11273,P25100,1
DB11273,P28221,1
DB11273,P28222,1
DB11273,P28223,1
DB11273,P28335,1
DB11273,P28566,1
DB11273,P30939,1
DB11273,P34969,1
DB11273,P35348,1
DB11273,P35368,1
DB11273,P41595,1
DB11273,P46098,1
DB11273,P50406,1
DB11273,Q13639,1
DB11273,Q70Z44,1
DB11273,Q8WXA8,1
DB11273,P43119,0
DB11273,P21452,0
DB11273,Q9NSA0,0
DB11273,Q8RLY5,0
DB11273,P48060,0
DB11273,Q8IJR6,0
DB11273,P43353,0
DB11273,O14788,0
DB11273,Q16654,0
DB11273,P25705,0
DB11273,P54646,0
DB11273,P07944,0
DB11273,P0DM35,0
DB11273,O15375,0
DB11273,Q5SL87,0
DB11273,P30041,0
DB11273,Q8RJN8,0
DB11273,P11021,0
DB11273,Q04707,0
DB11273,Q9FCA6,0
DB11273,Q9BVJ7,0
DB11273,Q16740,0
DB11273,P08200,0
DB11273,Q03426,0
DB11273,Q59H18,0
DB08774,O14757,1
DB08774,P41022,0
DB04331,P52732,1
DB04331,P02655,0
DB01158,P05023,1
DB01158,P37747,0
DB07059,P00797,1
DB07059,O75533,0
DB03697,P00918,1
DB03697,O43174,0
DB07608,Q13627,1
DB07608,P9WK17,0
DB08443,P07900,1
DB08443,Q8N339,0
DB08150,P17612,1
DB08150,P61925,1
DB08150,P9WQN9,0
DB08150,O95299,0
DB01075,P08172,1
DB01075,P35367,1
DB01075,Q5SHF5,0
DB01075,Q9P2K8,0
DB02783,P00505,1
DB02783,P22256,1
DB02783,P35270,0
DB02783,Q8YSC4,0
DB00403,P32238,1
DB00403,Q53586,0
DB00091,P30405,1
DB00091,P49069,1
DB00091,P62937,1
DB00091,Q96LZ3,1
DB00091,P43683,0
DB00091,O95169,0
DB00091,P56556,0
DB00091,P37059,0
DB08255,Q89ZI2,1
DB08255,Q6IBS8,0
DB01903,Q9WYT0,1
DB01903,P60709,0
DB03551,P00491,1
DB03551,P9WP01,1
DB03551,P00395,0
DB03551,Q06187,0
DB07553,Q70I53,1
DB07553,Q96I99,0
DB00492,P12821,1
DB00492,P09769,0
DB07139,P15121,1
DB07139,Q88H32,0
DB04385,P0ABF6,1
DB04385,Q8IVA8,0
DB11811,P37231,1
DB11811,P09758,0
DB07095,P00734,1
DB07095,P07477,1
DB07095,Q820T1,0
DB07095,P09063,0
DB03772,P16442,1
DB03772,P21453,0
DB07162,O60674,1
DB07162,P50391,0
DB04610,P26281,1
DB04610,P53609,0
DB04644,P11217,1
DB04644,P56282,0
DB04795,P23141,1
DB04795,P31040,1
DB04795,Q9Y2T6,0
DB04795,Q99828,0
DB03790,P42321,1
DB03790,Q9UQL6,0
DB04430,P62593,1
DB04430,P62594,1
DB04430,P26276,0
DB04430,P12676,0
DB05513,P01375,1
DB05513,P05231,1
DB05513,P52699,0
DB05513,P32004,0
DB06843,O95622,1
DB06843,P63092,1
DB06843,Q08462,1
DB06843,O52791,0
DB06843,O68874,0
DB06843,B4DP61,0
DB04844,P14416,1
DB04844,Q05940,1
DB04844,Q9P2J5,0
DB04844,O77361,0
DB02189,P04053,1
DB02189,P15291,0
DB05104,P41145,1
DB05104,P9WNP5,0
DB06896,P08581,1
DB06896,P48506,0
DB13943,P03372,1
DB13943,P08235,1
DB13943,P10275,1
DB13943,Q9UGI5,0
DB13943,Q9P0Z9,0
DB13943,Q9H4G4,0
DB05796,P08473,1
DB05796,Q16512,0
DB04223,P29474,1
DB04223,P29475,1
DB04223,O75306,0
DB04223,P34981,0
DB04198,P0ABP8,1
DB04198,Q27796,1
DB04198,P07948,0
DB04198,P16152,0
DB09167,P08172,1
DB09167,P08173,1
DB09167,P08908,1
DB09167,P08912,1
DB09167,P08913,1
DB09167,P11229,1
DB09167,P18089,1
DB09167,P18825,1
DB09167,P20309,1
DB09167,P23975,1
DB09167,P25100,1
DB09167,P28223,1
DB09167,P31645,1
DB09167,P35348,1
DB09167,P35367,1
DB09167,P35368,1
DB09167,P50052,0
DB09167,P9WNP5,0
DB09167,Q59FK2,0
DB09167,Q92598,0
DB09167,Q6UWP2,0
DB09167,Q13698,0
DB09167,O08498,0
DB09167,P17297,0
DB09167,P00778,0
DB09167,P50406,0
DB09167,Q9BVJ7,0
DB09167,P45381,0
DB09167,Q8VUT0,0
DB09167,P37700,0
DB09167,P06213,0
DB09167,Q9Y257,0
DB00276,P02763,1
DB00276,P02768,1
DB00276,P11388,1
DB00276,Q12809,1
DB00276,Q5NUL3,0
DB00276,Q9BUB5,0
DB00276,O75900,0
DB00276,P30556,0
DB06987,P02788,1
DB06987,Q9NZK7,1
DB06987,P23467,0
DB06987,Q9Y257,0
DB00568,O43497,1
DB00568,O60840,1
DB00568,O95180,1
DB00568,P08172,1
DB00568,P08173,1
DB00568,P08912,1
DB00568,P11229,1
DB00568,P14416,1
DB00568,P20309,1
DB00568,P21728,1
DB00568,P21918,1
DB00568,P35367,1
DB00568,Q01668,1
DB00568,Q13698,1
DB00568,Q13936,1
DB00568,Q9P0X4,1
DB00568,P05181,0
DB00568,P51857,0
DB00568,Q96GA7,0
DB00568,Q9RVD6,0
DB00568,P36673,0
DB00568,P13569,0
DB00568,Q13131,0
DB00568,O15144,0
DB00568,P17544,0
DB00568,O75390,0
DB00568,P69924,0
DB00568,P9WNL7,0
DB00568,P25942,0
DB00568,P08648,0
DB00568,P42680,0
DB00568,P19438,0
DB04983,P41231,1
DB04983,P37698,0
DB09049,P35372,1
DB09049,P32004,0
DB06247,P42261,1
DB06247,Q9WXV1,0
DB04809,Q54AI1,1
DB04809,P43487,0
DB04559,P29474,1
DB04559,P11388,0
DB04340,P15555,1
DB04340,P06703,0
DB01012,P41180,1
DB01012,P00338,0
DB02158,P0AF12,1
DB02158,Q13126,1
DB02158,P00929,0
DB02158,Q5SKH7,0
DB00436,P00915,1
DB00436,P00918,1
DB00436,P22748,1
DB00436,P55017,1
DB00436,Q12791,1
DB00436,O95182,0
DB00436,P56690,0
DB00436,P62269,0
DB00436,P0A927,0
DB00436,P16100,0
DB08848,P30531,1
DB08848,P48065,1
DB08848,P48066,1
DB08848,Q9NSD5,1
DB08848,Q93EK7,0
DB08848,P25929,0
DB08848,A0A0H3K1U2,0
DB08848,Q9FA38,0
DB07943,Q16539,1
DB07943,P0A910,0
DB03785,P13702,1
DB03785,P36543,0
DB07096,P09874,1
DB07096,P08908,0
DB03162,Q27743,1
DB03162,P29376,0
DB02933,P0AF12,1
DB02933,Q13126,1
DB02933,Q9HU21,0
DB02933,Q8EBR3,0
DB04859,P22303,1
DB04859,P06132,0
DB08896,P00519,1
DB08896,P04049,1
DB08896,P04629,1
DB08896,P07949,1
DB08896,P09619,1
DB08896,P10721,1
DB08896,P11362,1
DB08896,P15056,1
DB08896,P16234,1
DB08896,P17948,1
DB08896,P21802,1
DB08896,P29317,1
DB08896,P35916,1
DB08896,P35968,1
DB08896,P42685,1
DB08896,Q02763,1
DB08896,Q15759,1
DB08896,Q16832,1
DB08896,Q72JJ3,0
DB08896,P51857,0
DB08896,P05102,0
DB08896,C0H551,0
DB08896,P9WFF5,0
DB08896,Q460N3,0
DB08896,P23367,0
DB08896,P69441,0
DB08896,Q9C0B1,0
DB08896,Q7MUW6,0
DB08896,P72181,0
DB08896,O43447,0
DB08896,Q01726,0
DB08896,Q13163,0
DB08896,P0A1P6,0
DB08896,P35094,0
DB08896,P25942,0
DB08896,Q9Y619,0
DB07835,Q16539,1
DB07835,P60355,0
DB01405,P43700,1
DB01405,P43702,1
DB01405,P00450,0
DB01405,Q99712,0
DB04254,P07900,1
DB04254,P16444,0
DB04087,P0A6L0,1
DB04087,Q5SJ28,1
DB04087,O15496,0
DB04087,P52197,0
DB01452,P23141,1
DB01452,P35372,1
DB01452,P41143,1
DB01452,P41145,1
DB01452,P05113,0
DB01452,Q16613,0
DB01452,P83788,0
DB01452,Q96C86,0
DB02570,P04632,1
DB02570,Q16775,0
DB00847,P49146,1
DB00847,P61278,1
DB00847,P29973,0
DB00847,P08200,0
DB02018,P20231,1
DB02018,Q9NPJ3,0
DB04468,O75469,1
DB04468,P03372,1
DB04468,P04155,1
DB04468,P04278,1
DB04468,P11474,1
DB04468,P62508,1
DB04468,Q92731,1
DB04468,Q9UDX3,0
DB04468,Q8IB72,0
DB04468,P39646,0
DB04468,P04406,0
DB04468,P29377,0
DB04468,O96013,0
DB04468,Q14831,0
DB03174,O31156,1
DB03174,Q01668,0
DB04719,P68400,1
DB04719,P24092,0
DB05767,P01375,1
DB05767,P01584,1
DB05767,P05231,1
DB05767,P19838,1
DB05767,Q00653,1
DB05767,Q08698,0
DB05767,Q15111,0
DB05767,O75964,0
DB05767,Q92918,0
DB05767,P50135,0
DB08109,P05364,1
DB08109,Q14289,0
DB04583,Q02127,1
DB04583,P07464,0
DB03251,P07477,1
DB03251,P54578,0
DB02934,P0ABP8,1
DB02934,P49591,0
DB01745,P07477,1
DB01745,P10600,0
DB01028,O00591,1
DB01028,O14764,1
DB01028,P03886,1
DB01028,P14867,1
DB01028,P18505,1
DB01028,P18507,1
DB01028,P23415,1
DB01028,P28472,1
DB01028,P31644,1
DB01028,P34903,1
DB01028,P42261,1
DB01028,P47869,1
DB01028,P47870,1
DB01028,P48169,1
DB01028,P78334,1
DB01028,P98194,1
DB01028,Q09470,1
DB01028,Q16445,1
DB01028,Q8N1C3,1
DB01028,Q99928,1
DB01028,Q9UN88,1
DB01028,Q8I492,0
DB01028,Q9UI33,0
DB01028,P42684,0
DB01028,Q8DP79,0
DB01028,Q02218,0
DB01028,Q9PPP5,0
DB01028,P22088,0
DB01028,Q83LD8,0
DB01028,Q96RP8,0
DB01028,P29717,0
DB01028,O15350,0
DB01028,P0ABK9,0
DB01028,P07357,0
DB01028,Q8N8N7,0
DB01028,P12235,0
DB01028,O67854,0
DB01028,P23246,0
DB01028,O75676,0
DB01028,Q72K87,0
DB01028,Q5NUL3,0
DB01028,P42892,0
DB01983,P05089,1
DB01983,P26440,0
DB00195,P07550,1
DB00195,P08588,1
DB00195,Q92993,0
DB00195,Q16790,0
DB01069,O00398,1
DB01069,O15547,1
DB01069,O43525,1
DB01069,O43526,1
DB01069,O95259,1
DB01069,P08172,1
DB01069,P08173,1
DB01069,P08912,1
DB01069,P08913,1
DB01069,P0DP23,1
DB01069,P11229,1
DB01069,P14416,1
DB01069,P15382,1
DB01069,P16389,1
DB01069,P17658,1
DB01069,P18089,1
DB01069,P18825,1
DB01069,P20309,1
DB01069,P22001,1
DB01069,P22459,1
DB01069,P22460,1
DB01069,P25021,1
DB01069,P25100,1
DB01069,P35348,1
DB01069,P35367,1
DB01069,P35368,1
DB01069,P35498,1
DB01069,P35499,1
DB01069,P41231,1
DB01069,P43657,1
DB01069,P47900,1
DB01069,P48547,1
DB01069,P51575,1
DB01069,P51582,1
DB01069,P51787,1
DB01069,P56373,1
DB01069,P56696,1
DB01069,Q01118,1
DB01069,Q03721,1
DB01069,Q09470,1
DB01069,Q12809,1
DB01069,Q13303,1
DB01069,Q14003,1
DB01069,Q14524,1
DB01069,Q14721,1
DB01069,Q14722,1
DB01069,Q15391,1
DB01069,Q15858,1
DB01069,Q16322,1
DB01069,Q6PIU1,1
DB01069,Q86VZ1,1
DB01069,Q8NCM2,1
DB01069,Q8TAE7,1
DB01069,Q8TDN1,1
DB01069,Q8TDN2,1
DB01069,Q8WWG9,1
DB01069,Q92953,1
DB01069,Q93086,1
DB01069,Q96G91,1
DB01069,Q96KK3,1
DB01069,Q96L42,1
DB01069,Q96PR1,1
DB01069,Q99250,1
DB01069,Q99571,1
DB01069,Q99572,1
DB01069,Q99677,1
DB01069,Q9BPV8,1
DB01069,Q9BQ31,1
DB01069,Q9H244,1
DB01069,Q9H252,1
DB01069,Q9H3M0,1
DB01069,Q9NR82,1
DB01069,Q9NS40,1
DB01069,Q9NSA2,1
DB01069,Q9NY46,1
DB01069,Q9NZV8,1
DB01069,Q9UBL9,1
DB01069,Q9UI33,1
DB01069,Q9UIX4,1
DB01069,Q9UJ90,1
DB01069,Q9UJ96,1
DB01069,Q9UK17,1
DB01069,Q9ULD8,1
DB01069,Q9UQ05,1
DB01069,Q9UQD0,1
DB01069,Q9Y5Y9,1
DB01069,Q9Y6H6,1
DB01069,Q9Y6J6,1
DB01069,Q14081,0
DB01069,P00484,0
DB01069,Q16665,0
DB01069,P29559,0
DB01069,P48058,0
DB01069,P81040,0
DB01069,P19367,0
DB01069,P12256,0
DB01069,P13645,0
DB01069,Q9NSY1,0
DB01069,P62166,0
DB01069,P0ABP8,0
DB01069,P25524,0
DB01069,O94768,0
DB01069,P52732,0
DB01069,P10589,0
DB01069,Q7SIE2,0
DB01069,P0A9M5,0
DB01069,P68104,0
DB01069,P16099,0
DB01069,P0A3Y5,0
DB01069,P29218,0
DB01069,P80371,0
DB01069,Q9ZAG3,0
DB01069,P04798,0
DB01069,P52700,0
DB01069,Q5RT80,0
DB01069,P20618,0
DB01069,Q16558,0
DB01069,Q00796,0
DB01069,P18510,0
DB01069,P0AC38,0
DB01069,Q03403,0
DB01069,Q96GA7,0
DB01069,O75716,0
DB01069,P43490,0
DB01069,Q9NR33,0
DB01069,Q5PXQ6,0
DB01069,Q9UHD2,0
DB01069,Q9NQX3,0
DB01069,Q6FEW8,0
DB01069,P35858,0
DB01069,C0H5H0,0
DB01069,P80874,0
DB01069,P31142,0
DB01069,O87696,0
DB01069,Q06830,0
DB01069,Q9Y230,0
DB01069,P49619,0
DB01069,Q99884,0
DB01069,P20231,0
DB01069,P15169,0
DB01069,P46736,0
DB01069,Q8NMG3,0
DB01069,P07771,0
DB01069,P30988,0
DB01069,P07998,0
DB01069,P0A753,0
DB01069,P10646,0
DB01069,O15217,0
DB01069,P0AF12,0
DB01069,Q8IL80,0
DB01069,Q16515,0
DB01069,P62669,0
DB01069,P33038,0
DB01069,P0AE18,0
DB01069,P30518,0
DB01069,P44783,0
DB01069,P07202,0
DB01069,Q96BI3,0
DB01069,Q8IVH8,0
DB01069,P50859,0
DB01069,O15511,0
DB01069,Q9NYK1,0
DB01069,P41407,0
DB01069,A3FMN7,0
DB01069,O69007,0
DB01069,Q9BTZ2,0
DB01069,P30559,0
DB01069,Q9UHC9,0
DB01069,P80748,0
DB01069,P60355,0
DB01069,Q9Y5S8,0
DB01069,Q81ZL8,0
DB01069,Q13332,0
DB01069,Q96GD3,0
DB01069,Q16798,0
DB01069,P06653,0
DB06870,P10275,1
DB06870,P42684,0
DB05260,P01584,1
DB05260,P02818,1
DB05260,P21281,1
DB05260,P31350,1
DB05260,Q9S427,1
DB05260,P0AD65,0
DB05260,Q9Y646,0
DB05260,Q8IKF0,0
DB05260,A9X444,0
DB05260,P00497,0
DB04445,Q06520,1
DB04445,P41439,0
DB07606,P24941,1
DB07606,P08631,0
DB02088,P0AE18,1
DB02088,Q59192,0
DB04098,P17612,1
DB04098,P61978,0
DB07172,P37231,1
DB07172,P28331,0
DB08388,P45452,1
DB08388,O75493,0
DB03864,P48147,1
DB03864,Q15075,0
DB07394,P06576,1
DB07394,P25705,1
DB07394,P36542,1
DB07394,P13726,0
DB07394,P06241,0
DB07394,P06149,0
DB04894,P25103,1
DB04894,P30874,1
DB04894,P35346,1
DB04894,Q8WWQ8,0
DB04894,Q16718,0
DB04894,P05655,0
DB04757,P00491,1
DB04757,P63244,0
DB03389,O68541,1
DB03389,P07986,1
DB03389,P09848,1
DB03389,P09850,1
DB03389,P26514,1
DB03389,P36924,1
DB03389,P40943,1
DB03389,Q46079,1
DB03389,Q59288,1
DB03389,Q59675,1
DB03389,Q7SI98,1
DB03389,Q7SIE2,1
DB03389,Q8GJ44,1
DB03389,Q8RJN8,1
DB03389,Q9KB30,1
DB03389,Q9ZB17,1
DB03389,P80040,0
DB03389,P03956,0
DB03389,P83788,0
DB03389,Q4VB53,0
DB03389,P02931,0
DB03389,Q8ZPC0,0
DB03389,P0ACC7,0
DB03389,P15555,0
DB03389,Q9WZ57,0
DB03389,Q05514,0
DB03389,Q06319,0
DB03389,Q4KH25,0
DB03389,P63151,0
DB03389,Q8I487,0
DB03389,P08192,0
DB03389,Q8RQE7,0
DB04268,P61626,1
DB04268,Q8IJR6,0
DB06998,P0A988,1
DB06998,P81989,0
DB04271,Q08499,1
DB04271,P06653,0
DB01559,O00591,1
DB01559,O14764,1
DB01559,P14867,1
DB01559,P18505,1
DB01559,P18507,1
DB01559,P28472,1
DB01559,P31644,1
DB01559,P34903,1
DB01559,P47869,1
DB01559,P47870,1
DB01559,P48169,1
DB01559,P78334,1
DB01559,Q16445,1
DB01559,Q8N1C3,1
DB01559,Q99928,1
DB01559,Q9UN88,1
DB01559,Q7BJM5,0
DB01559,P43985,0
DB01559,Q9HB21,0
DB01559,Q59560,0
DB01559,P30532,0
DB01559,Q9P2K8,0
DB01559,P04731,0
DB01559,P12883,0
DB01559,O94925,0
DB01559,P53671,0
DB01559,P06734,0
DB01559,P06126,0
DB01559,P11388,0
DB01559,Q9UGJ0,0
DB01559,Q7L5Y9,0
DB01559,Q99456,0
DB02887,P15531,1
DB02887,P0AE67,0
DB00518,F1L7U3,1
DB00518,P68371,1
DB00518,P83223,1
DB00518,Q71U36,1
DB00518,P49789,0
DB00518,P37957,0
DB00518,Q56691,0
DB00518,P41052,0
DB04404,P07254,1
DB04404,P11797,1
DB04404,Q13231,1
DB04404,Q04609,0
DB04404,P0A7Z4,0
DB04404,P40871,0
DB01818,P11226,1
DB01818,P09237,0
DB02746,P03372,1
DB02746,P06401,1
DB02746,P19793,1
DB02746,P28702,1
DB02746,P37231,1
DB02746,P48443,1
DB02746,P9WJJ7,1
DB02746,Q03181,1
DB02746,Q07869,1
DB02746,Q92731,1
DB02746,Q08289,0
DB02746,P00582,0
DB02746,Q8DW21,0
DB02746,P0A7S9,0
DB02746,P56817,0
DB02746,P02943,0
DB02746,P23219,0
DB02746,P49327,0
DB02746,Q52546,0
DB02746,P76187,0
DB02095,P27338,1
DB02095,P0AAJ3,0
DB03723,P26392,1
DB03723,Q9HU22,1
DB03723,O66529,0
DB03723,P00387,0
DB01661,P60757,1
DB01661,P0AD68,0
DB01176,P35367,1
DB01176,P49888,1
DB01176,Q746J6,0
DB01176,O95259,0
DB12377,P05364,1
DB12377,P0AD63,1
DB12377,P62593,1
DB12377,Q840M4,1
DB12377,Q939N4,1
DB12377,Q93LQ9,1
DB12377,Q9L5C7,1
DB12377,Q8IEM3,0
DB12377,P0A3M6,0
DB12377,P21589,0
DB12377,P12104,0
DB12377,Q8NFW8,0
DB12377,P16422,0
DB12377,Q02818,0
DB03907,P21964,1
DB03907,P25092,0
DB02703,P00484,1
DB02703,P13551,1
DB02703,P62580,1
DB02703,Q86V86,0
DB02703,P43702,0
DB02703,P02708,0
DB03735,P0ABP8,1
DB03735,P00811,0
DB07602,P00533,1
DB07602,P42892,0
DB00740,Q14524,1
DB00740,Q9UPY5,1
DB00740,Q14565,0
DB00740,P06710,0
DB02701,P00338,1
DB02701,P09874,1
DB02701,P11439,1
DB02701,Q10588,1
DB02701,Q9NXA8,1
DB02701,Q14494,0
DB02701,P21731,0
DB02701,Q13188,0
DB02701,Q93UV9,0
DB02701,P0A6C8,0
DB03385,P00918,1
DB03385,P02144,1
DB03385,P35218,1
DB03385,Q9HBH5,0
DB03385,P31260,0
DB03385,Q8IVS2,0
DB06999,P15056,1
DB06999,P80373,0
DB07861,P47205,1
DB07861,Q13285,0
DB14019,P25103,1
DB14019,P95673,0
DB01774,P67910,1
DB01774,P30559,0
DB08709,P11309,1
DB08709,P24228,0
DB00241,O00591,1
DB00241,O14764,1
DB00241,P14867,1
DB00241,P18505,1
DB00241,P18507,1
DB00241,P28472,1
DB00241,P31644,1
DB00241,P34903,1
DB00241,P36544,1
DB00241,P42262,1
DB00241,P43681,1
DB00241,P47869,1
DB00241,P47870,1
DB00241,P48169,1
DB00241,P78334,1
DB00241,Q13002,1
DB00241,Q16445,1
DB00241,Q8N1C3,1
DB00241,Q99928,1
DB00241,Q9UN88,1
DB00241,C6KTA4,0
DB00241,P17540,0
DB00241,Q06110,0
DB00241,O05935,0
DB00241,Q96Q83,0
DB00241,Q9NYV7,0
DB00241,Q99661,0
DB00241,Q54528,0
DB00241,P41743,0
DB00241,Q93086,0
DB00241,Q8IJN7,0
DB00241,P04818,0
DB00241,Q8GI16,0
DB00241,P54965,0
DB00241,Q8IBS5,0
DB00241,P42512,0
DB00241,P14416,0
DB00241,Q8NER1,0
DB00241,Q9HVZ0,0
DB00241,P07339,0
DB08418,P00918,1
DB08418,P02941,0
DB08120,P10802,1
DB08120,P08238,0
DB04462,P68400,1
DB04462,Q03154,0
DB03129,P35030,1
DB03129,P10875,0
DB08519,P35968,1
DB08519,P03951,0
DB03773,P00692,1
DB03773,P04746,1
DB03773,P26827,1
DB03773,P30920,1
DB03773,Q9ZB17,1
DB03773,P11047,0
DB03773,P0A753,0
DB03773,Q16613,0
DB03773,P30043,0
DB03773,P23786,0
DB11079,P23219,1
DB11079,P35354,1
DB11079,Q5SKC5,0
DB11079,P12995,0
DB07069,Q16719,1
DB07069,Q9P2K8,0
DB03165,Q46822,1
DB03165,O32723,0
DB03540,P00183,1
DB03540,P0A6Q3,0
DB01066,P0A3M6,1
DB01066,Q8XJ01,1
DB01066,P04036,0
DB01066,P21926,0
DB02966,P42262,1
DB02966,P62837,0
DB02902,P49888,1
DB02902,P51168,0
DB09204,P07550,1
DB09204,P08588,1
DB09204,P25100,1
DB09204,P35348,1
DB09204,P35368,1
DB09204,P9WGY7,0
DB09204,P49190,0
DB09204,P0A749,0
DB09204,Q16850,0
DB09204,P36959,0
DB08078,Q03181,1
DB08078,P31025,0
DB00719,P35367,1
DB00719,Q9HVJ6,0
DB02948,P45568,1
DB02948,Q56313,0
DB09090,Q13698,1
DB09090,Q92952,0
DB07331,P06875,1
DB07331,P61604,0
DB00284,O43451,1
DB00284,P04746,1
DB00284,P10253,1
DB00284,P14410,1
DB00284,P98052,0
DB00284,P11137,0
DB00284,A0R559,0
DB00284,Q14833,0
DB03205,P13650,1
DB03205,P27505,1
DB03205,Q46444,1
DB03205,Q8GR64,1
DB03205,Q9Z4J7,1
DB03205,O95831,0
DB03205,Q53707,0
DB03205,P00183,0
DB03205,P54760,0
DB03205,Q15788,0
DB02995,P33038,1
DB02995,P13001,0
DB04516,Q9NPH2,1
DB04516,Q55813,0
DB07552,P06008,1
DB07552,P06009,1
DB07552,P06010,1
DB07552,P07173,1
DB07552,Q13546,0
DB07552,P78536,0
DB07552,P0A078,0
DB07552,P35916,0
DB09241,P29475,1
DB09241,P33402,1
DB09241,P33681,0
DB09241,Q83JC4,0
DB07205,P54577,1
DB07205,P59998,0
DB11584,P21728,1
DB11584,P21918,1
DB11584,P16113,0
DB11584,Q9XBQ3,0
DB00728,P08172,1
DB00728,P46098,1
DB00728,Q15822,1
DB00728,Q9H3S4,0
DB00728,P35527,0
DB00728,P0A7V3,0
DB06195,P06493,1
DB06195,P24941,1
DB06195,P27361,1
DB06195,P28482,1
DB06195,P49674,1
DB06195,P50613,1
DB06195,P50750,1
DB06195,Q9UHY7,0
DB06195,P47989,0
DB06195,P19821,0
DB06195,P48066,0
DB06195,Q8NER1,0
DB06195,P36946,0
DB06195,P75792,0
DB02059,O33199,1
DB02059,P00438,1
DB02059,P04406,1
DB02059,P0A9S1,1
DB02059,P13639,1
DB02059,P26397,1
DB02059,P45799,1
DB02059,P83844,1
DB02059,Q84CU3,1
DB02059,Q9NTG7,1
DB02059,Q9NXA8,1
DB02059,P00480,0
DB02059,P08337,0
DB02059,Q27738,0
DB02059,Q57193,0
DB02059,Q7RTV2,0
DB02059,Q03393,0
DB02059,P14061,0
DB02059,P02768,0
DB02059,Q9UM01,0
DB02059,P28070,0
DB02059,Q2TU84,0
DB14002,O75469,1
DB14002,O76054,1
DB14002,P05771,1
DB14002,P09917,1
DB14002,P17252,1
DB14002,Q9UDX4,1
DB14002,P29320,0
DB14002,P27348,0
DB14002,P9WK17,0
DB14002,Q96PD7,0
DB14002,Q16512,0
DB14002,P54619,0
DB04920,O60840,1
DB04920,Q01668,1
DB04920,Q13698,1
DB04920,Q13936,1
DB04920,P08922,0
DB04920,Q96C36,0
DB04920,Q99623,0
DB04920,Q13370,0
DB01010,P06276,1
DB01010,P22303,1
DB01010,P0A6V7,0
DB01010,P01024,0
DB07550,P00734,1
DB07550,Q9UK17,0
DB04109,P35030,1
DB04109,P0ACC1,0
DB03138,P0A006,1
DB03138,P0A7G9,0
DB00867,P07550,1
DB00867,P18925,0
DB07642,Q96C86,1
DB07642,P17540,0
DB08633,P50579,1
DB08633,P61158,0
DB07877,P07900,1
DB07877,P08238,1
DB07877,Q8X444,0
DB07877,Q2TU84,0
DB03702,Q9UNI1,1
DB03702,Q75Y35,0
DB04379,P00797,1
DB04379,P28223,0
DB02123,P0AET8,1
DB02123,Q9HVZ0,0
DB13061,O14965,1
DB13061,Q9H228,0
DB08512,P28720,1
DB08512,Q969S2,0
DB03130,Q04760,1
DB03130,P26391,0
DB04768,Q9H3S4,1
DB04768,P06731,0
DB05708,P36544,1
DB05708,P00709,0
DB00684,P0A7S3,1
DB00684,P0A915,0
DB02942,Q15075,1
DB02942,P47870,0
DB07765,P0CG22,1
DB07765,Q9P2W7,0
DB06964,P07900,1
DB06964,P13945,0
DB11619,P03372,1
DB11619,P04150,1
DB11619,P04278,1
DB11619,P06401,1
DB11619,P10275,1
DB11619,P30968,1
DB11619,Q9UGI9,0
DB11619,Q8TCU5,0
DB11619,O96000,0
DB11619,P21266,0
DB11619,P28720,0
DB11619,P50052,0
DB02135,P9WHE9,1
DB02135,Q8TAB3,0
DB03276,P62993,1
DB03276,P07986,0
DB07793,P11217,1
DB07793,P09493,0
DB04681,P16442,1
DB04681,Q9H169,0
DB07016,P00734,1
DB07016,P51149,0
DB02120,P00691,1
DB02120,P05618,1
DB02120,P19571,1
DB02120,P30920,1
DB02120,Q60053,1
DB02120,P11137,0
DB02120,P07110,0
DB02120,Q9UL54,0
DB02120,P35346,0
DB02120,P09417,0
DB01541,P10275,1
DB01541,P11047,0
DB01876,P07477,1
DB01876,P40871,0
DB01215,O00591,1
DB01215,O14764,1
DB01215,P14867,1
DB01215,P18505,1
DB01215,P18507,1
DB01215,P28472,1
DB01215,P31644,1
DB01215,P34903,1
DB01215,P47869,1
DB01215,P47870,1
DB01215,P48169,1
DB01215,P78334,1
DB01215,Q16445,1
DB01215,Q8N1C3,1
DB01215,Q99928,1
DB01215,Q9UN88,1
DB01215,Q72EF3,0
DB01215,Q99828,0
DB01215,Q13698,0
DB01215,P00451,0
DB01215,Q8T8E9,0
DB01215,Q8NEV4,0
DB01215,P31358,0
DB01215,Q8GIQ0,0
DB01215,O66145,0
DB01215,Q13526,0
DB01215,P21796,0
DB01215,P52597,0
DB01215,O60285,0
DB01215,P25021,0
DB01215,Q9RYA6,0
DB01215,Q9GV41,0
DB01003,P25815,1
DB01003,Q9H2P9,0
DB06741,O15399,1
DB06741,O60391,1
DB06741,Q05586,1
DB06741,Q12879,1
DB06741,Q13224,1
DB06741,Q14957,1
DB06741,Q8TCU5,1
DB06741,O07347,0
DB06741,P13827,0
DB06741,Q8IKM6,0
DB06741,P15328,0
DB06741,P25910,0
DB06741,P0AC44,0
DB06741,P30996,0
DB00373,P07550,1
DB00373,P08588,1
DB00373,P16113,0
DB00373,P39019,0
DB01896,P00811,1
DB01896,Q16671,0
DB07412,P27487,1
DB07412,P26440,0
DB01037,P21397,1
DB01037,P27338,1
DB01037,Q9BVG9,0
DB01037,Q2QJL3,0
DB02345,P15531,1
DB02345,P49913,1
DB02345,P77444,1
DB02345,Q7KZA3,0
DB02345,P39304,0
DB02345,O68600,0
DB00248,P07550,1
DB00248,P08588,1
DB00248,P08908,1
DB00248,P08913,1
DB00248,P14416,1
DB00248,P18089,1
DB00248,P18825,1
DB00248,P21728,1
DB00248,P21917,1
DB00248,P21918,1
DB00248,P25100,1
DB00248,P28221,1
DB00248,P28222,1
DB00248,P28223,1
DB00248,P28335,1
DB00248,P34969,1
DB00248,P35348,1
DB00248,P35368,1
DB00248,P35462,1
DB00248,P41595,1
DB00248,P29894,0
DB00248,Q9UBL9,0
DB00248,P36419,0
DB00248,Q9UHI5,0
DB00248,Q05932,0
DB00248,Q57366,0
DB00248,P55210,0
DB00248,P39265,0
DB00248,P9WQN9,0
DB00248,Q96PD7,0
DB00248,P00915,0
DB00248,Q00613,0
DB00248,P36924,0
DB00248,P13647,0
DB00248,Q8TC12,0
DB00248,P00864,0
DB00248,P34741,0
DB00248,P21964,0
DB00248,Q9Y277,0
DB00248,P11678,0
DB09086,P03372,1
DB09086,P10275,1
DB09086,Q8NET8,1
DB09086,Q92731,1
DB09086,P10092,0
DB09086,O08398,0
DB09086,P05193,0
DB09086,O75891,0
