DB01166,Q14432,1
DB07986,P08254,1
DB04464,P07998,1
DB00589,P08913,1
DB00692,P25100,1
DB00181,Q9UBS5,1
DB01873,P07437,1
DB00715,P21728,1
DB01589,O00591,1
DB08387,Q9Y233,1
DB09214,P35354,1
DB01799,Q46822,1
DB00246,P35368,1
DB03010,Q13509,1
DB04669,P24941,1
DB02578,P15555,1
DB01406,P03372,1
DB07388,P35228,1
DB00192,Q14524,1
DB00897,Q8N1C3,1
DB08795,Q75Y35,1
DB03041,O94766,1
DB00148,P12532,1
DB06137,P12931,1
DB04793,P07477,1
DB14487,P02652,1
DB02379,P13507,1
DB07034,O14757,1
DB00850,P14416,1
DB06194,P11473,1
DB00659,P48169,1
DB00722,P00797,1
DB00157,P51970,1
DB05969,P15692,1
DB03348,P22303,1
DB04417,P50225,1
DB00210,P19793,1
DB14001,O76054,1
DB01159,Q9NPC2,1
DB08927,P28223,1
DB07222,P9WGR1,1
DB04464,P39300,1
DB07014,P49841,1
DB02821,P04181,1
DB00157,O14561,1
DB00308,Q02641,1
DB06969,P07900,1
DB11638,Q76NM6,1
DB13948,P28223,1
DB02613,P54317,1
DB03660,P42790,1
DB04873,Q13639,1
DB07227,P49356,1
DB00376,P08173,1
DB01863,Q9UN19,1
DB09389,P10275,1
DB02310,P50579,1
DB00656,P08913,1
DB12695,P55072,1
DB03136,P00749,1
DB04773,Q4W9V8,1
DB00186,O14764,1
DB01013,P04083,1
DB03041,P0C0F4,1
DB02758,Q9NZK7,1
DB07854,P17612,1
DB08241,P20248,1
DB08846,P00918,1
DB00761,P55011,1
DB09194,P28335,1
DB03911,P24300,1
DB00142,P48506,1
DB00987,P06746,1
DB00321,P23975,1
DB01189,Q01814,1
DB00898,Q16445,1
DB13335,P78334,1
DB02201,Q99470,1
DB01545,P47869,1
DB01587,P48169,1
DB00477,P17405,1
DB01403,P28223,1
DB07763,P47985,1
DB02471,P09848,1
DB07111,P37231,1
DB07901,P53582,1
DB04024,P0A8M5,1
DB00402,Q99928,1
DB06016,P41595,1
DB02716,P06730,1
DB04647,P0AEB2,1
DB00514,P41143,1
DB01069,Q03721,1
DB00172,P45877,1
DB03128,P08173,1
DB03059,A0A0H3K1U2,1
DB02527,Q98GN8,1
DB11817,P52333,1
DB00351,P04150,1
DB11195,P24300,1
DB01813,P0AB80,1
DB05262,P47989,1
DB06981,P63208,1
DB01224,P14416,1
DB03751,P95780,1
DB03661,P43522,1
DB00228,P16389,1
DB04233,O33407,1
DB03306,P12931,1
DB01137,P43702,1
DB04920,Q01668,1
DB00962,P14867,1
DB01593,P01042,1
DB09345,P35499,1
DB07873,O95749,1
DB01805,P22303,1
DB07599,P62593,1
DB04315,P01112,1
DB04368,Q9HBH1,1
DB11638,P62750,1
DB04233,Q9RBW8,1
DB03144,P05089,1
DB00408,P08172,1
DB13520,Q99250,1
DB11638,Q8IJN7,1
DB00530,O75469,1
DB00122,P22303,1
DB04971,Q07869,1
DB00157,Q96C36,1
DB01752,Q14749,1
DB00776,Q9NY72,1
DB01489,P34903,1
DB09079,P35968,1
DB01595,P14867,1
DB07622,P24941,1
DB01727,P77541,1
DB14011,P24752,1
DB04347,Q6GII7,1
DB07909,P01834,1
DB04119,P22314,1
DB07671,P69054,1
DB01267,P35367,1
DB07042,Q837V6,1
DB02709,Q14994,1
DB14533,O14791,1
DB00867,P07550,1
DB00628,O00591,1
DB00251,P10613,1
DB07876,P61925,1
DB02480,Q46822,1
DB03147,P09788,1
DB00475,Q8N1C3,1
DB00231,Q9UN88,1
DB03227,Q837V6,1
DB00129,P52569,1
DB04786,P14555,1
DB13954,Q15596,1
DB01174,P43681,1
DB07521,P00734,1
DB08922,P25100,1
DB04855,Q9UK17,1
DB08705,P11309,1
DB00269,P03372,1
DB01179,P11388,1
DB02731,P55809,1
DB00162,Q9BTZ2,1
DB03566,P23181,1
DB02901,P03372,1
DB06757,P50213,1
DB09409,Q12879,1
DB04934,P0A8V2,1
DB01110,Q03721,1
DB00714,P08913,1
DB13174,P55055,1
DB01342,P30556,1
DB00430,P02919,1
DB02723,P00734,1
DB08865,Q9UM73,1
DB12147,P22455,1
DB00890,P04278,1
DB00185,P11229,1
DB03127,Q9Y5Y6,1
DB04570,P42971,1
DB12007,Q07869,1
DB04400,P07101,1
DB07530,Q15788,1
DB09283,P54750,1
DB14067,Q2M3G0,1
DB06207,P35348,1
DB08330,P47985,1
DB03896,P51003,1
DB00653,O00305,1
DB09304,O95264,1
DB11273,P30939,1
DB09118,Q16445,1
DB01327,P60568,1
DB04395,P08069,1
DB08263,Q9NWT6,1
DB04315,P41091,1
DB00132,Q9NYP7,1
DB14481,P30626,1
DB02462,P35228,1
DB06195,P27361,1
DB01421,Q5SHN7,1
DB09166,P25105,1
DB04315,Q9X242,1
DB04173,P02943,1
DB02464,P07478,1
DB01205,P34903,1
DB07638,P03372,1
DB01118,P08588,1
DB00149,O15382,1
DB01101,P04818,1
DB00458,P23975,1
DB07579,P02743,1
DB00755,O94788,1
DB03313,P0A3M6,1
DB00172,Q96C36,1
DB02816,P05364,1
DB00173,Q9BY49,1
DB07140,A0A0M3KKX1,1
DB03909,P06213,1
DB09221,P09619,1
DB02371,P09871,1
DB04395,P37093,1
DB12010,Q96NX5,1
DB09129,P06213,1
DB00308,O00180,1
DB00714,P18825,1
DB01577,Q05940,1
DB08603,P15636,1
DB03723,P26392,1
DB14185,P08908,1
DB00321,P50406,1
DB00120,P17735,1
DB00458,P35348,1
DB04395,P51570,1
DB05015,O15379,1
DB13751,P19838,1
DB01589,P78334,1
DB00302,P00747,1
DB05171,Q9NZ42,1
DB06712,Q08289,1
DB00841,P25100,1
DB11093,P62166,1
DB09342,Q9UQD0,1
DB14058,O13332,1
DB00761,Q9UP95,1
DB00493,Q8DNB6,1
DB00408,P08588,1
DB00321,Q16620,1
DB03414,Q16706,1
DB12141,P28221,1
DB07392,P06008,1
DB00661,Q00975,1
DB07858,P61925,1
DB00126,O00469,1
DB03461,P0C188,1
DB00874,Q05586,1
DB00234,P23975,1
DB03551,P9WP01,1
DB09130,P25311,1
DB00726,P07550,1
DB09089,P54284,1
DB11638,Q8ILV2,1
DB07768,Q04828,1
DB07700,P42330,1
DB03900,P47228,1
DB00902,P35367,1
DB14011,Q02083,1
DB00523,P19793,1
DB01254,P09619,1
DB02503,P00811,1
DB03147,Q9UKU7,1
DB08901,P36888,1
DB04946,P21728,1
DB01567,O00591,1
DB00521,P07550,1
DB07733,P29466,1
DB06777,Q96RI1,1
DB04109,P35030,1
DB00428,O60502,1
DB03280,P9WKE1,1
DB02796,P00491,1
DB11638,Q8IJ74,1
DB02360,P08311,1
DB08767,P84887,1
DB07188,P9WGR1,1
DB00909,P35218,1
DB01051,P0A0K8,1
DB04079,P13036,1
DB01071,P35367,1
DB11195,P12070,1
DB14185,P35367,1
DB12010,P16591,1
DB03959,P14210,1
DB08532,P24941,1
DB01820,P18031,1
DB12010,O14976,1
DB13345,P34969,1
DB00653,Q02641,1
DB02379,P26466,1
DB04371,P00918,1
DB09231,Q9P0X4,1
DB03773,P04746,1
DB07991,P03372,1
DB12965,P13640,1
DB07309,P50579,1
DB08330,Q9UDW1,1
DB01254,P06241,1
DB00866,P13945,1
DB01136,P16860,1
DB08259,P34913,1
DB03461,P11413,1
DB04282,P07986,1
DB01483,P14867,1
DB01593,P13645,1
DB05423,P04150,1
DB12965,Q8N339,1
DB00724,Q9NYK1,1
DB04468,P04155,1
DB00849,P43681,1
DB03661,Q9H4G4,1
DB04865,P39023,1
DB01224,P35367,1
DB04315,Q96KC2,1
DB07446,P39900,1
DB03240,P42262,1
DB01019,P08173,1
DB02640,P50579,1
DB03104,P12931,1
DB03147,Q15067,1
DB00123,Q15046,1
DB06148,P30939,1
DB08912,P57059,1
DB08628,P0A953,1
DB11638,C6KSR5,1
DB01351,P14867,1
DB00162,P00352,1
DB00248,P28223,1
DB06262,P25100,1
DB09283,P16499,1
DB03696,P48449,1
DB00433,P14416,1
DB07763,Q9UDW1,1
DB06616,P12931,1
DB02521,Q9FCA6,1
DB07323,P50579,1
DB07150,Q92731,1
DB01669,P50870,1
DB08964,P43116,1
DB07598,P42262,1
DB01544,Q16445,1
DB00395,P14867,1
DB01972,P36959,1
DB03017,P02788,1
DB00380,Q02880,1
DB03224,P04164,1
DB11064,P10275,1
DB07419,P10275,1
DB11986,Q16288,1
DB09229,Q13698,1
DB04334,Q16853,1
DB12455,P0A7U3,1
DB13837,P34903,1
DB13995,P02792,1
DB00270,Q13698,1
DB01022,P02818,1
DB01064,P00441,1
DB01593,P04279,1
DB02379,P23904,1
DB04147,Q3J170,1
DB01595,P18507,1
DB00938,P13945,1
DB01327,P0AD65,1
DB01403,P21917,1
DB00706,P35348,1
DB03814,P17169,1
DB01024,P20839,1
DB06637,Q92953,1
DB00157,Q9Y6M9,1
DB00719,P35367,1
DB00547,P04150,1
DB03544,P69795,1
DB05271,P14416,1
DB01593,P20851,1
DB04199,P0A1X3,1
DB05420,P23921,1
DB02018,P20231,1
DB06927,P03372,1
DB00438,P0AD68,1
DB00973,P15144,1
DB12010,Q04912,1
DB12010,P42345,1
DB02053,Q5SIR5,1
DB00850,P21728,1
DB00690,Q9UN88,1
DB06835,P15086,1
DB05541,Q14524,1
DB04573,Q92731,1
DB02282,Q13126,1
DB11148,Q9P0X4,1
DB01241,Q9NPD5,1
DB00843,Q05586,1
DB12010,Q59H18,1
DB00502,Q99720,1
DB01496,P31644,1
DB00996,P54289,1
DB00749,P35354,1
DB00193,P11229,1
DB00988,P00441,1
DB14672,Q8N1C3,1
DB03310,P00390,1
DB09061,Q8NER1,1
DB00476,P31645,1
DB00197,P05121,1
DB07376,P00734,1
DB12010,Q6DT37,1
DB02165,P09488,1
DB12537,O00591,1
DB03366,P06988,1
DB03499,P74645,1
DB00340,P20309,1
DB01069,O95259,1
DB09167,P11229,1
DB11638,Q7KQL5,1
DB00898,P32297,1
DB02052,Q00535,1
DB03366,P0ADA1,1
DB00252,Q9NY46,1
DB08424,Q16539,1
DB03570,P25053,1
DB08624,P00734,1
DB03081,P07477,1
DB08227,P0AEX9,1
DB02832,P17846,1
DB03716,Q70GK9,1
DB03909,O00764,1
DB03574,P06971,1
DB04552,P23219,1
DB06246,O00408,1
DB02175,P09012,1
DB14487,P02533,1
DB00886,P08473,1
DB01050,Q07869,1
DB09272,P35372,1
DB04395,P23837,1
DB14487,P27169,1
DB03690,Q00169,1
DB02365,P02941,1
DB11674,Q92731,1
DB02580,Q3JWH7,1
DB03597,O76083,1
DB04089,P00918,1
DB03501,P16442,1
DB00255,Q15596,1
DB01068,P47869,1
DB04841,P0DP23,1
DB00457,P18089,1
DB09167,P18089,1
DB03380,P01303,1
DB05087,Q16445,1
DB06579,P47869,1
DB00398,P36888,1
DB03323,P19961,1
DB08437,Q9UHA3,1
DB00493,Q16348,1
DB03147,P16219,1
DB13643,P47869,1
DB03635,P02775,1
DB07627,P07384,1
DB00321,O43525,1
DB08344,P43889,1
DB11577,P18825,1
DB12010,Q13523,1
DB13956,P00846,1
DB00940,P11229,1
DB07393,P00390,1
DB00173,P0AF12,1
DB00898,Q15822,1
DB06595,P09619,1
DB08410,P01857,1
DB04395,P23677,1
DB00133,P20132,1
DB01933,O15530,1
DB08231,P00519,1
DB03389,P09850,1
DB00334,P35367,1
DB01987,P23234,1
DB03461,P40925,1
DB01299,Q27738,1
DB03461,P42330,1
DB00717,P06401,1
DB00543,P14416,1
DB00312,Q12879,1
DB00171,P08183,1
DB08048,P03372,1
DB04464,Q16740,1
DB00244,O15111,1
DB08234,Q81R22,1
DB00199,O43193,1
DB00142,P54687,1
DB00114,P13196,1
DB01236,P47869,1
DB02758,P00509,1
DB03807,Q07343,1
DB14487,P02538,1
DB00898,O00591,1
DB00797,P08913,1
DB00142,P38435,1
DB00292,P78334,1
DB01882,P0A079,1
DB02677,P00780,1
DB01223,Q92769,1
DB14014,P20393,1
DB00848,Q27218,1
DB00861,P23219,1
DB14487,P35908,1
DB00421,P10275,1
DB00306,P42262,1
DB01328,P02918,1
DB01233,Q13639,1
DB02007,Q9X108,1
DB03695,P00374,1
DB08565,P17538,1
DB00835,P35367,1
DB09130,P35908,1
DB00745,Q01959,1
DB08808,P13945,1
DB01142,P08172,1
DB03473,Q9WYV8,1
DB00371,O00591,1
DB09130,Q96RE1,1
DB00412,Q07869,1
DB00228,Q7Z3S7,1
DB09149,P05067,1
DB00616,P08473,1
DB00228,Q08289,1
DB09060,P0A9Z7,1
DB04039,P00646,1
DB07333,P35968,1
DB04382,P00722,1
DB00368,P00439,1
DB01189,Q09470,1
DB01589,Q99928,1
DB02153,Q9RRU8,1
DB00589,P14416,1
DB01118,Q07869,1
DB04395,P45510,1
DB01548,P41145,1
DB00228,Q15878,1
DB00543,P08912,1
DB00157,P11177,1
DB01069,P56373,1
DB03549,P22629,1
DB11496,P07202,1
DB00454,P31645,1
DB08249,P28790,1
DB00801,Q8N1C3,1
DB07530,P11473,1
DB02135,P9WHE9,1
DB00794,P18505,1
DB03626,P15559,1
DB04604,Q8TF76,1
DB03147,P11310,1
DB04272,P15086,1
DB01169,P24385,1
DB01159,P18505,1
DB14635,P11473,1
DB03973,P9WHE9,1
DB04794,P10613,1
DB01452,P35372,1
DB01209,P35372,1
DB09130,P29034,1
DB03496,P50613,1
DB01935,P00800,1
DB03710,P29475,1
DB03793,Q01234,1
DB14501,Q9NZD4,1
DB00228,P22459,1
DB00143,P08684,1
DB02990,P9WGR1,1
DB14526,P00167,1
DB12695,P06753,1
DB03147,P9WIQ3,1
DB07156,P08069,1
DB00142,Q99259,1
DB00477,P35348,1
DB00114,Q8TD30,1
DB04272,O75390,1
DB06469,P36888,1
DB04540,P11473,1
DB03147,P37062,1
DB01863,P31749,1
DB02142,P22256,1
DB02850,P32754,1
DB00477,P21918,1
DB01752,O14717,1
DB00726,P46098,1
DB06448,P49354,1
DB01273,P43681,1
DB06710,P10275,1
DB04147,P08306,1
DB01992,O32248,1
DB02541,P35030,1
DB00835,P20309,1
DB11693,P63098,1
DB00246,O95264,1
DB09229,Q13936,1
DB00421,Q9NY47,1
DB02845,P06276,1
DB02930,P16118,1
DB08868,Q13547,1
DB11638,P99999,1
DB02734,Q9KWT6,1
DB00380,P11388,1
DB03562,P19079,1
DB00502,Q13224,1
DB00292,P18089,1
DB07984,P23219,1
DB02379,P05162,1
DB13872,Q99928,1
DB08231,P9WH69,1
DB11093,O14958,1
DB00969,P46098,1
DB00142,Q14831,1
DB11148,P48048,1
DB06021,P04626,1
DB08949,P49019,1
DB01992,Q92830,1
DB06229,P41595,1
DB06637,P48547,1
DB11823,Q14957,1
DB14541,P14060,1
DB15494,P32745,1
DB00562,Q9ULX7,1
DB06764,P35348,1
DB11672,P37231,1
DB08114,P17612,1
DB01133,P21281,1
DB11823,Q13224,1
DB11156,P11229,1
DB06980,P63208,1
DB08413,P01834,1
DB01012,P41180,1
DB00125,P35228,1
DB01545,P48169,1
DB01065,P48039,1
DB08355,P24941,1
DB00938,P08588,1
DB11660,P43088,1
DB09195,P35368,1
DB00603,P08183,1
DB01216,P31213,1
DB12010,Q9NWZ3,1
DB11712,P13569,1
DB08140,P24941,1
DB09213,P07359,1
DB08618,P01859,1
DB01238,P31645,1
DB04233,P06129,1
DB14487,O75340,1
DB00391,P35462,1
DB00126,Q9BY66,1
DB03059,P9WNP5,1
DB11855,P08912,1
DB00252,Q08289,1
DB11943,P0AES4,1
DB02133,P04190,1
DB12010,Q5S007,1
DB12598,P07477,1
DB11823,P23560,1
DB12010,P51957,1
DB08162,P61925,1
DB00777,P35367,1
DB02265,P04958,1
DB07454,P10275,1
DB01593,O14791,1
DB03147,P14920,1
DB00160,P21549,1
DB04154,P77173,1
DB06040,P52732,1
DB05421,P25103,1
DB07265,P30291,1
DB04579,P07858,1
DB08649,P84887,1
DB00118,Q8N1G2,1
DB00628,P78334,1
DB00125,P04424,1
DB07073,P48736,1
DB01207,P21731,1
DB04953,O43526,1
DB14533,P60174,1
DB04779,P09848,1
DB01069,Q96L42,1
DB11638,Q8IDQ9,1
DB03516,P47989,1
DB00760,P24228,1
DB12742,P10721,1
DB09472,P00918,1
DB01942,Q9WXS0,1
DB00557,Q12809,1
DB07944,P00734,1
DB12695,Q12874,1
DB04560,P0ACB2,1
DB08224,P23141,1
DB01144,P00915,1
DB01583,P10827,1
DB00843,P06276,1
DB02379,P23905,1
DB01018,P18089,1
DB09061,P35372,1
DB03252,Q9HTQ2,1
DB01236,O00591,1
DB04430,P62594,1
DB03107,P9WIL5,1
DB09238,Q02641,1
DB06637,P22459,1
DB02340,P00488,1
DB01009,P23219,1
DB01727,P08200,1
DB02954,Q83P33,1
DB01392,Q15842,1
DB01136,P17302,1
DB06212,P30518,1
DB01382,Q09428,1
DB02205,P22513,1
DB06616,P11274,1
DB00482,H3BUU9,1
DB05492,P18825,1
DB03661,Q9X0P2,1
DB05003,P31350,1
DB02451,P60063,1
DB00659,Q8N1C3,1
DB08453,P83798,1
DB01993,P10724,1
DB04832,P21397,1
DB00398,P17948,1
DB00189,P34903,1
DB00142,P48058,1
DB04378,P46925,1
DB00753,Q8N1C3,1
DB07778,P08574,1
DB04605,Q57VC7,1
DB07652,Q9UBT6,1
DB00418,P31644,1
DB09194,P11229,1
DB02010,P43405,1
DB08407,P0AAI5,1
DB08116,P0AD64,1
DB01605,Q8XJ01,1
DB06204,P41145,1
DB12010,Q9UKE5,1
DB09229,P18089,1
DB01110,Q9NS40,1
DB03975,P00918,1
DB00244,P09917,1
DB07173,P55263,1
DB14074,Q8T6S0,1
DB00728,P08172,1
DB09304,P08908,1
DB00628,P18505,1
DB00753,O14764,1
DB01345,P05023,1
DB09130,P48723,1
DB02422,Q9UKM7,1
DB09283,Q13370,1
DB05969,P50613,1
DB00231,P34903,1
DB11093,P13693,1
DB08164,P27487,1
DB01151,P28335,1
DB01238,P08172,1
DB02379,P23827,1
DB09130,P04217,1
DB00555,Q9UQD0,1
DB12010,Q9Y2H9,1
DB00243,Q8IWT1,1
DB03310,P09210,1
DB09118,Q9UN88,1
DB04555,P0A0Z8,1
DB07032,Q92731,1
DB14488,Q96FI4,1
DB02303,Q12882,1
DB06124,P20807,1
DB07834,Q16539,1
DB04542,P15531,1
DB07272,P45983,1
DB03147,P14218,1
DB03008,Q16706,1
DB01640,Q13370,1
DB01373,P02585,1
DB00114,P32929,1
DB02264,P05230,1
DB01645,Q99527,1
DB00605,P15121,1
DB13872,P78334,1
DB01821,P29475,1
DB01880,P14174,1
DB06421,P11388,1
DB04972,P09211,1
DB14641,Q92731,1
DB01099,P12461,1
DB04903,P47869,1
DB09401,P10415,1
DB00615,P0A8V2,1
DB06772,Q9H4B7,1
DB00835,P11229,1
DB09131,P04080,1
DB07628,P14618,1
DB02205,O14556,1
DB09026,P00797,1
DB08766,P28838,1
DB04315,P15170,1
DB01197,P08253,1
DB01708,Q13224,1
DB00393,P35869,1
DB08213,P42574,1
DB03455,P60568,1
DB08515,P49720,1
DB06268,P24530,1
DB07193,P27487,1
DB06967,P00797,1
DB04008,P07477,1
DB14488,P39748,1
DB01162,Q12809,1
DB02746,Q03181,1
DB14028,Q8N1C3,1
DB11278,P35368,1
DB01766,P54577,1
DB01644,P00390,1
DB01035,Q12809,1
DB00157,Q02218,1
DB00880,P00918,1
DB00921,P41146,1
DB00321,P41143,1
DB06736,P35354,1
DB08931,P33402,1
DB01238,P21728,1
DB14072,P08183,1
DB00668,P01375,1
DB03884,Q59771,1
DB06777,Q8TDU6,1
DB14487,P31151,1
DB04395,P0A6H7,1
DB02799,P0AG82,1
DB01028,P23415,1
DB11638,P68104,1
DB01238,P11229,1
DB00201,Q9Y233,1
DB13994,P34903,1
DB01489,O14764,1
DB08314,P24182,1
DB00475,P47870,1
DB12695,Q13509,1
DB01373,P20810,1
DB00321,P28222,1
DB06255,P55210,1
DB04522,O15530,1
DB00824,P30542,1
DB00458,O95259,1
DB09130,P35527,1
DB00603,O14764,1
DB06229,P14416,1
DB01936,P0A9J6,1
DB07342,P09601,1
DB09194,P08173,1
DB03326,P07998,1
DB00598,P08588,1
DB06153,P18825,1
DB00247,P34969,1
DB05737,O15496,1
DB00157,Q92781,1
DB01226,P08172,1
DB07129,P00749,1
DB04464,P35089,1
DB05119,Q13093,1
DB00280,P11229,1
DB01069,P41231,1
DB01064,O00459,1
DB14533,P27169,1
DB00163,P09917,1
DB09112,P69905,1
DB08896,P09619,1
DB01864,P9WN95,1
DB00489,P07550,1
DB01649,Q96C86,1
DB08515,P25786,1
DB12377,Q93LQ9,1
DB08597,P62942,1
DB12278,P08912,1
DB01016,O95342,1
DB01544,O14764,1
DB03951,P0A759,1
DB01593,Q06481,1
DB01880,Q3IWB0,1
DB07407,P0AE18,1
DB03796,Q9X1H9,1
DB11235,P08172,1
DB00784,P35354,1
DB08629,P36542,1
DB03721,P16109,1
DB06921,P15086,1
DB07124,P17612,1
DB02159,P61626,1
DB13995,P02794,1
DB05695,P41180,1
DB00116,Q53ET4,1
DB03286,P11217,1
DB00898,P48169,1
DB04315,P51149,1
DB04805,P61927,1
DB00469,P23219,1
DB08220,Q96RI1,1
DB01332,P02918,1
DB03253,P27487,1
DB02637,O75390,1
DB00131,P54646,1
DB15102,P22607,1
DB00555,P34903,1
DB00246,P20309,1
DB01373,P05187,1
DB07274,P35968,1
DB07217,P53779,1
DB14518,P05067,1
DB01373,P98194,1
DB09130,Q08288,1
DB01511,P28472,1
DB08163,P17707,1
DB04628,P11797,1
DB00472,P30926,1
DB01164,Q99584,1
DB07536,O67648,1
DB09300,P08172,1
DB00157,P29803,1
DB02726,Q07412,1
DB03553,P0AB80,1
DB02527,Q9UL51,1
DB02587,O95622,1
DB02027,P29474,1
DB07931,P03372,1
DB03092,P04746,1
DB09085,Q9Y5Y9,1
DB03260,Q9RZ04,1
DB11093,P09486,1
DB01238,O60391,1
DB08404,P0A6A8,1
DB08097,Q16539,1
DB00277,Q07343,1
DB00945,P98066,1
DB00289,P48549,1
DB07879,P56524,1
DB07999,P15121,1
DB01988,Q16539,1
DB00157,P30519,1
DB00334,P18507,1
DB03721,P10844,1
DB02481,P00325,1
DB00246,Q8WXA8,1
DB03650,P11309,1
DB11273,O95264,1
DB11901,P28472,1
DB15489,P28472,1
DB03292,P78330,1
DB04511,Q44244,1
DB00128,P61626,1
DB00459,P13631,1
DB00548,P00582,1
DB04646,P83792,1
DB08231,P35243,1
DB11859,Q99928,1
DB09130,P14625,1
DB00321,O43526,1
DB00210,P10826,1
DB13269,Q01118,1
DB09409,O15399,1
DB00795,P24557,1
DB09130,P10909,1
DB04186,P24941,1
DB00143,P10768,1
DB13952,P03372,1
DB02709,P16152,1
DB00921,P41143,1
DB07002,P35228,1
DB02262,Q53ZE5,1
DB00303,P02918,1
DB00228,P17658,1
DB02535,P00918,1
DB00592,P28472,1
DB03197,P26281,1
DB02078,P61322,1
DB01624,P14416,1
DB00457,P08913,1
DB01712,P62942,1
DB00555,P35367,1
DB01104,P31645,1
DB03932,P20701,1
DB08185,P0DOY6,1
DB01205,P48169,1
DB04892,P05067,1
DB02077,P29475,1
DB00144,Q9Y2Q0,1
DB06684,P08908,1
DB00615,P0A8T7,1
DB00242,Q7LG56,1
DB01602,P0AD68,1
DB00289,P41145,1
DB00829,Q16445,1
DB01356,O14732,1
DB06898,Q15596,1
DB01496,P48169,1
DB11986,Q07912,1
DB08814,P23219,1
DB01235,P35462,1
DB07299,P03951,1
DB14487,O14791,1
DB03106,P14262,1
DB08171,P9WNG3,1
DB04743,P02788,1
DB00937,Q01959,1
DB06691,P35367,1
DB03317,Q46444,1
DB03299,Q44244,1
DB01982,Q9KWT6,1
DB06709,P20309,1
DB11093,P27797,1
DB01442,P54219,1
DB00172,Q9UN76,1
DB03147,P19480,1
DB11638,P07237,1
DB04083,P13254,1
DB02952,P06850,1
DB00492,P12821,1
DB02546,Q9UBN7,1
DB02884,P08048,1
DB00142,Q8TD30,1
DB01069,Q9BQ31,1
DB08081,P55407,1
DB07851,P27487,1
DB04395,P11309,1
DB11157,P35908,1
DB01236,Q96ER9,1
DB00499,P10275,1
DB03060,P00374,1
DB04147,Q98GN8,1
DB07471,P20248,1
DB13983,P34903,1
DB00277,Q7Z5B4,1
DB03403,P0ABQ0,1
DB14669,P04083,1
DB09510,Q8KT33,1
DB00120,Q9Y285,1
DB00334,P28222,1
DB01537,P28223,1
DB11638,Q8IKM6,1
DB00282,O95749,1
DB02058,P21802,1
DB00126,Q96Q83,1
DB04570,P02919,1
DB00319,Q75Y35,1
DB14487,P19823,1
DB00067,P30518,1
DB04188,Q9NWM0,1
DB01593,P01019,1
DB00997,P11388,1
DB01043,Q05586,1
DB02949,P04164,1
DB07233,P78536,1
DB07670,P33260,1
DB02580,A7B6P0,1
DB04272,P11922,1
DB04591,P00734,1
DB00874,Q13224,1
DB14533,P01011,1
DB04074,Q9JZW6,1
DB01354,P42262,1
DB12695,P43487,1
DB07640,B7JBP8,1
DB13025,P18825,1
DB01211,Q9Y6L6,1
DB00395,P47870,1
DB06955,Q83WG3,1
DB01856,P56220,1
DB04855,Q13698,1
DB01159,P59768,1
DB03904,P00378,1
DB07840,P11362,1
DB11638,P50250,1
DB00459,P28702,1
DB00454,P35372,1
DB05266,Q08493,1
DB02263,Q59931,1
DB00817,P0AFI2,1
DB07060,P20932,1
DB00945,Q8TD08,1
DB08204,P00469,1
DB03297,Q8GB52,1
DB03026,P0A733,1
DB03951,P46926,1
DB08535,P24941,1
DB00899,P41143,1
DB13191,Q14353,1
DB01069,Q13303,1
DB08232,P08709,1
DB00924,P28335,1
DB00898,P43681,1
DB14006,P22303,1
DB04540,P35398,1
DB04562,Q99798,1
DB02379,P38940,1
DB12831,P00734,1
DB00849,P47869,1
DB07198,Q92731,1
DB07088,P07477,1
DB06454,P35462,1
DB02386,Q01693,1
DB13643,P18507,1
DB01956,Q16445,1
DB09028,P17787,1
DB04820,P21397,1
DB00690,O14764,1
DB02676,Q08499,1
DB04954,P30542,1
DB00349,P48169,1
DB02890,P08244,1
DB03959,P05230,1
DB08342,O75865,1
DB07305,P0AE18,1
DB08185,P80377,1
DB01643,P00469,1
DB00327,P41143,1
DB00370,P28335,1
DB01124,Q09428,1
DB00252,Q99250,1
DB08162,O75116,1
DB07056,P28845,1
DB00142,P42261,1
DB09235,Q13936,1
DB01428,P03372,1
DB01194,P00918,1
DB00231,P47869,1
DB00242,P56282,1
DB04568,Q8ZKR2,1
DB08118,P35557,1
DB08912,Q8NG66,1
DB04141,Q16134,1
DB01221,P06276,1
DB08646,Q8VUT0,1
DB03489,Q746L7,1
DB00244,P9WJI5,1
DB04000,P42262,1
DB09089,P20309,1
DB14568,O75874,1
DB03814,Q9Y468,1
DB01592,P69905,1
DB09418,Q92911,1
DB12695,P03886,1
DB09289,P35372,1
DB00536,P78352,1
DB00502,P08908,1
DB00201,Q13370,1
DB03317,P9WN25,1
DB01340,P12821,1
DB00715,Q8WXA8,1
DB02436,P18031,1
DB07003,P35228,1
DB01864,P62491,1
DB00975,P53805,1
DB12010,P07711,1
DB01873,Q9H4B7,1
DB13025,P28223,1
DB02196,P16442,1
DB12695,Q9NR28,1
DB07767,Q55813,1
DB00925,P0DP23,1
DB00201,O00329,1
DB03877,P00918,1
DB08882,P27487,1
DB01996,P45452,1
DB08453,P83797,1
DB01002,Q9Y5Y9,1
DB02685,P07858,1
DB00173,P07741,1
DB04447,P22262,1
DB09300,P20309,1
DB01614,P35368,1
DB06924,P15085,1
DB01133,Q96A05,1
DB13954,P37059,1
DB01593,Q0VD83,1
DB06154,P69905,1
DB05351,P51164,1
DB07643,Q96C86,1
DB02128,P25779,1
DB01267,P28335,1
DB00792,P35367,1
DB06819,P95468,1
DB08170,P09237,1
DB00945,P23219,1
DB03147,P28861,1
DB00142,Q9Y617,1
DB02552,Q9PM68,1
DB04464,P00395,1
DB01069,Q9H244,1
DB05552,P48736,1
DB07894,P00929,1
DB08111,Q59EB3,1
DB00659,Q9UN88,1
DB06153,P28222,1
DB00184,Q15822,1
DB03352,P0A006,1
DB00349,P28472,1
DB01713,P0C0F4,1
DB01717,Q96MA6,1
DB00131,Q9Y478,1
DB11638,Q8ILE8,1
DB03944,P63316,1
DB00418,Q8TCU5,1
DB12267,Q9UM73,1
DB00454,P11229,1
DB09288,P35354,1
DB00133,P21549,1
DB08689,P21912,1
DB02053,Q84CU3,1
DB04855,Q14500,1
DB09221,P01375,1
DB08690,P0C0Y9,1
DB06637,Q96RP8,1
DB00157,P49419,1
DB03147,Q56839,1
DB02109,Q8N142,1
DB03354,P11217,1
DB00255,O75469,1
DB11273,P28222,1
DB08515,P20618,1
DB03442,P31939,1
DB12271,P22792,1
DB09130,P56537,1
DB01215,Q8N1C3,1
DB06713,P02768,1
DB04419,P20823,1
DB00292,P18507,1
DB06845,P00734,1
DB01520,Q14957,1
DB09050,P02919,1
DB00273,Q16478,1
DB00228,P54289,1
DB13014,P08263,1
DB14508,P29218,1
DB02379,P01556,1
DB00770,P34995,1
DB05514,P51788,1
DB03389,Q9ZB17,1
DB01356,P42263,1
DB01267,P35368,1
DB00374,Q9H244,1
DB09118,Q99928,1
DB00945,Q9UGJ0,1
DB01242,P41595,1
DB01244,P51787,1
DB03419,Q5SKC5,1
DB08479,P04818,1
DB01065,P03372,1
DB04302,P9WQD9,1
DB13191,P48029,1
DB00721,Q92952,1
DB00421,Q06432,1
DB12010,P51955,1
DB00125,P78540,1
DB01588,Q9UN88,1
DB00908,O00180,1
DB07619,P28845,1
DB01066,P0A3M6,1
DB03247,P55038,1
DB02290,P9WHE9,1
DB04310,Q9I7A8,1
DB00292,P48169,1
DB00924,P50406,1
DB12742,Q06609,1
DB12140,P01584,1
DB04286,P36946,1
DB01215,P47869,1
DB00818,P48169,1
DB02106,P10828,1
DB12010,O94768,1
DB02169,P36873,1
DB01000,P08506,1
DB06903,Q82IZ1,1
DB01684,P48147,1
DB08791,P08581,1
DB00865,Q05940,1
DB01036,P08912,1
DB02134,P0A9M5,1
DB09130,P22626,1
DB08922,P35368,1
DB01375,P63316,1
DB01082,Q9UM07,1
DB04340,P15555,1
DB01592,P06746,1
DB00794,P48169,1
DB00408,P47898,1
DB00688,P12268,1
DB13643,O14764,1
DB01632,Q27796,1
DB08236,O15143,1
DB05047,P42263,1
DB06641,P31749,1
DB01068,P47870,1
DB01023,Q13698,1
DB13953,Q14457,1
DB03467,Q92731,1
DB01151,P17405,1
DB04599,P28223,1
DB01593,P02533,1
DB00248,P18825,1
DB12010,Q9HBH9,1
DB00571,P07550,1
DB01992,O06644,1
DB07853,Q9P289,1
DB00209,P11229,1
DB00605,O60218,1
DB00655,Q92731,1
DB00421,O95180,1
DB01890,P05019,1
DB08233,P24941,1
DB01215,P34903,1
DB01054,O95180,1
DB03725,P35558,1
DB07594,P07900,1
DB00204,O95069,1
DB00204,Q12809,1
DB04855,Q08289,1
DB00353,P41595,1
DB01174,Q8TCU5,1
DB07865,Q9L5C8,1
DB00836,P0DP23,1
DB08526,P09668,1
DB07416,P01834,1
DB07067,P27487,1
DB14185,P35368,1
DB04137,P38424,1
DB09342,Q9Y5Y9,1
DB01133,Q05209,1
DB14487,P03372,1
DB08348,Q9Y6F1,1
DB03010,P68366,1
DB09130,P30041,1
DB02032,Q9KKU4,1
DB07363,P00918,1
DB01233,P46098,1
DB00449,P35348,1
DB06472,P08514,1
DB13165,O75116,1
DB08453,P31930,1
DB00393,Q08289,1
DB03147,Q9RA47,1
DB01254,Q92570,1
DB00473,Q9Y5Y9,1
DB07768,P52895,1
DB01611,Q9NYK1,1
DB04800,P18031,1
DB08895,O60674,1
DB02054,P24630,1
DB11348,P04271,1
DB14539,P80365,1
DB00720,P05141,1
DB07113,P00797,1
DB01373,Q99584,1
DB00114,Q96A70,1
DB07319,P07900,1
DB07616,O60760,1
DB13179,P49228,1
DB03451,P11473,1
DB00898,Q99808,1
DB00562,Q16790,1
DB01582,P0AC13,1
DB07793,P11217,1
DB02635,O15382,1
DB04879,P17948,1
DB03627,P00183,1
DB07409,P60472,1
DB00181,O75899,1
DB00897,O14764,1
DB08504,P27487,1
DB08345,P68400,1
DB11967,Q13233,1
DB01328,P24228,1
DB00143,Q16772,1
DB02709,Q92945,1
DB00125,P00966,1
DB08552,P00811,1
DB00786,P14780,1
DB04137,P0A6T8,1
DB01593,P30101,1
DB00237,Q16099,1
DB04560,Q59334,1
DB08896,Q16832,1
DB00852,Q8WYK2,1
DB00463,O14764,1
DB09097,P14416,1
DB00337,P62942,1
DB08689,Q72LA5,1
DB03747,P07686,1
DB01588,P31644,1
DB00413,P08913,1
DB07842,P37231,1
DB02580,L0DSL2,1
DB03707,P29475,1
DB07863,Q15596,1
DB00243,P35368,1
DB00555,P28472,1
DB01145,Q27738,1
DB12010,Q9UQB9,1
DB02433,O66496,1
DB01050,P07204,1
DB00800,P21728,1
DB01259,P04626,1
DB07330,P09874,1
DB01755,P56690,1
DB11327,P35228,1
DB02724,P07822,1
DB03814,P52664,1
DB01622,P35348,1
DB01189,P18505,1
DB08437,P61927,1
DB03796,Q07869,1
DB01069,Q8TDN2,1
DB08489,P09237,1
DB00904,Q13639,1
DB13092,P02359,1
DB02345,P49913,1
DB13996,P05023,1
DB02776,Q7SIG1,1
DB07488,Q9Y6M4,1
DB04465,P16278,1
DB01114,P23975,1
DB00852,P60568,1
DB09232,O60840,1
DB02530,O75899,1
DB00761,Q9UHW9,1
DB08045,P08238,1
DB09216,P35354,1
DB01069,Q96KK3,1
DB08362,P68400,1
DB08668,P0AE18,1
DB02010,P11229,1
DB03147,Q86YB8,1
DB00543,P18089,1
DB12010,Q13546,1
DB15489,P48169,1
DB11148,P62955,1
DB03849,Q08499,1
DB00421,Q9P0X4,1
DB01244,Q12809,1
DB14481,Q9ULB1,1
DB07615,O60760,1
DB00907,P31645,1
DB02546,Q92769,1
DB08400,O00519,1
DB07249,P54760,1
DB08329,P00918,1
DB03814,Q01770,1
DB04843,P11229,1
DB01558,P18507,1
DB00396,P08235,1
DB00371,P78334,1
DB00349,Q9UN88,1
DB00143,P48637,1
DB06906,P56740,1
DB00395,P34903,1
DB00975,Q9Y233,1
DB04824,P04278,1
DB07736,P56817,1
DB11093,O75838,1
DB02580,Q82EE4,1
DB04573,P03372,1
DB02994,P11488,1
DB01069,P18089,1
DB04715,P11309,1
DB00178,P46663,1
DB00715,O95264,1
DB12010,Q13554,1
DB00811,P20839,1
DB00174,O43776,1
DB00744,P09917,1
DB00114,P21549,1
DB00384,P51168,1
DB03310,P21266,1
DB08185,P80374,1
DB00628,P47869,1
DB00160,Q8TD30,1
DB00909,P22748,1
DB08271,P39900,1
DB05434,P15692,1
DB04552,P04054,1
DB00451,P06756,1
DB07484,P15085,1
DB01593,P81605,1
DB01407,P01375,1
DB04716,O43293,1
DB11093,P41180,1
DB04209,P0A0N4,1
DB02527,P94182,1
DB11348,Q99584,1
DB00821,P23219,1
DB00372,P14416,1
DB02120,P00691,1
DB00246,A5X5Y0,1
DB04555,P14169,1
DB02267,P59846,1
DB03584,O85465,1
DB01545,O00591,1
DB00143,P19440,1
DB04147,Q3J1A5,1
DB03827,P09598,1
DB07401,P00156,1
DB06497,P51681,1
DB08063,P19793,1
DB08729,O76074,1
DB08320,P03372,1
DB09130,P15880,1
DB00125,Q96A70,1
DB00925,P18089,1
DB01156,Q01959,1
DB12010,P42681,1
DB02651,P18031,1
DB00940,P20309,1
DB04946,P14416,1
DB07706,O32393,1
DB13146,Q14957,1
DB07358,P35557,1
DB03385,P00918,1
DB14487,P02787,1
DB00273,Q16099,1
DB14011,P28223,1
DB08074,P24182,1
DB01050,P13569,1
DB11633,Q14654,1
DB02431,P0ABQ0,1
DB01189,P31644,1
DB01238,P34969,1
DB04654,P07477,1
DB05010,Q9UBS5,1
DB01393,O75469,1
DB04315,O60547,1
DB00715,P30939,1
DB00091,P49069,1
DB06814,P07550,1
DB06477,P35462,1
DB09130,P05121,1
DB01352,P36544,1
DB00246,P47898,1
DB04395,P45066,1
DB00514,O00264,1
DB01248,Q9H4B7,1
DB14487,P14780,1
DB14543,P04150,1
DB08000,P15121,1
DB09099,P32745,1
DB00321,P25100,1
DB03370,P00813,1
DB11348,Q9ULB1,1
DB08254,P07477,1
DB14011,Q16678,1
DB02216,P07339,1
DB03632,Q873X9,1
DB06694,P08913,1
DB07525,P11362,1
DB13437,O14764,1
DB01050,P23219,1
DB03461,Q8I814,1
DB01254,P42685,1
DB00795,Q9UPY5,1
DB03088,O68601,1
DB03106,P34024,1
DB00157,P03923,1
DB02005,Q01468,1
DB01028,P78334,1
DB09130,P35858,1
DB00874,Q8TCU5,1
DB03385,P02144,1
DB05088,P05067,1
DB00176,P31645,1
DB12695,P60903,1
DB01369,P0A7J6,1
DB04556,P22303,1
DB06911,P00734,1
DB00170,Q8N0U8,1
DB00193,P31645,1
DB06858,P07477,1
DB01331,P0AD68,1
DB00578,P08506,1
DB09130,P68104,1
DB00153,O60840,1
DB00922,Q14432,1
DB11619,P10275,1
DB06887,P18031,1
DB00753,P78334,1
DB02580,P35080,1
DB04147,P02929,1
DB04439,P80099,1
DB08490,P45452,1
DB01676,P71278,1
DB03247,O34974,1
DB02180,O60551,1
DB07941,Q16539,1
DB11421,Q494W8,1
DB00213,O94760,1
DB00149,Q9P2J5,1
DB09061,P28223,1
DB01558,P34903,1
DB06083,P05231,1
DB02998,P08235,1
DB00698,P0A7R5,1
DB01179,P07437,1
DB09088,Q99250,1
DB03865,P00749,1
DB02515,Q07412,1
DB02656,P48736,1
DB09201,P37231,1
DB08566,P17538,1
DB12010,Q02156,1
DB06654,P27338,1
DB07291,Q3JUV5,1
DB06403,P24530,1
DB00996,P30542,1
DB02839,P00438,1
DB00820,Q9HCR9,1
DB08916,Q15303,1
DB02494,P15085,1
DB00167,P54687,1
DB03477,P35354,1
DB00786,P22894,1
DB03590,P22188,1
DB00142,Q14957,1
DB04948,P08908,1
DB01436,O15528,1
DB12010,P08922,1
DB00172,P13674,1
DB01960,P06730,1
DB06922,P00811,1
DB00588,P06401,1
DB04066,Q14914,1
DB09112,P68871,1
DB00657,P36544,1
DB07082,P55055,1
DB02424,P07900,1
DB00898,P48058,1
DB01073,P27707,1
DB05885,P23415,1
DB00144,Q9NY59,1
DB03461,P21890,1
DB00603,P18507,1
DB00411,Q15822,1
DB08131,P0A884,1
DB11148,Q01668,1
DB04395,P29323,1
DB14487,P06396,1
DB12010,O95835,1
DB00252,P18507,1
DB12107,Q9X757,1
DB00459,P10826,1
DB01410,P04150,1
DB01110,Q8TDN1,1
DB03400,P95468,1
DB01267,P21728,1
DB01435,P35354,1
DB03345,O25323,1
DB03258,P28248,1
DB11823,Q05586,1
DB04035,Q840M4,1
DB04714,P14324,1
DB11638,Q07020,1
DB00402,P14867,1
DB02379,P0AEK4,1
DB00453,P0A7X3,1
DB04115,O15392,1
DB02190,P08200,1
DB01496,Q13002,1
DB03500,P32947,1
DB11967,P01584,1
DB04751,Q15418,1
DB12598,P00734,1
DB12010,Q16584,1
DB00157,P03891,1
DB00733,P06276,1
DB00628,O14764,1
DB12695,Q9Y266,1
DB00776,Q07699,1
DB04681,P16442,1
DB08562,P01834,1
DB01043,P14867,1
DB01954,Q07343,1
DB08441,P24941,1
DB11093,Q99828,1
DB13345,Q70Z44,1
DB11348,O14958,1
DB04425,P56740,1
DB00172,P30405,1
DB09089,O00305,1
DB09130,P31946,1
DB00136,P11473,1
DB11638,C6S3C7,1
DB01587,P31644,1
DB00580,P00918,1
DB04395,P59846,1
DB01015,P0AC13,1
DB00349,P47870,1
DB00686,P05230,1
DB08108,P14900,1
DB00157,O95167,1
DB01694,P26196,1
DB00366,P20309,1
DB00527,Q14524,1
DB03984,P25774,1
DB00476,P23975,1
DB00410,P41972,1
DB12010,P21802,1
DB14639,P10275,1
DB03069,P26397,1
DB01351,P36544,1
DB04447,Q02192,1
DB01068,Q99928,1
DB04395,Q9RA63,1
DB06521,P18031,1
DB00452,P61073,1
DB00898,P34903,1
DB00273,P07451,1
DB08309,P24941,1
DB01545,P34903,1
DB09195,P35348,1
DB04839,P07288,1
DB00472,P31645,1
DB01830,P06239,1
DB00764,P04150,1
DB01708,Q8N1C3,1
DB01942,Q9X0F9,1
DB05431,P09917,1
DB01000,P02918,1
DB07763,P14927,1
DB04464,P23882,1
DB08156,P00918,1
DB04462,P68400,1
DB06909,Q07343,1
DB07216,P49356,1
DB00514,P41145,1
DB09061,P14902,1
DB03859,P37700,1
DB01069,Q6PIU1,1
DB00630,P38606,1
DB07711,P00813,1
DB08462,P12931,1
DB07916,P29466,1
DB07219,P07858,1
DB01594,P31644,1
DB01136,P16581,1
DB07046,Q02750,1
DB00193,P25103,1
DB04553,Q70AC7,1
DB02540,P08179,1
DB00590,Q12809,1
DB09073,Q00534,1
DB07415,P56817,1
DB06594,P49286,1
DB04672,Q9NPB1,1
DB00842,O00591,1
DB00475,O00591,1
DB00696,P28221,1
DB09130,P05543,1
DB03428,Q00535,1
DB08066,P24941,1
DB02840,P07900,1
DB04450,P53554,1
DB06216,P28222,1
DB00239,O75469,1
DB04855,O95069,1
DB02877,P10826,1
DB11703,Q06187,1
DB02437,P39377,1
DB02266,P10275,1
DB07465,P27487,1
DB01412,P30542,1
DB11638,C0H4Y6,1
DB03165,Q46822,1
DB00228,Q12809,1
DB13345,P28335,1
DB12010,Q9H0K1,1
DB04875,P29466,1
DB13345,Q13639,1
DB12010,P23458,1
DB01175,P28223,1
DB12010,Q9NRP7,1
DB01043,P47870,1
DB00568,P35367,1
DB11093,Q9ULU8,1
DB07688,P20248,1
DB14028,P28472,1
DB05964,P14416,1
DB01133,Q8NHE4,1
DB01440,P18505,1
DB00726,P35367,1
DB14002,Q9UDX4,1
DB01544,P18507,1
DB01094,P55157,1
DB07925,P00929,1
DB05383,P15121,1
DB01069,Q9Y6H6,1
DB00308,Q12809,1
DB00433,P25100,1
DB03033,P08254,1
DB02943,P08263,1
DB03317,P00132,1
DB05295,P11473,1
DB08594,P43235,1
DB04799,Q9UDW1,1
DB08180,P49354,1
DB03309,P19622,1
DB04896,P23975,1
DB08677,P24941,1
DB00898,Q9UN88,1
DB03825,P0A0N5,1
DB03863,Q46079,1
DB11186,P35499,1
DB03921,P36897,1
DB00173,Q8RLY5,1
DB01095,Q92769,1
DB02894,P00918,1
DB03909,P46859,1
DB00819,Q9ULX7,1
DB00952,P30939,1
DB07158,O14757,1
DB14019,P25103,1
DB03147,O31616,1
DB00346,P35368,1
DB03828,P12931,1
DB06678,P08913,1
DB03034,P06653,1
DB00237,Q9UGM1,1
DB03814,P00861,1
DB04545,Q08638,1
DB01593,P15169,1
DB01066,Q8XJ01,1
DB01942,Q60099,1
DB01906,P56740,1
DB01483,P47869,1
DB00546,P48169,1
DB00499,P35869,1
DB04368,P0A6K3,1
DB00203,P18545,1
DB00909,Q9Y2D0,1
DB14481,P41180,1
DB01182,Q14524,1
DB02395,P15559,1
DB00173,P78362,1
DB00695,P00918,1
DB09185,P23975,1
DB04256,Q13255,1
DB01544,P28472,1
DB11793,Q9UGN5,1
DB04646,P83798,1
DB04310,Q82ZJ0,1
DB00786,P39900,1
DB04513,P0DP23,1
DB03606,Q08499,1
DB03814,P28845,1
DB02728,P14174,1
DB00995,P30044,1
DB06216,P50406,1
DB00157,Q9UBM7,1
DB07250,P54760,1
DB06460,P24530,1
DB07758,P0AE18,1
DB02030,Q05603,1
DB00431,O75311,1
DB04447,P00352,1
DB03026,P32169,1
DB01422,P50579,1
DB03200,Q05603,1
DB00651,Q07343,1
DB01472,Q01959,1
DB00252,Q9UN88,1
DB02408,P0A078,1
DB07038,O14757,1
DB03327,P10724,1
DB00114,O15269,1
DB07814,Q6P093,1
DB00409,Q99720,1
DB02498,P09874,1
DB01912,P06653,1
DB14487,P00736,1
DB00172,P23284,1
DB14059,Q04206,1
DB09238,O00305,1
DB01992,P07464,1
DB02379,P54583,1
DB00393,Q01668,1
DB06082,Q16665,1
DB00463,Q13002,1
DB04361,P13650,1
DB13146,P42262,1
DB04310,P0A6K3,1
DB08538,P24941,1
DB01643,P23919,1
DB09061,P23219,1
DB09079,P16234,1
DB12107,P05364,1
DB00281,P00533,1
DB01189,O14764,1
DB06970,Q8DNV6,1
DB04343,P9WKK7,1
DB01497,P41145,1
DB06204,P23975,1
DB12245,Q34522,1
DB04395,P0A7G9,1
DB07604,O14983,1
DB02745,P0A927,1
DB01069,Q15858,1
DB00116,P13995,1
DB04590,P08709,1
DB01069,Q15391,1
DB13643,O00591,1
DB00370,P28223,1
DB00924,P41595,1
DB07537,P35968,1
DB00292,P31644,1
DB00143,P00390,1
DB13877,P09874,1
DB04751,P12931,1
DB08121,P37231,1
DB08901,P10721,1
DB00514,P35372,1
DB07875,P00742,1
DB06151,O15111,1
DB00233,P09917,1
DB01576,P18825,1
DB08226,Q8RQE9,1
DB00120,Q9UHI5,1
DB04013,P11217,1
DB00144,Q16760,1
DB09304,P46098,1
DB02899,Q5SII2,1
DB09060,P37321,1
DB13953,P43681,1
DB08217,P06730,1
DB07518,Q9WWU5,1
DB02026,P16184,1
DB00170,P16083,1
DB00303,P0AD65,1
DB00622,P20309,1
DB00210,P28702,1
DB01168,P21397,1
DB00567,Q8DNB6,1
DB00172,O43447,1
DB02355,O32393,1
DB08562,P01615,1
DB02184,P9WHE9,1
DB09283,O76083,1
DB01097,Q02127,1
DB00128,P08243,1
DB08648,P0A9J8,1
DB02703,P00484,1
DB08828,Q99835,1
DB06992,P28845,1
DB00409,P14416,1
DB02709,Q07869,1
DB06701,P31645,1
DB08086,P14779,1
DB08377,P01857,1
DB14533,P02787,1
DB07278,P00742,1
DB00458,P28223,1
DB09130,P26447,1
DB14530,P00167,1
DB01752,Q56308,1
DB03127,P06870,1
DB02112,P07477,1
DB00145,Q12879,1
DB03317,P99999,1
DB06836,Q8NEB9,1
DB00328,P42330,1
DB03147,P55792,1
DB14011,P41143,1
DB14540,P04083,1
DB07434,P00800,1
DB13269,Q9Y5Y9,1
DB06216,P08588,1
DB12565,Q13547,1
DB01115,Q08289,1
DB03205,Q9Z4J7,1
DB02789,O75469,1
DB03346,P49888,1
DB01392,P28222,1
DB01107,P28472,1
DB02953,P22894,1
DB01156,P46098,1
DB00157,O75251,1
DB00277,P27815,1
DB07625,P00749,1
DB00172,Q96EM0,1
DB01553,P47870,1
DB08146,P24182,1
DB03731,P78540,1
DB08132,P24941,1
DB02153,P04190,1
DB01151,P31645,1
DB00128,P07998,1
DB07969,P08581,1
DB09093,P02359,1
DB01940,P17612,1
DB01185,P04150,1
DB04464,P00414,1
DB03800,P13100,1
DB02451,P30301,1
DB00749,P23219,1
DB01915,P09211,1
DB00825,Q13698,1
DB00170,P15559,1
DB08185,Q5SHN7,1
DB14501,Q9GZT9,1
DB05134,P08238,1
DB00228,Q9H3M0,1
DB07766,Q9UQM7,1
DB04852,P55157,1
DB06477,P14416,1
DB00899,P41145,1
DB00540,P25100,1
DB04447,P06988,1
DB03017,P06971,1
DB00949,Q12879,1
DB09061,P48167,1
DB08185,Q5SHN3,1
DB12010,Q96RR4,1
DB01200,P18825,1
DB04464,P11349,1
DB04020,Q92731,1
DB01454,P23975,1
DB08178,P20248,1
DB03847,P00734,1
DB07227,P49354,1
DB03235,P01556,1
DB04082,P0A808,1
DB00836,P41145,1
DB07388,P29474,1
DB01069,P08913,1
DB07673,P00800,1
DB04072,Q99798,1
DB03461,P35270,1
DB12010,O95747,1
DB04272,P32427,1
DB00155,O95865,1
DB00773,P11388,1
DB03559,P08319,1
DB13952,P62508,1
DB02431,Q9X1B3,1
DB02218,O82839,1
DB00540,P35368,1
DB00171,P25098,1
DB00174,Q7L266,1
DB00160,P80404,1
DB07541,P00811,1
DB09088,Q15858,1
DB12305,Q01959,1
DB11560,Q96S37,1
DB03814,P45314,1
DB00202,Q693P7,1
DB04843,P20309,1
DB01355,P31644,1
DB04522,Q9UL54,1
DB03157,P0A884,1
DB11638,P06748,1
DB08081,P33905,1
DB00570,Q71U36,1
DB05494,P27707,1
DB00831,P0DP23,1
DB02919,P00374,1
DB01861,Q7Z4J2,1
DB04447,O87949,1
DB00622,P35368,1
DB03430,Q6UWM7,1
DB06712,Q13936,1
DB04459,P00746,1
DB00145,P23416,1
DB06282,P35367,1
DB03775,P13000,1
DB01987,P27302,1
DB00388,P25100,1
DB11582,O14764,1
DB00431,P23416,1
DB12010,P07333,1
DB00541,P07437,1
DB01065,P27797,1
DB07907,Q9UJM8,1
DB06345,P34913,1
DB01028,P18505,1
DB04896,P31645,1
DB04160,P22939,1
DB08596,P07998,1
DB00753,P43681,1
DB00546,P31644,1
DB06441,Q9H244,1
DB12010,Q9Y616,1
DB05219,Q08499,1
DB03759,P42262,1
DB00759,P0AG59,1
DB14672,Q99928,1
DB01861,P46976,1
DB14481,P04271,1
DB01210,P08588,1
DB08403,P03956,1
DB00945,O14920,1
DB00957,P03372,1
DB08024,P27487,1
DB00381,Q02641,1
DB01238,P18825,1
DB01110,P48547,1
DB00477,P08908,1
DB08039,P0DP23,1
DB01224,P28221,1
DB06262,P00439,1
DB08453,P14927,1
DB04762,P00509,1
DB03942,P0AG16,1
DB00321,P28221,1
DB02261,P17900,1
DB01177,P11388,1
DB07164,P24941,1
DB03572,P00813,1
DB02751,Q14353,1
DB03564,P83849,1
DB04502,P25779,1
DB03159,P00749,1
DB00133,O15269,1
DB02774,P84077,1
DB07551,P07173,1
DB13781,P08588,1
DB01752,Q54527,1
DB08901,P07948,1
DB00920,P52209,1
DB08431,Q9ZGI2,1
DB02736,P27017,1
DB14715,P47870,1
DB05154,P9WJY5,1
DB02809,P00381,1
DB00320,P28221,1
DB01681,P15259,1
DB01742,P62937,1
DB09236,O00305,1
DB00116,P48728,1
DB01393,P37231,1
DB00138,O60931,1
DB07841,P53609,1
DB01992,P09373,1
DB00430,Q9X6W0,1
DB01919,P17612,1
DB00619,P04629,1
DB02195,Q16539,1
DB01878,P03372,1
DB02697,P45452,1
DB04052,Q05603,1
DB04464,Q02221,1
DB00247,P28222,1
DB00543,P18825,1
DB03147,Q16795,1
DB00131,Q07343,1
DB07654,O14757,1
DB13643,P47870,1
DB06942,P00734,1
DB02314,P22188,1
DB04548,Q54873,1
DB00408,P35368,1
DB15643,Q9BYF1,1
DB00907,Q01118,1
DB02461,P0AE67,1
DB00829,P14867,1
DB00228,Q02641,1
DB00157,O43678,1
DB00424,P11229,1
DB00159,Q03181,1
DB04216,P35869,1
DB02526,P00749,1
DB00915,P14416,1
DB00119,P14618,1
DB00408,P35348,1
DB01593,P02787,1
DB00157,P40926,1
DB13025,P28221,1
DB03316,Q9Y6I3,1
DB01405,P43700,1
DB08185,P80372,1
DB00419,Q16739,1
DB03571,P56740,1
DB05255,Q5T601,1
DB02098,P07998,1
DB09017,P18505,1
DB09085,Q01118,1
DB09130,P11021,1
DB04275,P35270,1
DB01063,P14416,1
DB00246,P35367,1
DB04395,P19367,1
DB02377,P00491,1
DB14518,P06870,1
DB12569,P30542,1
DB00759,P0A7V3,1
DB12141,P28335,1
DB00875,P21728,1
DB08648,P9WIB9,1
DB02767,Q9Y6Y9,1
DB00237,P34903,1
DB06144,P50406,1
DB14487,O15304,1
DB02448,P14555,1
DB01630,P08253,1
DB08375,Q47066,1
DB00157,P48163,1
DB02254,P39594,1
DB09304,Q8WXA8,1
DB03450,Q47066,1
DB05869,P09429,1
DB02359,P07900,1
DB02669,P00800,1
DB02348,P11217,1
DB02627,P00811,1
DB01489,O00591,1
DB02322,P13501,1
DB07973,P00742,1
DB01587,O14764,1
DB00598,P25100,1
DB08437,P40429,1
DB02379,P40943,1
DB00756,P06149,1
DB00917,P43115,1
DB07606,P24941,1
DB02189,P04053,1
DB02450,P52699,1
DB00586,P35354,1
DB11638,Q8IKF0,1
DB06262,P35348,1
DB14754,Q01959,1
DB06287,P42345,1
DB00704,Q5T1J1,1
DB00581,P06864,1
DB07106,P50135,1
DB00261,Q14432,1
DB00715,P34969,1
DB09236,P54284,1
DB00809,P20309,1
DB04394,P00918,1
DB04214,Q9BVJ7,1
DB00412,Q03181,1
DB00200,Q9Y4U1,1
DB01110,Q12791,1
DB01239,Q70Z44,1
DB14487,P01619,1
DB07856,P17612,1
DB00456,Q8XJ01,1
DB04167,Q9RYA6,1
DB00661,P35348,1
DB03909,Q9X278,1
DB00493,Q7CRA4,1
DB00014,P22888,1
DB14489,Q9NZD4,1
DB02062,P08473,1
DB00457,P25100,1
DB03575,Q8TCU5,1
DB06229,P25100,1
DB00454,P41145,1
DB01123,P0A0N4,1
DB01069,Q9UQD0,1
DB00874,O15399,1
DB00193,P18089,1
DB12695,P27348,1
DB02240,P28593,1
DB06637,Q16322,1
DB11995,Q9UNQ0,1
DB01954,Q08499,1
DB02509,P27338,1
DB00560,P0A7U3,1
DB03555,P07477,1
DB05271,P35462,1
DB01593,P01599,1
DB01408,P07550,1
DB05869,P01375,1
DB07210,P24941,1
DB03777,O15530,1
DB07139,P15121,1
DB14672,P14867,1
DB07551,P06008,1
DB02813,P11797,1
DB04513,P63316,1
DB04798,P42262,1
DB00273,Q14524,1
DB01011,P00183,1
DB07664,Q9Y6M4,1
DB01083,P16233,1
DB13335,P31644,1
DB08889,P28065,1
DB00201,O00408,1
DB07952,P0A2K1,1
DB01200,P28222,1
DB09229,P25100,1
DB12693,P28223,1
DB02918,Q08499,1
DB01119,P00915,1
DB02622,P18031,1
DB00523,P13631,1
DB00403,P32238,1
DB07540,P24941,1
DB00117,P12081,1
DB14001,O75469,1
DB03758,P08238,1
DB01151,P18089,1
DB05408,P29466,1
DB08555,P53779,1
DB00594,P19801,1
DB01088,Q07343,1
DB03996,P52732,1
DB00661,Q13936,1
DB14501,Q9BY41,1
DB07431,P49137,1
DB01351,P42262,1
DB05708,P36544,1
DB06893,Q9I5I9,1
DB08185,Q01698,1
DB07823,P00811,1
DB00898,Q99928,1
DB04953,O43525,1
DB08370,P09211,1
DB03343,P0C278,1
DB01043,P47869,1
DB00555,Q8N1C3,1
DB05239,Q02750,1
DB06408,P22413,1
DB00128,P43005,1
DB07655,O14757,1
DB11638,P11142,1
DB02329,P19992,1
DB07914,Q59721,1
DB07089,P56817,1
DB01472,P08913,1
DB06680,P06401,1
DB00849,Q16445,1
DB08640,Q9UNI1,1
DB07443,Q02127,1
DB00319,Q7CRA4,1
DB11830,Q92769,1
DB01175,P35348,1
DB03018,Q05603,1
DB00306,Q16445,1
DB01791,Q08493,1
DB01088,P00750,1
DB08815,P14416,1
DB01588,P47870,1
DB01326,Q70KI2,1
DB04646,P83793,1
DB03752,P23219,1
DB00182,P25100,1
DB11638,P04406,1
DB01047,P04150,1
DB04451,P0DJ06,1
DB14540,P04150,1
DB08897,P08912,1
DB14879,Q07806,1
DB11638,Q8I0X2,1
DB04400,P56740,1
DB07179,P24941,1
DB04685,Q8II92,1
DB00212,P00797,1
DB08389,Q9Y233,1
DB06486,Q96Q40,1
DB08637,Q51948,1
DB01198,P31644,1
DB08633,P50579,1
DB02262,P08870,1
DB00522,P05981,1
DB00800,P18825,1
DB08692,P17538,1
DB00849,P14867,1
DB00734,P18089,1
DB00898,P14867,1
DB12010,O75460,1
DB04559,P29474,1
DB04281,Q02127,1
DB07045,P11142,1
DB00142,O00222,1
DB00675,Q04759,1
DB07080,Q15596,1
DB04166,Q96RQ9,1
DB08896,P04629,1
DB00157,O95139,1
DB06016,P35367,1
DB00546,Q9UN88,1
DB05540,Q8N142,1
DB01708,P10275,1
DB14879,Q9X6V3,1
DB11638,Q8I5Y3,1
DB12890,P21728,1
DB12010,P49840,1
DB01355,P14867,1
DB00367,P10275,1
DB03723,Q9HU22,1
DB08889,P28062,1
DB03147,Q9RC23,1
DB01000,P0AEB2,1
DB02722,Q8VVD2,1
DB04162,P61713,1
DB08522,Q16539,1
DB04216,Q16678,1
DB09060,Q9EXV5,1
DB03704,P11766,1
DB03256,Q9AGP8,1
DB13751,P42574,1
DB00434,P34969,1
DB00555,P30542,1
DB07981,P23219,1
DB00690,P48169,1
DB14715,O00591,1
DB00721,P46098,1
DB03573,Q9UBX1,1
DB08453,P22695,1
DB03971,P04746,1
DB04633,P21673,1
DB00870,P35354,1
DB04890,P35367,1
DB13437,P14867,1
DB00714,P28335,1
DB00789,P52209,1
DB01963,P17538,1
DB12010,Q8TD08,1
DB11921,P04150,1
DB03013,P15291,1
DB00546,Q16445,1
DB07316,P28845,1
DB04272,Q9X0N8,1
DB00615,P0A7Z4,1
DB07748,P00929,1
DB01030,Q969P6,1
DB00395,P18507,1
DB02860,P36873,1
DB08350,P00519,1
DB00634,P0C002,1
DB12010,P51617,1
DB08028,P22894,1
DB01956,P37610,1
DB02110,P99999,1
DB14533,P04075,1
DB08575,P08473,1
DB04147,P69681,1
DB01602,P0AEB2,1
DB03761,P0CI79,1
DB13155,P10275,1
DB00117,Q99624,1
DB03476,P00749,1
DB00412,P28702,1
DB14481,Q96L12,1
DB04738,P36873,1
DB01613,P20594,1
DB04482,P44490,1
DB08846,P23280,1
DB00157,P08559,1
DB02269,P07477,1
DB04372,Q9UKL6,1
DB04221,P9WPB5,1
DB01915,Q9BWD1,1
DB09319,P0AD68,1
DB00463,Q9UN88,1
DB01180,P12821,1
DB04250,P06276,1
DB05470,P05231,1
DB00276,P02768,1
DB04510,P00558,1
DB00568,P14416,1
DB02315,P10644,1
DB07428,P69905,1
DB04315,P0A7D4,1
DB00270,P54289,1
DB01110,Q02641,1
DB04795,P23141,1
DB00794,P34903,1
DB01069,P25021,1
DB03461,Q56694,1
DB00537,C3T8E2,1
DB01942,P0A1V8,1
DB08155,P00918,1
DB01244,P05023,1
DB01992,P96618,1
DB01944,Q7Z406,1
DB02547,O60547,1
DB01014,P09917,1
DB08611,P25774,1
DB01401,P35354,1
DB03977,P0DP23,1
DB12010,P09619,1
DB01553,P34903,1
DB08266,Q8RQE7,1
DB00783,O75469,1
DB07954,Q08499,1
DB00774,P22748,1
DB14001,P23743,1
DB09121,Q08828,1
DB01593,P02746,1
DB04494,P52687,1
DB00563,P04818,1
DB05492,P35368,1
DB03316,P00780,1
DB00370,P35368,1
DB03153,P00492,1
DB01355,P48169,1
DB00608,P09429,1
DB03117,P52045,1
DB07269,P15086,1
DB00767,P11229,1
DB05134,P07900,1
DB00726,P13945,1
DB01159,P48051,1
DB00572,P20309,1
DB14491,P02786,1
DB00404,P47870,1
DB06486,O14965,1
DB09061,O43497,1
DB00171,O95255,1
DB05253,P06401,1
DB02343,P83788,1
DB03158,P32019,1
DB01576,P23975,1
DB01496,P43681,1
DB04272,Q9X286,1
DB00292,P34903,1
DB03906,P09601,1
DB00608,P09488,1
DB08772,O60218,1
DB00157,P30043,1
DB14719,P47870,1
DB01151,P35367,1
DB02259,P18031,1
DB01069,Q9UJ96,1
DB00446,P0ADY7,1
DB01224,P20309,1
DB07857,P17612,1
DB01110,Q6PIU1,1
DB04141,P31040,1
DB00955,P0A7S3,1
DB00153,Q9Y698,1
DB04861,P13945,1
DB08076,P24182,1
DB12010,Q8NI60,1
DB04276,P07384,1
DB04888,P14416,1
DB02701,P09874,1
DB12010,P30291,1
DB00433,P18089,1
DB13345,P35348,1
DB14541,P80365,1
DB00430,Q07806,1
DB04315,P51151,1
DB00402,Q9UN88,1
DB04063,P0AB80,1
DB00193,P18825,1
DB00583,Q8N8R3,1
DB04147,P06009,1
DB00334,Q99928,1
DB00786,P08253,1
DB04855,P54284,1
DB00247,P08908,1
DB02761,P77444,1
DB03738,Q96CD2,1
DB04216,P48736,1
DB13269,Q9UI33,1
DB09167,P35367,1
DB00589,P28335,1
DB00155,Q9ULW8,1
DB15035,Q13882,1
DB11071,P23219,1
DB14719,P78334,1
DB02266,P42330,1
DB00171,P13569,1
DB08809,Q15118,1
DB02274,P12995,1
DB02659,P62508,1
DB09130,P68871,1
DB07853,Q9H2G2,1
DB01694,Q9P2W7,1
DB00243,P08588,1
DB03814,P09417,1
DB01388,P54284,1
DB03756,P19793,1
DB07849,P09211,1
DB11638,P62269,1
DB00898,Q06432,1
DB00237,Q15825,1
DB00483,P08912,1
DB14501,P39748,1
DB02379,P26221,1
DB04137,P61587,1
DB11587,P07550,1
DB03461,Q6UWP2,1
DB07287,P9WGR1,1
DB07748,P0A2K1,1
DB13837,P18507,1
DB06702,P20309,1
DB04740,P52700,1
DB07053,P37231,1
DB00228,Q9UJ90,1
DB11901,O00591,1
DB03976,P07478,1
DB08521,Q16539,1
DB07281,P56817,1
DB06229,P18825,1
DB03410,P46072,1
DB01165,P43700,1
DB03450,P15555,1
DB12278,Q13936,1
DB03338,Q03181,1
DB07685,P24941,1
DB02007,P26276,1
DB08649,P84888,1
DB01239,P14416,1
DB03059,Q16836,1
DB00464,P04070,1
DB00398,P35968,1
DB14028,P34903,1
DB06248,Q9NPC1,1
DB00157,O00217,1
DB00540,P13945,1
DB14185,P21918,1
DB08544,O67854,1
DB11235,P35367,1
DB07607,Q16539,1
DB00334,P35348,1
DB04153,P11766,1
DB07228,O14757,1
DB04395,P53355,1
DB00909,P35499,1
DB01923,P39304,1
DB03566,P07550,1
DB04522,P11309,1
DB07902,P53582,1
DB09195,P18089,1
DB01579,P35368,1
DB00119,P30613,1
DB11478,P04278,1
DB02664,Q01693,1
DB13837,Q8N1C3,1
DB00863,P22303,1
DB04147,P0A915,1
DB08396,P01768,1
DB02425,P9WMC1,1
DB06347,O14965,1
DB00463,P14867,1
DB00141,O60513,1
DB00149,Q9UIC8,1
DB14533,P20742,1
DB05678,P55157,1
DB00679,P35348,1
DB01910,P13956,1
DB01594,Q99928,1
DB00991,P35354,1
DB05956,Q13224,1
DB06698,Q9Y5N1,1
DB00841,P08588,1
DB12116,Q86XF0,1
DB00334,P28221,1
DB04863,P05106,1
DB06729,P0AC13,1
DB00589,P21917,1
DB04529,Q9AFC7,1
DB08166,P11309,1
DB14185,P21917,1
DB02597,P08473,1
DB02596,O32393,1
DB02175,Q8ZPC0,1
DB00255,P03372,1
DB00402,P78334,1
DB09061,P24752,1
DB00237,P47870,1
DB04180,P00918,1
DB05767,Q00653,1
DB00523,P10826,1
DB04761,P45452,1
DB03707,P29474,1
DB01115,P0DP23,1
DB03088,P04746,1
DB00145,O75311,1
DB09205,P35368,1
DB01028,P42261,1
DB02379,Q7Z4J2,1
DB07098,Q5G940,1
DB03389,Q46079,1
DB03086,P50579,1
DB09166,Q9UN88,1
DB11937,Q9HC97,1
DB01942,P0A7E1,1
DB02085,Q00740,1
DB09166,O00591,1
DB00978,P11388,1
DB01254,P06239,1
DB08868,O95977,1
DB00162,Q9HBH5,1
DB00159,P23219,1
DB00387,P08172,1
DB03645,P13929,1
DB06847,A0A0M3KKX1,1
DB00241,Q9UN88,1
DB02226,P22303,1
DB00555,Q99928,1
DB04530,P9WH11,1
DB09220,O60706,1
DB00805,P14416,1
DB05260,P21281,1
DB06984,Q16706,1
DB01223,P0DMS8,1
DB06148,P50406,1
DB00366,P11229,1
DB01200,P21917,1
DB03369,Q00441,1
DB06795,P23280,1
DB00655,P10275,1
DB01624,P35367,1
DB06603,P56524,1
DB09304,P50406,1
DB01054,P54289,1
DB12010,Q99759,1
DB11830,O15379,1
DB08439,P02788,1
DB02383,P15121,1
DB03608,P07477,1
DB03310,P30711,1
DB03815,P69923,1
DB06176,Q13547,1
DB04310,Q819K2,1
DB06716,P28472,1
DB01614,P08908,1
DB01190,Q2G0P0,1
DB00189,P18505,1
DB00162,P05090,1
DB01989,Q9Y6L7,1
DB00241,P18505,1
DB00157,P00352,1
DB01511,P78334,1
DB01812,P52848,1
DB00755,P48443,1
DB01427,P27815,1
DB04540,Q14994,1
DB04794,P20813,1
DB01621,P08908,1
DB00623,P28335,1
DB02482,Q04759,1
DB02185,Q6UWM7,1
DB02482,P31949,1
DB00504,P35372,1
DB01067,Q09428,1
DB09060,Q9F663,1
DB02457,P07098,1
DB00114,Q6WRI0,1
DB07979,P14920,1
DB00201,P30542,1
DB00897,P78334,1
DB01090,P30926,1
DB03435,Q8T8E9,1
DB13025,O95264,1
DB02451,P82543,1
DB13908,Q99250,1
DB11994,P20815,1
DB01559,P31644,1
DB12010,Q00536,1
DB07672,P01857,1
DB00951,P9WIE5,1
DB04894,P35346,1
DB00502,P21728,1
DB12010,Q14680,1
DB00847,P61278,1
DB00381,A0A024R8I1,1
DB11738,P08913,1
DB09089,Q9NPA1,1
DB00190,P20711,1
DB01452,P41145,1
DB04315,P9WN95,1
DB00173,O00763,1
DB00616,P12821,1
DB06918,P07477,1
DB02342,P11511,1
DB04224,Q03181,1
DB04137,P43099,1
DB09076,P08172,1
DB00157,O43677,1
DB00449,P08913,1
DB09285,P09917,1
DB08545,Q6PYX1,1
DB09194,P08912,1
DB08837,Q08460,1
DB00321,P28223,1
DB07516,P47229,1
DB14487,P02751,1
DB02379,P07986,1
DB01544,P14867,1
DB01149,P28335,1
DB00830,Q01959,1
DB00349,P78334,1
DB00824,P29274,1
DB00143,P46439,1
DB00797,P18089,1
DB04272,P62312,1
DB01618,P14416,1
DB08330,P07919,1
DB00434,P08172,1
DB06151,Q9UPY5,1
DB14185,P08173,1
DB00593,O43497,1
DB03389,Q7SIE2,1
DB00335,P08588,1
DB01069,Q14721,1
DB01559,Q99928,1
DB00157,P05093,1
DB02419,P62937,1
DB08624,P35869,1
DB04234,P43235,1
DB04303,O68541,1
DB11619,P04150,1
DB01837,P23219,1
DB04440,P00813,1
DB04521,Q16772,1
DB09304,P30939,1
DB07859,P31751,1
DB00428,Q89ZI2,1
DB00852,P35348,1
DB00772,P06276,1
DB00812,P35354,1
DB00774,Q16790,1
DB14011,P00390,1
DB01138,O75469,1
DB03958,Q96C86,1
DB08080,Q8WWL2,1
DB07155,P9WGR1,1
DB14631,P04150,1
DB08551,P00811,1
DB14649,P51843,1
DB03491,P15531,1
DB00605,P23219,1
DB06153,P20309,1
DB01667,P00491,1
DB08572,P20248,1
DB11638,O77323,1
DB02175,P12931,1
DB02438,P15587,1
DB09462,P69924,1
DB03814,P30041,1
DB00678,P30556,1
DB12455,P0A7W7,1
DB09061,P35354,1
DB00421,Q9UBN1,1
DB04182,O34667,1
DB00142,P17174,1
DB02849,P16932,1
DB07058,P49841,1
DB01244,P54750,1
DB02152,P08581,1
DB14649,P04150,1
DB01593,P03952,1
DB08815,P34969,1
DB01846,O06644,1
DB01631,P01857,1
DB00563,P31939,1
DB01327,P27169,1
DB04786,Q9NXA8,1
DB06637,Q14721,1
DB00408,P35462,1
DB06700,P31645,1
DB14487,P00751,1
DB01043,Q13224,1
DB00714,P21917,1
DB01118,Q9H252,1
DB04131,Q54528,1
DB04099,Q9HAN9,1
DB07855,P17612,1
DB00715,P28566,1
DB00543,P20309,1
DB12457,Q16602,1
DB04069,P53355,1
DB03760,P10515,1
DB13154,P35499,1
DB06858,P00734,1
DB00245,P23975,1
DB00692,P35368,1
DB00184,P30532,1
DB08836,P12821,1
DB04311,P07477,1
DB01593,P04637,1
DB14061,P08183,1
DB04137,P20339,1
DB02120,P30920,1
DB03904,P05089,1
DB09089,Q9Y691,1
DB01034,P49327,1
DB14487,P16455,1
DB00511,P05023,1
DB06832,Q92731,1
DB00937,P23975,1
DB11093,Q02818,1
DB04768,Q9H3S4,1
DB04315,P11233,1
DB01215,Q9UN88,1
DB06229,P08913,1
DB06506,P08908,1
DB12010,Q13882,1
DB13800,P0DP23,1
DB03929,P23415,1
DB03461,P15770,1
DB00841,P07550,1
DB14488,Q969S2,1
DB00696,P21728,1
DB01186,P14416,1
DB02733,P24941,1
DB01413,P0AD65,1
DB00934,P34969,1
DB00189,P47870,1
DB03568,P06276,1
DB00898,Q9UGM1,1
DB09130,P08865,1
DB08325,Q12866,1
DB07195,P03372,1
DB03147,P00914,1
DB05458,P17787,1
DB04010,P09874,1
DB00568,P08912,1
DB14533,P15169,1
DB12978,P09619,1
DB00228,Q9NS40,1
DB04455,P74645,1
DB03742,P03372,1
DB02610,P00918,1
DB08527,P24941,1
DB04074,P18548,1
DB07965,P43235,1
DB08505,Q70I53,1
DB00228,P34903,1
DB03325,P0AGJ9,1
DB00243,Q13698,1
DB00800,P18089,1
DB00675,Q12809,1
DB02374,P07986,1
DB00525,Q92206,1
DB08469,P9WMC1,1
DB04765,P00509,1
DB04147,P69856,1
DB03196,Q9XBQ3,1
DB01872,P84141,1
DB00157,P16083,1
DB03310,P46439,1
DB03988,P18509,1
DB00574,P31645,1
DB00244,P35354,1
DB00493,P02768,1
DB03556,Q9KL51,1
DB00144,Q8WTV0,1
DB02451,Q56408,1
DB00427,P35367,1
DB01056,Q14524,1
DB07448,P28838,1
DB00130,Q06203,1
DB07345,P56817,1
DB12010,Q08881,1
DB01288,P07550,1
DB00518,P83223,1
DB07763,P00156,1
DB01016,Q09428,1
DB14490,P06746,1
DB11781,P55786,1
DB01535,P35372,1
DB07114,P00811,1
DB00543,P35462,1
DB12010,P80192,1
DB14028,P78334,1
DB09130,P43487,1
DB13335,P14867,1
DB07612,P24941,1
DB00898,A5X5Y0,1
DB08242,Q16539,1
DB03147,P61497,1
DB14533,P0C0L5,1
DB09118,O00591,1
DB07767,D2YW37,1
DB02709,P31749,1
DB08908,Q04206,1
DB14719,P34903,1
DB00540,O00264,1
DB00603,P14867,1
DB01054,Q9NY47,1
DB01598,P42971,1
DB00796,P30556,1
DB13335,Q8N1C3,1
DB00945,Q9Y478,1
DB02056,Q9Y5Y4,1
DB00248,P21918,1
DB01863,O43739,1
DB03461,Q9GV41,1
DB08896,P07949,1
DB03661,Q05514,1
DB03389,Q7SI98,1
DB01812,O14792,1
DB00559,P24530,1
DB09089,Q08289,1
DB01162,P25100,1
DB14533,P10909,1
DB00252,Q9UQD0,1
DB06274,P41143,1
DB09462,P84077,1
DB00617,Q9P0X4,1
DB08185,P62660,1
DB14487,P80748,1
DB02571,Q88K39,1
DB01238,P28566,1
DB05475,Q9NYK1,1
DB00713,Q7CRA4,1
DB04138,P38489,1
DB01133,Q16864,1
DB00697,P18089,1
DB11148,Q8IZS8,1
DB13837,O14764,1
DB02388,P53779,1
DB08785,P16218,1
DB07539,P24941,1
DB00313,Q02218,1
DB01483,P31644,1
DB02113,P0ABP8,1
DB00697,P18825,1
DB00228,P23415,1
DB09332,P04070,1
DB01133,P36543,1
DB09194,P28223,1
DB13955,Q15596,1
DB01558,P18505,1
DB00558,Q9Y3R4,1
DB01870,P19961,1
DB08445,P27487,1
DB04328,P0A6D3,1
DB01296,P14780,1
DB00151,P16455,1
DB04503,P0A884,1
DB11348,O75838,1
DB04799,P07919,1
DB02017,O85465,1
DB02841,P62593,1
DB00751,P08913,1
DB11093,Q99653,1
DB08697,P00749,1
DB00237,Q16478,1
DB04209,P98170,1
DB06536,Q07869,1
DB12010,P07949,1
DB04772,P00734,1
DB00321,P25021,1
DB09061,P08908,1
DB02038,P10724,1
DB04272,Q2QJL3,1
DB04120,Q05603,1
DB12010,O00238,1
DB03016,P07477,1
DB01254,P07947,1
DB08231,P43080,1
DB01239,P35462,1
DB03176,P10827,1
DB02078,P06241,1
DB01183,P23141,1
DB08300,P48736,1
DB03152,Q93RD8,1
DB03796,P83812,1
DB07137,P24941,1
DB01176,P35367,1
DB08815,P08913,1
DB01621,P14416,1
DB00523,P28702,1
DB01626,P21397,1
DB05025,P00441,1
DB01593,P35908,1
DB00659,P47870,1
DB14507,P42263,1
DB00698,P17117,1
DB01239,P28223,1
DB02851,P00183,1
DB00675,P17252,1
DB04337,P02144,1
DB08231,O67648,1
DB00172,O94903,1
DB00288,P04083,1
DB08901,P00519,1
DB11577,P08913,1
DB02378,P56817,1
DB08466,P09960,1
DB04147,P26789,1
DB08185,Q5SLP8,1
DB05470,P01375,1
DB04539,P0A6D3,1
DB09068,P46098,1
DB01064,P28482,1
DB01587,P14867,1
DB01598,P0AD65,1
DB06702,P08912,1
DB00747,P14410,1
DB07795,Q00534,1
DB08231,P61925,1
DB00794,O14764,1
DB14065,P08183,1
DB09130,F7VJQ1,1
DB03608,P30044,1
DB07860,P17612,1
DB04655,P50135,1
DB06486,O14757,1
DB04553,Q00740,1
DB00371,P28472,1
DB01194,P22748,1
DB04624,O52646,1
DB13269,Q15858,1
DB05961,P01009,1
DB02435,P33038,1
DB08807,P28222,1
DB01236,P03886,1
DB01000,Q8DR59,1
DB06216,P28223,1
DB02930,Q56148,1
DB03799,P00959,1
DB00334,P11229,1
DB01110,Q9NZV8,1
DB01997,P29474,1
DB09481,Q13224,1
DB00243,P54284,1
DB08232,P13726,1
DB01764,P50870,1
DB01043,P34903,1
DB00490,P35348,1
DB02379,P0A6V8,1
DB04023,P11759,1
DB01593,P46663,1
DB08776,O14757,1
DB11652,P21860,1
DB08409,P01859,1
DB00964,P35348,1
DB09272,P41143,1
DB02059,P13639,1
DB07353,P00734,1
DB06694,P35348,1
DB00497,P41143,1
DB00988,P21917,1
DB05212,Q00653,1
DB03814,P0A8D6,1
DB00818,Q16445,1
DB08394,P01857,1
DB00237,O14764,1
DB00114,Q96GD0,1
DB02429,P00918,1
DB03496,P11216,1
DB00990,P11511,1
DB12128,Q92847,1
DB01587,P34903,1
DB04948,P34969,1
DB03793,Q5PXQ6,1
DB00321,Q12809,1
DB01588,P14867,1
DB02038,P28305,1
DB13345,P18089,1
DB14487,P22792,1
DB01083,P49327,1
DB00133,P35520,1
DB02703,P13551,1
DB01196,P03372,1
DB01055,P14679,1
DB12010,Q9BUB5,1
DB03425,Q13002,1
DB03608,P0A0N4,1
DB06579,P14867,1
DB03147,Q72JJ3,1
DB00721,Q8TCU5,1
DB08151,P11217,1
DB01700,P31939,1
DB02845,P22303,1
DB01023,Q01064,1
DB00599,O00519,1
DB08537,P24941,1
DB09130,P00390,1
DB01789,P30920,1
DB07911,P9WNH5,1
DB14487,P20742,1
DB00368,P54219,1
DB01110,Q14003,1
DB04889,P14416,1
DB00273,O60840,1
DB09409,Q14957,1
DB09099,P31391,1
DB14481,P06703,1
DB00157,P15121,1
DB06333,Q01959,1
DB09209,P35372,1
DB05137,P36544,1
DB07681,P06276,1
DB01017,Q15759,1
DB14489,Q969S2,1
DB03454,P47228,1
DB15688,Q16602,1
DB01403,P08173,1
DB01859,P62619,1
DB04325,P46883,1
DB08711,P51584,1
DB00270,Q13936,1
DB00898,P46098,1
DB01861,P31677,1
DB06157,P05023,1
DB14533,P05109,1
DB03374,Q9KFR4,1
DB02059,O33199,1
DB00381,Q8IZS8,1
DB08422,P00734,1
DB00852,P05412,1
DB00349,P18507,1
DB14001,Q86XP1,1
DB09130,Q06830,1
DB07455,P42262,1
DB04272,P40926,1
DB08050,P51852,1
DB07374,Q96L21,1
DB02300,P11473,1
DB01133,Q93050,1
DB02772,Q9Y3I0,1
DB08250,P52732,1
DB00491,P10253,1
DB08605,P0AEK4,1
DB06989,P23467,1
DB04522,P17612,1
DB03721,P05451,1
DB00861,P35354,1
DB14487,P05156,1
DB01267,P08913,1
DB01354,Q16445,1
DB01038,P14416,1
DB14533,P68104,1
DB00243,Q02641,1
DB08221,Q02763,1
DB00493,Q4U2R8,1
DB00982,P13631,1
DB09460,P22748,1
DB00968,P20711,1
DB01000,P0AD65,1
DB06952,Q51948,1
DB09371,P03372,1
DB03221,P00918,1
DB00897,P18507,1
DB00374,P43119,1
DB14501,P06746,1
DB08897,P08172,1
DB11653,P32245,1
DB04855,Q12809,1
DB04198,Q27796,1
DB09089,Q9H2S1,1
DB09017,P47869,1
DB00363,Q9H3N8,1
DB08752,P25774,1
DB05990,Q96RI1,1
DB00280,Q12809,1
DB01593,P29622,1
DB07080,P28702,1
DB00459,P09455,1
DB00228,Q9BQ31,1
DB00157,P00387,1
DB01110,Q9UJ90,1
DB02910,P11310,1
DB00485,Q75Y35,1
DB04464,P15954,1
DB02854,P01859,1
DB01748,P00918,1
DB14538,P80365,1
DB02407,P20248,1
DB00158,P41439,1
DB14487,P29622,1
DB02379,P10844,1
DB02795,P04054,1
DB01355,P36544,1
DB06702,P08173,1
DB00945,P51812,1
DB07022,P03951,1
DB01511,P31644,1
DB07094,P09960,1
DB12010,P22607,1
DB00201,P29274,1
DB04862,P0C0H6,1
DB01223,P30542,1
DB00537,B4YQT9,1
DB01023,P54289,1
DB00157,P49448,1
DB02835,P36871,1
DB00674,A9X444,1
DB09038,P31639,1
DB03147,P20586,1
DB12010,Q02763,1
DB07435,Q9UBT6,1
DB11455,Q8SPQ9,1
DB00825,Q02641,1
DB01752,P22061,1
DB00142,Q13224,1
DB00122,P49585,1
DB02670,O60264,1
DB04272,Q9HU22,1
DB01483,P42262,1
DB01223,Q14432,1
DB09130,P23560,1
DB13335,P18505,1
DB00611,P35372,1
DB01205,P47870,1
DB00273,Q99250,1
DB00546,P78334,1
DB04326,P04075,1
DB08016,P9WHE9,1
DB07586,Q9BY41,1
DB11901,Q9UN88,1
DB00418,Q16445,1
DB04315,P10114,1
DB09241,P33402,1
DB01767,P07477,1
DB00228,Q9BXT2,1
DB00572,P43681,1
DB01966,P07602,1
DB07489,Q9Y6M4,1
DB05838,P30518,1
DB09232,O00305,1
DB05075,P17948,1
DB12319,P33261,1
DB01591,P20309,1
DB01624,P28223,1
DB01864,P62330,1
DB00142,Q2TU84,1
DB01903,Q9WYT0,1
DB00871,P13945,1
DB03801,P05020,1
DB09238,Q9P0X4,1
DB02580,A3FMN7,1
DB11582,P23415,1
DB07110,P56817,1
DB14719,P14867,1
DB07421,P10275,1
DB14533,P20851,1
DB06771,P43700,1
DB13954,P62508,1
DB02256,P12758,1
DB12010,Q7Z460,1
DB01221,P41595,1
DB08551,P62593,1
DB12010,P52333,1
DB02858,P00811,1
DB00918,P28222,1
DB08818,O75330,1
DB00818,Q9UN88,1
DB00182,P31645,1
DB11638,P13817,1
DB15489,Q8N1C3,1
DB03793,O31168,1
DB13956,P03372,1
DB00975,P27815,1
DB04294,P9WJJ7,1
DB08922,P28223,1
DB01616,P08908,1
DB00193,Q8TCU5,1
DB00852,P08588,1
DB01077,P12236,1
DB03484,P08758,1
DB06899,P00797,1
DB07857,P61925,1
DB08454,Q8IU85,1
DB01593,P04217,1
DB04147,P08100,1
DB00311,P43166,1
DB08503,P11217,1
DB00247,P41595,1
DB06871,Q15596,1
DB05492,P28223,1
DB08608,Q15119,1
DB08848,P48065,1
DB00776,Q99250,1
DB03413,P9WNS5,1
DB04920,Q13698,1
DB11986,Q16620,1
DB01355,Q13002,1
DB02740,P04439,1
DB07477,P07711,1
DB02665,P07477,1
DB01650,P46072,1
DB08231,P41235,1
DB00454,Q05586,1
DB01146,P35367,1
DB07786,P00813,1
DB03323,O33830,1
DB03541,P0A884,1
DB02613,P06971,1
DB02168,Q8RLY5,1
DB00228,Q9P0X4,1
DB01581,P0AC13,1
DB02267,P04424,1
DB07413,Q79FX8,1
DB01149,P35348,1
DB09061,P30542,1
DB07780,P49356,1
DB12450,P03372,1
DB01268,P36888,1
DB02144,Q00169,1
DB01942,O14936,1
DB01717,P27142,1
DB00768,P04271,1
DB11638,P37108,1
DB00627,Q15274,1
DB08482,P03956,1
DB07665,P00734,1
DB01043,P23415,1
DB03658,P00811,1
DB07055,Q9L5C8,1
DB13581,P11229,1
DB11948,P10745,1
DB05232,Q99250,1
DB09093,P0A7V3,1
DB02078,A9CJ63,1
DB01110,Q08289,1
DB07662,P00533,1
DB00114,P17735,1
DB14487,P46663,1
DB00413,P35462,1
DB00690,P18505,1
DB01200,P21728,1
DB00228,Q9UF02,1
DB02615,P18031,1
DB00346,P25100,1
DB00350,P23219,1
DB07331,P06875,1
DB04555,P0A6I0,1
DB06156,P23975,1
DB00909,P43166,1
DB01553,P18507,1
DB08795,Q8DNB6,1
DB08867,P04150,1
DB05298,Q08499,1
DB00543,P48169,1
DB09080,P07550,1
DB04946,P34969,1
DB03897,O67636,1
DB07790,P24941,1
DB03796,P10632,1
DB12010,Q8N568,1
DB00513,P00747,1
DB01069,Q9UBL9,1
DB03403,Q9PM68,1
DB02035,P50897,1
DB02443,P07944,1
DB00268,P08913,1
DB08268,P28720,1
DB09014,P28335,1
DB02281,P0AF12,1
DB08439,P35354,1
DB00157,P04035,1
DB02181,P15531,1
DB04551,P0A6F3,1
DB00776,Q14524,1
DB03435,P09148,1
DB03654,P22262,1
DB00418,Q12879,1
DB06176,Q9UBN7,1
DB11148,Q15878,1
DB04216,Q92731,1
DB12340,P10415,1
DB08837,P0A334,1
DB00157,Q02252,1
DB00619,P00519,1
DB00945,P12004,1
DB01708,O15399,1
DB04627,P0A1F6,1
DB00211,P35368,1
DB08334,P14174,1
DB07684,P00750,1
DB09242,P08913,1
DB00405,P35367,1
DB08865,P08581,1
DB07060,Q9UJM8,1
DB03688,P13001,1
DB03461,Q7Z4W1,1
DB06920,P00742,1
DB04842,P28223,1
DB15495,Q99623,1
DB02817,P00183,1
DB02379,Q47644,1
DB13867,P06401,1
DB09078,P22607,1
DB01917,P08588,1
DB02596,P08164,1
DB04545,O85465,1
DB06589,P35916,1
DB00279,P10828,1
DB14489,P02787,1
DB01133,P61421,1
DB00514,P04839,1
DB14028,P31644,1
DB09273,P29274,1
DB03310,P08263,1
DB00408,P08912,1
DB01992,P9WK17,1
DB07574,P68363,1
DB07646,Q02127,1
DB01373,P04271,1
DB00131,P09467,1
DB08709,P11309,1
DB07821,Q13093,1
DB00408,P50406,1
DB02951,P0A6L6,1
DB01028,P47869,1
DB01375,P45880,1
DB00163,P67775,1
DB08693,P17538,1
DB00923,Q70KI2,1
DB03522,Q60099,1
DB00126,Q96KS0,1
DB00599,Q13002,1
DB00315,P28223,1
DB01110,O43526,1
DB06603,O15379,1
DB04938,P03372,1
DB00171,P67870,1
DB02057,P42262,1
DB01403,P35462,1
DB01577,P18825,1
DB03205,Q8GR64,1
DB00415,Q16348,1
DB04272,P07360,1
DB01026,O75469,1
DB07374,P62829,1
DB00402,P47869,1
DB01942,Q9BVM4,1
DB07138,Q16539,1
DB00634,P0AC13,1
DB14491,Q9BY41,1
DB01593,Q13547,1
DB00898,Q01668,1
DB01133,Q9HBG4,1
DB00171,P45844,1
DB14533,P56524,1
DB00378,P06401,1
DB11584,P21918,1
DB03909,O14983,1
DB08006,Q02127,1
DB02279,Q9UJM8,1
DB00398,P07949,1
DB02379,P00490,1
DB06616,P24941,1
DB04510,Q9X519,1
DB06595,P16234,1
DB06701,P23975,1
DB02032,P12821,1
DB01593,P49411,1
DB04971,P37231,1
DB11633,Q13936,1
DB14487,P00441,1
DB03247,Q9F0J6,1
DB00786,Q99542,1
DB04774,P68133,1
DB01388,O00305,1
DB14481,P31415,1
DB07506,Q9HB40,1
DB00892,Q9Y5Y9,1
DB08349,Q16539,1
DB07621,P11509,1
DB14533,O14618,1
DB08895,P29597,1
DB01365,P13945,1
DB00143,P14780,1
DB11148,P54284,1
DB03017,P14555,1
DB01110,P15382,1
DB00228,Q14957,1
DB12191,P10415,1
DB06185,P00491,1
DB04079,P02974,1
DB01651,P02743,1
DB03499,P9WK17,1
DB09273,P07550,1
DB04654,P20231,1
DB03347,P0A433,1
DB08185,Q5SJ76,1
DB01406,P13500,1
DB09130,P31942,1
DB01593,P06702,1
DB02606,P14941,1
DB13581,P08173,1
DB01224,P18089,1
DB00171,Q9Y4W6,1
DB01043,Q12879,1
DB01800,P15289,1
DB01199,P36544,1
DB01622,P28223,1
DB00836,O00555,1
DB08515,P28066,1
DB14840,Q02763,1
DB06757,P51553,1
DB00131,O43741,1
DB12579,P14416,1
DB03171,P0A2K1,1
DB03394,P16152,1
DB08383,Q9Y233,1
DB06442,P23141,1
DB00818,O00591,1
DB00308,Q9NS40,1
DB11093,P80303,1
DB15566,P04150,1
DB01643,O52806,1
DB01784,P00918,1
DB00935,P08913,1
DB00909,Q99250,1
DB03685,Q9NWZ5,1
DB00421,Q01668,1
DB01238,P28223,1
DB01103,Q15111,1
DB00621,P10275,1
DB00661,O43497,1
DB00970,P11388,1
DB03127,P07478,1
DB05219,Q08493,1
DB03622,P22894,1
DB04325,P07477,1
DB11859,P14867,1
DB00755,P31025,1
DB14487,P01042,1
DB00842,Q8N1C3,1
DB04601,P00918,1
DB04716,O60674,1
DB04485,P9WKE1,1
DB03214,Q96RQ9,1
DB02825,P22303,1
DB00898,Q05901,1
DB01205,Q99928,1
DB11638,P13830,1
DB02196,P27828,1
DB08690,P0A6M2,1
DB04530,P0A884,1
DB00502,P20309,1
DB00583,P43155,1
DB04566,P12268,1
DB01174,O60391,1
DB02400,P15559,1
DB01328,P0AD65,1
DB03756,P48443,1
DB07755,P24941,1
DB08819,P43088,1
DB00370,P35348,1
DB07401,O14949,1
DB14533,P14780,1
DB08818,Q6UX15,1
DB00679,P21728,1
DB01595,P18505,1
DB06521,Q07869,1
DB06216,P28335,1
DB01656,Q07343,1
DB00172,Q8IVL6,1
DB08208,Q02750,1
DB07083,P00734,1
DB02930,P15043,1
DB01069,P22459,1
DB11994,P08684,1
DB00543,P50406,1
DB00537,P05653,1
DB13985,P31391,1
DB04216,P07900,1
DB03088,Q7SIE2,1
DB02296,P00797,1
DB03109,P11797,1
DB00630,P23469,1
DB00843,P28223,1
DB00119,P80404,1
DB13437,P48169,1
DB01254,P11274,1
DB02709,P16083,1
DB01129,P20648,1
DB00692,P35348,1
DB04857,P14416,1
DB04053,P52197,1
DB00458,Q01959,1
DB01267,P34969,1
DB09231,Q01668,1
DB07629,P00742,1
DB12695,Q71U36,1
DB00475,O14764,1
DB07392,P06009,1
DB00653,Q01668,1
DB00909,P23280,1
DB03003,P0A9D2,1
DB00934,P35348,1
DB01351,P31644,1
DB08896,P35916,1
DB00268,P35348,1
DB11638,Q8IE67,1
DB00819,P29972,1
DB01329,Q9X6W0,1
DB01752,O60678,1
DB00176,Q12809,1
DB08313,O60760,1
DB03709,P00747,1
DB02007,P06744,1
DB02843,P00490,1
DB07255,P54760,1
DB00543,P28472,1
DB09085,Q9NY46,1
DB11638,Q8I3Z5,1
DB08321,Q16706,1
DB01942,P05041,1
DB08294,P23083,1
DB07225,P07858,1
DB03041,Q14376,1
DB01571,P41143,1
DB00986,P08172,1
DB01134,P08235,1
DB01220,P0A8V2,1
DB00246,P11229,1
DB08690,P0C0Y7,1
DB01260,P04150,1
DB04650,P22629,1
DB04163,P22906,1
DB01214,P08588,1
DB00363,P50406,1
DB00490,P25100,1
DB00929,P43115,1
DB01373,P08493,1
DB04124,P60339,1
DB01086,Q9Y5Y9,1
DB01595,P31644,1
DB03891,P43235,1
DB01110,Q92952,1
DB09409,Q05586,1
DB00143,Q03013,1
DB02515,P16118,1
DB14185,P35462,1
DB03088,O43612,1
DB04074,P9WQB3,1
DB02611,P17612,1
DB12010,O15146,1
DB03801,P10724,1
DB04493,P06744,1
DB11978,Q99835,1
DB04680,P16442,1
DB00114,P24298,1
DB00696,P35348,1
DB02098,P10153,1
DB07384,P06576,1
DB00630,Q13332,1
DB03142,P0A9E0,1
DB00642,P31939,1
DB02871,P00326,1
DB04585,P05089,1
DB04481,Q9X112,1
DB11348,P0DP24,1
DB00463,P47869,1
DB12010,O00329,1
DB02266,P37231,1
DB00843,P01584,1
DB14002,P09917,1
DB00431,P24046,1
DB00726,P28335,1
DB01427,Q07343,1
DB07497,A0A0H3JRU9,1
DB02420,P18031,1
DB01069,Q01118,1
DB00243,P35348,1
DB05246,O43497,1
DB08767,P84888,1
DB06209,Q9H244,1
DB00603,P18505,1
DB01296,P01579,1
DB09292,P08473,1
DB00243,O00305,1
DB11148,Q15842,1
DB00468,P14770,1
DB01238,P28222,1
DB07538,P20248,1
DB12010,Q00532,1
DB01233,P14416,1
DB00463,Q8N1C3,1
DB09166,P28472,1
DB02545,Q96RI1,1
DB11633,P51787,1
DB04821,P23975,1
DB01038,P21728,1
DB00363,P18825,1
DB07705,Q16850,1
DB06641,P28482,1
DB02343,P22303,1
DB01100,Q12809,1
DB09130,P02647,1
DB07680,P23946,1
DB08604,P10275,1
DB00615,P07900,1
DB03147,P29475,1
DB01399,P23219,1
DB00825,Q7Z2W7,1
DB02772,Q840M4,1
DB08610,Q15119,1
DB00655,P11511,1
DB00975,P02763,1
DB00304,P03372,1
DB00589,P21728,1
DB01238,P35348,1
DB00561,Q9NPC2,1
DB11278,P08913,1
DB00396,P04150,1
DB01043,Q99928,1
DB01645,Q16678,1
DB12061,P21917,1
DB04147,P60981,1
DB01354,P34903,1
DB01388,Q9P0X4,1
DB00400,Q99456,1
DB01373,P19801,1
DB00606,P43166,1
DB00131,Q08499,1
DB00202,P11229,1
DB01454,P28223,1
DB01065,Q92753,1
DB02666,P0A7D4,1
DB00411,P08173,1
DB00115,Q9Y4U1,1
DB01169,Q13547,1
DB03482,P20586,1
DB04491,P00782,1
DB11638,P08670,1
DB04272,Q81F54,1
DB00801,P47870,1
DB05422,P31645,1
DB08199,P52700,1
DB05416,Q07869,1
DB06152,P48551,1
DB04035,Q9L5C7,1
DB04661,P15813,1
DB03800,P04818,1
DB02709,P35869,1
DB01100,P35462,1
DB01553,Q16445,1
DB01565,P41143,1
DB05075,P41240,1
DB01169,O14920,1
DB01622,P35368,1
DB08272,Q9A1B7,1
DB14507,O14732,1
DB01593,Q96PD5,1
DB01992,Q9R381,1
DB00697,P35348,1
DB06144,P25100,1
DB01229,P27816,1
DB07918,P00363,1
DB03449,P35228,1
DB03945,P02741,1
DB15617,P02786,1
DB09173,P41143,1
DB12537,P14867,1
DB03389,Q59675,1
DB01972,P49773,1
DB07244,P00797,1
DB00441,P23921,1
DB05260,P31350,1
DB00186,P28472,1
DB07080,O75469,1
DB00171,Q16671,1
DB00228,P48547,1
DB15494,P30872,1
DB00133,P49591,1
DB00170,P07225,1
DB09089,Q12791,1
DB02379,Q9WXN1,1
DB04419,P00439,1
DB06153,P18089,1
DB04345,P30043,1
DB08846,P43405,1
DB00568,O95180,1
DB00774,P43166,1
DB08070,P61925,1
DB05009,P29274,1
DB00631,P09884,1
DB11275,P21918,1
DB03541,P0CG22,1
DB07374,P55769,1
DB01140,Q7CRA4,1
DB07202,P07333,1
DB02379,P0C2S5,1
DB07745,P0A2K1,1
DB01614,P28223,1
DB06996,P00734,1
DB08636,Q51948,1
DB01069,Q93086,1
DB00174,Q99624,1
DB04898,P00734,1
DB00135,Q9Y2Z4,1
DB08347,P08588,1
DB02632,P00722,1
DB04837,P35367,1
DB08177,P15917,1
DB09338,P53985,1
DB14011,P36544,1
DB02101,P15121,1
DB02116,P28482,1
DB00456,Q8DR59,1
DB00141,P15291,1
DB01205,P78334,1
DB11638,P62753,1
DB07821,Q15102,1
DB09130,P00558,1
DB00665,P10275,1
DB06972,P20701,1
DB07713,P22894,1
DB06603,Q13547,1
DB03152,P08100,1
DB00716,Q9NS75,1
DB01133,P29350,1
DB02530,P50440,1
DB06217,Q14524,1
DB01709,P13929,1
DB01382,P48048,1
DB07099,P09960,1
DB07827,P45452,1
DB06896,P08581,1
DB06202,Q92731,1
DB09130,Q9UHF0,1
DB11638,Q8IBS5,1
DB08231,P63098,1
DB00306,P18507,1
DB00388,P35348,1
DB07929,Q13133,1
DB01244,O00555,1
DB00988,P23975,1
DB07384,P25705,1
DB01708,Q05586,1
DB02570,P04632,1
DB01587,Q9UN88,1
DB11323,P35354,1
DB06216,P35348,1
DB07543,P07550,1
DB01587,O00591,1
DB06637,Q9NSA2,1
DB00784,P23219,1
DB00334,P31644,1
DB03536,P25779,1
DB14914,P27338,1
DB03147,P05327,1
DB00142,Q9Y646,1
DB12010,P31152,1
DB00578,P24228,1
DB04335,P0ABP8,1
DB05513,P01375,1
DB02589,P29474,1
DB02843,P11217,1
DB05966,Q92731,1
DB03461,P67910,1
DB01254,P54760,1
DB08011,P53779,1
DB07276,Q9UQF2,1
DB01200,P28223,1
DB02333,P9WNS5,1
DB00421,P54284,1
DB00205,P00374,1
DB11638,P22626,1
DB01133,Q99437,1
DB09061,P04035,1
DB01418,Q9BQB6,1
DB00371,Q9UN88,1
DB00463,P48169,1
DB03345,Q04760,1
DB00434,P35367,1
DB04137,Q8N142,1
DB00502,P28335,1
DB11936,P53396,1
DB00333,P32297,1
DB01489,Q16445,1
DB01577,P08913,1
DB00228,P47870,1
DB04782,Q7AUG5,1
DB00585,P25021,1
DB09304,P08913,1
DB12010,Q9H2X6,1
DB00599,P47869,1
DB00237,P30926,1
DB00201,Q08493,1
DB01147,P0AEB3,1
DB01032,Q8TCC7,1
DB08371,P54577,1
DB08568,P17612,1
DB07456,O15530,1
DB11761,P48764,1
DB04855,Q02641,1
DB04522,O31465,1
DB00934,P35367,1
DB07947,P31751,1
DB00422,P08908,1
DB13025,Q8WXA8,1
DB03685,P00469,1
DB02375,P23458,1
DB12010,O96013,1
DB08330,O14957,1
DB08773,P03372,1
DB05642,P46098,1
DB09211,P43116,1
DB04552,P47712,1
DB02868,P0DP23,1
DB01843,P11217,1
DB02659,P10606,1
DB00231,P31644,1
DB03706,Q03013,1
DB03413,P06968,1
DB03206,P05618,1
DB00114,O15382,1
DB00132,Q03181,1
DB06757,P02787,1
DB03661,P96113,1
DB09304,Q70Z44,1
DB01359,P28222,1
DB09229,P18825,1
DB00297,Q9Y5Y9,1
DB07469,Q7Z406,1
DB00243,P25100,1
DB14487,P09871,1
DB03490,P24941,1
DB07369,P08581,1
DB09130,P05452,1
DB04908,P28223,1
DB00670,P11229,1
DB01595,P28472,1
DB15494,P30874,1
DB07378,P16442,1
DB08301,P00918,1
DB01094,P35610,1
DB00316,Q15185,1
DB00130,P17812,1
DB05492,P18089,1
DB00116,P11586,1
DB07021,P27487,1
DB09332,P07225,1
DB02759,P61626,1
DB00659,Q14957,1
DB09283,O60658,1
DB04724,P20701,1
DB02930,O14874,1
DB00726,P08913,1
DB02720,P11217,1
DB07593,P43235,1
DB07671,P0AC41,1
DB01942,Q9NQX3,1
DB02557,P23276,1
DB01592,Q9NZD4,1
DB12010,Q2M2I8,1
DB06864,P29208,1
DB06229,P35367,1
DB14487,P02747,1
DB02306,Q9UKL6,1
DB05814,P62942,1
DB02216,P16455,1
DB03247,Q8DW21,1
DB03305,P29474,1
DB02706,P52699,1
DB03785,P13702,1
DB03397,P0A751,1
DB00842,P34903,1
DB03773,Q9ZB17,1
DB00232,Q13621,1
DB06663,P35346,1
DB00157,O60701,1
DB03506,P07741,1
DB01956,P78334,1
DB00926,P10276,1
DB07431,P24941,1
DB01593,P31151,1
DB02510,P07814,1
DB00814,P35354,1
DB01992,P9WNP5,1
DB00418,O15399,1
DB03247,P16435,1
DB08647,P01834,1
DB01151,P08588,1
DB13872,Q8N1C3,1
DB08335,P14174,1
DB05381,Q05940,1
DB08231,P84077,1
DB07328,P27487,1
DB00393,O60840,1
DB04771,P00734,1
DB04646,P83796,1
DB01649,P06730,1
DB01708,P31644,1
DB04349,O07015,1
DB04137,P10114,1
DB01595,P47869,1
DB03203,Q9NZD2,1
DB09194,P25100,1
DB04365,P11229,1
DB00945,Q13131,1
DB07311,O14757,1
DB08453,P08574,1
DB01201,P9WGY7,1
DB12328,P35869,1
DB00126,Q9H6Z9,1
DB01992,O75390,1
DB02898,P24941,1
DB06878,P00734,1
DB00332,P08172,1
DB11638,Q8I2Z8,1
DB04727,P35968,1
DB13025,P28222,1
DB00441,P30085,1
DB01593,P04264,1
DB00160,P43007,1
DB01208,P43702,1
DB00454,Q01959,1
DB11638,P35579,1
DB08753,Q672W7,1
DB00699,P35348,1
DB01158,P05023,1
DB01159,P48169,1
DB00441,P04818,1
DB03449,P29475,1
DB01800,P15273,1
DB00228,Q00975,1
DB01595,P35498,1
DB04546,Q9GPQ4,1
DB14487,P05546,1
DB00189,O14764,1
DB11235,P11229,1
DB09460,P00918,1
DB07365,P06202,1
DB14011,Q8NER1,1
DB01069,Q9NY46,1
DB03765,P07998,1
DB09017,Q16445,1
DB01702,Q44048,1
DB08437,P84098,1
DB04327,Q9UNN8,1
DB00555,P42261,1
DB08810,Q13639,1
DB03142,P02924,1
DB04224,P19793,1
DB01174,Q13002,1
DB00119,O15403,1
DB04286,P02925,1
DB03057,P0AD63,1
DB07215,Q07869,1
DB09166,P34903,1
DB00735,Q14534,1
DB13074,Q92847,1
DB05542,Q13639,1
DB03310,P28161,1
DB00737,Q14994,1
DB12965,P04733,1
DB01606,P0AD63,1
DB05022,P11388,1
DB00721,Q9NPA1,1
DB01589,P31644,1
DB00129,P00480,1
DB00713,D6R448,1
DB05864,P50579,1
DB07878,P25774,1
DB01023,P08235,1
DB12537,P47870,1
DB09061,Q9P0X4,1
DB00400,P10875,1
DB03049,P77444,1
DB01718,P9WPB7,1
DB02560,P00780,1
DB01069,P35367,1
DB01239,P35367,1
DB03030,P0AEK4,1
DB01029,P05412,1
DB00153,Q06432,1
DB01917,P31133,1
DB00555,Q01118,1
DB07324,P07900,1
DB07260,P09960,1
DB12153,A0A0H2UQB5,1
DB03110,Q16539,1
DB00381,Q9P0X4,1
DB06403,P25101,1
DB01593,P02795,1
DB02166,P22303,1
DB04315,P13639,1
DB00485,Q8DNB6,1
DB00956,P41143,1
DB14011,P14902,1
DB01559,Q16445,1
DB06393,P08908,1
DB03498,P00634,1
DB00173,Q05603,1
DB00157,O95178,1
DB11160,P70174,1
DB01224,P46098,1
DB07326,P35968,1
DB03709,P9WIQ1,1
DB09089,O60840,1
DB01239,P11229,1
DB01221,P08912,1
DB00849,P34903,1
DB00823,P06401,1
DB06153,P28335,1
DB08515,P60900,1
DB02726,O35000,1
DB06231,P32418,1
DB00824,Q07343,1
DB00573,P23219,1
DB01559,Q8N1C3,1
DB05383,P35625,1
DB07092,P27487,1
DB04213,P34913,1
DB08124,P24941,1
DB00417,Q53707,1
DB00126,O60568,1
DB01992,Q92993,1
DB04510,P36204,1
DB03756,Q07869,1
DB04690,P11387,1
DB02010,O15530,1
DB03032,Q03013,1
DB01863,P23677,1
DB09118,P07195,1
DB01354,P36544,1
DB03310,P09211,1
DB00604,Q13639,1
DB14491,P02787,1
DB05383,P35228,1
DB04216,P17676,1
DB03206,Q9UKM7,1
DB08743,P27487,1
DB08906,P04150,1
DB01320,Q14524,1
DB12140,P05231,1
DB09130,P48637,1
DB01393,Q03181,1
DB04702,Q4R2T2,1
DB08621,P24093,1
DB04035,P62593,1
DB08357,P40406,1
DB00458,P28335,1
DB11478,P03372,1
DB00998,P28221,1
DB08666,P0AE18,1
DB02573,P07998,1
DB04495,P12931,1
DB06736,P23219,1
DB01221,P11229,1
DB00922,P63316,1
DB12010,O96017,1
DB00809,P08172,1
DB06850,P07477,1
DB03389,P09848,1
DB01186,P41595,1
DB02126,P68871,1
DB00686,P09038,1
DB01234,P51843,1
DB05501,P61073,1
DB00141,P54802,1
DB00471,Q9Y271,1
DB00006,P00734,1
DB09202,P18089,1
DB00243,O60939,1
DB07825,P00811,1
DB08818,Q86UW8,1
DB00246,Q70Z44,1
DB07401,P08574,1
DB02681,P61024,1
DB08846,Q9Y2D0,1
DB00278,P00734,1
DB01587,P78334,1
DB02784,P18031,1
DB04522,P08100,1
DB00420,P14416,1
DB09232,Q00975,1
DB04701,P28161,1
DB02709,P49286,1
DB05511,P0DMS8,1
DB03186,P07998,1
DB03554,Q12882,1
DB04067,Q04416,1
DB01593,P05160,1
DB12702,Q13639,1
DB02175,Q9FCA6,1
DB04005,Q9BZX2,1
DB11638,P14642,1
DB00257,P10613,1
DB06589,P22607,1
DB01645,O95718,1
DB08069,P52700,1
DB08363,P04637,1
DB01069,Q9BPV8,1
DB00418,Q13224,1
DB01917,P11926,1
DB01594,P18507,1
DB14533,Q06830,1
DB01593,P08779,1
DB13025,P18089,1
DB08089,P10275,1
DB11590,Q9UPY5,1
DB04395,P78362,1
DB04522,O32723,1
DB11901,P18505,1
DB00246,P28566,1
DB02187,P03372,1
DB07004,P04271,1
DB04395,P0AEJ4,1
DB07860,P61925,1
DB04824,O75469,1
DB15035,P06239,1
DB07778,P07919,1
DB04515,Q46079,1
DB09236,O00555,1
DB00153,Q00975,1
DB14533,P04003,1
DB04447,P0A884,1
DB00489,P08588,1
DB00940,P08912,1
DB04790,P07477,1
DB08922,P08908,1
DB04199,Q7DB61,1
DB03456,P43235,1
DB00852,P01100,1
DB00321,P08909,1
DB01593,P02652,1
DB03381,P08100,1
DB00653,O60840,1
DB07277,P00742,1
DB00554,P35354,1
DB01694,Q9HU21,1
DB07905,P28482,1
DB07452,P28720,1
DB03010,Q71U36,1
DB15685,P22607,1
DB14533,P22792,1
DB00543,P47869,1
DB00143,Q9H4Y5,1
DB02384,P31992,1
DB01956,P34903,1
DB09130,P02787,1
DB00920,P35367,1
DB03642,P43235,1
DB00543,Q8N1C3,1
DB00401,Q08289,1
DB00825,Q13936,1
DB07918,Q72EF4,1
DB09304,P18825,1
DB08657,Q9FBC5,1
DB00821,P35354,1
DB00776,P35498,1
DB00483,Q15822,1
DB03159,P07477,1
DB00600,P14679,1
DB01200,P35348,1
DB08901,P11362,1
DB05229,P43119,1
DB01497,P41146,1
DB00183,P32239,1
DB08196,P22629,1
DB00872,P37288,1
DB02583,P00374,1
DB14028,O14764,1
DB00283,P35367,1
DB00917,P43116,1
DB11859,P47870,1
DB05442,P01584,1
DB00246,P14416,1
DB07375,P01857,1
DB02994,P15121,1
DB01365,P08913,1
DB08807,P08588,1
DB01064,P07550,1
DB00732,Q15822,1
DB00491,Q8TET4,1
DB13952,Q92731,1
DB13985,P30874,1
DB00408,P25021,1
DB00928,P26358,1
DB01987,P0AFG8,1
DB08285,P20248,1
DB01028,Q99928,1
DB06728,P06870,1
DB00776,O60939,1
DB06908,P37231,1
DB00725,P20309,1
DB01107,P34903,1
DB09166,P47869,1
DB01875,Q45697,1
DB00589,P18825,1
DB00786,P24347,1
DB00252,P14867,1
DB02266,Q07869,1
DB08772,P15121,1
DB07012,P28720,1
DB00811,P12268,1
DB04050,P02144,1
DB02917,Q9BY41,1
DB00721,Q01959,1
DB03428,P06493,1
DB07978,Q02127,1
DB00543,P35367,1
DB07072,P27487,1
DB00368,P35368,1
DB00500,P23219,1
DB00909,O75493,1
DB08805,P25021,1
DB08026,P53779,1
DB05984,P15056,1
DB00312,P78334,1
DB03461,P15121,1
DB08230,P11309,1
DB04946,P18825,1
DB07054,P24941,1
DB04653,P07384,1
DB07574,Q9BVA1,1
DB03247,P10340,1
DB00977,O75469,1
DB01213,P07327,1
DB04070,Q00441,1
DB01144,P07451,1
DB00306,Q8N1C3,1
DB08875,P08581,1
DB12010,Q9UIK4,1
DB11638,Q92945,1
DB08818,P10915,1
DB02823,P00634,1
DB00684,P0A7S3,1
DB02789,O00204,1
DB04544,P11217,1
DB00716,Q9Y271,1
DB04614,P22303,1
DB03525,P12931,1
DB09088,Q9UQD0,1
DB00897,Q9UN88,1
DB00675,P10275,1
DB00527,Q9Y5Y9,1
DB03435,P09147,1
DB07534,P20248,1
DB00852,P18846,1
DB13335,P28472,1
DB01622,P08908,1
DB04759,P45452,1
DB12010,O43353,1
DB01077,P12235,1
DB14715,Q99928,1
DB00145,P34897,1
DB02210,Q56313,1
DB05562,P08908,1
DB08838,Q00975,1
DB00659,P14867,1
DB01098,P20701,1
DB00842,Q9UN88,1
DB03351,P00374,1
DB03274,P0A884,1
DB00957,P06401,1
DB06217,P22460,1
DB05265,P18314,1
DB03461,P16435,1
DB03640,P62594,1
DB03959,P08758,1
DB00421,O75469,1
DB07596,P00918,1
DB03685,Q9WZI0,1
DB03814,Q8IWL2,1
DB01203,P07550,1
DB00726,P11229,1
DB03751,Q8GIQ0,1
DB00274,P08506,1
DB00838,P04150,1
DB00161,P05166,1
DB00172,Q7L3T8,1
DB13345,P21917,1
DB00842,P14867,1
DB04108,P50579,1
DB01110,Q16322,1
DB03619,Q8GGK7,1
DB06413,Q01959,1
DB04062,P02924,1
DB01197,P12821,1
DB12478,P35462,1
DB03371,Q8RLY5,1
DB08936,P35367,1
DB02379,P23219,1
DB01069,P08912,1
DB00458,P08908,1
DB01234,O75469,1
DB01702,P00436,1
DB01544,Q8N1C3,1
DB00801,P34903,1
DB03187,P23434,1
DB01069,O43525,1
DB09130,P31943,1
DB00320,P28222,1
DB00877,P09038,1
DB00688,Q03393,1
DB00794,O00591,1
DB06586,P16233,1
DB03461,P80874,1
DB01593,P01009,1
DB09288,Q8NER1,1
DB06849,Q15661,1
DB07226,P30291,1
DB00704,P41145,1
DB07754,Q04609,1
DB09089,P11229,1
DB03331,O14556,1
DB01133,Q8N8Y2,1
DB00313,Q9NY46,1
DB01593,P00441,1
DB00184,P28329,1
DB01149,P23975,1
DB07501,P24941,1
DB00801,O14764,1
DB02408,P0A079,1
DB14669,P04150,1
DB01001,P07550,1
DB04348,P51161,1
DB00612,P07550,1
DB13946,P08235,1
DB14533,P03951,1
DB00622,Q13936,1
DB13985,P35346,1
DB06841,P00734,1
DB00945,P28482,1
DB07551,P06009,1
DB01594,P48169,1
DB07174,P00797,1
DB01666,P19883,1
DB08172,Q02127,1
DB00228,O60359,1
DB08449,P15121,1
DB08073,P61925,1
DB06637,Q96PR1,1
DB13872,P48169,1
DB01807,Q16539,1
DB08342,O43617,1
DB14001,Q16760,1
DB00365,P43700,1
DB05212,P19838,1
DB12010,Q9P289,1
DB14575,Q99571,1
DB00157,P10515,1
DB06944,P20248,1
DB01016,Q15842,1
DB01033,P00492,1
DB04147,P07173,1
DB09211,P35408,1
DB00736,O94760,1
DB06726,P08588,1
DB00652,Q99720,1
DB08200,P06276,1
DB09130,P14550,1
DB08687,Q16665,1
DB01131,P13922,1
DB14011,O95180,1
DB00715,P35367,1
DB02379,O82839,1
DB05154,P9WGR1,1
DB03108,P9WKD7,1
DB03963,Q13426,1
DB06875,Q92731,1
DB00157,P40394,1
DB00753,P48169,1
DB04975,P11388,1
DB01955,P0C0T5,1
DB11148,Q00975,1
DB02579,P0AD63,1
DB04254,P07900,1
DB01329,P0AD65,1
DB00728,Q15822,1
DB03802,P03372,1
DB14059,P19838,1
DB06148,P18089,1
DB01175,P11229,1
DB00463,P31644,1
DB00119,P11177,1
DB08318,P24182,1
DB01000,P24228,1
DB08690,O14949,1
DB00143,Q04760,1
DB03085,P11413,1
DB00114,Q59FK2,1
DB00876,P30556,1
DB09030,P25116,1
DB11619,P04278,1
DB09061,P00390,1
DB00555,Q9UN88,1
DB00755,P10826,1
DB00114,P34896,1
DB01239,P08912,1
DB00540,P28223,1
DB00750,Q14524,1
DB04855,P18825,1
DB04272,Q9LCX9,1
DB07350,Q9BY41,1
DB00401,Q13936,1
DB00313,Q9NY72,1
DB09070,P03372,1
DB03284,P84141,1
DB02435,P07477,1
DB00294,P06401,1
DB06246,Q08493,1
DB02767,P06971,1
DB09237,P29474,1
DB00889,P46098,1
DB04836,P23975,1
DB06021,P00533,1
DB14501,P69905,1
DB14533,P06702,1
DB03424,Q01693,1
DB13146,O15399,1
DB01028,P18507,1
DB11638,P09493,1
DB04395,Q02880,1
DB07866,P28845,1
DB01338,Q15822,1
DB14011,Q9Y2T6,1
DB04485,O00142,1
DB06741,O15399,1
DB00244,P05164,1
DB02170,P68400,1
DB07401,P47985,1
DB04306,Q86XF0,1
DB07231,P07858,1
DB04388,Q88K39,1
DB11633,P22460,1
DB00624,P03372,1
DB00555,P29274,1
DB01245,P22303,1
DB04896,Q14957,1
DB01889,Q14994,1
DB07481,P28720,1
DB00755,O60760,1
DB08107,P14900,1
DB12615,P0AG59,1
DB09130,P51884,1
DB03088,P15692,1
DB01239,P20309,1
DB02327,Q9RME2,1
DB09031,P08183,1
DB01992,Q92831,1
DB01351,Q13002,1
DB01127,P10613,1
DB02482,P17612,1
DB00242,P09884,1
DB08510,P01859,1
DB00415,P46059,1
DB03026,P0AB87,1
DB01587,Q16445,1
DB00622,P0DP23,1
DB00842,P31644,1
DB02950,Q00535,1
DB00668,P07550,1
DB07928,P07026,1
DB03135,P60174,1
DB01393,P48443,1
DB00682,O75469,1
DB01235,P21917,1
DB01819,Q9WYH8,1
DB06151,Q05586,1
DB02726,P13929,1
DB09283,O00408,1
DB00431,P23415,1
DB00941,P06276,1
DB00907,Q01959,1
DB09472,P00915,1
DB03461,Q9X022,1
DB07584,P49841,1
DB04272,P46849,1
DB01614,P14416,1
DB07841,P53611,1
DB14840,P10721,1
DB01752,Q9WZX6,1
DB00237,P18505,1
DB00438,Q9X6V3,1
DB12010,P36888,1
DB02494,Q9UNX3,1
DB04770,O00764,1
DB00363,P46098,1
DB01623,P14416,1
DB07749,P17538,1
DB04022,P42085,1
DB00277,P29275,1
DB02494,P62750,1
DB00568,Q13936,1
DB01133,Q96LB4,1
DB06962,P20231,1
DB00434,P20309,1
DB02726,P50921,1
DB03849,Q07343,1
DB02182,P0ABE7,1
DB01592,Q96FI4,1
DB03909,Q12756,1
DB02623,P60953,1
DB01708,Q99928,1
DB01221,P41145,1
DB00683,P78334,1
DB00313,Q8IWT1,1
DB01221,P08173,1
DB04709,P10275,1
DB02186,Q54873,1
DB01221,P28221,1
DB02277,Q16539,1
DB03660,P27487,1
DB01215,Q16445,1
DB00825,O75762,1
DB00114,Q96I15,1
DB03147,P12676,1
DB01854,P52961,1
DB01373,P05109,1
DB00160,P24298,1
DB06262,P08588,1
DB02930,P33221,1
DB00264,P08588,1
DB14491,P00450,1
DB07019,P56817,1
DB11633,Q92806,1
DB00583,P47989,1
DB00656,P28223,1
DB04860,Q9NYK1,1
DB00794,P47869,1
DB08150,P61925,1
DB04464,P0CG48,1
DB02175,Q9ZIV5,1
DB12141,P46098,1
DB00129,Q9Y619,1
DB08901,P22455,1
DB00157,P43353,1
DB01215,Q99928,1
DB01062,P11229,1
DB11638,P62316,1
DB03247,Q60049,1
DB01200,P28221,1
DB12010,P16234,1
DB06148,P35348,1
DB03070,P12268,1
DB04334,P46881,1
DB02755,P20645,1
DB08003,P18031,1
DB00546,P34903,1
DB03814,Q9X5N2,1
DB13867,P04150,1
DB01692,P9WHE9,1
DB01592,Q16595,1
DB11638,Q8IKM5,1
DB03128,P36544,1
DB01126,P31213,1
DB12010,Q96GD4,1
DB00583,P23141,1
DB09477,P12821,1
DB01406,P06401,1
DB06159,P11387,1
DB14487,P29372,1
DB01239,O95264,1
DB05289,Q9Y6K9,1
DB01069,Q9UJ90,1
DB07397,P22894,1
DB01588,O00591,1
DB15685,P11362,1
DB00907,P23141,1
DB00366,P08172,1
DB04491,P27487,1
DB04299,P95468,1
DB01069,Q99572,1
DB04657,P31040,1
DB04467,P00509,1
DB07686,P24941,1
DB01224,P25100,1
DB02458,P28161,1
DB03137,P07900,1
DB00661,P35368,1
DB00964,P18089,1
DB09230,Q02641,1
DB01727,P16100,1
DB07122,P00749,1
DB01785,P62623,1
DB03796,O43617,1
DB08061,P00734,1
DB03978,P83453,1
DB01069,P56696,1
DB00408,P21917,1
DB07729,Q9L5C8,1
DB07730,P18031,1
DB02301,P0A884,1
DB00540,P23975,1
DB07175,P56817,1
DB07918,Q72EF3,1
DB03686,P09211,1
DB07855,P61925,1
DB00753,P34903,1
DB09244,P21397,1
DB14487,P08700,1
DB00777,P08173,1
DB00459,P19793,1
DB00900,P00491,1
DB01643,P04818,1
DB00671,P44469,1
DB07631,Q53119,1
DB01354,P31644,1
DB08464,P14625,1
DB09017,Q99928,1
DB04891,P11473,1
DB12537,P28472,1
DB02742,Q16706,1
DB00333,P17787,1
DB06771,P72525,1
DB08602,Q13946,1
DB01213,P00326,1
DB00186,P47870,1
DB08324,P25084,1
DB08684,P9WNG3,1
DB03147,P16435,1
DB13345,P18825,1
DB09061,P47775,1
DB08690,P00156,1
DB08030,P08254,1
DB01960,Q96C86,1
DB00157,Q15800,1
DB04844,Q05940,1
DB04400,P61457,1
DB06927,Q92731,1
DB08398,P03372,1
DB08309,P20248,1
DB09229,O60840,1
DB04035,Q939N4,1
DB04271,Q08499,1
DB08262,P69905,1
DB07302,P37231,1
DB03900,P50579,1
DB03631,P46883,1
DB05252,P35228,1
DB01239,P08173,1
DB09130,P15814,1
DB09213,P12104,1
DB01782,P45983,1
DB06930,P56817,1
DB02709,P09917,1
DB07720,P17787,1
DB01035,P26358,1
DB06870,P10275,1
DB00273,P39086,1
DB12334,P07437,1
DB00841,P35348,1
DB07364,Q00535,1
DB07780,P14324,1
DB00606,Q6FHJ7,1
DB01136,P08913,1
DB14487,P05160,1
DB04201,P60906,1
DB01044,P72525,1
DB00825,O00555,1
DB13946,P03372,1
DB00996,Q9NR82,1
DB01224,P08172,1
DB13174,Q13133,1
DB00786,P51512,1
DB08185,P80380,1
DB08330,P22695,1
DB00829,P78334,1
DB01150,P14677,1
DB01068,Q16445,1
DB08922,P21917,1
DB01594,P28472,1
DB04548,Q9KWU1,1
DB01466,P35372,1
DB14533,P46736,1
DB02987,P07998,1
DB00486,P34972,1
DB11132,Q9UEW3,1
DB06263,P11388,1
DB00184,P11511,1
DB00438,P72161,1
DB01351,Q16445,1
DB04464,P35094,1
DB02942,Q15075,1
DB14185,P46098,1
DB00402,P31644,1
DB06845,P07477,1
DB04205,P00644,1
DB03179,Q86VU5,1
DB02386,P28838,1
DB02752,P0A884,1
DB13025,P28335,1
DB01050,P37231,1
DB12458,P14867,1
DB02703,P62580,1
DB07347,P04406,1
DB02142,Q8ZNF3,1
DB08541,Q53901,1
DB01593,P19827,1
DB09275,O25926,1
DB01102,P13945,1
DB12582,O75469,1
DB03366,P02144,1
DB00896,P04150,1
DB00244,O14920,1
DB01454,P41595,1
DB00191,P23975,1
DB14715,P31644,1
DB08916,P04626,1
DB00402,Q8N1C3,1
DB08811,Q14432,1
DB03035,P68400,1
DB03600,P0A953,1
DB07280,P55263,1
DB08632,P69905,1
DB14583,P04150,1
DB14642,P37288,1
DB14533,P81605,1
DB00157,P47895,1
DB02333,P28248,1
DB08507,P08254,1
DB05552,O00329,1
DB01592,P02794,1
DB09198,P37231,1
DB12010,P29323,1
DB00493,P46059,1
DB00715,P08172,1
DB00316,P23219,1
DB02134,P45563,1
DB02693,P9WHE9,1
DB13335,P18507,1
DB00145,Q969I3,1
DB00151,P32929,1
DB01589,P47869,1
DB00182,P08913,1
DB12107,Q939N4,1
DB04891,Q15648,1
DB01325,P00915,1
DB00454,P23975,1
DB00978,P43702,1
DB01897,O60760,1
DB07148,P48147,1
DB08874,Q18BX5,1
DB09099,P30872,1
DB14538,P04083,1
DB03147,P26440,1
DB01224,P08173,1
DB12107,Q9L5C7,1
DB02701,P11439,1
DB00153,O00305,1
DB01942,P16544,1
DB04157,P11797,1
DB06203,P27487,1
DB05885,Q00975,1
DB00184,P32297,1
DB03854,Q46893,1
DB04543,P28720,1
DB00050,P22888,1
DB07918,P0AEK7,1
DB06603,Q9UKV0,1
DB00143,Q96SL4,1
DB01520,O60391,1
DB07966,P12931,1
DB00696,P18825,1
DB12518,P14416,1
DB00125,O43246,1
DB07312,P09467,1
DB00201,P42336,1
DB03970,P0AD64,1
DB01185,P80365,1
DB04689,P37231,1
DB12007,P37231,1
DB02552,P14324,1
DB03337,P07477,1
DB04926,Q8TCU5,1
DB09342,P35499,1
DB04326,P0AB87,1
DB01812,Q9Y663,1
DB01133,P27449,1
DB00458,Q9NZV8,1
DB07290,P15917,1
DB07071,P03951,1
DB03205,P27505,1
DB01205,P47869,1
DB00328,Q8N8N7,1
DB11638,P18669,1
DB14490,P02786,1
DB01196,P11137,1
DB09130,P02743,1
DB00256,P0A7V8,1
DB06855,P07477,1
DB00143,Q7RTV2,1
DB00371,Q8N1C3,1
DB00128,P22234,1
DB08079,P08581,1
DB05964,P31645,1
DB01673,P14900,1
DB07015,P27487,1
DB07341,P16442,1
DB08918,P23975,1
DB03940,P16115,1
DB00295,P35372,1
DB02701,P00338,1
DB08915,Q15788,1
DB04273,P11086,1
DB01087,P08729,1
DB11638,C6KT50,1
DB01133,O95670,1
DB00166,Q9Y289,1
DB04464,P07173,1
DB02930,Q59560,1
DB00468,O15554,1
DB07817,Q4L5E4,1
DB08234,A0A0M3KKX1,1
DB03709,P41052,1
DB01592,P02787,1
DB14028,P48169,1
DB01353,P34903,1
DB00186,P34903,1
DB06702,P08172,1
DB01215,P28472,1
DB08779,O14757,1
DB08330,P08574,1
DB00328,Q04760,1
DB00980,P49286,1
DB12141,P34969,1
DB01238,P46098,1
DB07172,P37231,1
DB00467,P11388,1
DB07432,Q89ZI2,1
DB00397,P07550,1
DB01175,P25100,1
DB06908,Q15788,1
DB02379,P01552,1
DB01159,P31644,1
DB09130,P14866,1
DB02338,P11411,1
DB05408,P55210,1
DB12961,Q9NPC1,1
DB04088,P18031,1
DB02466,P13631,1
DB04047,P26281,1
DB00968,P08913,1
DB04414,P52687,1
DB00543,P08908,1
DB03796,Q14541,1
DB04829,P41595,1
DB00463,P28472,1
DB01403,P25100,1
DB14001,Q9UDX4,1
DB07812,P49841,1
DB03147,Q92947,1
DB02341,Q9UNI1,1
DB08294,P01857,1
DB08077,P68871,1
DB08249,P28793,1
DB00250,P0C0X1,1
DB02873,Q16539,1
DB00874,Q14957,1
DB04464,P20674,1
DB00598,P07550,1
DB02727,P29475,1
DB11090,Q12809,1
DB03740,P22303,1
DB04128,O66529,1
DB03461,Q9WZS7,1
DB00543,P31645,1
DB11653,P41968,1
DB04703,Q96GD4,1
DB06148,P34969,1
DB07584,P31749,1
DB05395,P13945,1
DB00703,P22748,1
DB06288,P28223,1
DB02475,Q05581,1
DB12010,P42680,1
DB03772,P16442,1
DB03352,Q7K9G0,1
DB05939,Q99527,1
DB08202,P00918,1
DB13170,P33402,1
DB00643,Q71U36,1
DB03461,P14941,1
DB00605,P35354,1
DB07494,Q494W8,1
DB07712,P03372,1
DB00589,P28223,1
DB02039,A0A0H3K1U2,1
DB00934,P08173,1
DB00306,Q13002,1
DB00571,P08908,1
DB06153,P35368,1
DB03355,P0A8M5,1
DB01593,P02765,1
DB13940,P28223,1
DB06741,Q05586,1
DB14715,P47869,1
DB03247,P0AFI7,1
DB01917,P17707,1
DB07227,P53609,1
DB08231,P02929,1
DB00858,P10275,1
DB08910,P35354,1
DB01189,O14983,1
DB00260,P0A6J8,1
DB11582,P47870,1
DB01069,Q99571,1
DB04884,P28222,1
DB04920,O60840,1
DB00321,Q99720,1
DB08845,P00509,1
DB07234,P49137,1
DB08949,Q8TDS4,1
DB03505,P28720,1
DB00897,P34903,1
DB00184,P36544,1
DB06358,P00374,1
DB06929,P00734,1
DB08897,P11229,1
DB01110,O15554,1
DB00543,P08172,1
DB01812,P06612,1
DB06133,P10275,1
DB02332,P12676,1
DB01593,P05067,1
DB03360,Q9XB59,1
DB09207,P35462,1
DB00565,Q15822,1
DB00215,P35367,1
DB07906,P11086,1
DB08056,P06239,1
DB00564,O75469,1
DB14540,P14060,1
DB01254,P11142,1
DB14481,P13693,1
DB07049,P28845,1
DB01603,Q8DR59,1
DB09130,P00338,1
DB01331,Q7CRA4,1
DB00493,Q9NSA0,1
DB07045,Q99933,1
DB00434,P11229,1
DB07203,P24941,1
DB14533,P30101,1
DB00246,P28335,1
DB01113,Q07343,1
DB03886,P35270,1
DB02153,Q8NX78,1
DB00340,P08912,1
DB01110,Q8NCM2,1
DB06979,Q9UJM8,1
DB12670,P30542,1
DB14491,Q96FI4,1
DB07645,P68871,1
DB00290,P49916,1
DB03845,P23919,1
DB08906,P06401,1
DB07374,P61313,1
DB11691,P41145,1
DB05513,P05231,1
DB02406,P96965,1
DB04032,P00183,1
DB09130,P00747,1
DB00201,P35913,1
DB12010,Q86V86,1
DB00153,Q8WXS5,1
DB05541,Q9NY72,1
DB11638,C0H551,1
DB00493,Q8DR59,1
DB00805,P21397,1
DB03900,P0DP23,1
DB07187,P15121,1
DB00576,P0AC13,1
DB01069,P35368,1
DB00536,Q14353,1
DB09130,P02750,1
DB00182,Q99870,1
DB08892,Q9UBS5,1
DB14544,P14060,1
DB08806,P25021,1
DB00463,P36544,1
DB00783,P43681,1
DB01233,P11229,1
DB01699,P80404,1
DB00562,Q8N1Q1,1
DB04896,Q8TCU5,1
DB07846,P22303,1
DB07070,Q03181,1
DB01211,Q9NPD5,1
DB00721,P26358,1
DB00129,P04181,1
DB08689,O14521,1
DB00396,Q92731,1
DB02757,P03372,1
DB02010,P06239,1
DB09130,P02649,1
DB06774,Q8NER1,1
DB01673,P45066,1
DB08162,P17612,1
DB01171,P21397,1
DB00148,P17540,1
DB02733,P78362,1
DB00171,P68400,1
DB02975,Q83JC4,1
DB03323,P36924,1
DB02852,Q13002,1
DB01033,P20839,1
DB04155,P00722,1
DB06882,P12931,1
DB01133,Q8NEY4,1
DB01069,Q12809,1
DB09231,P54284,1
DB01795,Q9L9D7,1
DB03814,P31434,1
DB06994,P27487,1
DB01144,P43166,1
DB08113,P61925,1
DB06151,Q13224,1
DB03097,P10724,1
DB09213,P00750,1
DB02740,P95468,1
DB14487,P01019,1
DB00325,P16066,1
DB01901,P05230,1
DB06840,P07477,1
DB00829,P34903,1
DB08231,P06971,1
DB00150,P23381,1
DB00437,P47989,1
DB07317,P07900,1
DB01159,P03886,1
DB06204,P31645,1
DB03755,P15925,1
DB00231,P28472,1
DB03813,P0A6Q3,1
DB07955,Q9UNI1,1
DB00458,P21728,1
DB09061,Q9HBA0,1
DB03038,P0A884,1
DB09283,Q01064,1
DB01088,P27815,1
DB07642,Q96C86,1
DB06288,P34969,1
DB01403,P08172,1
DB01593,P00748,1
DB11093,Q99584,1
DB01355,P47869,1
DB00155,Q9Y2J8,1
DB01329,Q07806,1
DB12537,P47869,1
DB08378,P19105,1
DB01065,P05164,1
DB00263,P0AC13,1
DB07440,P00734,1
DB03389,Q8RJN8,1
DB08055,P06239,1
DB01694,Q9KVB4,1
DB01245,P43681,1
DB13335,Q99928,1
DB00908,Q12809,1
DB08201,P06276,1
DB04147,P37001,1
DB01708,P14867,1
DB14509,O14732,1
DB00228,Q05586,1
DB12961,Q07869,1
DB02418,P62837,1
DB09060,P0AD64,1
DB00675,P05771,1
DB00501,P25021,1
DB12010,Q8IW41,1
DB01593,P03372,1
DB09194,P18089,1
DB00157,P42330,1
DB07252,P54760,1
DB04137,Q15382,1
DB02638,P47901,1
DB07718,O67636,1
DB00988,P31645,1
DB06791,P30874,1
DB05824,Q05586,1
DB11638,P02768,1
DB04592,P22869,1
DB03042,P06744,1
DB06148,P14416,1
DB01956,P54965,1
DB02872,Q00987,1
DB00466,O75311,1
DB14013,Q14995,1
DB06711,P08913,1
DB01236,P31644,1
DB00128,P45381,1
DB14490,Q969S2,1
DB08648,P19080,1
DB00171,Q96G91,1
DB00475,P47869,1
DB08808,P07550,1
DB04310,Q93LE9,1
DB02678,P47929,1
DB00363,P08908,1
DB02912,Q9X4K7,1
DB03178,P05798,1
DB14001,P09917,1
DB04141,P22695,1
DB01136,P19320,1
DB03501,P15291,1
DB08342,Q86SZ2,1
DB09304,P34969,1
DB09274,P04926,1
DB01336,Q15822,1
DB01708,O14764,1
DB00644,Q96P88,1
DB02492,Q16706,1
DB03887,Q05603,1
DB06678,P35367,1
DB00786,Q8N119,1
DB01593,P01031,1
DB01280,P09884,1
DB04137,P32173,1
DB01189,Q16720,1
DB03357,P11444,1
DB00555,Q15858,1
DB04295,P11217,1
DB09068,P31645,1
DB00661,P25100,1
DB04464,P10176,1
DB02047,P23219,1
DB00145,Q8WU03,1
DB01110,Q9UK17,1
DB00364,P0DJD9,1
DB01189,O00591,1
DB08231,P15151,1
DB09409,Q8TCU5,1
DB14719,Q8N1C3,1
DB09286,P35462,1
DB01239,P28222,1
DB09462,P09466,1
DB12228,Q16602,1
DB04697,P00734,1
DB06831,O00329,1
DB09130,P06733,1
DB06258,Q00613,1
DB00252,O00555,1
DB01589,O14764,1
DB08319,P54997,1
DB13437,P18507,1
DB01783,P0A6I3,1
DB00983,P07550,1
DB03095,Q14376,1
DB14062,P08183,1
DB04395,P68400,1
DB01593,P78330,1
DB01113,Q9Y233,1
DB00490,P35462,1
DB03800,P00469,1
DB00252,P35498,1
DB04392,P41407,1
DB01708,Q14957,1
DB06011,P27487,1
DB01857,P71447,1
DB07127,P23467,1
DB11638,Q8IM16,1
DB04693,P00947,1
DB01591,P11229,1
DB04777,Q93D82,1
DB04447,P15770,1
DB00349,O00591,1
DB04645,P11217,1
DB04671,P13981,1
DB00712,P23219,1
DB03147,P0C278,1
DB01282,P30559,1
DB07093,P15121,1
DB04792,P07477,1
DB08673,P24941,1
DB14067,P08183,1
DB05461,P18089,1
DB09345,Q15858,1
DB02031,P0A884,1
DB04953,Q9NR82,1
DB00157,P40939,1
DB08019,P29474,1
DB02299,P22459,1
DB06750,Q9NPD5,1
DB00349,P31644,1
DB00412,O60488,1
DB00126,Q9GZT9,1
DB04147,P26790,1
DB07881,P01857,1
DB01645,P11388,1
DB01594,P47869,1
DB00163,P17252,1
DB06429,P29371,1
DB01069,O43526,1
DB04983,P41231,1
DB07335,P48736,1
DB00153,P62955,1
DB09050,P08506,1
DB02448,Q9NZK7,1
DB01088,Q9Y5Y4,1
DB00604,P46098,1
DB02636,Q9NZK7,1
DB01392,P08908,1
DB00799,P13631,1
DB00114,Q99259,1
DB14533,P04196,1
DB03933,Q06110,1
DB02379,P35247,1
DB01558,P47870,1
DB07450,P15121,1
DB09213,P37231,1
DB03940,P07195,1
DB01136,P35368,1
DB01588,P18505,1
DB00143,Q16873,1
DB14487,P07360,1
DB04223,P29475,1
DB07773,P00929,1
DB11348,Q99653,1
DB00973,Q9UHC9,1
DB00273,Q01118,1
DB01170,P23975,1
DB00435,P04731,1
DB09061,P00441,1
DB04557,Q07869,1
DB01708,O60391,1
DB01159,P47869,1
DB01183,O00206,1
DB04464,P53611,1
DB14635,P16152,1
DB11653,Q01718,1
DB00237,P14867,1
DB04519,Q07869,1
DB07926,P03956,1
DB00541,P68366,1
DB08875,P35968,1
DB07745,P00929,1
DB05461,P18825,1
DB09279,P30556,1
DB01772,P49841,1
DB09118,P18505,1
DB04401,P77674,1
DB00794,P18507,1
DB00409,P28223,1
DB01567,P14867,1
DB02726,Q7ADF8,1
DB07951,P0A2K1,1
DB01565,O60858,1
DB03215,Q9XB61,1
DB06354,P39086,1
DB07890,P00929,1
DB00523,Q15238,1
DB00945,P24385,1
DB08353,P68400,1
DB01118,Q13698,1
DB00800,P21918,1
DB01186,P28335,1
DB00274,C1KC03,1
DB02077,P29474,1
DB01727,P48735,1
DB00315,P34969,1
DB01142,P35348,1
DB07116,P13051,1
DB01429,Q14524,1
DB14011,Q8NET8,1
DB08690,P0C0Y8,1
DB04763,P00918,1
DB07923,P60844,1
DB00157,P14679,1
DB04417,P19961,1
DB00432,P04818,1
DB08448,P00374,1
DB00153,Q9P0X4,1
DB00114,P20711,1
DB01338,P20309,1
DB01593,P01011,1
DB00119,O15375,1
DB01238,Q9H3N8,1
DB02210,P01112,1
DB01483,P48169,1
DB00780,P24298,1
DB01437,Q16445,1
DB08367,P44783,1
DB01544,P31644,1
DB06925,P06239,1
DB01133,Q9Y5K8,1
DB12010,P11362,1
DB01110,Q8TDN2,1
DB03051,Q46444,1
DB03088,Q03403,1
DB11235,P20309,1
DB00114,Q9Y600,1
DB01593,P04731,1
DB04885,P46098,1
DB07934,P00734,1
DB07988,P08254,1
DB02772,Q939N4,1
DB00656,P35348,1
DB00123,P52569,1
DB06616,Q13555,1
DB11348,P27797,1
DB01017,P45983,1
DB04846,P13945,1
DB02459,P00751,1
DB00125,P29474,1
DB00142,Q14833,1
DB01059,P11388,1
DB02217,Q9NPB1,1
DB05047,P48058,1
DB04216,Q9AIU0,1
DB06410,P11473,1
DB00575,P25100,1
DB02218,P04746,1
DB08085,P10828,1
DB02830,P00813,1
DB00313,P37231,1
DB07976,Q02127,1
DB02449,P08254,1
DB00228,P31644,1
DB13437,Q99928,1
DB04272,P12931,1
DB14487,Q06481,1
DB04967,P27695,1
DB05047,P42261,1
DB03059,P30084,1
DB07545,O14965,1
DB04073,P01556,1
DB03338,P62942,1
DB02451,P08100,1
DB00344,P31645,1
DB03462,P07650,1
DB08607,P10632,1
DB15494,P35346,1
DB00555,O14764,1
DB03530,P00811,1
DB07297,P06239,1
DB00303,P45059,1
DB01401,P23219,1
DB00898,P78334,1
DB01819,P0A716,1
DB03169,A0A0H3K1U2,1
DB11638,A0A143ZZK9,1
DB11901,P48169,1
DB04149,Q08499,1
DB01283,P35354,1
DB00539,P03372,1
DB01229,Q9H4B7,1
DB03429,P12235,1
DB07890,P0A2K1,1
DB02227,P84141,1
DB07771,P01116,1
DB03010,P68363,1
DB00342,P35367,1
DB00228,Q13936,1
DB09130,P06744,1
DB00679,P14416,1
DB02709,Q86T13,1
DB01208,P11388,1
DB12332,Q9Y6F1,1
DB03865,P05981,1
DB03010,P04350,1
DB03461,P0AEK2,1
DB09068,P34969,1
DB00499,O75469,1
DB00401,Q13698,1
DB11093,Q96L12,1
DB01094,O75908,1
DB07677,Q9Y6F1,1
DB04883,P25101,1
DB04220,P06971,1
DB02772,O00244,1
DB01760,Q8WX39,1
DB00622,P54289,1
DB03925,P08246,1
DB11093,P06703,1
DB01250,P51580,1
DB02209,P0A794,1
DB01593,P25713,1
DB01691,P0AEK4,1
DB12340,Q92934,1
DB08352,Q16539,1
DB00228,P54284,1
DB04137,P01112,1
DB02153,P19080,1
DB01483,P43681,1
DB01489,P48169,1
DB07490,P00363,1
DB00647,P41145,1
DB00683,O14764,1
DB00777,P20309,1
DB01752,Q99873,1
DB04140,P08254,1
DB08761,P9WPP7,1
DB03787,P16932,1
DB08488,P00742,1
DB01331,P02919,1
DB05223,Q92769,1
DB05087,P31644,1
DB03115,Q02750,1
DB04099,P18843,1
DB08519,P35968,1
DB03297,P04179,1
DB02637,Q9ZF99,1
DB00320,P08913,1
DB00193,O60391,1
DB09304,P28221,1
DB12010,P48736,1
DB09092,P50213,1
DB05013,P17252,1
DB04464,P24311,1
DB08174,P00742,1
DB01016,O95477,1
DB05541,Q07699,1
DB12010,P08581,1
DB08168,Q9BY41,1
DB00696,P08908,1
DB00171,Q9NUB1,1
DB00157,Q13423,1
DB13953,P37059,1
DB03330,Q04760,1
DB00776,Q9NY46,1
DB03219,Q54527,1
DB02930,P06710,1
DB14533,Q06033,1
DB09345,Q14524,1
DB09061,O75311,1
DB07551,P06010,1
DB00321,P08173,1
DB01364,P23975,1
DB07107,P17612,1
DB01189,P47869,1
DB01174,Q13224,1
DB00963,P35354,1
DB00905,P34995,1
DB00596,P04150,1
DB03128,P22303,1
DB01567,P24046,1
DB04842,P14416,1
DB14719,O00591,1
DB14719,O14764,1
DB00157,Q02338,1
DB00252,O60840,1
DB00606,P23280,1
DB02701,Q10588,1
DB01189,P30049,1
DB12010,Q9NRH2,1
DB00114,Q8IUZ5,1
DB03692,P0A921,1
DB08846,Q16790,1
DB04054,P07900,1
DB05408,P42574,1
DB06144,P35368,1
DB01694,Q746J6,1
DB04917,P46098,1
DB01593,O14556,1
DB03039,P00918,1
DB07329,P01859,1
DB01378,P05023,1
DB03882,Q92731,1
DB00228,Q14722,1
DB03392,P11217,1
DB03366,P17802,1
DB00315,P28566,1
DB03814,P60355,1
DB04741,P31930,1
DB07763,O14949,1
DB06862,P42574,1
DB01159,P28472,1
DB09343,P19971,1
DB06634,P08684,1
DB01159,Q8N1C3,1
DB01595,P34903,1
DB03496,P06493,1
DB01593,P00751,1
DB00477,Q12809,1
DB04846,P08588,1
DB02980,P24289,1
DB04531,P16455,1
DB09332,P00734,1
DB04948,P08913,1
DB00996,Q9NY47,1
DB02022,P55882,1
DB08795,P0A3M6,1
DB01325,Q13621,1
DB02556,Q16773,1
DB09039,Q16739,1
DB03546,P22102,1
DB04451,O60911,1
DB14649,P04083,1
DB07591,P0AE18,1
DB00311,P07451,1
DB00979,P11229,1
DB01186,P18825,1
DB00366,P08173,1
DB14672,P18507,1
DB00602,P28472,1
DB08896,P35968,1
DB01400,P22303,1
DB00546,Q8N1C3,1
DB04210,P01556,1
DB08399,P36542,1
DB00818,P78334,1
DB02229,P00959,1
DB00157,O43175,1
DB03048,Q12882,1
DB11638,Q02155,1
DB00321,P08912,1
DB03202,Q9UNI1,1
DB00091,Q96LZ3,1
DB00273,Q13003,1
DB03461,P42593,1
DB03147,Q7SID9,1
DB00496,P08912,1
DB08453,P00156,1
DB03155,P07998,1
DB00514,P31645,1
DB07091,P07477,1
DB00396,P10275,1
DB00114,Q59GM9,1
DB07791,P24941,1
DB00171,P42336,1
DB03995,Q08751,1
DB01037,P27338,1
DB06738,Q12879,1
DB07650,P9WNG3,1
DB04351,Q99798,1
DB01686,P35228,1
DB00482,P07451,1
DB06217,Q9UK17,1
DB06444,P01375,1
DB06637,P16389,1
DB03314,P60174,1
DB00669,P30939,1
DB01176,P49888,1
DB12965,A1L3X4,1
DB03981,P08758,1
DB03749,P07900,1
DB08860,P04035,1
DB01017,Q13164,1
DB12610,P34913,1
DB08068,Q16539,1
DB03247,P42593,1
DB02976,P96945,1
DB01120,P15692,1
DB00788,P23219,1
DB03317,P24092,1
DB01149,P08908,1
DB04147,P0C0Y9,1
DB00805,P41595,1
DB01981,Q9F5I8,1
DB07919,P21397,1
DB01851,P0A334,1
DB01151,P08173,1
DB01033,P12268,1
DB05521,O94956,1
DB01796,P9WJJ7,1
DB00157,P51553,1
DB00244,P37231,1
DB01254,P00519,1
DB00546,O14764,1
DB01298,P0AC13,1
DB09221,P01138,1
DB12010,Q9C098,1
DB07242,P11309,1
DB11755,Q9Y5S1,1
DB01136,P63252,1
DB01189,P14867,1
DB07854,P61925,1
DB03176,P10828,1
DB01221,P35372,1
DB02045,P07477,1
DB08751,P01112,1
DB06216,P35367,1
DB01863,Q06187,1
DB09140,Q9Y5S8,1
DB05087,P34903,1
DB13944,P08235,1
DB14723,Q16620,1
DB00774,P00915,1
DB03147,Q47PU3,1
DB00898,Q02641,1
DB04530,P0ACB2,1
DB02264,Q9Y663,1
DB07432,Q9KU37,1
DB00543,P18507,1
DB00714,P28221,1
DB00715,P08908,1
DB01204,P11388,1
DB11901,Q99928,1
DB01972,O76074,1
DB00924,P23975,1
DB01593,P29372,1
DB03542,P29218,1
DB00157,P30838,1
DB00193,Q14957,1
DB13269,P35499,1
DB09128,P28223,1
DB06964,P07900,1
DB00786,P51511,1
DB04397,P36871,1
DB00393,Q13936,1
DB00201,Q08499,1
DB03222,P62219,1
DB00268,P14416,1
DB07720,P30926,1
DB02032,O08498,1
DB09079,P21802,1
DB08780,O14757,1
DB00313,Q99250,1
DB00564,Q9NY46,1
DB00171,Q13564,1
DB00197,Q99808,1
DB07544,P54687,1
DB00402,P18505,1
DB12010,P36507,1
DB08264,P0A110,1
DB00228,Q96L42,1
DB09231,O60840,1
DB01972,P0AG16,1
DB00606,P54710,1
DB03736,P00797,1
DB09167,P20309,1
DB04087,Q5SJ28,1
DB01200,P34969,1
DB00142,Q9UI32,1
DB03509,P09874,1
DB00801,Q16445,1
DB11859,P34903,1
DB00157,P56556,1
DB06262,P08913,1
DB00798,P0A7S3,1
DB00555,P28223,1
DB00594,P51170,1
DB04599,P42262,1
DB00162,O94788,1
DB07652,Q9KEI9,1
DB04855,P25100,1
DB08004,Q8TF76,1
DB00371,P47869,1
DB12010,Q9NQU5,1
DB00246,P50406,1
DB08029,P08254,1
DB06016,P14416,1
DB14481,Q96FQ6,1
DB03329,P07858,1
DB04695,A9JQL9,1
DB08046,P00918,1
DB01017,P53779,1
DB02724,P06971,1
DB03127,P68400,1
DB01352,P42262,1
DB00363,P28223,1
DB07732,P0A2K1,1
DB01812,P07998,1
DB01520,Q693P7,1
DB00280,Q9NZV8,1
DB06157,P16615,1
DB11691,P35372,1
DB01110,O43525,1
DB01576,P18089,1
DB04147,P09391,1
DB00693,P06310,1
DB11273,P35368,1
DB00696,P28223,1
DB01069,Q9H3M0,1
DB00408,P20309,1
DB03756,P36956,1
DB08901,P35968,1
DB01026,Q12809,1
DB00252,Q14524,1
DB03814,Q6NXR0,1
DB01023,Q08289,1
DB01577,Q01959,1
DB02494,Q96L21,1
DB00915,Q8TCU5,1
DB09213,P10415,1
DB01104,P23975,1
DB00988,P46098,1
DB09050,Q9X6W0,1
DB07633,P16442,1
DB11901,P34903,1
DB07763,P08574,1
DB00211,P25100,1
DB14011,Q9P0X4,1
DB04257,O31440,1
DB01221,P20309,1
DB02795,Q9NZK7,1
DB03074,P28720,1
DB08158,Q8AAK6,1
DB08811,Q9Y233,1
DB09060,P0AD63,1
DB09236,Q01668,1
DB07720,P43681,1
DB14490,P39748,1
DB00157,Q6ZMR3,1
DB08088,P10275,1
DB00312,O14764,1
DB01702,P06875,1
DB01189,P48169,1
DB04552,P35354,1
DB06454,P14416,1
DB01169,P38936,1
DB07947,P61925,1
DB02379,P04958,1
DB09345,P35498,1
DB09116,P48448,1
DB00131,Q9UGJ0,1
DB09195,P18825,1
DB06941,P04271,1
DB02401,Q27743,1
DB01151,P20309,1
DB08433,P15273,1
DB01709,Q07412,1
DB02141,P29474,1
DB03100,P35228,1
DB05796,P08473,1
DB15498,P33981,1
DB01151,P08913,1
DB00630,P29074,1
DB09130,P07237,1
DB02674,P22629,1
DB05294,P00533,1
DB01331,P02918,1
DB07286,P10275,1
DB01436,P19793,1
DB14011,Q9Y5S1,1
DB02375,P48736,1
DB11221,P04278,1
DB01159,P78334,1
DB09488,P35367,1
DB04126,P09668,1
DB08130,Q02750,1
DB07322,P50579,1
DB02945,Q59288,1
DB09092,P40926,1
DB11855,P11229,1
DB00382,P23141,1
DB02719,P11217,1
DB07719,P18031,1
DB00402,P28472,1
DB00945,Q9UGI9,1
DB00146,P11473,1
DB03225,P14920,1
DB11186,P35372,1
DB04349,P39126,1
DB01910,Q54527,1
DB02643,P27338,1
DB14071,P08183,1
DB01337,P08172,1
DB00434,P28223,1
DB11638,Q8IE82,1
DB01956,P48169,1
DB00126,Q54873,1
DB07636,P14927,1
DB03602,Q04760,1
DB03403,Q9LAK3,1
DB09262,P08172,1
DB00933,P28223,1
DB13643,Q16445,1
DB01813,P06986,1
DB06623,P08913,1
DB02010,Q08881,1
DB02934,P0ABP8,1
DB01221,P14416,1
DB04652,P28845,1
DB02838,P14920,1
DB00459,P10276,1
DB00228,Q6PIU1,1
DB07863,P37231,1
DB06853,P00734,1
DB07997,P17612,1
DB12245,Q09093,1
DB00237,Q8N1C3,1
DB00628,Q9UN88,1
DB00458,Q12809,1
DB07237,P09960,1
DB09462,O14717,1
DB07669,P17412,1
DB08569,P17612,1
DB02251,Q47Q21,1
DB12010,P42684,1
DB03801,P13661,1
DB11273,P07550,1
DB04137,P84077,1
DB01927,P15559,1
DB01104,O00264,1
DB04752,Q13285,1
DB03865,P00734,1
DB00848,Q9N587,1
DB08453,P83793,1
DB04238,P07477,1
DB00493,Q8TCC7,1
DB11638,Q6LFH8,1
DB02497,P08758,1
DB11582,P18507,1
DB04310,P68826,1
DB03147,P83223,1
DB11638,P07195,1
DB13346,Q9UBN7,1
DB08901,P06239,1
DB01221,P08172,1
DB07766,Q00536,1
DB00364,P01133,1
DB00311,P00915,1
DB01136,Q12809,1
DB00119,O60669,1
DB06869,P00734,1
DB08402,P19793,1
DB00402,P48169,1
DB08690,P07014,1
DB04767,P08709,1
DB00475,P78334,1
DB02909,P9WK19,1
DB00907,Q9NY72,1
DB06589,P16234,1
DB13345,P07550,1
DB04576,P11388,1
DB00171,Q9NR19,1
DB03147,Q44532,1
DB02328,P32929,1
DB00706,P25100,1
DB08807,P13945,1
DB08484,P09467,1
DB11638,Q8IEM3,1
DB00726,P21918,1
DB00247,P28566,1
DB07895,P49356,1
DB00131,P16220,1
DB08066,O14965,1
DB01967,Q83QN9,1
DB12742,P07949,1
DB11181,P08912,1
DB00114,Q6IBS8,1
DB01115,O75469,1
DB01992,O34002,1
DB02287,P00749,1
DB03991,Q02834,1
DB11560,Q9NSA0,1
DB00157,O95479,1
DB00951,P9WGR1,1
DB06713,P06401,1
DB08690,O14957,1
DB03013,P61626,1
DB04147,P07110,1
DB00285,P23975,1
DB02952,P01303,1
DB01036,P08173,1
DB13025,P08908,1
DB13025,P41595,1
DB00414,P48048,1
DB07048,P00918,1
DB03597,Q03013,1
DB01375,P21796,1
DB07101,Q02750,1
DB00270,Q9NY47,1
DB04114,P22303,1
DB00829,P47869,1
DB00281,P35499,1
DB15493,Q8IXJ6,1
DB07509,P37231,1
DB02218,P19961,1
DB04915,Q16206,1
DB01819,Q57265,1
DB01020,P33402,1
DB01496,P34903,1
DB01238,P07550,1
DB00157,P00390,1
DB04639,P01857,1
DB01593,Q00987,1
DB01437,O14764,1
DB01553,P28472,1
DB01427,Q13370,1
DB04520,P11797,1
DB09099,P30874,1
DB00421,O00555,1
DB15102,P11362,1
DB04530,Q99418,1
DB08775,Q9UBX1,1
DB00753,P18505,1
DB00543,P35368,1
DB00496,P08173,1
DB11855,P20309,1
DB09462,P00325,1
DB01624,P21918,1
DB00313,P45954,1
DB00035,P47901,1
DB11638,P46940,1
DB07153,A0A0M3KKX1,1
DB14501,P02794,1
DB04855,Q01668,1
DB03867,P00390,1
DB01392,Q14654,1
DB14544,P04150,1
DB15035,P51813,1
DB00228,O43526,1
DB00142,Q13003,1
DB01216,P18405,1
DB12107,Q93LQ9,1
DB04263,P11926,1
DB01829,P26841,1
DB03247,Q9WZW1,1
DB06946,Q8GMG0,1
DB08137,P24941,1
DB01110,Q13936,1
DB03575,Q99720,1
DB00201,P29275,1
DB01173,Q9Y5Y9,1
DB02542,P0CG47,1
DB06401,Q92731,1
DB00157,O75306,1
DB00824,P29275,1
DB01819,P0AB91,1
DB03127,P00775,1
DB01351,P43681,1
DB01992,Q8ZKF6,1
DB00348,P32754,1
DB03152,P19821,1
DB01593,P02751,1
DB01346,P47869,1
DB00182,P23975,1
DB01587,Q8N1C3,1
DB07152,P36897,1
DB04905,P35367,1
DB07535,P56817,1
DB01131,P00374,1
DB09223,P28223,1
DB06868,P00734,1
DB14533,P02795,1
DB02039,P0A6R0,1
DB00446,P24093,1
DB01221,Q8TCU5,1
DB11638,P13827,1
DB00747,P20309,1
DB02347,P42262,1
DB03091,P0ABA0,1
DB08320,Q15596,1
DB03247,Q51990,1
DB03543,Q56320,1
DB00153,Q02641,1
DB07349,P60844,1
DB00153,O00555,1
DB09285,Q15722,1
DB00114,Q8N5Z0,1
DB11859,Q16445,1
DB02223,P0A884,1
DB08690,P0AC41,1
DB04720,P68400,1
DB00138,Q9UPY5,1
DB02096,P00813,1
DB00497,P35372,1
DB00543,Q16445,1
DB04348,P19835,1
DB01373,Q13936,1
DB03963,P29474,1
DB01853,Q46393,1
DB13025,A5X5Y0,1
DB08244,P52732,1
DB00239,P10613,1
DB07913,Q9UBX1,1
DB01065,P11678,1
DB08527,P20248,1
DB01221,P46098,1
DB01942,O31465,1
DB01182,P08588,1
DB00741,P04150,1
DB02709,P35354,1
DB04948,P35348,1
DB08738,P48147,1
DB04285,P18031,1
DB00172,Q99884,1
DB03312,O00142,1
DB03790,P42321,1
DB08690,P47985,1
DB08855,P33527,1
DB01044,P72524,1
DB09061,P21554,1
DB08136,P24941,1
DB03767,P25774,1
DB01110,Q9Y6J6,1
DB01750,P63208,1
DB15091,P23458,1
DB03247,P50740,1
DB01132,P27338,1
DB07144,P00374,1
DB01043,P14416,1
DB14543,P04083,1
DB04578,P27487,1
DB00233,P35354,1
DB05381,Q9Y5N1,1
DB04797,Q16539,1
DB07893,P01834,1
DB14541,P04083,1
DB03193,Q9UNK4,1
DB01497,O60858,1
DB12695,P09493,1
DB08129,P11086,1
DB06641,P17252,1
DB02705,P00749,1
DB04367,P49759,1
DB00306,Q9UN88,1
DB00819,P00918,1
DB07601,P07900,1
DB03467,Q9P2N6,1
DB04566,P0A9M2,1
DB00622,P54750,1
DB00132,O95864,1
DB00570,P23258,1
DB03290,P00780,1
DB01069,P43657,1
DB02550,P07900,1
DB00404,P31644,1
DB09130,P02749,1
DB01558,P78334,1
DB00289,Q14957,1
DB01108,P26439,1
DB00383,P08172,1
DB08950,P35348,1
DB02019,Q53908,1
DB05706,P11388,1
DB03479,P11217,1
DB08408,P07097,1
DB08690,Q02761,1
DB03283,Q9WYE2,1
DB07460,Q05397,1
DB04882,P11387,1
DB01050,P35354,1
DB11348,Q96L12,1
DB00599,P14867,1
DB00186,Q8N1C3,1
DB00328,Q9Y5Y4,1
DB00421,Q08289,1
DB02761,Q01770,1
DB00312,Q99928,1
DB04522,P13569,1
DB00909,O43570,1
DB02709,P11166,1
DB13345,P14416,1
DB01393,P19793,1
DB09130,P04004,1
DB02532,Q01782,1
DB00363,Q9NYX4,1
DB06148,P18825,1
DB11638,Q15942,1
DB12307,P35968,1
DB01624,P08913,1
DB02772,Q8TE23,1
DB04530,P05089,1
DB03389,P40943,1
DB03461,P76187,1
DB00751,P28223,1
DB04232,P08254,1
DB00898,Q8N1C3,1
DB01388,O95180,1
DB00795,P04054,1
DB05265,Q8NFA2,1
DB00683,P47870,1
DB04673,P00742,1
DB08293,P08238,1
DB02059,Q9NTG7,1
DB02659,Q8TDU6,1
DB11901,P14867,1
DB13954,P03372,1
DB00228,Q8WXS5,1
DB01085,P08173,1
DB06409,P41143,1
DB09195,P31645,1
DB14543,P80365,1
DB00228,O14764,1
DB00543,Q99928,1
DB01236,P98194,1
DB09091,P04150,1
DB01078,P05023,1
DB03434,P22749,1
DB00583,O43772,1
DB07594,P08238,1
DB01831,P00953,1
DB13929,P30559,1
DB05015,Q8WUI4,1
DB08730,Q16539,1
DB04030,P0AEK4,1
DB00917,P34995,1
DB14533,P07237,1
DB00540,P07550,1
DB15665,Q96RJ0,1
DB00899,P35372,1
DB07953,P0A2K1,1
DB00996,Q00975,1
DB01643,P06612,1
DB03315,P48068,1
DB00287,P43088,1
DB01952,O25323,1
DB01275,Q16665,1
DB00404,P18507,1
DB07861,P47205,1
DB01247,P27338,1
DB02431,Q46893,1
DB00622,P08173,1
DB14001,Q9Y6T7,1
DB01331,P0A3M6,1
DB09130,O75880,1
DB08217,O06796,1
DB00759,P04156,1
DB02648,P43155,1
DB01545,P18505,1
DB07924,P60844,1
DB00659,P47869,1
DB01031,P00915,1
DB14583,P06401,1
DB01833,P29474,1
DB08617,P54577,1
DB04272,P83787,1
DB03364,P60327,1
DB01065,P0DP23,1
DB00228,Q8TAE7,1
DB00537,P0AES4,1
DB11638,Q71U36,1
DB01239,P41595,1
DB00142,Q8N159,1
DB00909,P21397,1
DB01151,P07550,1
DB07788,P28482,1
DB11273,P25100,1
DB00227,P04035,1
DB06771,P72524,1
DB11973,P04626,1
DB05137,Q9GZZ6,1
DB00804,P11229,1
DB02024,P00509,1
DB04133,Q8XJ01,1
DB03017,P11766,1
DB01415,P0AD68,1
DB14723,P04629,1
DB11278,P08588,1
DB00387,P11229,1
DB01580,P13945,1
DB12010,Q9UEE5,1
DB12010,P17948,1
DB02772,Q9ZEU2,1
DB04566,P0C0H6,1
DB04224,Q07869,1
DB01153,P10613,1
DB14533,P06733,1
DB00862,Q13956,1
DB01091,Q14534,1
DB06153,P28221,1
DB04464,P00269,1
DB01902,P46459,1
DB00140,P0AFU8,1
DB04847,Q96KS0,1
DB08231,Q07869,1
DB09291,P25103,1
DB12010,Q14012,1
DB14487,O14556,1
DB03396,P50579,1
DB01442,Q01959,1
DB01017,Q8TD08,1
DB07942,Q16539,1
DB00683,P31644,1
DB04170,Q46822,1
DB00450,P35348,1
DB05039,P07550,1
DB14533,P29034,1
DB01752,P0A876,1
DB03687,Q83LD8,1
DB02452,P61888,1
DB00875,P11229,1
DB03619,P25553,1
DB01173,P23975,1
DB11730,P11802,1
DB00675,Q92731,1
DB00603,P03372,1
DB06134,O14965,1
DB01353,P43681,1
DB01805,P07477,1
DB07824,Q9L5C8,1
DB02761,P31101,1
DB00395,P31644,1
DB07205,P54577,1
DB02754,P08238,1
DB03309,P72181,1
DB09118,P00338,1
DB08443,P07900,1
DB09304,A5X5Y0,1
DB02153,Q9ZIV5,1
DB08750,P35228,1
DB00157,P03905,1
DB12695,Q9H4B7,1
DB09130,P02766,1
DB13166,P12821,1
DB04147,P42512,1
DB00128,P14868,1
DB03109,Q13231,1
DB07780,Q8EBR3,1
DB00514,Q15080,1
DB04242,Q04416,1
DB07398,P9WI73,1
DB00609,P9WIE5,1
DB00145,P13196,1
DB02172,P12070,1
DB12742,P16234,1
DB09304,P18089,1
DB00115,Q9UBK8,1
DB02153,P00390,1
DB03128,P11229,1
DB08801,P08172,1
DB04067,P56653,1
DB13857,P06401,1
DB13501,P35354,1
DB00237,P78334,1
DB07556,P39900,1
DB02311,P62942,1
DB00471,P09917,1
DB07145,P78536,1
DB02379,P26827,1
DB07756,P22303,1
DB00486,P21554,1
DB09017,P31644,1
DB01708,P18505,1
DB02364,P0ADA1,1
DB04239,P28720,1
DB01069,Q9UI33,1
DB00157,P00325,1
DB06732,P11474,1
DB01057,P06276,1
DB06145,Q9A1X4,1
DB01069,Q9NSA2,1
DB04233,P74334,1
DB01327,P02918,1
DB02646,P02144,1
DB03796,P00709,1
DB03795,P31057,1
DB00228,Q9UBN1,1
DB14642,P30518,1
DB02659,P00414,1
DB09283,Q9HCR9,1
DB01544,P34903,1
DB08954,Q13224,1
DB05928,O75469,1
DB03403,P42216,1
DB03467,P11511,1
DB02021,O60218,1
DB00425,P47869,1
DB07710,P00918,1
DB02679,P00918,1
DB00404,O00591,1
DB09167,P35368,1
DB01199,P46098,1
DB11348,P0DP23,1
DB00716,Q13258,1
DB01127,O75469,1
DB00721,Q86W47,1
DB00435,P14902,1
DB00196,P10613,1
DB07347,P21281,1
DB03886,P00374,1
DB00898,P18505,1
DB02153,Q9FD87,1
DB04318,P24347,1
DB11273,P46098,1
DB03213,P07477,1
DB00613,P50135,1
DB08247,P24941,1
DB08515,Q99436,1
DB00485,Q8DR59,1
DB14487,P56524,1
DB03741,P96965,1
DB07177,Q14914,1
DB04315,Q7Z2Z2,1
DB00392,P11229,1
DB00675,Q05655,1
DB01683,Q8RJN5,1
DB01207,P24557,1
DB02329,P28845,1
DB03347,P0A434,1
DB00172,O15460,1
DB04272,C7C422,1
DB01041,P19838,1
DB09462,Q9NPH2,1
DB01238,P21917,1
DB03461,Q08257,1
DB04324,P50579,1
DB01579,P35348,1
DB00733,P22303,1
DB04464,P61769,1
DB01608,P35368,1
DB00880,P00915,1
DB00768,P29034,1
DB01119,P05023,1
DB09089,Q9UGI6,1
DB14879,P24228,1
DB00560,P0AG59,1
DB00721,Q9Y5Y9,1
DB02069,P00918,1
DB01160,P43119,1
DB03461,P48163,1
DB01805,P07478,1
DB00687,P08235,1
DB00156,Q9BW92,1
DB01559,P28472,1
DB04003,P06239,1
DB00747,P11229,1
DB09332,P00742,1
DB00973,P35610,1
DB02482,P22694,1
DB00116,P42898,1
DB09130,P02775,1
DB01237,P35367,1
DB00187,P08588,1
DB01099,P26358,1
DB13345,P08913,1
DB09205,P35348,1
DB03461,P11411,1
DB02180,P30418,1
DB00755,P02753,1
DB14011,Q7Z2W7,1
DB12093,P14416,1
DB07660,P00734,1
DB04665,P11509,1
DB07136,P15086,1
DB02800,P75430,1
DB01069,Q9Y5Y9,1
DB01110,Q09470,1
DB09088,P35499,1
DB08690,Q02762,1
DB01186,P35368,1
DB03423,P43985,1
DB01990,P35398,1
DB06696,P0A7S3,1
DB03247,Q9ZK53,1
DB00173,P24666,1
DB08180,P53609,1
DB01888,P24941,1
DB03147,Q9WYT0,1
DB08273,P04211,1
DB01629,P12758,1
DB11755,P21554,1
DB04485,P12758,1
DB00564,Q15858,1
DB14488,P06746,1
DB01620,Q9H3N8,1
DB00874,Q12879,1
DB13955,P00846,1
DB00333,P41143,1
DB02318,Q16706,1
DB09093,P0AG59,1
DB04016,P23946,1
DB02427,P00374,1
DB01327,P02919,1
DB08222,P04118,1
DB08236,P61160,1
DB13951,P08235,1
DB00810,P11229,1
DB08471,P9WMC1,1
DB03814,P22303,1
DB03264,P94548,1
DB00153,Q7Z3S7,1
DB01761,Q16539,1
DB03247,Q53ZE5,1
DB13872,Q9UN88,1
DB01159,Q99928,1
DB01174,Q14957,1
DB01593,O15304,1
DB00364,P09038,1
DB01355,P34903,1
DB03557,P18031,1
DB04631,P07014,1
DB00829,Q8N1C3,1
DB03480,Q02127,1
DB01602,P08506,1
DB08513,P35568,1
DB00151,P00505,1
DB04512,Q8WX39,1
DB06865,P00734,1
DB01133,Q13488,1
DB00218,P43702,1
DB08470,P9WMC1,1
DB07161,O60674,1
DB00825,Q08289,1
DB02338,Q9UDR5,1
DB01366,P07550,1
DB01719,P30920,1
DB04242,P26602,1
DB01069,P15382,1
DB01349,P30556,1
DB01199,P22303,1
DB01151,P23975,1
DB14489,P06746,1
DB07577,P04818,1
DB11275,P14416,1
DB04233,Q48152,1
DB03472,P0A9Z7,1
DB03777,P41743,1
DB00241,O00591,1
DB15565,P12821,1
DB04315,Q9Y6B6,1
DB02471,Q6UWM7,1
DB12965,P0DM35,1
DB01186,P21728,1
DB03247,O75676,1
DB08236,O15144,1
DB04460,P0A7D4,1
DB11638,P62277,1
DB03256,O95954,1
DB01942,P20472,1
DB02596,Q96T66,1
DB00193,P23975,1
DB00690,P14867,1
DB13164,P00533,1
DB05271,P21918,1
DB06446,P28223,1
DB13335,Q16445,1
DB14481,P0DP23,1
DB14002,O76054,1
DB13952,P43681,1
DB06436,P35968,1
DB00142,P42262,1
DB00788,Q51911,1
DB02907,P06971,1
DB05532,Q5NUL3,1
DB03088,Q9UKQ2,1
DB08252,P22629,1
DB00552,P00813,1
DB09205,P25100,1
DB06663,P30874,1
DB00150,P00953,1
DB04530,P0AEX9,1
DB04395,Q9WZ57,1
DB02160,P07097,1
DB07298,P18031,1
DB14006,P06276,1
DB02580,B7JA91,1
DB05412,P01584,1
DB02709,P23219,1
DB07780,P49354,1
DB08818,Q14520,1
DB02717,Q59325,1
DB00381,Q13936,1
DB04315,P49411,1
DB00619,P16234,1
DB13955,O75469,1
DB08463,P24941,1
DB02621,Q46220,1
DB01973,P29600,1
DB00114,P11216,1
DB00114,Q9NVS9,1
DB03766,Q9NQX3,1
DB00731,Q09428,1
DB00449,P06276,1
DB15489,P14867,1
DB02379,Q26609,1
DB14501,Q96FI4,1
DB00193,Q13224,1
DB04465,P17931,1
DB04948,P28221,1
DB02686,P43457,1
DB11348,P80303,1
DB01415,P02919,1
DB01606,P18251,1
DB04336,P07477,1
DB03045,P07097,1
DB03447,P07998,1
DB01303,P30542,1
DB00172,Q32P28,1
DB00715,P08912,1
DB06963,P53350,1
DB03721,P23141,1
DB04454,P01133,1
DB08219,P24941,1
DB00797,P25021,1
DB14011,P21796,1
DB02516,P31572,1
DB13953,O75469,1
DB11642,Q12809,1
DB02794,P08179,1
DB07313,P50579,1
DB06938,P35968,1
DB03247,P56122,1
DB08846,Q14534,1
DB00588,P47712,1
DB00128,P00966,1
DB05271,P21917,1
DB00438,P02918,1
DB00659,O15399,1
DB03397,P0ACC7,1
DB00315,P28222,1
DB01595,P78334,1
DB00786,Q9Y5R2,1
DB00518,Q71U36,1
DB03229,P18548,1
DB00143,Q16775,1
DB08175,P28702,1
DB04147,Q3J1A6,1
DB03801,Q9WYE2,1
DB12010,Q12852,1
DB03147,P35340,1
DB01437,P31644,1
DB01069,Q16322,1
DB01175,P18089,1
DB03818,P0A884,1
DB00330,P9WNL7,1
DB08717,Q7SIA5,1
DB01254,P42684,1
DB00898,P42261,1
DB00328,P37231,1
DB03297,P05981,1
DB01593,P04278,1
DB00142,Q5JPH6,1
DB06333,P23975,1
DB08846,O43570,1
DB11582,P28472,1
DB12010,O00444,1
DB03945,Q96BH3,1
DB02260,P0ACB2,1
DB00333,Q14957,1
DB06083,P60568,1
DB01069,Q14003,1
DB00926,P19793,1
DB12010,P57078,1
DB02753,Q8RLY5,1
DB00659,Q12879,1
DB00245,P31645,1
DB04237,P00778,1
DB02824,P11926,1
DB14512,P06401,1
DB00604,P28223,1
DB01942,P77454,1
DB00333,P36544,1
DB14542,P80365,1
DB05714,P00734,1
DB04400,Q01782,1
DB04824,P03372,1
DB01815,P0A872,1
DB14715,Q8N1C3,1
DB06335,P27487,1
DB03687,P62619,1
DB00381,P17405,1
DB03199,Q06528,1
DB00956,P35372,1
DB00277,Q15155,1
DB07852,P24941,1
DB09130,P05109,1
DB03884,A1A2B5,1
DB01866,P12931,1
DB04125,P07477,1
DB12177,P28335,1
DB08215,P0C0Y9,1
DB03814,Q9X9L0,1
DB00981,P43681,1
DB05381,P35367,1
DB14507,P29218,1
DB01238,P08913,1
DB09088,P35498,1
DB14540,P80365,1
DB00199,Q12809,1
DB02800,P34896,1
DB02621,P06396,1
DB09130,P36955,1
DB09342,Q99250,1
DB00364,P02671,1
DB11755,Q7Z2W7,1
DB12010,Q9Y6R4,1
DB03222,Q59560,1
DB03584,P37698,1
DB04488,P15555,1
DB00421,P06401,1
DB09059,P30559,1
DB02527,P0ACJ8,1
DB09213,P46059,1
DB08368,P15085,1
DB00273,Q9Y5Y9,1
DB02911,P29474,1
DB00157,P07327,1
DB11148,P78508,1
DB00382,P06276,1
DB00871,P07550,1
DB00904,P46098,1
DB00206,Q05940,1
DB01054,Q13936,1
DB08173,P00742,1
DB08932,P24530,1
DB01224,P35348,1
DB06412,P16860,1
DB00629,P18089,1
DB02761,Q7K9G0,1
DB00116,P31939,1
DB14533,P08603,1
DB00360,P07101,1
DB09167,P25100,1
DB00241,P47869,1
DB00734,P34969,1
DB08464,P08238,1
DB00248,P21917,1
DB00714,P21918,1
DB01593,Q06033,1
DB04732,P9WHT9,1
DB03152,Q02760,1
DB06589,P35968,1
DB00157,P56181,1
DB07585,P31749,1
DB06948,P24941,1
DB03532,O08398,1
DB01593,P01871,1
DB04786,P23945,1
DB01023,Q13936,1
DB04872,P29371,1
DB13146,P42263,1
DB02843,P19926,1
DB08597,Q04771,1
DB00399,O95749,1
DB01229,P10415,1
DB00465,P23219,1
DB01668,Q53908,1
DB00484,P08913,1
DB01559,P47869,1
DB01511,P18505,1
DB07197,P18031,1
DB00119,O15374,1
DB00680,Q14524,1
DB13837,P47870,1
DB02237,P13507,1
DB04446,P07477,1
DB00800,P35348,1
DB08233,P20248,1
DB11186,Q14524,1
DB06706,P35348,1
DB04930,O75469,1
DB02068,P50440,1
DB01193,P07550,1
DB08354,P68400,1
DB01892,O75469,1
DB14719,P31644,1
DB00697,P08913,1
DB01594,P18505,1
DB00116,O75891,1
DB03268,P12931,1
DB07374,P84098,1
DB00130,P15104,1
DB00153,O60359,1
DB06075,P08069,1
DB04821,Q05940,1
DB14840,P35968,1
DB01593,P19823,1
DB01392,P48048,1
DB02394,P30920,1
DB05541,O60939,1
DB00142,Q9UDR5,1
DB08516,P27338,1
DB08818,Q9BZV3,1
DB12548,P01019,1
DB13978,Q96EB6,1
DB00776,Q9UQD0,1
DB04326,P60174,1
DB07899,P17538,1
DB03300,Q9REC4,1
DB01384,P04150,1
DB01942,P9WKE9,1
DB06249,P03372,1
DB03613,P56653,1
DB01273,P32297,1
DB07785,P00813,1
DB01472,P35348,1
DB01818,P11226,1
DB07533,P20248,1
DB00143,P08263,1
DB01726,Q05603,1
DB09130,P05067,1
DB02532,P0CG22,1
DB01370,P02787,1
DB04080,P12931,1
DB02127,P0A433,1
DB04272,P9WN38,1
DB00642,P04818,1
DB08911,Q02750,1
DB13953,Q99527,1
DB02323,P14061,1
DB14487,P00734,1
DB00321,P35348,1
DB05992,P01375,1
DB04012,P62942,1
DB12010,Q9H093,1
DB11348,Q13938,1
DB01708,O75469,1
DB07354,P11387,1
DB12010,O15197,1
DB14063,P08183,1
DB05541,Q9UQD0,1
DB11837,P15538,1
DB00228,Q13224,1
DB08493,P09237,1
DB02379,P01574,1
DB00989,P22303,1
DB03661,P0A6R0,1
DB04395,Q96QT4,1
DB02251,Q44244,1
DB02346,Q55793,1
DB14487,P14923,1
DB01672,P40871,1
DB00762,Q969P6,1
DB02225,P09598,1
DB03363,P04036,1
DB02004,P27487,1
DB01128,P10275,1
DB13931,O75116,1
DB00988,O95264,1
DB00829,O14764,1
DB00619,P09619,1
DB12537,Q16445,1
DB00788,P35354,1
DB04237,O67987,1
DB11348,Q96FQ6,1
DB00116,P34897,1
DB00508,P41595,1
DB04851,P33527,1
DB04851,Q9UNQ0,1
DB03247,Q96CD2,1
DB05154,P9WIP7,1
DB01115,Q01668,1
DB01827,P17931,1
DB08330,O14949,1
DB08818,Q07021,1
DB00205,P07686,1
DB00228,Q96KK3,1
DB02592,Q6GGU4,1
DB00148,P06732,1
DB02999,Q13002,1
DB00157,P28845,1
DB12010,Q6PHR2,1
DB15488,P10275,1
DB05284,P07437,1
DB04331,P52732,1
DB11633,P50859,1
DB03892,P29475,1
DB12965,P80294,1
DB01973,P07478,1
DB00741,P04083,1
DB01267,P28223,1
DB00573,P35354,1
DB09097,P21728,1
DB00162,Q9NYR8,1
DB03909,P9WI81,1
DB02846,P08758,1
DB06230,P41143,1
DB00829,P47870,1
DB03731,P05089,1
DB06153,P25100,1
DB14185,P28222,1
DB08689,Q72LA6,1
DB01593,P04075,1
DB09130,P18669,1
DB11148,Q9NY47,1
DB00535,P05164,1
DB00252,P54284,1
DB03536,Q9UBX1,1
DB01915,P08263,1
DB06362,P11388,1
DB02899,P0A884,1
DB02142,P19938,1
DB04622,Q16769,1
DB06016,P08908,1
DB04278,P60568,1
DB09229,P35368,1
DB03822,P06276,1
DB09223,P35462,1
DB00306,P14867,1
DB03801,P15925,1
DB06346,P20292,1
DB01221,P08908,1
DB01835,P35228,1
DB00977,P03372,1
DB01905,P00749,1
DB00480,P33151,1
DB12010,P09769,1
DB06144,P28223,1
DB02078,Q5LRQ9,1
DB00454,P08172,1
DB01744,O75762,1
DB14520,P07822,1
DB00555,Q9Y5Y9,1
DB11859,P18507,1
DB04942,P10276,1
DB12116,P35869,1
DB06888,P24941,1
DB02746,P03372,1
DB00411,P11229,1
DB06616,P00519,1
DB01992,Q9F6D4,1
DB07349,P09152,1
DB03075,P0A820,1
DB00142,Q07075,1
DB03172,P0ABP8,1
DB01959,Q07343,1
DB01595,O00591,1
DB03940,P30901,1
DB01110,O00305,1
DB01017,P35228,1
DB00142,O95954,1
DB05015,Q969S8,1
DB13956,Q15596,1
DB01028,P14867,1
DB01069,Q9NR82,1
DB03258,P19821,1
DB01174,P36544,1
DB04643,P11217,1
DB08305,P42262,1
DB03147,P28593,1
DB03603,P0AES2,1
DB07090,P9WGR1,1
DB00477,P35367,1
DB02433,P0A716,1
DB09332,P08709,1
DB03581,P06744,1
DB08595,P03372,1
DB04948,P28335,1
DB12010,Q13164,1
DB11348,P06703,1
DB06016,P35462,1
DB01339,Q15822,1
DB01014,P23219,1
DB11638,Q8I4R5,1
DB08142,P06493,1
DB05541,Q7L0J3,1
DB00368,P08588,1
DB14499,P05023,1
DB01364,P35348,1
DB00157,P11586,1
DB01199,Q15822,1
DB03365,P24941,1
DB02075,P20035,1
DB08816,Q9H244,1
DB00656,P28335,1
DB04335,Q9GPQ4,1
DB07832,Q16539,1
DB13955,P03372,1
DB01017,P0A7X3,1
DB00114,P11926,1
DB04022,P20964,1
DB08801,P35367,1
DB03957,P60568,1
DB14011,P35354,1
DB00321,P35368,1
DB06204,P46098,1
DB01544,O00591,1
DB03379,P60174,1
DB01167,Q16850,1
DB13956,P43681,1
DB03629,P00509,1
DB04065,P07327,1
DB12010,Q9BVS4,1
DB02119,P26281,1
DB08514,P28720,1
DB01236,P18505,1
DB11951,O43614,1
DB04149,Q07343,1
DB03247,Q746I8,1
DB08304,P42262,1
DB07007,P35228,1
DB04660,P17900,1
DB12267,P08581,1
DB02746,P06401,1
DB01553,P47869,1
DB00458,P31645,1
DB01406,Q96P88,1
DB03576,Q9X266,1
DB03461,P16544,1
DB03760,Q15120,1
DB00114,O75600,1
DB02379,P37698,1
DB03307,P24941,1
DB11148,O43497,1
DB03814,P76270,1
DB03856,P11926,1
DB00759,P0A7W7,1
DB09085,Q9UI33,1
DB13269,Q9UQD0,1
DB03600,P9WK83,1
DB00756,O14521,1
DB06530,Q9NYK1,1
DB01975,P83844,1
DB14489,P39748,1
DB00172,P07814,1
DB09224,P14416,1
DB13036,Q9Y5Y4,1
DB03850,P68133,1
DB00963,P23219,1
DB14533,P04278,1
DB07427,P68871,1
DB02415,P06971,1
DB03147,P09063,1
DB01571,P41145,1
DB12010,P35968,1
DB14635,O15440,1
DB06905,P30153,1
DB04147,P13036,1
DB00655,P03372,1
DB02333,Q02169,1
DB00431,P48167,1
DB04846,P18089,1
DB00909,O43497,1
DB04400,P00439,1
DB08214,P35228,1
DB04896,O15399,1
DB11611,P20701,1
DB07344,Q8IVS2,1
DB11817,P23458,1
DB01727,Q99798,1
DB00514,P15153,1
DB00158,P14207,1
DB02215,Q9UKQ2,1
DB00244,P23219,1
DB14533,P35527,1
DB09130,P11142,1
DB01231,P08172,1
DB14543,P14060,1
DB00564,Q9Y5Y9,1
DB02236,P33221,1
DB00599,P20309,1
DB02828,Q59643,1
DB00801,Q9UN88,1
DB00603,P78334,1
DB02015,Q8I814,1
DB03234,P33247,1
DB07876,Q13464,1
DB03310,P09488,1
DB06782,P05067,1
DB14002,O75469,1
DB09195,P28223,1
DB04033,Q9X5N2,1
DB04315,P62330,1
DB07463,Q9KPI8,1
DB06898,P03372,1
DB03247,Q02127,1
DB01580,P08588,1
DB03152,P60844,1
DB01035,Q14524,1
DB06216,P35462,1
DB02484,P27623,1
DB00852,P19838,1
DB03963,O60603,1
DB00842,P48169,1
DB07470,Q7Z406,1
DB01136,P25100,1
DB00371,P48169,1
DB00237,P48058,1
DB08658,P06276,1
DB00543,P41595,1
DB04723,P15086,1
DB07567,P03372,1
DB00337,P42345,1
DB08846,P68400,1
DB00794,P42262,1
DB01599,P23141,1
DB00172,O43272,1
DB07845,P45983,1
DB02508,P71278,1
DB00289,Q12879,1
DB02333,P06968,1
DB00751,P34969,1
DB07359,P35557,1
DB02811,P9WQN9,1
DB14185,P08172,1
DB00122,Q8TCT1,1
DB00919,P0A7S3,1
DB00727,P16066,1
DB01752,P44868,1
DB00157,P23368,1
DB12010,Q9BQI3,1
DB08032,P52732,1
DB00619,O43519,1
DB03633,P17900,1
DB08001,P18031,1
DB04757,P00491,1
DB08703,P80192,1
DB12278,P08173,1
DB01708,O00591,1
DB01332,P02919,1
DB09167,P08172,1
DB12695,P08670,1
DB04272,P21408,1
DB02597,P00800,1
DB03366,P04252,1
DB00246,P21917,1
DB05316,P28223,1
DB04489,O75976,1
DB02379,P19571,1
DB07697,P14618,1
DB06637,Q09470,1
DB01069,P35348,1
DB02110,P23219,1
DB02602,P00918,1
DB08910,P01375,1
DB14533,P04731,1
DB00756,P00367,1
DB00672,Q09428,1
DB08355,P20248,1
DB08896,P00519,1
DB00749,P19793,1
DB00829,Q9UN88,1
DB03746,P24670,1
DB03602,P08263,1
DB03978,P42790,1
DB00657,P17787,1
DB08168,P0AFL3,1
DB04731,P29827,1
DB04398,Q9RW27,1
DB00559,P25101,1
DB00960,P28222,1
DB04760,P45452,1
DB06595,P35968,1
DB03619,Q7Z2Z2,1
DB07008,P35228,1
DB09130,P02655,1
DB07896,O52791,1
DB00765,P07101,1
DB08689,P0A6M2,1
DB01351,P34903,1
DB02624,P19634,1
DB14840,P15056,1
DB03309,P50597,1
DB02153,P51003,1
DB00555,P02708,1
DB02865,P06971,1
DB01439,P35372,1
DB00786,O60882,1
DB03937,Q9WYH8,1
DB12010,Q05655,1
DB01333,P02918,1
DB00174,Q9H2H9,1
DB09089,Q13698,1
DB01548,P35372,1
DB15250,P51686,1
DB00334,P13945,1
DB01076,P04035,1
DB03975,P69488,1
DB06940,Q16539,1
DB09128,P18825,1
DB04539,Q9S400,1
DB01593,P01619,1
DB07423,P10275,1
DB00143,O14880,1
DB00509,P10827,1
DB02681,P12758,1
DB01992,P0ACC7,1
DB00540,P08588,1
DB08040,P09960,1
DB03084,P53779,1
DB00524,P55017,1
DB01819,P13929,1
DB00685,P11388,1
DB04538,O66145,1
DB00159,O60427,1
DB02761,Q16762,1
DB09477,P46663,1
DB08264,P0A112,1
DB08667,P0AE18,1
DB07636,P08574,1
DB01593,P04003,1
DB03677,P34913,1
DB00228,Q14003,1
DB14487,P25713,1
DB07954,O00408,1
DB03093,P07900,1
DB00517,P11229,1
DB14011,P04798,1
DB01118,Q02641,1
DB01946,O15530,1
DB11619,P06401,1
DB02327,Q65CX5,1
DB01200,P35368,1
DB03909,P0A9J6,1
DB07394,P36542,1
DB07723,P37231,1
DB03680,Q16798,1
DB02379,Q9ZB17,1
DB00475,Q99928,1
DB14066,P08183,1
DB13437,P28472,1
DB12010,O75385,1
DB12010,Q7L7X3,1
DB03611,Q00266,1
DB00546,O00591,1
DB08569,P61925,1
DB00273,Q13936,1
DB14649,P35228,1
DB03461,Q14914,1
DB01752,P13956,1
DB08757,P0AE18,1
DB03017,Q07869,1
DB12537,P31644,1
DB07236,Q15788,1
DB04315,Q6NXR0,1
DB08572,P24941,1
DB00119,P36021,1
DB07074,P03951,1
DB14481,Q9UBV8,1
DB03461,Q01782,1
DB01138,Q96S37,1
DB00158,P15328,1
DB01942,P42321,1
DB00925,P35348,1
DB03959,P09038,1
DB00134,Q99707,1
DB00536,P05091,1
DB09059,P30518,1
DB00237,P28472,1
DB00683,O00591,1
DB01942,P07998,1
DB01395,P10275,1
DB01069,Q9ULD8,1
DB00622,Q01064,1
DB03397,Q9UBQ6,1
DB01577,P21397,1
DB12010,P12931,1
DB07263,P18031,1
DB04062,P0A9E0,1
DB11638,Q8IAW0,1
DB00836,P41143,1
DB01210,P07550,1
DB01567,P18505,1
DB12095,P17752,1
DB08458,P33247,1
DB03247,P17117,1
DB04464,P03886,1
DB07349,P11350,1
DB14533,P00738,1
DB00574,P28335,1
DB03389,P26514,1
DB08210,P35557,1
DB01061,Q8XJ01,1
DB02897,P39646,1
DB04272,P39126,1
DB02283,P46828,1
DB01043,P31644,1
DB07651,P18031,1
DB00794,Q9UN88,1
DB12010,Q99870,1
DB08687,Q9GZT9,1
DB00568,P11229,1
DB03703,P00325,1
DB01195,Q12809,1
DB03974,P29474,1
DB01337,Q15822,1
DB03340,P45494,1
DB01593,P09874,1
DB03729,P00749,1
DB01694,Q9NP99,1
DB00659,Q05586,1
DB14517,P02787,1
DB00408,P35367,1
DB00988,P14416,1
DB07063,P15121,1
DB04732,P9WHU1,1
DB00710,O95749,1
DB08035,P10275,1
DB11638,P62241,1
DB00153,P54284,1
DB12010,P35916,1
DB04640,Q27743,1
DB00598,P35348,1
DB01962,P08631,1
DB11348,Q02818,1
DB01594,P34903,1
DB12965,P47944,1
DB04272,Q9CBQ2,1
DB07374,P39023,1
DB08560,P37231,1
DB01043,Q16445,1
DB01043,P48169,1
DB11653,Q01726,1
DB09082,P07550,1
DB02059,P0A9S1,1
DB12010,P07947,1
DB07889,P24941,1
DB02078,P35080,1
DB00586,P23219,1
DB06148,P08908,1
DB02038,Q8ZNF3,1
DB15598,P49281,1
DB12483,P42336,1
DB14533,P08185,1
DB07796,P00734,1
DB07195,Q15596,1
DB00118,P21964,1
DB01174,O75469,1
DB04754,P00491,1
DB11994,P11712,1
DB04811,Q54AI1,1
DB07708,P03372,1
DB00517,P20309,1
DB04075,P0A6C8,1
DB12941,P10275,1
DB02483,P00338,1
DB00433,P35348,1
DB01215,P18507,1
DB00408,P08908,1
DB01205,P18507,1
DB01173,O15399,1
DB00321,Q9H3N8,1
DB00802,P35372,1
DB07258,P09960,1
DB02073,P09601,1
DB00398,P11362,1
DB02048,P29474,1
DB00421,O43497,1
DB00926,P10826,1
DB00934,P14416,1
DB00275,P30556,1
DB03052,P24557,1
DB09089,O15554,1
DB07374,Q9UHA3,1
DB03740,P01857,1
DB08248,P24941,1
DB00255,P04278,1
DB01238,P21918,1
DB04866,P02452,1
DB07688,P24941,1
DB00587,Q9Y271,1
DB03796,P50897,1
DB00583,P50416,1
DB01588,O14764,1
DB00312,P48169,1
DB00421,Q13936,1
DB12010,Q9UHD2,1
DB01536,P42330,1
DB00622,P08912,1
DB13872,P31644,1
DB02307,P14756,1
DB00268,P35368,1
DB04791,P07477,1
DB06543,P25963,1
DB03935,P08758,1
DB00714,P28222,1
DB14010,P28223,1
DB15493,Q96EB6,1
DB12010,Q92772,1
DB01744,Q8NER1,1
DB01796,P30012,1
DB04853,P29274,1
DB00333,P43681,1
DB03298,P12931,1
DB04147,P01593,1
DB01110,Q8WWG9,1
DB07236,Q92731,1
DB03051,P09546,1
DB03073,P09874,1
DB00404,Q99928,1
DB04233,P10384,1
DB01119,Q12791,1
DB06986,P11217,1
DB00907,Q9Y5Y9,1
DB12458,P28472,1
DB02968,P07944,1
DB06739,P21731,1
DB02338,Q01782,1
DB05475,Q9NR96,1
DB02352,P09960,1
DB04483,P49424,1
DB00114,P20132,1
DB02354,P07477,1
DB00877,P42345,1
DB03247,Q9NYQ3,1
DB09481,Q12879,1
DB12965,P01023,1
DB00157,P09622,1
DB00276,P11388,1
DB01593,P06396,1
DB00279,P12004,1
DB02314,P14900,1
DB12010,P21709,1
DB01595,Q8N1C3,1
DB00666,P30968,1
DB01189,Q16445,1
DB03468,P11086,1
DB00320,P41595,1
DB00754,O75469,1
DB14501,P02786,1
DB01268,P16234,1
DB01050,P10415,1
DB01544,P48169,1
DB08718,P0AE18,1
DB05152,P11229,1
DB03860,Q92731,1
DB04119,Q9UQM7,1
DB03147,P15559,1
DB01454,P31645,1
DB13025,P35368,1
DB05541,Q15858,1
DB04117,P30084,1
DB09231,Q00975,1
DB11901,Q8N1C3,1
DB01023,P54750,1
DB01221,P28223,1
DB01577,Q96RJ0,1
DB13125,P40238,1
DB01969,O75390,1
DB04422,Q9WYA5,1
DB03621,P62942,1
DB01014,P37231,1
DB03247,P20932,1
DB06775,P31327,1
DB03428,P24941,1
DB11275,P21917,1
DB03814,P25006,1
DB03144,P35228,1
DB01643,P03007,1
DB08690,P0AC44,1
DB00555,P31644,1
DB07636,Q9UDW1,1
DB01564,P10275,1
DB14489,Q96FI4,1
DB00160,Q9BYV1,1
DB00282,P42574,1
DB00218,P11388,1
DB00118,Q00266,1
DB00738,O14717,1
DB12129,P49841,1
DB00794,P36544,1
DB07147,P78536,1
DB02740,P01848,1
DB01224,P28223,1
DB00114,Q53ET4,1
DB00986,P20309,1
DB07490,P0A8Q3,1
DB08685,Q3JP94,1
DB00144,Q9UG56,1
DB00388,P35368,1
DB09319,P02919,1
DB02342,Q16665,1
DB01942,P77872,1
DB12695,P68371,1
DB00153,O43497,1
DB00210,P13631,1
DB09342,Q9NY46,1
DB00145,P48167,1
DB00197,O60488,1
DB00408,P28335,1
DB12978,P10721,1
DB00227,Q92769,1
DB01107,O00591,1
DB00381,Q00975,1
DB14533,P02647,1
DB07276,P45983,1
DB03981,Q9Y663,1
DB01030,P11387,1
DB00273,Q01668,1
DB01791,P27815,1
DB02297,P24941,1
DB08848,P30531,1
DB05015,Q9UKV0,1
DB09283,Q9NP56,1
DB00786,O75900,1
DB06579,Q99928,1
DB00246,P28223,1
DB00148,P12277,1
DB04216,P03372,1
DB09061,Q8NET8,1
DB08375,Q8DR59,1
DB01752,O87696,1
DB07585,P49841,1
DB00157,Q15738,1
DB06603,Q9BY41,1
DB01971,Q88CZ6,1
DB06738,Q05586,1
DB03976,P17538,1
DB04027,P06732,1
DB02805,P07998,1
DB03246,P02924,1
DB07338,P56601,1
DB01593,P02538,1
DB03064,Q9UJM8,1
DB11730,Q00534,1
DB08707,P11309,1
DB01142,P20309,1
DB02836,Q54089,1
DB05015,Q9UQL6,1
DB01324,P55017,1
DB00228,Q13698,1
DB03726,P07998,1
DB03147,P0AEZ1,1
DB09078,P22455,1
DB01068,Q8N1C3,1
DB01777,Q16613,1
DB01028,Q9UN88,1
DB08138,P24941,1
DB03145,P39594,1
DB01017,P14780,1
DB07737,P56817,1
DB03147,Q96RQ9,1
DB07310,P28845,1
DB11148,Q7Z3S7,1
DB12107,P0AD64,1
DB06603,Q92769,1
DB04820,P21964,1
DB03619,P54965,1
DB00472,Q12809,1
DB02778,P09467,1
DB06876,O14757,1
DB08299,Q08499,1
DB09060,P62593,1
DB00456,P15555,1
DB00818,P34903,1
DB13988,P34969,1
DB00338,P20648,1
DB00687,P04150,1
DB06957,P07900,1
DB06730,P06401,1
DB00350,P00797,1
DB00114,Q9BYV1,1
DB12010,P54756,1
DB00591,P08758,1
DB01992,P50870,1
DB01593,P16455,1
DB08525,Q8DP79,1
DB04845,Q13509,1
DB09130,P19823,1
DB04395,Q04230,1
DB13139,P07550,1
DB13951,P10275,1
DB07560,P10614,1
DB00241,P28472,1
DB04272,P9WN39,1
DB06834,P43405,1
DB00725,P08173,1
DB11217,P14679,1
DB00783,P03372,1
DB04517,P06983,1
DB00988,P08908,1
DB00313,P51649,1
DB00363,P08913,1
DB00392,P08172,1
DB01489,P47870,1
DB11901,P18507,1
DB07524,P11309,1
DB00144,Q9NXE4,1
DB01861,P09148,1
DB01148,P08172,1
DB04387,P0DJ06,1
DB04510,P60174,1
DB00777,P14416,1
DB04846,P07550,1
DB04809,Q54AI1,1
DB02292,P00918,1
DB08337,P00811,1
DB00129,P50440,1
DB02819,Q05603,1
DB07052,P9WGV3,1
DB00936,P35354,1
DB08150,P17612,1
DB01118,P10827,1
DB03750,P96965,1
DB04272,P07998,1
DB01151,P08912,1
DB08020,P03372,1
DB00157,P08319,1
DB03026,P0AB74,1
DB00312,Q13002,1
DB04455,P0AFM2,1
DB02767,P02929,1
DB04315,P63096,1
DB00334,Q8N1C3,1
DB11093,P27824,1
DB11638,C6KTA4,1
DB02379,Q60053,1
DB04841,O95180,1
DB03461,Q9WYS2,1
DB04855,Q14524,1
DB13146,Q8WY07,1
DB00153,P11473,1
DB08323,P01859,1
DB01215,P48169,1
DB09092,P39023,1
DB01992,P0A6I3,1
DB03912,Q9WZK0,1
DB01774,P67910,1
DB01321,P44345,1
DB06990,P13051,1
DB08583,P00519,1
DB04315,Q83JC4,1
DB08896,P04049,1
DB13985,P32745,1
DB01110,P35228,1
DB00818,P18505,1
DB01238,P41595,1
DB12668,P41143,1
DB06090,Q693P7,1
DB01436,P11473,1
DB00656,P35367,1
DB03227,Q9HAN9,1
DB01768,Q26966,1
DB11638,Q8IM74,1
DB00362,A2QLK4,1
DB09060,Q840M4,1
DB09118,P48169,1
DB00628,P14867,1
DB00321,P04629,1
DB07157,P15086,1
DB14539,P14060,1
DB02900,P26276,1
DB01956,P47870,1
DB09130,P08185,1
DB01942,P05230,1
DB00767,P35367,1
DB00142,Q9UPY5,1
DB02899,P41021,1
DB07705,P9WPN5,1
DB12637,P04150,1
DB06884,P48552,1
DB08266,Q5SKW1,1
DB07802,P68400,1
DB07778,Q9UDW1,1
DB03332,P29474,1
DB03496,P50750,1
DB11273,P28223,1
DB01028,P98194,1
DB03082,P00749,1
DB02251,P29208,1
DB13837,P48169,1
DB00543,O14764,1
DB00171,O15439,1
DB03971,P19531,1
DB07271,P27487,1
DB02947,P0ABP8,1
DB00408,P14416,1
DB00543,P21917,1
DB04620,Q05586,1
DB14672,P78334,1
DB08159,P11387,1
DB00717,P10275,1
DB03461,P00325,1
DB01224,P28335,1
DB06714,Q96RJ0,1
DB00651,P29274,1
DB08889,P28074,1
DB01955,P14555,1
DB01428,P06401,1
DB01593,P08185,1
DB08270,P43235,1
DB14011,O75311,1
DB01186,P21918,1
DB07251,P54760,1
DB03313,P15555,1
DB07558,O14818,1
DB00537,P0C1U9,1
DB03276,P62993,1
DB14491,P39748,1
DB12010,P54762,1
DB09089,Q92952,1
DB09088,Q9NY46,1
DB03397,P09147,1
DB00237,Q13002,1
DB03147,P77967,1
DB01947,P12931,1
DB14487,P19827,1
DB04464,P0C1V1,1
DB03031,P00183,1
DB07742,P00918,1
DB11644,P02766,1
DB08168,P30405,1
DB08033,P52732,1
DB00297,P34995,1
DB07167,P07333,1
DB01593,P05546,1
DB04074,O15382,1
DB05479,Q01726,1
DB13953,P00846,1
DB00157,P37059,1
DB01149,P28223,1
DB00669,P28222,1
DB00312,P42262,1
DB12010,P07498,1
DB01159,P14867,1
DB02114,Q9UNI1,1
DB08148,P17612,1
DB02844,Q9WZC2,1
DB03470,P28593,1
DB13983,P18507,1
DB07912,Q9UHY7,1
DB00401,Q01668,1
DB07721,Q93LD7,1
DB05223,Q9UBN7,1
DB06216,P21728,1
DB04513,P19429,1
DB00182,P21397,1
DB15102,P21802,1
DB02709,P48039,1
DB11345,Q8NER1,1
DB11273,A5X5Y0,1
DB00835,P08172,1
DB12010,P06239,1
DB02594,P27707,1
DB00246,P08172,1
DB03994,Q9RP17,1
DB08423,Q16539,1
DB11275,P35462,1
DB01140,Q8DR59,1
DB03019,P24941,1
DB00143,Q99735,1
DB03376,P07814,1
DB00627,P40261,1
DB00652,P35372,1
DB07295,P18031,1
DB00114,Q9BXA1,1
DB02657,O34450,1
DB06494,P30968,1
DB04396,O14594,1
DB01110,Q92953,1
DB01942,P75914,1
DB01175,P31645,1
DB08896,P15056,1
DB01161,Q9Y5Y9,1
DB03878,P00519,1
DB02373,P49789,1
DB04041,P07944,1
DB04876,P27487,1
DB00209,P20309,1
DB04674,P25101,1
DB02236,P22102,1
DB00477,P18089,1
DB00747,P43681,1
DB01365,P25100,1
DB00975,O76074,1
DB01861,Q8KN66,1
DB15035,O60674,1
DB08391,Q9Y233,1
DB00623,P28223,1
DB08712,P9WNG3,1
DB12010,Q04759,1
DB00121,Q96RQ3,1
DB02379,P17802,1
DB00659,P31644,1
DB00619,P10721,1
DB00448,P10636,1
DB02334,Q97E82,1
DB02309,P31939,1
DB00894,P11511,1
DB00248,P28222,1
DB14487,P04278,1
DB04272,P0A753,1
DB12612,P21453,1
DB06954,P00918,1
DB01202,Q00975,1
DB02658,P22073,1
DB07853,Q13557,1
DB01288,P13945,1
DB00243,Q9Y5Y9,1
DB00384,P37088,1
DB11638,P37802,1
DB01403,P08913,1
DB00430,P02918,1
DB14146,P41145,1
DB00123,Q8WY07,1
DB01114,Q01959,1
DB04083,P11217,1
DB00334,P14867,1
DB03373,P07477,1
DB07954,Q13946,1
DB00228,Q8TDN1,1
DB04264,P08179,1
DB00740,Q14524,1
DB07931,Q04828,1
DB11638,Q8IKR1,1
DB00162,O95237,1
DB07925,P0A2K1,1
DB09085,Q15858,1
DB14544,P80365,1
DB00142,P43003,1
DB00143,P09210,1
DB00454,P20309,1
DB14487,P04731,1
DB12107,P62593,1
DB07447,P51857,1
DB03485,P02788,1
DB01028,P03886,1
DB01110,O75469,1
DB03152,Q02761,1
DB04270,P37231,1
DB08437,P62750,1
DB00133,Q9GZT4,1
DB01908,P12931,1
DB06211,P72355,1
DB04272,P12724,1
DB00197,Q03181,1
DB09078,P16234,1
DB03147,Q52437,1
DB04057,P31939,1
DB03435,P16442,1
DB01496,P42262,1
DB01708,Q12879,1
DB03814,P06276,1
DB00898,P19320,1
DB00237,Q99928,1
DB08357,Q6FEW8,1
DB04315,P68104,1
DB04147,Q93RD8,1
DB04018,P29474,1
DB08142,P24941,1
DB11638,P04075,1
DB12305,P31645,1
DB00816,P07550,1
DB00370,P35367,1
DB00842,P78334,1
DB00255,Q92731,1
DB01909,P30920,1
DB02857,Q5SID9,1
DB06228,P00742,1
DB03434,P31434,1
DB00228,P47869,1
DB04312,P00326,1
DB07218,Q9UQF2,1
DB06350,Q9H244,1
DB02531,P96965,1
DB02032,P26918,1
DB00246,P28222,1
DB07026,P39900,1
DB03685,P0AA43,1
DB09173,P41145,1
DB03433,P97084,1
DB01186,P08908,1
DB02046,Q9UKQ2,1
DB00228,O60391,1
DB08995,P35869,1
DB04892,P06276,1
DB03657,P11217,1
DB01209,P41145,1
DB07196,P09960,1
DB09270,P31040,1
DB07159,P43405,1
DB04395,P53778,1
DB01028,P47870,1
DB09342,Q01118,1
DB01698,P42330,1
DB09283,Q13946,1
DB00723,P35348,1
DB03900,P07998,1
DB04844,P14416,1
DB00909,P00915,1
DB08818,O14594,1
DB14487,P02746,1
DB01041,Q96SW2,1
DB02754,P07900,1
DB05035,P10827,1
DB00404,Q9UN88,1
DB06148,P21918,1
DB01992,P07108,1
DB07204,P17612,1
DB00945,P25101,1
DB03205,P13650,1
DB01175,Q01959,1
DB04855,P48549,1
DB12010,Q13873,1
DB11201,P23219,1
DB12141,P36888,1
DB01694,Q51782,1
DB04781,P13716,1
DB00312,Q16445,1
DB00148,Q14353,1
DB01392,P78508,1
DB03028,P07339,1
DB07918,P0A8Q0,1
DB12010,Q8TBX8,1
DB06774,Q99623,1
DB00228,Q8NCM2,1
DB03345,Q07982,1
DB08119,P17538,1
DB07284,P56817,1
DB01937,P05798,1
DB04447,P60493,1
DB14488,P69905,1
DB00308,Q14654,1
DB11753,P0A8T7,1
DB00993,P63000,1
DB02338,Q12882,1
DB08215,P0C0Y8,1
DB01593,Q8N907,1
DB05541,Q9NY46,1
DB04716,P29597,1
DB00985,P35367,1
DB01183,P41143,1
DB09059,P37288,1
DB08690,P14927,1
DB00371,P34903,1
DB00371,P31644,1
DB01567,P31644,1
DB01082,P0A7S3,1
DB01437,Q8N1C3,1
DB00131,Q9UGI9,1
DB00865,P35348,1
DB01785,Q13907,1
DB00603,P06401,1
DB00127,P07550,1
DB02221,P00918,1
DB03761,Q9WYT0,1
DB01297,P08588,1
DB00458,P11229,1
DB13872,O14764,1
DB00868,Q14524,1
DB14487,P19652,1
DB00959,P04083,1
DB02379,O60264,1
DB04168,P56740,1
DB03059,P16219,1
DB01050,P31151,1
DB00435,P33402,1
DB07243,O14757,1
DB04016,P08311,1
DB13345,P35368,1
DB00232,P00918,1
DB03685,P77398,1
DB14533,P68871,1
DB07801,O14965,1
DB07779,P27487,1
DB06712,Q13698,1
DB02191,Q83QN9,1
DB00520,A2QLK4,1
DB00533,P35354,1
DB00374,Q03181,1
DB00147,O00764,1
DB00273,Q9UI33,1
DB05885,Q7L0J3,1
DB00118,P17707,1
DB03259,P47228,1
DB14487,P0C0L5,1
DB00661,O00555,1
DB02659,P00395,1
DB08338,P68400,1
DB04471,P03372,1
DB00797,P35348,1
DB07557,Q14994,1
DB02772,P71119,1
DB00349,Q8N1C3,1
DB02153,P0A115,1
DB12147,P35968,1
DB00333,P35372,1
DB08326,Q96GR2,1
DB07718,P14174,1
DB01405,P43702,1
DB07401,P14927,1
DB00232,P00915,1
DB13437,O00591,1
DB02506,P30153,1
DB12010,Q14289,1
DB08558,P08588,1
DB01036,P11229,1
DB00132,P19793,1
DB06255,P42574,1
DB11633,Q12809,1
DB06787,P20309,1
DB01224,P28566,1
DB00334,P21917,1
DB14487,P02766,1
DB13983,Q8N1C3,1
DB00367,P03372,1
DB03023,P12931,1
DB00634,P53848,1
DB04315,P21980,1
DB02062,P09960,1
DB00201,Q01064,1
DB06266,P19367,1
DB03751,P26391,1
DB00228,P51787,1
DB02546,O15379,1
DB01115,O43497,1
DB00568,P21918,1
DB00472,Q15822,1
DB01268,P07333,1
DB00273,P00915,1
DB12010,P19525,1
DB03615,Q9R381,1
DB02052,P24941,1
DB00228,O00591,1
DB12010,P62344,1
DB00643,P68371,1
DB07602,P00533,1
DB00303,P0AD68,1
DB04574,P03372,1
DB00241,Q8N1C3,1
DB00126,P09172,1
DB08690,P07919,1
DB01163,Q8DNB6,1
DB08867,P10275,1
DB06246,P15121,1
DB00489,Q12809,1
DB12245,Q6IX08,1
DB00546,P47869,1
DB00668,P35368,1
DB04464,P09152,1
DB05470,Q16539,1
DB01863,Q9H4M7,1
DB01221,P23975,1
DB02659,P04054,1
DB09130,P02748,1
DB12010,P54646,1
DB03541,P04818,1
DB00555,P35499,1
DB03507,P19438,1
DB00420,P35367,1
DB01043,O60391,1
DB03793,P96965,1
DB01136,P08588,1
DB04541,P11797,1
DB03147,P9WHH7,1
DB01083,P07098,1
DB04468,P03372,1
DB04725,P35354,1
DB00849,P36544,1
DB01511,P18507,1
DB01142,P28223,1
DB01965,P9WNS5,1
DB00755,O43174,1
DB04610,P26281,1
DB01956,P18505,1
DB08932,P25101,1
DB12141,Q70Z44,1
DB00307,P19793,1
DB09130,P01019,1
DB01731,P42768,1
DB01593,P56524,1
DB12960,P51681,1
DB09332,P00740,1
DB03540,P00183,1
DB00118,Q14749,1
DB08689,P06008,1
DB02925,Q13621,1
DB02772,P22340,1
DB00982,P10276,1
DB08023,P53779,1
DB14487,P06733,1
DB00280,Q14524,1
DB09128,P08908,1
DB03128,P20309,1
DB14481,Q9ULU8,1
DB00182,P07550,1
DB06446,O00555,1
DB03003,P08263,1
DB00228,O00305,1
DB03042,P13376,1
DB04641,Q27743,1
DB00273,Q15878,1
DB13437,P47870,1
DB14487,P20851,1
DB00715,P35348,1
DB04014,Q00535,1
DB00370,P41145,1
DB00228,O95259,1
DB00281,Q14524,1
DB08765,P14174,1
DB00521,P08588,1
DB07496,P95276,1
DB07348,P84077,1
DB14641,P03372,1
DB04464,P06010,1
DB00704,P35372,1
DB05541,Q99250,1
DB07780,P29559,1
DB02726,P00512,1
DB00714,P28223,1
DB04325,P07478,1
DB04327,P60484,1
DB00135,P07101,1
DB14533,P29372,1
DB11148,Q13698,1
DB00321,P34969,1
DB01069,O00398,1
DB09552,P21283,1
DB09130,P00734,1
DB01864,Q08188,1
DB05104,P41145,1
DB08689,P07173,1
DB01942,Q46891,1
DB14185,P08913,1
DB00273,P35499,1
DB04799,P47985,1
DB00904,P28222,1
DB00909,O60939,1
DB00960,P07550,1
DB00564,P35499,1
DB06897,P53350,1
DB07105,P00734,1
DB06153,P08172,1
DB08486,P69905,1
DB01992,Q9BWD1,1
DB14672,P47869,1
DB00357,P05108,1
DB11274,P35462,1
DB08219,P20248,1
DB07907,P20932,1
DB01595,Q9UN88,1
DB08447,Q9NZK7,1
DB06267,O76074,1
DB00603,P31644,1
DB02843,Q9HU22,1
DB04352,P36946,1
DB06706,Q05940,1
DB00759,P0A7U3,1
DB03961,P62619,1
DB08808,P08588,1
DB08762,P15085,1
DB12010,P07948,1
DB04713,P80561,1
DB00248,P25100,1
DB03801,P22188,1
DB01200,P18089,1
DB00996,O43525,1
DB07005,P00734,1
DB00619,P11274,1
DB07418,P20581,1
DB11638,P39019,1
DB04017,P21397,1
DB07088,P00734,1
DB01608,P10275,1
DB03203,P15151,1
DB00546,P28472,1
DB02415,Q9K597,1
DB14487,P04637,1
DB02467,Q54331,1
DB03147,P38038,1
DB04841,Q9P0X4,1
DB01144,P00918,1
DB14487,P23415,1
DB12010,Q9Y4K4,1
DB01224,P18825,1
DB04315,P11488,1
DB00849,P48169,1
DB01413,P0AD68,1
DB14011,P48167,1
DB00898,Q92806,1
DB03461,P04035,1
DB02308,P35030,1
DB02613,Q02127,1
DB08215,P06009,1
DB00567,P0A3M6,1
DB00412,P37231,1
DB01809,P08631,1
DB01948,Q16539,1
DB00843,Q00653,1
DB08025,P53779,1
DB08676,P49356,1
DB00171,Q08828,1
DB15493,Q9NXA8,1
DB08185,Q5SHP2,1
DB03256,Q9WY54,1
DB00647,P35372,1
DB12010,P29376,1
DB04447,Q9ZEU2,1
DB03366,P0A6B1,1
DB04855,P51787,1
DB11638,Q8I0V4,1
DB02090,P08254,1
DB09130,P15531,1
DB14487,O15350,1
DB11638,O14556,1
DB02059,P83844,1
DB07211,P00734,1
DB04094,P62942,1
DB02073,P30043,1
DB00898,Q9GZZ6,1
DB13335,P48169,1
DB04803,P09601,1
DB00157,P00326,1
DB04522,P07515,1
DB14508,O14732,1
DB04253,P16083,1
DB08186,Q92831,1
DB02803,P00797,1
DB08513,P06213,1
DB08430,Q6UWM7,1
DB00807,Q9Y5Y9,1
DB00184,P30926,1
DB00007,P30968,1
DB08317,P24182,1
DB05412,Q16539,1
DB08690,P06008,1
DB01110,Q9H2S1,1
DB03242,P32890,1
DB11156,Q9HC97,1
DB00396,P02763,1
DB03333,P00918,1
DB00624,P10275,1
DB00628,P47870,1
DB00144,P17252,1
DB04447,P23284,1
DB12093,P21728,1
DB00922,Q14654,1
DB00568,O60840,1
DB06216,P18825,1
DB00143,P09488,1
DB14050,Q9Y5S1,1
DB00331,Q9Y478,1
DB00145,Q14330,1
DB00142,O15067,1
DB00628,P28472,1
DB00367,P18405,1
DB01873,P68363,1
DB01303,P27815,1
DB04083,P00509,1
DB02998,Q15596,1
DB00273,P22748,1
DB11951,O43613,1
DB00318,P41145,1
DB03374,Q6PHW0,1
DB12010,P22694,1
DB01069,Q8TAE7,1
DB00913,P35372,1
DB08147,P18031,1
DB00423,P00915,1
DB11638,Q8IIR9,1
DB01435,P23219,1
DB05154,A0A045ISQ8,1
DB01545,P47870,1
DB08702,P52700,1
DB04132,P0CG29,1
DB03310,Q96SL4,1
DB02163,Q05603,1
DB04784,Q84EX5,1
DB00418,P14867,1
DB00456,Q75Y35,1
DB01454,Q01959,1
DB08175,Q13133,1
DB02519,P11217,1
DB04272,Q96RQ9,1
DB07946,P00734,1
DB09092,P04406,1
DB03461,P16100,1
DB11831,P16455,1
DB03144,O34453,1
DB00535,P08149,1
DB02930,P62219,1
DB00412,P19793,1
DB03880,P22894,1
DB01331,P08506,1
DB09166,P48169,1
DB08492,P16050,1
DB01369,P61177,1
DB01496,P47869,1
DB01183,P16220,1
DB00690,P47869,1
DB01365,P08588,1
DB06262,P18825,1
DB03310,P0CG29,1
DB01942,P0A6D3,1
DB00235,Q14432,1
DB04946,P35348,1
DB00560,P0A7S3,1
DB01483,P34903,1
DB03077,Q57193,1
DB00683,Q8N1C3,1
DB09130,P05156,1
DB02726,P0AB91,1
DB04328,Q9S400,1
DB01224,P34969,1
DB09078,P35916,1
DB00312,O75469,1
DB01018,P08913,1
DB01612,P16066,1
DB05129,P11387,1
DB12695,Q13219,1
DB07661,Q4R2T2,1
DB01019,P11229,1
DB08148,P61925,1
DB03543,P00909,1
DB00157,P56937,1
DB05478,P08684,1
DB00852,O95644,1
DB00945,P42574,1
DB00813,P41143,1
DB03147,P00387,1
DB09286,P35348,1
DB12598,P00748,1
DB01189,P34903,1
DB00289,O15399,1
DB04233,Q72JD8,1
DB04395,P55072,1
DB08838,P02708,1
DB00312,P28472,1
DB01163,P0AD65,1
DB04076,P00491,1
DB01956,O14764,1
DB07983,P23219,1
DB07340,Q96GD4,1
DB14185,P18089,1
DB08073,P17612,1
DB00144,P48651,1
DB01248,P27816,1
DB12783,P20711,1
DB08839,P28223,1
DB00560,P0A7X3,1
DB01861,P26393,1
DB01354,P14867,1
DB00753,P17787,1
DB01737,P07477,1
DB03619,P31224,1
DB03323,P00490,1
DB04476,P80188,1
DB08558,P09848,1
DB04176,Q05603,1
DB02091,P24941,1
DB12010,P42679,1
DB03313,Q75Y35,1
DB02142,Q56232,1
DB01085,P08172,1
DB04924,P22303,1
DB00935,P35348,1
DB00726,P08909,1
DB09061,Q9Y5S1,1
DB00115,P42898,1
DB13954,O75469,1
DB03147,P21397,1
DB00809,P08173,1
DB02878,P13716,1
DB00452,P0A7S3,1
DB03590,P04964,1
DB06510,P37231,1
DB07763,P07919,1
DB03668,P08244,1
DB00193,P41145,1
DB01303,Q14432,1
DB00228,Q01668,1
DB04158,P26281,1
DB03237,P0AES2,1
DB08734,P04818,1
DB08453,O14949,1
DB12924,P43700,1
DB13873,O75469,1
DB01185,P03372,1
DB03072,P09874,1
DB01591,P08173,1
DB01069,Q14524,1
DB02494,P84098,1
DB06741,Q14957,1
DB07115,Q8N1Q1,1
DB08378,P12883,1
DB06880,P27487,1
DB01355,P42262,1
DB13983,P14867,1
DB02786,P15474,1
DB05492,P35367,1
DB02761,P31142,1
DB03310,Q03013,1
DB03256,P77398,1
DB00443,P04150,1
DB12107,Q840M4,1
DB13643,P14867,1
DB05271,P21728,1
DB01123,P00734,1
DB00786,Q9H306,1
DB04554,P0A820,1
DB14715,P48169,1
DB07064,P52732,1
DB13437,P31644,1
DB05271,P08908,1
DB01645,O75469,1
DB08226,Q5SKW1,1
DB00308,Q13936,1
DB00829,P28472,1
DB00898,P30926,1
DB03366,Q12965,1
DB03313,Q8DR59,1
DB08478,P04818,1
DB01117,Q02127,1
DB04233,P39767,1
DB09204,P35368,1
DB02637,P35270,1
DB00607,Q75Y35,1
DB00131,P55263,1
DB00371,P14867,1
DB00714,P21728,1
DB04395,P48637,1
DB08315,P24182,1
DB11186,Q9UI33,1
DB11235,P08173,1
DB02220,P00918,1
DB08626,P08473,1
DB01239,P28335,1
DB01244,Q01064,1
DB06144,Q12809,1
DB04272,Q9BY32,1
DB08328,P07097,1
DB01587,P28472,1
DB14487,P49411,1
DB08402,P37231,1
DB01437,P18507,1
DB14002,P17252,1
DB01809,P07949,1
DB03964,Q99798,1
DB01972,P41007,1
DB01972,Q05599,1
DB12010,Q9Y478,1
DB08114,P61925,1
DB09088,Q14524,1
DB07294,P13631,1
DB00153,Q9UBN1,1
DB00776,Q9UI33,1
DB03247,Q9NVS9,1
DB00691,P12821,1
DB01032,Q9NYV7,1
DB00324,P04150,1
DB01107,Q9UN88,1
DB00898,P48544,1
DB00321,P31645,1
DB06148,P28335,1
DB00363,P28221,1
DB01985,Q05581,1
DB06738,O15399,1
DB01028,Q09470,1
DB00677,P02787,1
DB14069,P08183,1
DB12285,P56817,1
DB09130,Q07955,1
DB02772,P68133,1
DB01147,P0A3M5,1
DB00268,P18825,1
DB01767,P00734,1
DB03017,P07360,1
DB08690,P69054,1
DB12010,P0C264,1
DB02867,P26276,1
DB08591,P18031,1
DB01857,P41789,1
DB04015,P00959,1
DB06684,P31645,1
DB00237,Q15822,1
DB00863,P25021,1
DB00907,P23975,1
DB00808,P55017,1
DB03496,P49336,1
DB00458,P08173,1
DB06781,P04150,1
DB04154,Q83QN9,1
DB06480,Q13639,1
DB00594,P51172,1
DB07254,P54760,1
DB03461,P52895,1
DB02745,P62312,1
DB00315,P08908,1
DB03801,P14489,1
DB03147,Q9Z4P0,1
DB02603,P24941,1
DB04104,P05100,1
DB02451,P29972,1
DB09063,Q9UM73,1
DB01723,P62942,1
DB08822,P30556,1
DB09166,P14867,1
DB07023,P03951,1
DB03366,P35228,1
DB08515,P25787,1
DB00703,P00918,1
DB11254,P11387,1
DB01839,Q8GEZ8,1
DB01558,P31644,1
DB07164,P20248,1
DB13179,P60723,1
DB03467,Q16678,1
DB12141,P50406,1
DB03247,P69772,1
DB06851,P09960,1
DB12010,P11309,1
DB04242,P20586,1
DB02059,P45799,1
DB07394,P06576,1
DB08605,Q16698,1
DB02893,Q9KQN0,1
DB04037,P62593,1
DB04646,P83791,1
DB12445,P23219,1
DB03895,P0A0N5,1
DB00473,Q14524,1
DB04447,O43708,1
DB03843,P15555,1
DB01155,P43702,1
DB01159,O00591,1
DB00413,P08908,1
DB03777,P11309,1
DB00237,P47869,1
DB01548,O60858,1
DB02574,P01556,1
DB00408,P28566,1
DB12107,A0A068JFB7,1
DB14481,O75340,1
DB00115,Q99707,1
DB01872,Q59288,1
DB02255,Q9UKQ2,1
DB01163,Q7CRA4,1
DB03017,Q9I194,1
DB04850,P21397,1
DB08185,P62662,1
DB04519,P0A953,1
DB01413,Q51504,1
DB00281,Q15858,1
DB02746,Q07869,1
DB00945,Q16659,1
DB03403,Q9BZX2,1
DB07186,O14965,1
DB02932,P10275,1
DB08342,Q9Y296,1
DB09006,P37231,1
DB14488,Q9BY41,1
DB14518,P05023,1
DB01142,Q12809,1
DB13943,P10275,1
DB07006,P30291,1
DB02905,Q05603,1
DB14672,P48169,1
DB07691,Q03181,1
DB00243,Q01668,1
DB09195,P25100,1
DB07017,P28845,1
DB01615,P35367,1
DB00934,P08172,1
DB01717,P54819,1
DB06852,O14757,1
DB08437,Q9UNX3,1
DB09229,P35348,1
DB00411,P20309,1
DB08185,P62658,1
DB04855,P18089,1
DB00755,Q8NFJ5,1
DB00228,O14983,1
DB06148,P25100,1
DB03147,P00390,1
DB01645,Q15788,1
DB12500,P23458,1
DB00734,P18825,1
DB00246,P08908,1
DB04141,P08574,1
DB01942,P00780,1
DB06446,P08908,1
DB11994,P24462,1
DB07277,P00734,1
DB00568,Q13698,1
DB00349,O14764,1
DB00134,Q9UBK8,1
DB01725,P07477,1
DB08895,P23458,1
DB11348,P27824,1
DB00142,O94925,1
DB01055,P13500,1
DB01497,P41143,1
DB00157,P48728,1
DB14006,Q9Y5K3,1
DB00926,P48443,1
DB03323,P0AEX9,1
DB03604,P10828,1
DB02950,P24941,1
DB00774,O43570,1
DB03461,Q59931,1
DB06991,Q16539,1
DB02937,P0A6F3,1
DB08009,Q96NX5,1
DB04045,Q8GBW6,1
DB01593,P05109,1
DB00116,Q96DP5,1
DB11638,O77361,1
DB00159,O60488,1
DB09089,Q01668,1
DB00156,P26639,1
DB13044,Q07817,1
DB07279,P00734,1
DB00659,Q13224,1
DB01107,P31644,1
DB00609,P9WGR1,1
DB07636,P00156,1
DB01399,P35354,1
DB08511,P28720,1
DB01593,P08603,1
DB00202,P08172,1
DB00246,P18089,1
DB03017,P02929,1
DB00121,Q9HCC0,1
DB03782,P00749,1
DB02767,O00206,1
DB03552,P07101,1
DB04836,P31645,1
DB12965,P02795,1
DB06983,P24941,1
DB00128,Q5T6L4,1
DB00716,P07900,1
DB02010,P41240,1
DB01567,P47870,1
DB00569,P00742,1
DB03247,P0A7E1,1
DB00246,P35348,1
DB00157,Q04828,1
DB06741,Q8TCU5,1
DB04861,P07550,1
DB12010,Q16539,1
DB01215,P18505,1
DB03962,P52209,1
DB00633,P08913,1
DB11994,Q9HB55,1
DB07678,P03372,1
DB03587,P04054,1
DB05155,P41145,1
DB01388,O43497,1
DB01118,Q86YN6,1
DB00393,Q02641,1
DB00184,P17787,1
DB02442,P00782,1
DB01043,O15399,1
DB05786,Q96AE4,1
DB15035,P00533,1
DB00171,P31749,1
DB00376,P08172,1
DB00603,P47870,1
DB00935,P25100,1
DB02007,P17169,1
DB01593,P07360,1
DB00857,Q14534,1
DB01196,Q92731,1
DB12010,O60285,1
DB00172,Q8IVL5,1
DB13867,P47712,1
DB07076,P00749,1
DB08063,Q13133,1
DB02379,Q701N4,1
DB14487,P07237,1
DB04658,Q08638,1
DB12364,P00742,1
DB03247,Q9FDN7,1
DB04395,Q12756,1
DB00619,Q08345,1
DB02270,P16384,1
DB05465,Q9GZP0,1
DB09202,P35368,1
DB03938,P18548,1
DB12010,Q99640,1
DB02659,P24311,1
DB07390,P08254,1
DB07675,P37231,1
DB14011,P37231,1
DB00157,P03915,1
DB00416,Q15822,1
DB04376,Q05655,1
DB14487,P08603,1
DB01023,Q9NY47,1
DB15035,P42681,1
DB01656,Q08499,1
DB02715,P03372,1
DB00897,P18505,1
DB08654,P11086,1
DB00812,P23219,1
DB02143,P29475,1
DB13954,P00846,1
DB00829,P18507,1
DB09130,P07358,1
DB12010,O14578,1
DB02079,P21549,1
DB11582,Q9UN88,1
DB04957,Q12809,1
DB00404,P78334,1
DB00200,Q8IVH4,1
DB01579,P23975,1
DB03586,P31434,1
DB00421,P54289,1
DB12010,Q9UPZ9,1
DB07960,Q9Y3R4,1
DB14185,P28335,1
DB00831,P14416,1
DB14481,Q99828,1
DB14539,P04150,1
DB03435,P30085,1
DB00477,Q9H3N8,1
DB04099,P08164,1
DB04233,P0A910,1
DB03183,Q08499,1
DB00564,P43681,1
DB12061,P08908,1
DB12010,P11802,1
DB03096,P07339,1
DB05944,P00533,1
DB01587,Q99928,1
DB03222,Q08698,1
DB01756,P49247,1
DB06202,P03372,1
DB06637,Q9UK17,1
DB00588,P04150,1
DB00540,P08912,1
DB03214,Q96QU6,1
DB14481,P09486,1
DB01021,P55017,1
DB01043,P23416,1
DB09289,P35462,1
DB01068,P18505,1
DB11652,P04626,1
DB00716,P21462,1
DB06977,P17612,1
DB07381,P11444,1
DB02065,P96945,1
DB03374,P07477,1
DB01104,Q01959,1
DB02543,P40859,1
DB07932,Q15596,1
DB07506,P15085,1
DB08098,P15121,1
DB01956,Q9UN88,1
DB01375,Q9Y277,1
DB06210,P40238,1
DB00306,P36544,1
DB15534,Q71U36,1
DB06926,P37231,1
DB00153,Q9UF02,1
DB07490,P0A8Q0,1
DB04395,P49368,1
DB03389,Q59288,1
DB01188,P05023,1
DB02445,P17169,1
DB04187,P09488,1
DB00831,Q9NYX4,1
DB00776,P35499,1
DB04299,P28593,1
DB00114,Q9Y697,1
DB00157,Q9UDR5,1
DB07487,P00800,1
DB01982,Q9KWT5,1
DB03262,P00918,1
DB05015,Q9UBN7,1
DB03010,P07437,1
DB01692,P22262,1
DB03254,Q9FCA6,1
DB03801,Q7SIE9,1
DB05767,P05231,1
DB03317,P00148,1
DB14719,Q9UN88,1
DB13995,P69905,1
DB00399,P14324,1
DB08185,P0DOY7,1
DB01942,P80357,1
DB04366,P15531,1
DB01295,P08588,1
DB00605,P27361,1
DB07929,P28702,1
DB00157,O43920,1
DB09221,P08238,1
DB01365,P35348,1
DB01708,Q07869,1
DB00571,P08588,1
DB04233,P33247,1
DB08005,P53779,1
DB11638,Q8I487,1
DB01275,P13674,1
DB14533,P02746,1
DB08167,Q8NMG3,1
DB08220,Q15788,1
DB12742,P36888,1
DB01364,P08588,1
DB03727,P06132,1
DB01826,P9WN25,1
DB02456,P0A6I0,1
DB01395,P04150,1
DB12061,P14416,1
DB01238,P35367,1
DB03461,P55818,1
DB07206,P56817,1
DB00578,P02919,1
DB07848,P00742,1
DB07767,P10478,1
DB01001,P08588,1
DB01598,P02918,1
DB09131,P04070,1
DB01593,P22792,1
DB01392,P35462,1
DB04946,P35367,1
DB12377,Q9L5C7,1
DB03147,P21890,1
DB01594,P14867,1
DB01414,P02918,1
DB00852,P01375,1
DB03323,P19531,1
DB13751,P28845,1
DB01595,P48169,1
DB04359,O31156,1
DB01752,P21631,1
DB00675,Q15125,1
DB00555,P48169,1
DB07557,P19793,1
DB00312,Q8N1C3,1
DB11638,P42766,1
DB02512,P04075,1
DB12010,O43293,1
DB09286,P28223,1
DB07588,Q83WG3,1
DB04817,P23219,1
DB00739,P0A3M6,1
DB02399,P32170,1
DB08629,P06576,1
DB03584,Q79G13,1
DB11278,P18089,1
DB00659,O60391,1
DB05003,P23921,1
DB01633,O85465,1
DB14635,P37231,1
DB02235,Q93UV9,1
DB04631,P69054,1
DB11633,Q9UK17,1
DB00169,P11473,1
DB14487,P04279,1
DB04651,P06709,1
DB02379,P19961,1
DB03982,P18031,1
DB00543,P28222,1
DB00191,P27338,1
DB03077,P01556,1
DB00493,B2ZTR6,1
DB14879,Q9X6W0,1
DB00714,P08908,1
DB13837,Q9UN88,1
DB03661,P12256,1
DB00315,P28221,1
DB07664,Q16566,1
DB02981,P00509,1
DB04557,P29498,1
DB09048,P25103,1
DB11397,P06276,1
DB00822,P05091,1
DB00454,O15399,1
DB01346,P14867,1
DB04593,P08709,1
DB04396,P32890,1
DB01352,P14867,1
DB07207,P13726,1
DB00114,P54687,1
DB05343,P04271,1
DB04129,P42262,1
DB00243,Q9UNX9,1
DB14064,P08183,1
DB04389,P49789,1
DB07687,P24941,1
DB02746,P37231,1
DB04864,P22303,1
DB08778,O14757,1
DB04677,P27338,1
DB02757,P00326,1
DB08807,P08908,1
DB00255,P11474,1
DB00143,P09211,1
DB00132,P37231,1
DB05667,Q16850,1
DB05434,P09038,1
DB12010,P43403,1
DB00734,P35367,1
DB12267,P06213,1
DB03313,Q7CRA4,1
DB04722,P00734,1
DB02996,Q9UKQ2,1
DB01355,P43681,1
DB01157,P00374,1
DB07701,P22303,1
DB03894,P27338,1
DB09221,P08700,1
DB02930,P9WI81,1
DB09095,P12429,1
DB01147,Q51504,1
DB00466,P24046,1
DB00228,Q9ULD8,1
DB00836,P35372,1
DB01331,Q8DR59,1
DB01023,P0DP23,1
DB05961,P05154,1
DB00148,P48029,1
DB01725,P00734,1
DB04400,P35228,1
DB01893,P12931,1
DB09034,O43613,1
DB03101,P00491,1
DB11148,O95180,1
DB08463,P20248,1
DB06877,P28482,1
DB00128,Q03154,1
DB06956,P07900,1
DB12010,Q56UN5,1
DB08179,Q04760,1
DB00197,Q07869,1
DB07077,P03951,1
DB05232,Q9NY46,1
DB02901,P08235,1
DB04404,Q13231,1
DB14533,P02747,1
DB04215,P07477,1
DB08044,P27487,1
DB14487,P06727,1
DB00321,P41145,1
DB01373,P29034,1
DB01077,Q13332,1
DB08674,P49356,1
DB00800,P25100,1
DB09283,P27815,1
DB01576,P35348,1
DB00182,P14416,1
DB08485,P15474,1
DB14487,P04004,1
DB00126,Q8IVL6,1
DB06211,P02918,1
DB06468,P19634,1
DB03132,P52270,1
DB03247,Q46604,1
DB02209,P11926,1
DB09060,Q939N4,1
DB12010,O00519,1
DB03065,P29474,1
DB13437,P18505,1
DB00332,P20309,1
DB08614,Q9UNI1,1
DB14879,Q51504,1
DB03124,P42574,1
DB08022,P11309,1
DB15035,P42685,1
DB08744,P16083,1
DB00818,P35499,1
DB00747,P08172,1
DB00715,A5X5Y0,1
DB01021,P22748,1
DB00128,Q12797,1
DB00360,P29474,1
DB11638,Q5R2K6,1
DB00683,P48169,1
DB01102,P08588,1
DB01064,P13945,1
DB00313,O60939,1
DB03698,P42593,1
DB07739,P11086,1
DB14514,P05023,1
DB05767,P01375,1
DB06987,Q9NZK7,1
DB15534,P07437,1
DB09074,P09874,1
DB03147,P42593,1
DB00562,P55017,1
DB00242,Q9NRF9,1
DB02067,P34896,1
DB04530,P04818,1
DB11994,P05181,1
DB04097,P09147,1
DB08547,P01859,1
DB03910,P29474,1
DB01189,P78334,1
DB00114,Q16719,1
DB12245,Q24940,1
DB05022,Q02880,1
DB00568,O43497,1
DB09085,Q14524,1
DB04840,P23975,1
DB00574,P41595,1
DB12340,Q92843,1
DB00205,P13922,1
DB03771,P33247,1
DB13335,Q9UN88,1
DB00171,Q09428,1
DB00903,Q13621,1
DB06083,P10145,1
DB09017,P34903,1
DB02742,P31723,1
DB12010,P49760,1
DB00641,Q92769,1
DB00713,P0A3M6,1
DB00903,P05023,1
DB07783,P00813,1
DB00170,P04070,1
DB01136,O95298,1
DB04758,P08709,1
DB00193,P28335,1
DB00642,P00374,1
DB02154,P52699,1
DB06595,P10721,1
DB08271,P08254,1
DB07750,P24941,1
DB03515,P00947,1
DB00631,P23921,1
DB00114,O94903,1
DB08562,P01857,1
DB08218,P24941,1
DB08409,P01857,1
DB01942,Q8MU52,1
DB09130,P01042,1
DB00818,P47869,1
DB00780,P21397,1
DB14719,P48169,1
DB11081,P00367,1
DB04107,P07477,1
DB04477,O14556,1
DB04930,P35498,1
DB00905,P43088,1
DB02587,P63092,1
DB11791,P08581,1
DB11638,Q01995,1
DB01159,P47870,1
DB11638,Q8IEN3,1
DB14481,O75838,1
DB02175,P0A793,1
DB00661,Q12809,1
DB00157,Q9UI09,1
DB03067,P11217,1
DB00172,Q53H96,1
DB08181,P22629,1
DB08515,O14818,1
DB04447,Q9UQM7,1
DB08868,Q99500,1
DB07198,Q15788,1
DB00131,P49773,1
DB02263,P0A9B2,1
DB00627,P49019,1
DB09205,P18825,1
DB04878,O43451,1
DB06558,P24530,1
DB02930,Q7BK04,1
DB14498,P05023,1
DB00945,P31152,1
DB14487,O75636,1
DB01967,P77173,1
DB00543,P18505,1
DB03623,P53779,1
DB05943,P31785,1
DB00801,P18507,1
DB02058,P11362,1
DB02482,P97084,1
DB09319,P08506,1
DB12010,Q15303,1
DB09319,P24228,1
DB02210,P04054,1
DB01559,Q9UN88,1
DB01915,P01024,1
DB09237,Q01668,1
DB09128,P14416,1
DB08756,P61925,1
DB04147,P0C0Y8,1
DB02091,P20248,1
DB05943,P32927,1
DB08839,P46098,1
DB03499,P23368,1
DB04482,P42216,1
DB00827,P43700,1
DB03758,P0DM80,1
DB01132,P37231,1
DB06274,P35372,1
DB01413,Q9X6V3,1
DB07401,P22695,1
DB00508,P21728,1
DB02044,P29474,1
DB03397,Q97R46,1
DB04881,P08183,1
DB14001,P52824,1
DB00180,P04150,1
DB01142,P08173,1
DB04522,Q04759,1
DB04529,P96558,1
DB00924,P34969,1
DB04350,Q873X9,1
DB03814,P15291,1
DB00696,P28335,1
DB01125,P38435,1
DB07334,P35968,1
DB14508,P42263,1
DB00228,Q99928,1
DB00668,P25100,1
DB00123,P30825,1
DB02726,P00943,1
DB02735,P08842,1
DB07805,Q5HEB7,1
DB00334,P30939,1
DB00611,P41145,1
DB01110,Q9Y691,1
DB01805,P00782,1
DB04630,P08235,1
DB07480,P18031,1
DB00151,P35520,1
DB00142,Q8N5Z0,1
DB00546,P18505,1
DB13025,P34969,1
DB12010,P41743,1
DB04575,P03372,1
DB00142,Q05586,1
DB02709,P05106,1
DB01189,P18507,1
DB11638,Q8IJK8,1
DB04265,P04958,1
DB02116,P06493,1
DB02021,P15121,1
DB00245,Q01959,1
DB01352,P34903,1
DB00726,P28221,1
DB08266,Q8RQE8,1
DB01189,P20020,1
DB06738,Q8TCU5,1
DB00228,Q14721,1
DB08161,Q7BJM5,1
DB01103,P47712,1
DB04468,P62508,1
DB11633,Q14524,1
DB04491,P00751,1
DB03801,P39377,1
DB01239,P46098,1
DB01273,P36544,1
DB00759,Q9UM07,1
DB00438,P02919,1
DB00952,P28221,1
DB01238,P47898,1
DB00321,P08172,1
DB12455,P0A7V3,1
DB03986,P0ABP8,1
DB00231,P78334,1
DB00500,P35354,1
DB02746,P19793,1
DB06321,P52333,1
DB00668,P08588,1
DB09194,P18825,1
DB08896,P21802,1
DB01115,Q9P0X4,1
DB00277,P09874,1
DB00387,P20309,1
DB14013,P20393,1
DB03469,P72181,1
DB06266,P13569,1
DB14488,P00450,1
DB00925,P07550,1
DB03987,P16184,1
DB05075,P35968,1
DB04631,P0AC41,1
DB02441,P28720,1
DB11273,P18089,1
DB11235,P08912,1
DB03247,O00141,1
DB00201,P27815,1
DB00306,O00591,1
DB00142,Q9ULA0,1
DB00555,P35348,1
DB06153,P41595,1
DB00451,P10827,1
DB01992,P43155,1
DB00875,P35348,1
DB00228,Q16322,1
DB08771,P28845,1
DB00774,Q13621,1
DB02289,P51691,1
DB02467,Q79G13,1
DB02506,Q13362,1
DB02659,P54965,1
DB06548,O95749,1
DB01025,P08700,1
DB02271,O60551,1
DB14481,P0DP24,1
DB04268,P61626,1
DB01169,P28482,1
DB03147,Q9UHQ9,1
DB01671,P00918,1
DB00167,O15382,1
DB00860,P04150,1
DB01365,P18825,1
DB00477,P14416,1
DB11274,P21918,1
DB01151,P08908,1
DB04132,Q04760,1
DB01175,P08908,1
DB00160,Q9Y697,1
DB00546,P47870,1
DB01704,P17538,1
DB01652,P56653,1
DB00588,P08235,1
DB07671,P0AC44,1
DB03138,P0A006,1
DB08073,P31751,1
DB00368,Q05940,1
DB03120,P09668,1
DB09238,O60840,1
DB08299,P27815,1
DB00438,Q9X6W0,1
DB00171,P35626,1
DB00690,Q8N1C3,1
DB00396,P04278,1
DB04841,P35367,1
DB00514,P19878,1
DB11638,Q13838,1
DB02909,P0AE18,1
DB13345,P35462,1
DB05087,P47869,1
DB04272,O14964,1
DB00898,P42262,1
DB03403,P30085,1
DB07401,O14957,1
DB01240,P43119,1
DB00897,P31644,1
DB04066,P16113,1
DB03226,P42328,1
DB02379,Q60037,1
DB13501,P23219,1
DB00312,Q05586,1
DB06362,Q02880,1
DB12695,Q13885,1
DB08280,P28845,1
DB00142,Q12879,1
DB12965,Q93083,1
DB00523,P17936,1
DB14533,Q96PD5,1
DB07662,P12931,1
DB01224,P21918,1
DB13615,Q9HC29,1
DB06961,P07900,1
DB04150,P19021,1
DB11638,Q08853,1
DB00503,O75469,1
DB14672,O00591,1
DB03411,P9WP01,1
DB11995,Q8TCC7,1
DB00321,P28335,1
DB03130,Q04760,1
DB04315,P63000,1
DB09241,P29475,1
DB01558,Q99928,1
DB01766,Q13526,1
DB03956,P51178,1
DB01142,P28335,1
DB04884,P08908,1
DB00697,Q9Y2I1,1
DB02524,Q56310,1
DB08169,Q02127,1
DB01593,P46736,1
DB01097,Q14289,1
DB12695,O75964,1
DB07180,P51955,1
DB02772,P61626,1
DB06216,P07550,1
DB14533,P19827,1
DB09130,P23246,1
DB00151,Q9Y697,1
DB09118,Q8N1C3,1
DB08646,P22364,1
DB02528,P02144,1
DB01544,Q9UN88,1
DB04642,P11217,1
DB00157,O14556,1
DB08768,P24941,1
DB04638,O14983,1
DB00570,Q9UJT0,1
DB11148,Q9HBA0,1
DB13955,Q99527,1
DB01192,P35372,1
DB14641,P04278,1
DB13437,Q9UN88,1
DB07939,P52700,1
DB01431,P06401,1
DB02174,P56868,1
DB07382,O75460,1
DB01452,P23141,1
DB13872,Q16445,1
DB04147,P0C0Y7,1
DB06148,P31645,1
DB08437,P61313,1
DB02733,P27361,1
DB00274,P02919,1
DB01821,P29474,1
DB03389,P36924,1
DB00228,Q8TCU5,1
DB14028,Q16445,1
DB02680,P49424,1
DB01159,P08100,1
DB00314,P9WJ63,1
DB01956,Q13224,1
DB04147,P06008,1
DB01329,P02919,1
DB00570,P05412,1
DB09140,P00395,1
DB12010,Q9H2K8,1
DB00313,Q07699,1
DB08342,Q9Y5R8,1
DB00396,P06401,1
DB00246,P08913,1
DB08689,Q72LA4,1
DB00333,O15399,1
DB00843,Q13224,1
DB00580,P35354,1
DB09068,P23975,1
DB02709,P37231,1
DB07930,Q15067,1
DB00567,Q7CRA4,1
DB07763,O14957,1
DB13643,P18505,1
DB04522,P29508,1
DB06843,O95622,1
DB02363,P43876,1
DB00514,Q5T1J1,1
DB02841,Q9L5C8,1
DB02088,P0AE18,1
DB01205,P28472,1
DB00605,Q9Y5Y4,1
DB00237,Q16445,1
DB04468,P04278,1
DB11638,T1RTG8,1
DB00342,P08912,1
DB11943,P0AFI2,1
DB04753,P00491,1
DB00887,Q9H2X9,1
DB02377,P0A9M5,1
DB12147,P10721,1
DB06510,Q07869,1
DB02379,P05618,1
DB02396,P02144,1
DB00174,Q96QD8,1
DB00308,P54289,1
DB04287,P14555,1
DB00312,P18507,1
DB00157,P20839,1
DB00961,Q9Y5Y9,1
DB03861,P07686,1
DB00417,Q8XJ01,1
DB00182,P18089,1
DB02482,O14965,1
DB11064,P06401,1
DB00726,P31645,1
DB08185,P17291,1
DB00726,P20309,1
DB00116,P34896,1
DB03750,P00509,1
DB01016,Q8TD43,1
DB03247,Q969G6,1
DB08096,Q16539,1
DB00841,P03372,1
DB07821,P23141,1
DB12010,P0DMS8,1
DB01110,Q14722,1
DB00153,Q15878,1
DB02721,P07327,1
DB02892,P04964,1
DB08064,Q16539,1
DB04310,O31410,1
DB00844,P41143,1
DB09231,O00555,1
DB07270,P09467,1
DB02431,P42216,1
DB04424,P07477,1
DB00481,P50453,1
DB03192,P51659,1
DB09213,P23219,1
DB11348,Q9UBV8,1
DB02213,P01556,1
DB00210,P10276,1
DB09118,P47869,1
DB08106,P14900,1
DB12010,P08631,1
DB03904,P00918,1
DB07033,O15530,1
DB01931,Q05586,1
DB07140,P00374,1
DB00143,O43708,1
DB12010,P42685,1
DB11986,P08922,1
DB00548,P14679,1
DB08901,P07949,1
DB03461,Q92506,1
DB00346,P35348,1
DB00404,P18505,1
DB03310,Q8TED1,1
DB01607,C1KC03,1
DB01234,P04150,1
DB01291,P08588,1
DB03247,P00322,1
DB13345,P30939,1
DB07669,P17596,1
DB00129,P54368,1
DB00228,Q9UK17,1
DB02247,P00811,1
DB02941,P13000,1
DB07189,P78536,1
DB07741,P00734,1
DB02076,P46859,1
DB06843,Q08462,1
DB00537,P20831,1
DB01133,P21283,1
DB03666,P9WKE1,1
DB03180,Q05603,1
DB14059,Q00653,1
DB11638,P49368,1
DB03793,Q52546,1
DB04450,Q9L6V3,1
DB12010,Q06187,1
DB03247,P00323,1
DB00653,Q08289,1
DB14538,P04150,1
DB03139,P22629,1
DB11157,Q99456,1
DB09256,P04818,1
DB00761,Q9Y666,1
DB00182,P27338,1
DB00171,P33527,1
DB01962,P10721,1
DB00696,P28222,1
DB09283,P51160,1
DB03801,Q9HTQ2,1
DB00155,P29474,1
DB00136,P31260,1
DB03366,P11309,1
DB00121,Q13085,1
DB15685,P17948,1
DB00276,Q12809,1
DB01645,Q92731,1
DB04363,P30043,1
DB00186,P78334,1
DB02266,P35354,1
DB00509,P07202,1
DB08889,P49721,1
DB02659,P51161,1
DB00175,Q92769,1
DB01200,P14416,1
DB01388,Q13698,1
DB00924,P31645,1
DB09536,Q9UEW3,1
DB11638,C0H546,1
DB01275,Q16853,1
DB09286,P21728,1
DB00514,P43681,1
DB09085,Q9UQD0,1
DB01752,P9WPB5,1
DB09401,Q07817,1
DB01956,P18507,1
DB03814,P0A6Y5,1
DB03880,P51512,1
DB08397,P18031,1
DB04216,O00303,1
DB00418,Q13002,1
DB00458,P35368,1
DB11638,Q8IL80,1
DB01026,P08686,1
DB00551,P18314,1
DB00659,P78334,1
DB08185,Q5SJH3,1
DB07957,Q9UNI1,1
DB03247,P46072,1
DB09054,O00329,1
DB01147,Q8DNB6,1
DB00540,P08173,1
DB01159,Q16720,1
DB03147,Q888A4,1
DB01025,Q99584,1
DB15489,Q99928,1
DB02076,P52209,1
DB03366,P74645,1
DB04315,P32056,1
DB09167,P08908,1
DB03652,Q9KWT5,1
DB01593,P20742,1
DB04216,P11309,1
DB00540,P08908,1
DB00717,P04150,1
DB07216,P49354,1
DB01841,P19571,1
DB06533,P37231,1
DB08604,P37231,1
DB12010,P29597,1
DB05232,Q9UQD0,1
DB00237,P42261,1
DB07778,P22695,1
DB11079,P35354,1
DB04410,P07478,1
DB07239,P27487,1
DB01107,P47869,1
DB01186,P35462,1
DB06148,P35368,1
DB04216,P36542,1
DB04395,P68133,1
DB00548,P51857,1
DB09013,P07550,1
DB01205,O14764,1
DB06525,P22303,1
DB03591,P12931,1
DB08760,P37231,1
DB14487,P04003,1
DB03046,P00749,1
DB03524,P01556,1
DB09212,P23219,1
DB01151,P35368,1
DB00404,P14867,1
DB03147,Q51225,1
DB01222,P04150,1
DB02445,P0A759,1
DB00279,P10827,1
DB02506,P62136,1
DB01955,P45124,1
DB04707,P17612,1
DB02671,P23222,1
DB00543,P46098,1
DB13944,P10275,1
DB01454,Q05940,1
DB01133,P23469,1
DB08453,P83796,1
DB00997,Q14978,1
DB01238,P28335,1
DB02207,P29474,1
DB13953,P62508,1
DB03841,P47989,1
DB00318,P41143,1
DB03948,P20839,1
DB00166,O43766,1
DB15035,Q08881,1
DB07914,Q0S9X1,1
DB09064,Q07869,1
DB09236,Q08289,1
DB04450,P0A6A8,1
DB05492,P35348,1
DB00777,P08172,1
DB01652,O68600,1
DB03535,P48147,1
DB06211,Q51504,1
DB03163,Q56839,1
DB08231,P62942,1
DB14028,Q99928,1
DB09195,P08913,1
DB03256,Q5KUI2,1
DB03756,P37231,1
DB01392,P41595,1
DB11745,P21554,1
DB01694,Q9NWT6,1
DB01118,Q12809,1
DB00228,P22460,1
DB03383,P11217,1
DB12537,Q8N1C3,1
DB07744,P29466,1
DB01752,P50135,1
DB02494,P62917,1
DB01159,Q16445,1
DB02556,P06850,1
DB13014,P09211,1
DB14481,Q02818,1
DB05767,P19838,1
DB03294,P00918,1
DB00543,P78334,1
DB04272,Q9GV41,1
DB02494,P61927,1
DB02464,P07477,1
DB01198,P30536,1
DB01244,O95180,1
DB06216,P41595,1
DB00648,P10275,1
DB01643,Q9HU22,1
DB04493,P09467,1
DB03353,P22629,1
DB04789,P48728,1
DB00118,Q9HBK9,1
DB13581,P08172,1
DB03866,P35354,1
DB02923,P47228,1
DB00211,P35348,1
DB09236,Q13936,1
DB02824,P34896,1
DB09050,P24228,1
DB04085,P00282,1
DB04217,P32929,1
DB01717,P69441,1
DB00829,Q99928,1
DB09319,P0AD65,1
DB00567,Q75Y35,1
DB00457,P35368,1
DB00862,P18545,1
DB01328,P02919,1
DB00908,Q14524,1
DB11638,Q8IKK7,1
DB00243,Q14500,1
DB00417,P24228,1
DB00715,P18825,1
DB00247,P28223,1
DB00293,Q05932,1
DB01087,P16083,1
DB07433,Q9UNI1,1
DB07065,P24941,1
DB00266,Q08257,1
DB00849,O75469,1
DB07387,P60174,1
DB04034,P39304,1
DB04769,P48736,1
DB01393,P28702,1
DB02358,P11586,1
DB12978,P36888,1
DB08670,P0AE18,1
DB00818,P18507,1
DB03991,Q9Y3R4,1
DB04197,P05089,1
DB03403,Q8RQP5,1
DB11757,P30542,1
DB00780,P80404,1
DB09167,P23975,1
DB00122,P36544,1
DB03017,Q9NZD2,1
DB03863,Q59288,1
DB00228,Q09470,1
DB02039,Q92993,1
DB04733,P04075,1
DB02763,P0A006,1
DB08185,Q5SHQ5,1
DB03539,Q13231,1
DB00347,O43497,1
DB01606,P62594,1
DB03169,P13702,1
DB00189,Q99928,1
DB07977,Q02127,1
DB00537,Q59192,1
DB07918,P0AAJ3,1
DB00700,P08235,1
DB04392,P38489,1
DB00952,P08908,1
DB14481,Q99584,1
DB04631,P0AC44,1
DB03352,P08692,1
DB01231,P11229,1
DB01197,P14780,1
DB14487,P03952,1
DB03471,P14555,1
DB04269,P07477,1
DB05932,P17948,1
DB03063,P46925,1
DB09204,P07550,1
DB03670,P18031,1
DB04464,P10606,1
DB09462,O43708,1
DB03801,P81006,1
DB02644,P29475,1
DB11181,P08173,1
DB04478,Q00796,1
DB11219,P10275,1
DB03568,P96965,1
DB01553,P18505,1
DB00627,Q8TDS4,1
DB00328,P23219,1
DB07230,Q92731,1
DB06448,P17936,1
DB00132,Q96RI1,1
DB03997,Q9X0D0,1
DB07493,P24941,1
DB04183,Q8GBW6,1
DB01159,P48549,1
DB00203,Q13956,1
DB01215,O00591,1
DB02797,P00811,1
DB11348,Q86UW7,1
DB01156,P23975,1
DB00490,P14416,1
DB07009,Q15788,1
DB07420,A9JQL9,1
DB11638,C6KT34,1
DB04347,P15474,1
DB07780,P53611,1
DB01407,P13945,1
DB00142,P54886,1
DB00408,P34969,1
DB00726,P35348,1
DB07428,P68871,1
DB00715,P11229,1
DB03912,Q72K87,1
DB02486,P08263,1
DB07427,P69905,1
DB00171,Q04771,1
DB11273,P50406,1
DB01062,P08172,1
DB03649,P45568,1
DB04441,P0ABP8,1
DB01632,P08870,1
DB04141,P16442,1
DB06813,P04818,1
DB01548,P41143,1
DB03801,P14900,1
DB07772,P22894,1
DB00433,P08913,1
DB02437,P08192,1
DB00228,Q92953,1
DB00186,P18507,1
DB00277,O76074,1
DB00368,P18089,1
DB00966,P37231,1
DB11181,P20309,1
DB02082,Q92930,1
DB07057,P00811,1
DB09130,Q07021,1
DB11085,P07202,1
DB11828,P00533,1
DB01043,Q8N1C3,1
DB11755,P34972,1
DB00121,P11498,1
DB04917,Q13639,1
DB01403,P35348,1
DB09280,P13569,1
DB12010,Q9UL54,1
DB11195,Q54873,1
DB03415,P11310,1
DB06616,Q02750,1
DB14487,P05067,1
DB04379,P00797,1
DB03516,Q06278,1
DB13930,P28482,1
DB01559,P47870,1
DB09286,P14416,1
DB00654,P43088,1
DB03143,P21905,1
DB01567,P28472,1
DB00231,P47870,1
DB08359,P0A953,1
DB00606,P07451,1
DB00438,Q75Y35,1
DB07996,P17612,1
DB12548,P25101,1
DB01561,P14061,1
DB07803,P00811,1
DB02379,P94622,1
DB00270,Q01668,1
DB08799,P35367,1
DB00608,Q9NR96,1
DB03814,P49424,1
DB01238,Q9Y5N1,1
DB02362,P00438,1
DB04120,P07773,1
DB02940,P29395,1
DB12010,Q8N4C8,1
DB02899,P26790,1
DB00454,Q14957,1
DB00637,P10636,1
DB01267,P14416,1
DB02620,P18031,1
DB07244,P29474,1
DB09236,Q02641,1
DB04083,Q9X266,1
DB01221,P41143,1
DB03210,P95468,1
DB04223,P29474,1
DB02557,P08473,1
DB03619,P09211,1
DB07995,P17612,1
DB09130,P00387,1
DB11901,O14764,1
DB03461,P06632,1
DB01174,Q12879,1
DB08231,O00206,1
DB00675,P62508,1
DB00157,O00483,1
DB11901,P78334,1
DB00106,P30968,1
DB03245,Q92947,1
DB11638,Q8IL86,1
DB00543,P34969,1
DB02237,Q08751,1
DB01911,P32396,1
DB07993,P56817,1
DB01110,P22460,1
DB00257,O15554,1
DB06148,P08913,1
DB01328,P0AD68,1
DB07374,P62750,1
DB00477,P08913,1
DB03147,Q9LAG2,1
DB01118,O60840,1
DB14185,P11229,1
DB04824,Q14994,1
DB05792,Q5T1J1,1
DB06950,Q5G940,1
DB08144,P24182,1
DB04233,P08100,1
DB06959,P17612,1
DB01222,P04083,1
DB08185,P62661,1
DB04469,Q08499,1
DB03059,Q9FD87,1
DB06401,P03372,1
DB04143,P00929,1
DB12637,Q6QNK2,1
DB01370,P05067,1
DB09130,P02765,1
DB01727,O75874,1
DB00852,P18850,1
DB00623,P10275,1
DB00153,Q13936,1
DB01296,P33673,1
DB05936,P29275,1
DB01017,P31152,1
DB00661,P31645,1
DB04178,P17213,1
DB03128,P08172,1
DB04688,P01834,1
DB02031,O34453,1
DB02656,P11309,1
DB00273,Q13698,1
DB01330,Q75Y35,1
DB06152,Q9P0X4,1
DB05075,P35916,1
DB06732,P10589,1
DB05219,Q07343,1
DB07405,P35228,1
DB00589,P18089,1
DB07133,P00734,1
DB12010,Q14164,1
DB02379,O07653,1
DB01611,Q9NR96,1
DB12147,O43519,1
DB05492,P41595,1
DB09006,Q07869,1
DB08690,P07173,1
DB00723,P35368,1
DB09186,P31645,1
DB00404,O14764,1
DB09283,O95263,1
DB00824,P0DMS8,1
DB08190,P16083,1
DB04647,P0AEB3,1
DB01589,P18507,1
DB00216,P28222,1
DB05234,P10275,1
DB04807,P31434,1
DB00640,P30542,1
DB00281,P19652,1
DB00151,P17174,1
DB03461,P0CG22,1
DB07954,O76074,1
DB00606,P22748,1
DB14533,Q02383,1
DB08437,P0A8P1,1
DB08053,P12931,1
DB11397,P02787,1
DB11577,P35368,1
DB02155,P17612,1
DB01677,P83223,1
DB00575,P18825,1
DB00528,Q06432,1
DB04566,P11217,1
DB01545,O14764,1
DB01238,P08908,1
DB11718,P15056,1
DB07562,P24941,1
DB00327,P35372,1
DB14011,P05093,1
DB01403,P35367,1
DB03929,P29508,1
DB06421,Q02880,1
DB03382,P9WG35,1
DB01810,Q9UBX1,1
DB08209,Q9I5F3,1
DB00186,P31644,1
DB06933,P53779,1
DB14533,P01591,1
DB00761,Q9H2X9,1
DB07836,P04054,1
DB03413,O15923,1
DB07583,P61925,1
DB03366,Q05603,1
DB06151,P48637,1
DB07760,P13051,1
DB12965,Q9Y4I5,1
DB01162,P01137,1
DB04707,P61925,1
DB04066,Q3IWB0,1
DB04834,P08172,1
DB06916,P35228,1
DB03721,P11226,1
DB01226,Q15822,1
DB11273,P28566,1
DB02451,Q146M9,1
DB11359,P02768,1
DB03066,Q53464,1
DB01352,Q13002,1
DB03730,O25323,1
DB04315,P18085,1
DB01331,Q8DNB6,1
DB00555,P18507,1
DB03053,Q00740,1
DB07970,Q15375,1
DB00127,P52788,1
DB00561,O14649,1
DB07218,P45983,1
DB01069,P20309,1
DB09242,Q9Y2I1,1
DB05434,P10145,1
DB03006,P61626,1
DB04493,P16118,1
DB07374,P40429,1
DB07636,P47985,1
DB09460,P00915,1
DB07617,P11509,1
DB07230,Q15788,1
DB15488,Q92847,1
DB00127,P11926,1
DB03161,P95780,1
DB01238,P20309,1
DB14490,P69905,1
DB03399,P02144,1
DB14672,O14764,1
DB09061,P10635,1
DB00797,P18825,1
DB04894,P25103,1
DB01175,P35367,1
DB00267,P0AD68,1
DB03098,P40859,1
DB07010,P53779,1
DB00898,Q13698,1
DB00477,P35368,1
DB02249,P00326,1
DB04014,P49841,1
DB07355,O67648,1
DB07771,P49354,1
DB00608,Q8MU52,1
DB01107,P48169,1
DB03255,P00800,1
DB00384,P51170,1
DB02743,Q65CX5,1
DB01026,P50859,1
DB12245,P80529,1
DB12695,O43169,1
DB09225,P14416,1
DB02726,P09104,1
DB00157,Q9BYZ2,1
DB03987,P00374,1
DB00939,P23219,1
DB01472,Q05940,1
DB11638,Q8IIA4,1
DB03609,P00491,1
DB09130,P43652,1
DB00292,P47870,1
DB07714,P00390,1
DB02421,P09147,1
DB11901,P10275,1
DB08839,Q05940,1
DB00198,Q9Y3R4,1
DB01248,P10415,1
DB00514,P32297,1
DB00479,P0A7S3,1
DB03317,P0ABK9,1
DB00421,Q02641,1
DB01593,P29034,1
DB12010,Q13557,1
DB12010,O75914,1
DB00420,P11229,1
DB00739,Q8DR59,1
DB07997,P61925,1
DB00843,O60391,1
DB02020,P15121,1
DB08246,P52732,1
DB00127,P08588,1
DB04297,Q8WUI4,1
DB00240,P04150,1
DB00483,P11229,1
DB12010,P78356,1
DB00217,P08913,1
DB08091,Q16539,1
DB00301,Q8XJ01,1
DB04539,P11511,1
DB14491,Q16595,1
DB02431,P26396,1
DB00606,Q16790,1
DB11638,Q8IJR6,1
DB00197,P62508,1
DB03979,P39662,1
DB12695,P62736,1
DB00801,P47869,1
DB03013,Q54468,1
DB01186,P28222,1
DB02379,O14594,1
DB00415,Q8DNB6,1
DB03814,P20932,1
DB01013,P08235,1
DB12010,O60674,1
DB01053,Q8TCC7,1
DB01354,P47869,1
DB01951,P62942,1
DB01332,P08506,1
DB00830,P23975,1
DB00363,P35348,1
DB11273,P35348,1
DB00599,Q16445,1
DB02467,P0A884,1
DB04147,P10384,1
DB00402,Q16445,1
DB07300,O15530,1
DB00035,P30518,1
DB01600,P23219,1
DB12615,L0LZJ6,1
DB01992,P44886,1
DB00200,Q9BXJ7,1
DB01942,Q9X0L5,1
DB04859,P22303,1
DB06844,P20248,1
DB11638,P04350,1
DB13437,Q16445,1
DB00929,P43116,1
DB09167,P18825,1
DB03693,P78368,1
DB01097,P35869,1
DB05015,Q9BY41,1
DB00491,Q14697,1
DB07084,P02931,1
DB13345,P50406,1
DB02869,O60911,1
DB05968,P01375,1
DB00551,P39900,1
DB01159,O14764,1
DB02989,P07477,1
DB03864,P48147,1
DB08896,P42685,1
DB08756,P17612,1
DB02670,P30920,1
DB01107,Q99928,1
DB00836,Q14994,1
DB02923,P17297,1
DB01267,P18825,1
DB14542,P14060,1
DB09227,Q13936,1
DB01819,P35558,1
DB00285,P31645,1
DB03916,P77173,1
DB08868,Q9H228,1
DB05541,Q9Y5Y9,1
DB01261,P27487,1
DB08893,P13945,1
DB09130,P02656,1
DB03672,P06276,1
DB04594,P35914,1
DB01032,Q96RD7,1
DB05475,O00206,1
DB11638,Q8ILF7,1
DB01425,P14416,1
DB00390,P05023,1
DB06741,O60391,1
DB00790,P12821,1
DB12695,P62258,1
DB08897,P20309,1
DB01017,P45984,1
DB01110,Q9H252,1
DB09166,P78334,1
DB03424,P09960,1
DB00564,Q01118,1
DB01064,P08588,1
DB01558,P47869,1
DB01142,P35368,1
DB00748,P35367,1
DB14542,P04083,1
DB11275,P21728,1
DB07375,P01859,1
DB00228,O60840,1
DB01245,Q15822,1
DB00623,P14416,1
DB00157,P51648,1
DB12695,P06576,1
DB00157,P26439,1
DB00214,Q13621,1
DB04127,P0A7Z3,1
DB03461,O60218,1
DB02094,P00811,1
DB12695,P34932,1
DB00463,Q16445,1
DB08295,P23083,1
DB04464,A5HEI4,1
DB04216,Q15393,1
DB03756,P28702,1
DB09061,P37231,1
DB12010,O75716,1
DB00648,P10109,1
DB09079,P07948,1
DB00767,P08172,1
DB08911,P36507,1
DB02985,P81989,1
DB00819,P43166,1
DB04416,P08254,1
DB14028,P14867,1
DB03685,Q96AZ6,1
DB01388,Q08289,1
DB11638,P23528,1
DB00800,P08913,1
DB00502,Q05940,1
DB04612,P98170,1
DB15690,Q92731,1
DB03947,P24300,1
DB00257,O75469,1
DB12010,P00519,1
DB00938,P07550,1
DB01992,P56220,1
DB01825,P28720,1
DB04912,P30519,1
DB00142,P15104,1
DB01112,Q8XJ01,1
DB08411,P01857,1
DB00839,Q09428,1
DB00898,P47869,1
DB07416,P0A333,1
DB04530,P11309,1
DB06809,P61073,1
DB02001,Q86XF0,1
DB00461,P23219,1
DB12010,Q9Y2K2,1
DB00422,P23975,1
DB03708,O43252,1
DB08896,P17948,1
DB00628,P18507,1
DB01437,P47870,1
DB06216,P14416,1
DB02537,P46881,1
DB00252,Q13698,1
DB04068,P15531,1
DB01997,P29475,1
DB00762,P11387,1
DB04272,P38516,1
DB08530,P27487,1
DB04868,P10721,1
DB03628,P12931,1
DB03940,Q27743,1
DB08604,P9WGR1,1
DB01440,Q9HAB3,1
DB01594,P47870,1
DB00794,P78334,1
DB00228,Q9UIX4,1
DB00934,P23975,1
DB04695,O95749,1
DB01022,P38435,1
DB00851,Q14181,1
DB01238,P25021,1
DB01211,Q12809,1
DB00983,P13945,1
DB04456,P08692,1
DB00197,P37231,1
DB12010,O75747,1
DB11273,Q70Z44,1
DB12010,Q15418,1
DB02494,P62913,1
DB08653,P84887,1
DB01256,Q9A1X4,1
DB04799,P08574,1
DB00292,Q16445,1
DB12010,P53355,1
DB01043,O14764,1
DB00222,Q14654,1
DB06148,Q01959,1
DB11093,P04271,1
DB00145,O60391,1
DB01046,P51788,1
DB02477,P30418,1
DB07556,P03956,1
DB01017,P53778,1
DB03136,P00734,1
DB02404,P22303,1
DB03147,Q06319,1
DB13345,Q8WXA8,1
DB06787,P11229,1
DB01349,P50052,1
DB00475,P31644,1
DB01708,Q8TCU5,1
DB11994,P55055,1
DB02883,P0A6I0,1
DB00142,P80404,1
DB03469,P24474,1
DB00571,P28222,1
DB04447,Q9HZZ3,1
DB02659,P09669,1
DB06196,P30411,1
DB12278,P20309,1
DB04867,P32238,1
DB06914,P09601,1
DB00780,P27338,1
DB09229,P08913,1
DB05518,P09467,1
DB12141,Q13639,1
DB00562,P35218,1
DB09079,P09619,1
DB14754,P23975,1
DB07529,P24941,1
DB01627,P0A7J6,1
DB06936,P00734,1
DB03127,P35030,1
DB07972,P9WPN5,1
DB04083,P12995,1
DB06595,P36888,1
DB06889,Q9L5C8,1
DB00726,P21728,1
DB00555,P35498,1
DB01593,Q06830,1
DB05047,P42262,1
DB00549,Q9Y271,1
DB07426,P60472,1
DB12965,Q14872,1
DB00607,Q8DR59,1
DB00270,Q08289,1
DB07614,O60760,1
DB01098,P04035,1
DB02992,O66496,1
DB12334,Q9H4B7,1
DB08185,P80376,1
DB00575,P35368,1
DB01955,Q9NZK7,1
DB08765,P00918,1
DB00131,P54619,1
DB01010,P06276,1
DB07410,O95749,1
DB00421,Q00975,1
DB00651,Q08499,1
DB02888,P62942,1
DB08623,P00811,1
DB00715,P28335,1
DB00842,P47869,1
DB02109,Q9U8D3,1
DB12887,Q15910,1
DB08513,P28482,1
DB01628,P35354,1
DB11327,P35354,1
DB11638,Q7K6A4,1
DB05492,P25100,1
DB02379,Q46079,1
DB14185,P08912,1
DB00555,P41145,1
DB03359,P22303,1
DB15328,Q16602,1
DB01255,Q96RJ0,1
DB01708,P48169,1
DB00273,P35498,1
DB02546,O67135,1
DB01782,P53779,1
DB01752,Q79FX6,1
DB08809,O43708,1
DB09371,P10275,1
DB03417,P07477,1
DB00364,P02675,1
DB08652,P84888,1
DB01045,O75469,1
DB00408,P46098,1
DB00174,P08243,1
DB02010,P49841,1
DB08228,P16083,1
DB09221,P07900,1
DB15489,Q9UN88,1
DB11148,Q08289,1
DB03297,P00782,1
DB00201,Q9NP56,1
DB08758,P0AE18,1
DB02068,P13716,1
DB09283,P09619,1
DB04799,O14957,1
DB14487,Q06033,1
DB07863,P19793,1
DB03824,P11086,1
DB03106,O14735,1
DB04272,P06672,1
DB02315,Q9UL51,1
DB00383,P20309,1
DB03147,P27338,1
DB00382,P22303,1
DB11638,Q8IDP1,1
DB01137,P43700,1
DB09166,Q8N1C3,1
DB00651,P27815,1
DB11638,P13568,1
DB03247,O69755,1
DB09211,P34995,1
DB00618,P30518,1
DB02052,Q15078,1
DB02642,P62594,1
DB12010,P49759,1
DB03024,P00797,1
DB08699,Q13555,1
DB01844,Q9UNI1,1
DB13837,P31644,1
DB00309,Q9H4B7,1
DB01871,Q9UBX1,1
DB08800,P35367,1
DB00734,P35348,1
DB04618,P04746,1
DB12612,Q9H228,1
DB03216,P23526,1
DB04586,P0A884,1
DB00430,C1KC03,1
DB03162,Q27743,1
DB02614,P62593,1
DB08065,O14965,1
DB00540,P08172,1
DB02504,P14555,1
DB04395,Q16877,1
DB01834,P09488,1
DB01110,O60840,1
DB03401,P35241,1
DB08348,Q5EK40,1
DB09202,P18825,1
DB01240,Q9H244,1
DB01238,Q8TCU5,1
DB04637,P22869,1
DB00245,P35367,1
DB03461,P28845,1
DB08036,Q8KI25,1
DB11093,P0DP23,1
DB01545,P78334,1
DB08534,P24941,1
DB07987,P08254,1
DB01213,P00325,1
DB01591,P08912,1
DB12010,Q13163,1
DB00458,P20309,1
DB04563,P07477,1
DB08599,P39900,1
DB02740,P01850,1
DB00242,P23921,1
DB01587,P18505,1
DB03711,Q8WX39,1
DB03161,Q8GIQ0,1
DB15035,P42680,1
DB00675,P04278,1
DB00093,P37288,1
DB03317,P14532,1
DB01987,Q9LCV9,1
DB01604,Q8XJ01,1
DB05913,P17948,1
DB03643,P05981,1
DB00210,O60603,1
DB08231,P09142,1
DB00783,Q14457,1
DB14487,P68104,1
DB02111,Q27743,1
DB03582,P76216,1
DB02951,Q07412,1
DB01553,P31644,1
DB00664,Q27738,1
DB02198,P23219,1
DB05389,Q7L5Y9,1
DB01489,P78334,1
DB00157,O95169,1
DB14533,P02766,1
DB03198,P30920,1
DB00909,Q15858,1
DB11994,P09917,1
DB02726,P14618,1
DB00217,P07550,1
DB01860,P51003,1
DB00543,P28335,1
DB01254,P41240,1
DB02178,P46883,1
DB04216,P16152,1
DB01862,P00722,1
DB07307,Q16539,1
DB01221,P25103,1
DB09221,P05231,1
DB00157,O75489,1
DB01248,P11137,1
DB01107,P47870,1
DB05790,P25103,1
DB04854,P47989,1
DB02632,P07464,1
DB04066,Q9X2W8,1
DB00583,O76082,1
DB01744,P00183,1
DB14006,O14939,1
DB00340,P08173,1
DB04912,P09601,1
DB13869,P03372,1
DB00834,P04150,1
DB02930,P42443,1
DB00210,P17174,1
DB08756,Q13464,1
DB12377,P0AD63,1
DB08275,Q8KNZ7,1
DB08524,Q8DP79,1
DB02645,P36924,1
DB03792,P07998,1
DB03619,P33517,1
DB03608,P19801,1
DB02506,P67775,1
DB09097,P21918,1
DB03583,P24941,1
DB00623,P0DP23,1
DB00647,P23141,1
DB00598,P35368,1
DB00555,Q16445,1
DB00296,Q9Y5Y9,1
DB01251,Q09428,1
DB06713,P10275,1
DB08815,P08908,1
DB03499,Q57265,1
DB00201,P51160,1
DB00202,Q9GZZ6,1
DB07959,O14757,1
DB01942,P39841,1
DB07272,Q9UQF2,1
DB09221,P17948,1
DB00228,Q9Y6H6,1
DB05260,Q9S427,1
DB00421,P62955,1
DB07751,P24941,1
DB12010,P54764,1
DB02841,P62594,1
DB13931,Q13464,1
DB00924,P28223,1
DB00747,P17787,1
DB01790,P10644,1
DB12010,Q13237,1
DB02906,Q93TU6,1
DB07776,O95718,1
DB05087,P14867,1
DB07880,P22629,1
DB01267,P35348,1
DB12130,Q9UM73,1
DB01069,Q9Y6J6,1
DB01069,P18825,1
DB01600,P35354,1
DB01110,Q9UQ05,1
DB00907,Q14524,1
DB00622,P25100,1
DB12010,Q8NEV4,1
DB00397,P21728,1
DB14059,Q8SPQ9,1
DB00303,P02919,1
DB06905,Q13362,1
DB04557,Q96RI1,1
DB07497,P11498,1
DB07301,Q84II6,1
DB13952,P00846,1
DB04304,P22073,1
DB06732,Q16678,1
DB00945,P54646,1
DB00909,Q07699,1
DB00431,P06401,1
DB14481,P27824,1
DB01138,Q92887,1
DB14487,Q96PD5,1
DB04216,P04278,1
DB01511,P48169,1
DB02902,P49888,1
DB01483,P36544,1
DB01102,P07550,1
DB02491,P21802,1
DB11632,P21964,1
DB00114,P35520,1
DB04036,P26440,1
DB00953,P28221,1
DB03191,Q00266,1
DB04297,O67135,1
DB04464,P29377,1
DB00354,P35367,1
DB14487,P60174,1
DB15233,P10721,1
DB07712,Q15596,1
DB06700,Q01959,1
DB01183,P41145,1
DB12695,P68366,1
DB00641,P04035,1
DB03501,Q14376,1
DB00159,Q07869,1
DB03754,P05067,1
DB12010,Q8NG66,1
DB00690,P34903,1
DB09231,O43497,1
DB01195,P35499,1
DB00402,O00591,1
DB00636,Q07869,1
DB08907,P31639,1
DB04533,Q05603,1
DB07626,P00749,1
DB04112,P14555,1
DB04360,P00811,1
DB00472,P61024,1
DB05668,P26358,1
DB06978,Q5G940,1
DB11859,P48169,1
DB06833,P11474,1
DB08883,P42261,1
DB00370,P25100,1
DB03147,Q9KIE5,1
DB01063,P10275,1
DB00571,P13945,1
DB00594,Q16515,1
DB01228,Q14524,1
DB00724,Q9NR97,1
DB00186,P18505,1
DB00312,Q8TCU5,1
DB04632,Q16539,1
DB00540,Q99720,1
DB00272,P25021,1
DB00945,P01106,1
DB03619,Q8TDU6,1
DB00926,P13631,1
DB01511,O00591,1
DB02377,P30793,1
DB00825,O60840,1
DB00128,Q6PI48,1
DB03389,O68541,1
DB12808,P13631,1
DB08901,P12931,1
DB12278,P35348,1
DB01407,P07550,1
DB03435,P39621,1
DB05624,P30968,1
DB03247,P29475,1
DB08332,P01857,1
DB04002,P00918,1
DB07671,P07014,1
DB13940,P28335,1
DB06694,P35368,1
DB08846,P43166,1
DB00321,P35372,1
DB07296,P08373,1
DB14487,P15169,1
DB08558,O25927,1
DB04395,P20083,1
DB04209,Q12791,1
DB02649,Q9ZIV5,1
DB04310,Q8NX78,1
DB00313,P35498,1
DB08627,P0A953,1
DB02256,P0A884,1
DB12695,P31946,1
DB07392,P07173,1
DB08388,P45452,1
DB01718,Q79FX6,1
DB05327,P15121,1
DB00334,P35462,1
DB01403,P21728,1
DB08554,Q8P8J2,1
DB03026,P60174,1
DB05541,P35499,1
DB08265,P0AEK4,1
DB01010,P22303,1
DB07301,Q8GI16,1
DB08629,P25705,1
DB07458,P17612,1
DB01076,Q14994,1
DB06486,P27986,1
DB00381,P00915,1
DB00642,P22102,1
DB04205,P06612,1
DB00157,Q86Y39,1
DB14533,P15531,1
DB02142,P10724,1
DB13952,P37059,1
DB06077,P21728,1
DB07715,P68400,1
DB00813,P35372,1
DB01248,O75469,1
DB07954,P18545,1
DB00213,P20648,1
DB03909,P45066,1
DB00195,P07550,1
DB01593,P01876,1
DB01576,Q05940,1
DB02566,P0C8P8,1
DB01438,P35498,1
DB15690,P03372,1
DB01973,P27693,1
DB00477,P20309,1
DB08536,P24941,1
DB06603,Q8WUI4,1
DB00703,P43166,1
DB11638,Q76NN7,1
DB03874,P33247,1
DB00988,P21918,1
DB01189,P42261,1
DB14487,P78330,1
DB00644,P30968,1
DB11994,P05177,1
DB01520,Q12879,1
DB14487,P04217,1
DB07580,P02743,1
DB00925,P18825,1
DB08426,P00742,1
DB08060,P21549,1
DB11619,P30968,1
DB00575,P35348,1
DB00652,P41145,1
DB03888,P33247,1
DB00334,P46098,1
DB01942,Q9Z4N6,1
DB00690,Q99928,1
DB14011,Q14330,1
DB02900,P11717,1
DB02382,P9WJJ7,1
DB01593,P14780,1
DB03814,P0ACC7,1
DB12010,Q02779,1
DB15489,P18507,1
DB01591,P08172,1
DB07552,P06010,1
DB00184,Q05901,1
DB02228,P00722,1
DB01142,P25100,1
DB00154,P23219,1
DB14185,P21728,1
DB11827,P31639,1
DB04786,P41231,1
DB14185,P20309,1
DB03461,P38038,1
DB01033,Q06203,1
DB11859,Q9UN88,1
DB06751,P27815,1
DB07031,P13631,1
DB11614,P25105,1
DB07720,Q494W8,1
DB08814,Q9Y233,1
DB01110,O95259,1
DB08236,P59998,1
DB14719,P28472,1
DB02991,P29475,1
DB00321,P35367,1
DB12695,P17980,1
DB08669,P0AE18,1
DB01069,P48547,1
DB04742,P39045,1
DB04216,P25705,1
DB03461,P29475,1
DB03846,P9WKE1,1
DB01236,O14764,1
DB07982,P24941,1
DB00852,P23975,1
DB02900,P20645,1
DB07971,P9WPN5,1
DB00543,P21728,1
DB03017,P98155,1
DB00555,Q15878,1
DB01388,Q13936,1
DB00200,P22033,1
DB11831,P09211,1
DB00795,O14920,1
DB02508,A0A0H2UXE9,1
DB11541,P03372,1
DB00415,P0A3M6,1
DB01603,Q8DNB6,1
DB00572,P08912,1
DB00313,Q03181,1
DB00157,P03901,1
DB01956,Q99928,1
DB00674,P22303,1
DB02599,P28720,1
DB08867,P06401,1
DB00142,P48664,1
DB02709,P16050,1
DB02689,P05089,1
DB07235,P17612,1
DB02994,P29474,1
DB00831,P63316,1
DB00872,P30518,1
DB00456,P00811,1
DB03461,Q9X0A2,1
DB07348,Q99418,1
DB08604,P07202,1
DB00253,P04150,1
DB06589,P05230,1
DB08690,P31930,1
DB00929,P34995,1
DB02465,O00519,1
DB00143,P78417,1
DB00546,P14867,1
DB13930,P27361,1
DB08373,P11684,1
DB01708,P18507,1
DB07778,O14957,1
DB04086,O85465,1
DB00657,P43681,1
DB08475,P37957,1
DB08231,P0DP23,1
DB00341,P35367,1
DB07468,Q7Z406,1
DB03685,P25971,1
DB01392,P18089,1
DB14028,P18505,1
DB00481,P03372,1
DB04468,Q92731,1
DB01409,P11229,1
DB05465,P36888,1
DB00647,P41143,1
DB01910,P14385,1
DB03862,O85465,1
DB00128,Q8N142,1
DB00734,P35368,1
DB03435,P31677,1
DB11672,P09211,1
DB08996,P22303,1
DB03485,P02924,1
DB13872,P47870,1
DB00334,P35368,1
DB01043,P48167,1
DB12500,O60674,1
DB00603,Q16445,1
DB08316,P24182,1
DB01583,P10828,1
DB11148,Q9BXT2,1
DB06652,P51681,1
DB00424,P08173,1
DB04007,P9WNX1,1
DB00396,P03372,1
DB06083,P29460,1
DB11328,Q9UNN8,1
DB12695,P61604,1
DB02257,P13376,1
DB00978,P43700,1
DB04946,P21917,1
DB06939,P27487,1
DB12010,Q9BXA7,1
DB08690,P06009,1
DB00607,Q8DNB6,1
DB01593,O15350,1
DB09225,P23975,1
DB07813,Q7MUW6,1
DB00228,Q8WWG9,1
DB01393,Q07869,1
DB00747,P08173,1
DB00346,Q12809,1
DB02053,O66496,1
DB00591,P04083,1
DB03247,P50618,1
DB00114,P23378,1
DB00114,P22557,1
DB00308,Q9Y257,1
DB01497,P35372,1
DB07792,P11217,1
DB02659,P24310,1
DB01250,P01579,1
DB03206,Q08638,1
DB14489,Q9BY41,1
DB01115,Q13936,1
DB02836,P0A7D4,1
DB08015,P53779,1
DB00228,Q8IZS8,1
DB04491,Q9KX40,1
DB01242,P23975,1
DB00306,P34903,1
DB07306,P35228,1
DB00842,Q16445,1
DB12874,P36888,1
DB09232,Q13936,1
DB01365,P35368,1
DB02772,Q9L5C8,1
DB01268,P35968,1
DB09086,P10275,1
DB07618,P24941,1
DB01110,Q01668,1
DB01119,Q14654,1
DB04083,P11926,1
DB09205,P18089,1
DB01427,Q08499,1
DB11186,Q01118,1
DB00570,P07437,1
DB00189,Q16445,1
DB14500,P05023,1
DB05659,P0A3M5,1
DB12010,Q07912,1
DB11071,P35354,1
DB11638,P86287,1
DB00871,P08588,1
DB03685,P62312,1
DB12010,P45984,1
DB15035,Q06187,1
DB02059,P00438,1
DB08827,P55157,1
DB07028,P15121,1
DB03876,P00749,1
DB00540,P18089,1
DB06530,Q9NR97,1
DB00755,P00352,1
DB08487,P00742,1
DB04463,P16152,1
DB04099,Q96T66,1
DB04165,Q9ZAG3,1
DB01163,Q75Y35,1
DB02552,Q4R2T2,1
DB12010,O15530,1
DB07647,O14757,1
DB04522,P51584,1
DB03904,P35222,1
DB00945,P29466,1
DB14517,P06870,1
DB08438,Q54873,1
DB11638,Q5SSJ5,1
DB02434,P95468,1
DB04499,Q93D82,1
DB01239,Q8WXA8,1
DB11273,Q13639,1
DB08403,P22894,1
DB09085,Q99250,1
DB09345,Q9UI33,1
DB00349,P14867,1
DB00583,P05164,1
DB04418,Q8N142,1
DB09130,P00739,1
DB00753,P42261,1
DB03800,P9WNS5,1
DB03129,P35030,1
DB07565,P24093,1
DB01598,P72355,1
DB01136,P18825,1
DB03147,P39662,1
DB03229,P17584,1
DB03448,P07998,1
DB12668,P35372,1
DB07119,Q92731,1
DB00774,Q12791,1
DB07659,P00734,1
DB03078,P12931,1
DB01646,Q44244,1
DB00332,P11229,1
DB03033,P45452,1
DB07424,A9JQL9,1
DB07669,P17413,1
DB00814,P23219,1
DB01437,O00591,1
DB04678,P16442,1
DB03280,P0A721,1
DB01497,P01189,1
DB00143,P10620,1
DB02186,Q59288,1
DB03461,P44801,1
DB03247,P41407,1
DB07135,P27487,1
DB02379,Q6L8H2,1
DB06695,P00734,1
DB01110,Q13303,1
DB11638,P60174,1
DB00306,P28472,1
DB00162,Q6NUM9,1
DB00289,Q05586,1
DB08643,P08254,1
DB00849,Q13002,1
DB05956,P19793,1
DB01221,Q693P7,1
DB00679,P35368,1
DB08558,P9WQN9,1
DB00182,P08588,1
DB01069,P35499,1
DB08506,P04825,1
DB01689,P15121,1
DB00143,Q6NSD4,1
DB13837,P78334,1
DB00934,P08912,1
DB02379,Q6UWM7,1
DB03801,Q45515,1
DB01488,P50406,1
DB08690,P06010,1
DB11582,P18505,1
DB04464,P26790,1
DB00273,Q9NY46,1
DB09270,P56181,1
DB00157,P00374,1
DB01069,P11229,1
DB15035,P51451,1
DB05767,P01584,1
DB06268,P25101,1
DB00157,O95299,1
DB04447,Q9UJ68,1
DB09236,O60840,1
DB07810,Q9AIU0,1
DB12010,P09917,1
DB08229,P42574,1
DB11979,P30968,1
DB00530,P00533,1
DB04493,P00512,1
DB00474,P14867,1
DB14481,Q86UW7,1
DB00167,Q9NSE4,1
DB03017,O00206,1
DB04315,Q9X1F8,1
DB07248,Q05397,1
DB04534,P29474,1
DB02494,Q9UHA3,1
DB00628,P48169,1
DB00579,Q01959,1
DB09061,P34972,1
DB00420,P35348,1
DB12141,O95264,1
DB02343,Q8Y7N7,1
DB00171,P00519,1
DB04796,P11473,1
DB01023,P02585,1
DB12010,P33981,1
DB01826,P00147,1
DB06670,P43235,1
DB14512,P04150,1
DB01593,P07358,1
DB00661,Q14654,1
DB11638,Q8IJ60,1
DB00334,P50406,1
DB00715,P50406,1
DB01593,P07237,1
DB02450,Q79MP6,1
DB00241,Q13002,1
DB07903,P53582,1
DB02887,P15531,1
DB00843,P19838,1
DB00134,Q93088,1
DB09345,Q01118,1
DB01511,O14764,1
DB01559,P18507,1
DB13751,P01375,1
DB05501,P51681,1
DB14487,P13645,1
DB01592,Q969S2,1
DB00514,Q8TCU5,1
DB03915,P0AB77,1
DB03959,Q9Y663,1
DB08292,P08238,1
DB02139,P33247,1
DB07528,P35968,1
DB00243,P48050,1
DB04395,Q83LD8,1
DB09014,P35462,1
DB00292,P47869,1
DB00157,P03897,1
DB01427,Q08493,1
DB00945,P35354,1
DB00383,P11229,1
DB01489,Q99928,1
DB00398,P35916,1
DB04258,P11473,1
DB03109,P07254,1
DB12010,Q9Y6E0,1
DB04276,A0A0H3JWX6,1
DB01595,Q16445,1
DB11577,P18089,1
DB02210,P04150,1
DB09167,P08912,1
DB01956,O75311,1
DB03156,Q59288,1
DB02469,P30920,1
DB08235,O15511,1
DB01791,Q07343,1
DB00848,Q23022,1
DB08588,P27487,1
DB03504,P07900,1
DB01191,P31645,1
DB00142,Q16478,1
DB05959,P40763,1
DB02614,P62594,1
DB03255,P02768,1
DB13956,Q92731,1
DB02214,O66529,1
DB07029,P35228,1
DB00363,P11229,1
DB14533,P01031,1
DB07009,Q92731,1
DB08689,Q99643,1
DB02696,P15291,1
DB00776,Q01118,1
DB06741,Q13224,1
DB01415,P0AD65,1
DB02709,O75469,1
DB11582,P78334,1
DB03968,P00797,1
DB00363,P35367,1
DB12010,P04049,1
DB02983,Q92731,1
DB02509,Q96RI1,1
DB11195,P15587,1
DB00393,P08235,1
DB02451,Q5SJ79,1
DB00308,Q06432,1
DB00846,P04150,1
DB02973,P24941,1
DB08499,P42574,1
DB06420,P11388,1
DB02261,P25105,1
DB03685,Q5KUI3,1
DB02761,Q9ZHG9,1
DB00237,P30532,1
DB03010,Q9BQE3,1
DB03556,P16152,1
DB03722,P09874,1
DB00274,P0AEB2,1
DB08234,P00374,1
DB13954,Q92731,1
DB00540,P20309,1
DB00988,Q05940,1
DB04879,P35968,1
DB04522,P11217,1
DB01189,O75185,1
DB01545,Q9UN88,1
DB00683,P28472,1
DB04147,P17315,1
DB00731,P37231,1
DB09215,P35354,1
DB04272,Q9X1F0,1
DB00715,P31645,1
DB04198,P0ABP8,1
DB07589,P25774,1
DB01169,P31749,1
DB01942,P0A733,1
DB02625,Q8I372,1
DB01235,P14416,1
DB00114,Q96GA7,1
DB09345,Q9UQD0,1
DB00191,P31645,1
DB03940,P09373,1
DB11653,P33032,1
DB13952,Q14457,1
DB13954,Q14457,1
DB00422,Q01959,1
DB00412,P48443,1
DB08007,Q9UNI1,1
DB09345,Q9Y5Y9,1
DB14715,Q16445,1
DB03223,P13639,1
DB13437,Q8N1C3,1
DB01569,P80365,1
DB00675,Q05513,1
DB01822,P12256,1
DB07224,P07858,1
DB02121,P27017,1
DB03317,P54820,1
DB02559,P16184,1
DB12010,O14920,1
DB01593,P68871,1
DB02054,P04181,1
DB14529,P00167,1
DB13951,P03372,1
DB09086,Q92731,1
DB00421,P05093,1
DB13956,P62508,1
DB09130,Q0VD83,1
DB00909,P00918,1
DB00252,O00591,1
DB01212,P46059,1
DB12695,P54578,1
DB00898,P48051,1
DB04465,P26514,1
DB00898,P48549,1
DB00408,P31645,1
DB12865,P41180,1
DB01593,P02647,1
DB00241,P42262,1
DB04735,P0A444,1
DB14033,P0AC13,1
DB12141,A5X5Y0,1
DB14533,Q13547,1
DB00763,P07202,1
DB05676,Q86V67,1
DB04548,Q46079,1
DB03283,P22303,1
DB08839,O95264,1
DB00924,Q06278,1
DB04208,P95468,1
DB01159,P34903,1
DB04083,P21549,1
DB03317,Q9RQB9,1
DB02379,P02144,1
DB07664,Q9H2G2,1
DB01586,Q96RI1,1
DB03190,P59676,1
DB07461,P00734,1
DB01043,O00591,1
DB04216,O75469,1
DB08082,P27338,1
DB00953,P30939,1
DB03317,P81040,1
DB01104,Q99720,1
DB00481,Q92731,1
DB07908,P07737,1
DB02049,P45452,1
DB07429,Q820T1,1
DB08891,O75899,1
DB09330,P00533,1
DB01050,P07359,1
DB01873,Q9BQE3,1
DB01047,Q99835,1
DB03313,Q8DNB6,1
DB03251,P07477,1
DB08689,P06010,1
DB09112,P02144,1
DB09211,P43115,1
DB03228,P38489,1
DB07368,P07477,1
DB03721,P01556,1
DB04530,P39805,1
DB01079,P28223,1
DB09069,P09110,1
DB01110,Q9NR82,1
DB02452,Q08698,1
DB00583,P23786,1
DB08787,P07900,1
DB03740,P12821,1
DB00321,Q9H252,1
DB08619,P0A3R9,1
DB13437,P78334,1
DB08742,P11473,1
DB09079,P06239,1
DB01238,P08173,1
DB06077,Q13224,1
DB06246,O60218,1
DB00502,P50406,1
DB13025,Q70Z44,1
DB09202,P25100,1
DB03205,Q46444,1
DB00656,P08909,1
DB05297,P10415,1
DB03267,P35558,1
DB00114,Q9NUV7,1
DB03247,P30197,1
DB08660,P68400,1
DB06951,Q9UNI1,1
DB00228,P56696,1
DB01236,P78334,1
DB00250,P0C0X2,1
DB01956,O00591,1
DB08896,Q02763,1
DB00999,P55017,1
DB00142,P08243,1
DB04530,Q01064,1
DB04454,P50440,1
DB01992,P10802,1
DB11273,P08908,1
DB00246,P21728,1
DB02831,Q7Z4W1,1
DB12010,P53350,1
DB03999,P25275,1
DB02726,P0A733,1
DB00174,Q969I6,1
DB07831,P00519,1
DB01327,P76577,1
DB04682,P02585,1
DB00231,Q8N1C3,1
DB04557,P19793,1
DB00067,P47901,1
DB04522,P25924,1
DB07495,P07900,1
DB09130,P02747,1
DB04185,P00480,1
DB00568,P08173,1
DB08437,P62917,1
DB13872,P28472,1
DB08587,P51584,1
DB09324,P00807,1
DB07724,Q07869,1
DB09147,P02792,1
DB03886,Q03393,1
DB06211,P02919,1
DB00418,P34903,1
DB14487,P07357,1
DB01092,P05023,1
DB02679,P43235,1
DB00918,P28221,1
DB00273,Q15858,1
DB01142,P25021,1
DB00229,Q8XJ01,1
DB02126,P69905,1
DB03570,P00282,1
DB06144,P35348,1
DB00569,P01008,1
DB01032,Q4U2R8,1
DB14840,P09619,1
DB00875,P14416,1
DB00203,O76074,1
DB02367,P08254,1
DB08059,P42336,1
DB02278,P43777,1
DB07898,P84147,1
DB00143,O60760,1
DB04235,P80404,1
DB01295,P07550,1
DB01942,P00918,1
DB04846,P08913,1
DB11638,Q8II73,1
DB06070,P07900,1
DB06982,P63208,1
DB12010,Q9UK32,1
DB08550,P11086,1
DB06229,P18089,1
DB00713,Q8XJ01,1
DB05737,P14555,1
DB03147,P37063,1
DB06077,P31645,1
DB03148,O33199,1
DB14487,P69905,1
DB03814,Q84FH6,1
DB01593,P15531,1
DB12147,P16234,1
DB07817,Q4L5E3,1
DB00591,P04150,1
DB00708,P35372,1
DB00371,P18507,1
DB00825,P54284,1
DB04464,P00403,1
DB07943,Q16539,1
DB01079,P28335,1
DB00334,P21918,1
DB08266,Q5SHR6,1
DB03151,Q51705,1
DB00252,P78334,1
DB07949,P11217,1
DB03310,O75715,1
DB08642,P00374,1
DB02081,P07477,1
DB01890,Q07869,1
DB11823,Q12879,1
DB11064,P03372,1
DB00948,Q8XJ01,1
DB08742,Q15788,1
DB02915,P24941,1
DB06881,Q5L1E2,1
DB02725,P12995,1
DB03488,P31677,1
DB00237,P42262,1
DB00201,P0DMS8,1
DB06153,P11229,1
DB02596,P9WIL5,1
DB11201,P35354,1
DB04142,P18031,1
DB01624,P35348,1
DB07476,P00918,1
DB04411,Q56148,1
DB00398,P04049,1
DB13872,O00591,1
DB00589,P28221,1
DB08435,P37231,1
DB07425,P10828,1
DB06948,P20248,1
DB07844,P00742,1
DB03419,P77836,1
DB12307,P14210,1
DB00421,P18405,1
DB01392,Q14500,1
DB01594,Q8N1C3,1
DB04447,P21340,1
DB01930,P9WIL5,1
DB00518,F1L7U3,1
DB14635,P09211,1
DB01141,A2QLK4,1
DB09389,P18405,1
DB00439,P04035,1
DB05553,Q9H244,1
DB00248,P08908,1
DB11641,P07437,1
DB01189,P47870,1
DB00934,P28335,1
DB01110,Q9H3M0,1
DB00182,P18825,1
DB07995,P61925,1
DB00157,P51659,1
DB03967,P37001,1
DB06229,P28223,1
DB08848,P48066,1
DB06233,P42345,1
DB01331,Q75Y35,1
DB01392,Q99712,1
DB06678,P28223,1
DB00117,P19113,1
DB14028,P18507,1
DB08071,P9WQ77,1
DB12010,Q13131,1
DB11477,P18825,1
DB00640,P29274,1
DB01185,P10275,1
DB14010,P08908,1
DB00514,Q99720,1
DB03366,P40859,1
DB06749,Q9NPD5,1
DB03534,P0AEK4,1
DB14487,P05109,1
DB06802,P35354,1
DB00182,P35368,1
DB14672,P47870,1
DB01593,P07357,1
DB14487,O14618,1
DB09060,P05364,1
DB00801,P14867,1
DB07120,P00734,1
DB07375,P01834,1
DB01224,P35462,1
DB11755,Q9Y2T6,1
DB09123,P06401,1
DB03385,P35218,1
DB13985,P30872,1
DB01812,P0A2W7,1
DB00248,P34969,1
DB03147,P24232,1
DB01593,P05156,1
DB00818,P14867,1
DB02115,P05091,1
DB06217,Q12809,1
DB14487,Q8N907,1
DB02379,P06971,1
DB01142,P35367,1
DB00304,P06401,1
DB03893,P04406,1
DB14050,O75762,1
DB01442,P27338,1
DB00425,P14867,1
DB03466,P13631,1
DB03068,P0ABF6,1
DB01403,P14416,1
DB01373,P06702,1
DB07335,P12931,1
DB08473,P68400,1
DB00226,P23975,1
DB00852,P18848,1
DB00157,P00338,1
DB01735,Q00740,1
DB07918,P0A8Q3,1
DB09089,P08173,1
DB12537,O14764,1
DB08915,P37231,1
DB14715,P34903,1
DB01535,P41143,1
DB00245,P11229,1
DB00142,P00505,1
DB00184,P43681,1
DB00690,P78334,1
DB00091,P62937,1
DB07449,Q9UM07,1
DB04214,P24666,1
DB02078,P30405,1
DB03530,P18357,1
DB07773,P0A2K1,1
DB03814,Q9FCA6,1
DB14533,P35858,1
DB11584,P21728,1
DB05266,Q08499,1
DB13345,P21728,1
DB04315,P36405,1
DB08659,P00918,1
DB09203,P35348,1
DB04832,P31645,1
DB03401,Q01082,1
DB00780,Q16853,1
DB04652,Q15788,1
DB14132,P29274,1
DB14487,P02743,1
DB01041,P35354,1
DB14533,P09874,1
DB02709,P54577,1
DB03316,P10600,1
DB03231,P56740,1
DB00182,Q96RJ0,1
DB00677,P22303,1
DB06148,P28223,1
DB07068,P23467,1
DB05428,P31350,1
DB13146,Q8TCU5,1
DB00293,P04818,1
DB00543,P28223,1
DB02281,Q13126,1
DB02239,P13716,1
DB08846,P05771,1
DB00157,P15428,1
DB02607,P15531,1
DB01068,P31644,1
DB09089,O95180,1
DB03664,P30085,1
DB00228,Q8N1C3,1
DB12010,Q08345,1
DB06515,Q8NER1,1
DB04135,P25524,1
DB01388,Q02641,1
DB11638,Q27743,1
DB02426,P12235,1
DB04683,Q13285,1
DB06262,P13945,1
DB13165,Q13464,1
DB00157,P16219,1
DB08306,P00811,1
DB09304,P28222,1
DB02641,Q9ZAG3,1
DB06587,O43193,1
DB03061,P00326,1
DB01238,P28221,1
DB09223,P14416,1
DB00907,Q8IWT1,1
DB07815,Q6P093,1
DB03241,P0DJ06,1
DB11753,P0A8V2,1
DB01624,P21728,1
DB01088,Q08499,1
DB02895,P00390,1
DB00171,P42684,1
DB08312,P24941,1
DB04846,P18825,1
DB14783,Q9GZZ6,1
DB07000,P15056,1
DB03226,P00326,1
DB04855,P48050,1
DB09462,Q03181,1
DB07483,P54997,1
DB08303,P42262,1
DB09231,O95180,1
DB07716,P01834,1
DB07096,P09874,1
DB02379,P11217,1
DB14487,P02765,1
DB03382,O67040,1
DB08804,P10275,1
DB02022,P25052,1
DB11858,Q9NS75,1
DB08877,P23458,1
DB01119,P00918,1
DB07356,P27487,1
DB01588,Q99928,1
DB09017,O00591,1
DB01747,P07822,1
DB07374,P62917,1
DB07780,P9WFF5,1
DB02264,P14210,1
DB09148,P05067,1
DB07043,Q837V6,1
DB04719,P68400,1
DB01169,P05412,1
DB02119,P56740,1
DB12061,P35462,1
DB00590,Q9NS40,1
DB01589,Q9UN88,1
DB01224,P21728,1
DB01403,P21918,1
DB01108,P14060,1
DB14539,P04083,1
DB11967,P36507,1
DB04408,P0A3S0,1
DB06153,P35367,1
DB08128,P11086,1
DB08364,Q9KM65,1
DB08258,P34913,1
DB01744,Q8NET8,1
DB11638,Q8IB72,1
DB06486,P31749,1
DB01997,P35228,1
DB04606,P08709,1
DB00114,Q6YP21,1
DB00768,P80511,1
DB02779,Q06124,1
DB02482,P50613,1
DB02076,P06744,1
DB00898,Q9Y698,1
DB04555,Q8RQP5,1
DB01069,Q96PR1,1
DB06199,P25101,1
DB01215,P14867,1
DB04851,Q2M3G0,1
DB08235,O15144,1
DB07403,Q15118,1
DB01123,Q58L87,1
DB09130,P02652,1
DB07635,P10614,1
DB02095,P27338,1
DB03812,P9WHE9,1
DB12141,P08908,1
DB01110,P51787,1
DB01021,P05023,1
DB12010,Q9NSY1,1
DB12161,Q05940,1
DB04169,P28720,1
DB01766,P00734,1
DB00706,P35368,1
DB00333,Q8TCU5,1
DB00145,Q9P0Z9,1
DB00795,P35354,1
DB01107,P14867,1
DB01036,P08172,1
DB07883,P01857,1
DB00328,P35354,1
DB00578,P0AEB2,1
DB01593,P27169,1
DB00843,P29475,1
DB07267,P36897,1
DB11638,Q9C0B1,1
DB08392,O14757,1
DB02232,P47228,1
DB00132,O60427,1
DB00157,P30837,1
DB00170,P00734,1
DB08708,P11309,1
DB03581,P17169,1
DB00842,P18507,1
DB08774,O14757,1
DB07137,P20248,1
DB00189,P48169,1
DB07264,P28482,1
DB04951,P09958,1
DB01133,Q9UI12,1
DB02659,Q7KZA3,1
DB00201,Q14432,1
DB00247,P28335,1
DB01110,Q9UNX9,1
DB01942,P09601,1
DB01331,P24228,1
DB01215,P47870,1
DB02320,P11217,1
DB08287,P43235,1
DB09075,P00742,1
DB00149,P54687,1
DB04464,P06009,1
DB08125,P24941,1
DB04252,P05020,1
DB03397,Q16222,1
DB00640,P0DMS8,1
DB01420,P10275,1
DB04395,P0AES6,1
DB03147,P10902,1
DB01041,P19652,1
DB00622,P35348,1
DB01541,P10275,1
DB07340,Q9NQS7,1
DB00151,P48637,1
DB00421,Q8WXS5,1
DB02366,P07477,1
DB13615,O00206,1
DB02379,P36924,1
DB00139,P51649,1
DB01915,P07097,1
DB03800,Q9WYT0,1
DB08231,P62330,1
DB02063,P07477,1
DB12825,P61182,1
DB01076,Q92769,1
DB00907,Q15858,1
DB00834,P06401,1
DB00228,P15382,1
DB04216,Q9Y230,1
DB09166,P31644,1
DB14034,P37231,1
DB00425,P34903,1
DB02961,P32170,1
DB09091,Q92769,1
DB02910,P42126,1
DB08690,P22695,1
DB03702,Q9UNI1,1
DB01236,Q16445,1
DB01229,O75469,1
DB09481,O15399,1
DB02042,P96622,1
DB05316,P14416,1
DB07508,P00734,1
DB00161,P54687,1
DB14487,P01876,1
DB01110,Q9UGI6,1
DB01242,P28335,1
DB00502,P18825,1
DB02379,Q8GJ44,1
DB00517,P08172,1
DB00277,Q8TCT9,1
DB06912,P61626,1
DB04257,P14779,1
DB00171,P33121,1
DB01483,Q13002,1
DB14490,P00450,1
DB01267,P08908,1
DB06663,P32745,1
DB01409,P20309,1
DB03531,P14920,1
DB04764,P20231,1
DB00186,Q9UN88,1
DB04480,P36897,1
DB00659,O14764,1
DB02546,Q9BY41,1
DB12010,Q9Y463,1
DB13837,P28472,1
DB01955,Q9UKM7,1
DB01110,Q96L42,1
DB04216,O94768,1
DB00809,P11229,1
DB02548,P06744,1
DB01069,Q9UQ05,1
DB00562,P43166,1
DB06894,O00519,1
DB01037,P21397,1
DB11817,Q14289,1
DB07430,P49137,1
DB13146,P48058,1
DB01412,P29274,1
DB11582,Q8N1C3,1
DB03997,P06986,1
DB00608,P09210,1
DB00237,Q13003,1
DB14481,P27797,1
DB11986,O60674,1
DB01110,Q14721,1
DB00126,P24300,1
DB00651,Q08493,1
DB00508,P08172,1
DB00174,Q96I59,1
DB01647,Q07343,1
DB02749,P05042,1
DB12010,Q8IY84,1
DB02432,P12931,1
DB14719,P47869,1
DB00590,P25100,1
DB01021,P00918,1
DB02252,P37698,1
DB00666,Q96P88,1
DB01215,P78334,1
DB00217,P18825,1
DB11901,P31644,1
DB00628,P31644,1
DB06997,P08581,1
DB07171,P42892,1
DB02452,P26393,1
DB00436,P22748,1
DB02027,P29475,1
DB09285,P35354,1
DB00200,P20061,1
DB09194,P35348,1
DB09225,P21728,1
DB06195,P49674,1
DB00252,Q12809,1
DB02955,P34972,1
DB02301,P15925,1
DB02104,P00374,1
DB00851,P52209,1
DB03367,P39900,1
DB14011,P00441,1
DB01511,Q99928,1
DB08420,P07477,1
DB01437,P78334,1
DB00451,P05106,1
DB00363,P28335,1
DB00721,Q9H2S1,1
DB02120,P05618,1
DB07107,P61925,1
DB04288,P24941,1
DB00284,P10253,1
DB03059,Q06319,1
DB06716,P47870,1
DB03643,P07477,1
DB08641,Q9UNI1,1
DB00720,P12235,1
DB05351,P20648,1
DB00714,P18089,1
DB00231,Q99928,1
DB01142,P50406,1
DB14487,P06702,1
DB06971,P22894,1
DB11348,P0DP25,1
DB00128,Q9UJS0,1
DB00890,P03372,1
DB01589,Q8N1C3,1
DB01942,Q99418,1
DB02460,P21638,1
DB00463,P47870,1
DB01239,P50406,1
DB00862,O76074,1
DB07001,P29474,1
DB03766,P96965,1
DB05015,Q13547,1
DB00307,P28702,1
DB11136,P00167,1
DB00721,O15554,1
DB03296,Q26966,1
DB15035,P04626,1
DB01182,P07550,1
DB07086,P03372,1
DB01991,O67648,1
DB00786,P45452,1
DB00909,Q16790,1
DB01126,P18405,1
DB06772,P68366,1
DB09017,P47870,1
DB07268,P45983,1
DB06726,P07550,1
DB01972,P00497,1
DB03317,P11712,1
DB03593,Q96C86,1
DB12742,P08581,1
DB04279,P08200,1
DB09076,P11229,1
DB04141,P07919,1
DB04747,Q6A8X5,1
DB01202,Q7L0J3,1
DB11619,P03372,1
DB08916,P00533,1
DB12965,P00450,1
DB09460,Q16790,1
DB14509,P42263,1
DB08652,P84887,1
DB01645,Q15596,1
DB11859,Q8N1C3,1
DB01593,P01024,1
DB14011,P05177,1
DB09047,P43702,1
DB00157,P14061,1
DB00904,P35372,1
DB03918,P29474,1
DB02379,Q07982,1
DB00771,P11229,1
DB01692,P04183,1
DB04315,Q54089,1
DB00898,Q70Z44,1
DB00273,P00918,1
DB07816,P01857,1
DB00243,Q08289,1
DB00637,O95259,1
DB00852,Q9Y2D1,1
DB02948,P45568,1
DB04164,P29957,1
DB01703,P00183,1
DB00578,P0AD68,1
DB01122,P22303,1
DB01356,P49841,1
DB02544,P33247,1
DB01069,P14416,1
DB04296,P0AG16,1
DB03862,Q08638,1
DB01411,P01375,1
DB11186,Q99720,1
DB03907,P21964,1
DB01403,P11229,1
DB13983,P31644,1
DB03496,P11802,1
DB02588,P00811,1
DB03652,Q9KWT6,1
DB08889,P20618,1
DB14487,P01871,1
DB02731,Q9X180,1
DB11195,P12851,1
DB08361,P43405,1
DB04468,P11474,1
DB02987,P00973,1
DB07123,P9WGR1,1
DB01558,O14764,1
DB00204,Q14500,1
DB09089,O43497,1
DB09130,P37840,1
DB02010,P48736,1
DB03467,P03372,1
DB01442,P31645,1
DB04716,P52333,1
DB06678,P28335,1
DB01645,P11474,1
DB00241,Q99928,1
DB12010,P57059,1
DB07732,P00929,1
DB01708,Q16445,1
DB00507,P94692,1
DB02910,P30084,1
DB00768,P35367,1
DB00801,Q99928,1
DB14001,O75912,1
DB07771,P49356,1
DB02770,Q05603,1
DB04272,Q9HB21,1
DB02604,P11217,1
DB04799,P22695,1
DB00690,P31644,1
DB08515,P25789,1
DB02379,P0AC38,1
DB01301,P0A7X3,1
DB00818,P28472,1
DB04640,Q8P9V9,1
DB01019,P08172,1
DB04588,P07900,1
DB01779,Q07412,1
DB04496,P9WKD7,1
DB00831,P26447,1
DB14533,P01024,1
DB00753,O00591,1
DB11093,P22676,1
DB00794,P28472,1
DB06855,P00749,1
DB09130,Q15428,1
DB11638,Q8III5,1
DB00842,Q99928,1
DB01912,Q46730,1
DB01238,P50406,1
DB13874,P48735,1
DB01044,P0A4L9,1
DB13025,P35348,1
DB01942,Q9X278,1
DB00277,Q99829,1
DB03966,P0AES6,1
DB02452,O00142,1
DB08059,P48736,1
DB12733,P41594,1
DB00543,P23975,1
DB07784,P01834,1
DB04175,P09467,1
DB03382,P0A793,1
DB12010,P36896,1
DB01325,P00918,1
DB03588,P07858,1
DB12010,Q8IVH8,1
DB12532,P01350,1
DB00477,P02763,1
DB09130,P60842,1
DB12010,O15075,1
DB00316,Q8NER1,1
DB00715,P08173,1
DB11148,O60840,1
DB00114,O95470,1
DB11674,P04278,1
DB14185,P18825,1
DB12010,Q9UEW8,1
DB07257,P30291,1
DB03220,P00813,1
DB01632,Q9NWZ5,1
DB00694,P11388,1
DB03366,P09960,1
DB04147,P23528,1
DB01662,P17538,1
DB04829,P50406,1
DB00628,Q8N1C3,1
DB04141,O14949,1
DB01593,P69905,1
DB00753,P31644,1
DB07707,P03372,1
DB09130,P01619,1
DB08295,P04211,1
DB00603,P48169,1
DB00114,P19113,1
DB05389,Q86VB7,1
DB00589,P41595,1
DB11638,P17844,1
DB14672,Q16445,1
DB03315,P41007,1
DB06738,O60391,1
DB08333,P14174,1
DB00710,P14324,1
DB01392,P08913,1
DB04920,Q13936,1
DB01238,P08912,1
DB11638,Q00080,1
DB04316,P15085,1
DB04551,P30613,1
DB05476,Q03405,1
DB05855,P17787,1
DB11148,Q9UBN1,1
DB06937,Q92731,1
DB07025,O14757,1
DB00540,P14416,1
DB02563,P30084,1
DB09119,Q99571,1
DB03021,P68133,1
DB00543,P31644,1
DB02761,Q5SJI0,1
DB00683,Q9UN88,1
DB13269,Q99250,1
DB01186,P35348,1
DB03977,P99999,1
DB00806,P29274,1
DB11638,P49419,1
DB00255,P62508,1
DB08432,P00582,1
DB03121,P14555,1
DB01812,Q06520,1
DB07664,P42684,1
DB04244,P43235,1
DB14185,P14416,1
DB00854,P41143,1
DB00769,P04150,1
DB13994,P47869,1
DB00739,Q75Y35,1
DB00143,P30711,1
DB00266,P15559,1
DB03247,Q9RYU4,1
DB07039,P10275,1
DB11348,P62166,1
DB12010,Q86YV6,1
DB07549,P00734,1
DB09047,P11388,1
DB09013,P08588,1
DB02015,P0ABQ4,1
DB03528,P0ABP8,1
DB04908,P08908,1
DB01899,P08877,1
DB11640,Q09470,1
DB09088,Q01118,1
DB13345,A5X5Y0,1
DB00463,P78334,1
DB08838,Q9Y2I1,1
DB03382,O53240,1
DB04147,P98002,1
DB13873,Q03181,1
DB08081,P55408,1
DB00131,Q13131,1
DB02936,P14555,1
DB00945,Q04828,1
DB12537,Q9UN88,1
DB12010,O14757,1
DB03015,P00813,1
DB07989,P00800,1
DB01359,P07550,1
DB03740,P04062,1
DB06288,P35462,1
DB11638,P20810,1
DB11273,P28335,1
DB08149,P17612,1
DB02496,P0A794,1
DB01118,O00305,1
DB09088,Q9Y5Y9,1
DB01942,Q81C15,1
DB07439,P12758,1
DB01677,P0C278,1
DB00228,O15399,1
DB00844,P41145,1
DB00284,O43451,1
DB06787,P08173,1
DB04113,P00326,1
DB00243,Q9NY72,1
DB01558,Q8N1C3,1
DB00129,Q9BXI2,1
DB01426,Q14524,1
DB03289,P08692,1
DB07859,P61925,1
DB00755,P49788,1
DB01092,P50993,1
DB00333,Q12879,1
DB03796,P09466,1
DB09238,O43497,1
DB07437,P12758,1
DB08235,P61160,1
DB06968,P00282,1
DB01442,P21397,1
DB00228,P48169,1
DB02317,P71447,1
DB01752,P05102,1
DB11186,Q9UQD0,1
DB01174,Q05586,1
DB09071,P48039,1
DB01961,P07998,1
DB05154,A0A045KKX4,1
DB08109,P05364,1
DB09202,P08913,1
DB01483,Q16445,1
DB12305,P23975,1
DB05294,Q02763,1
DB07573,P56817,1
DB00166,Q9Y234,1
DB01442,P28223,1
DB00143,P28161,1
DB14914,P10636,1
DB09257,Q12882,1
DB04209,P31224,1
DB08500,P11217,1
DB00805,P31645,1
DB00157,P13995,1
DB01352,P47869,1
DB06216,P47898,1
DB14185,P28221,1
DB09237,Q13936,1
DB08197,P07900,1
DB00289,Q8TCU5,1
DB03461,O75874,1
DB00387,P08173,1
DB03821,P15289,1
DB07080,Q15788,1
DB00883,P16066,1
DB14028,P47869,1
DB07394,P25705,1
DB01069,P22001,1
DB09049,P35372,1
DB01842,P07998,1
DB02383,P14550,1
DB04395,P23919,1
DB00408,P11229,1
DB02383,O60218,1
DB00463,Q99928,1
DB00182,Q05940,1
DB07041,P43813,1
DB02151,P0AE18,1
DB04348,Q96RI1,1
DB13953,P03372,1
DB06603,Q969S8,1
DB11638,P46781,1
DB00157,P09601,1
DB00653,O00555,1
DB00289,O60391,1
DB01915,P00282,1
DB00849,P31644,1
DB01159,P23415,1
DB00252,Q07699,1
DB00157,O95298,1
DB09079,P17948,1
DB02959,Q9RVD6,1
DB07952,P00929,1
DB01295,P35348,1
DB02621,P68133,1
DB00396,P41145,1
DB02280,P20906,1
DB08110,P05364,1
DB04465,Q7Z4J2,1
DB00776,Q8IWT1,1
DB01620,P35367,1
DB00292,Q8N1C3,1
DB02339,P33247,1
DB03512,P07998,1
DB07592,P43235,1
DB01043,Q8TCU5,1
DB02515,P05062,1
DB04315,P13551,1
DB01559,P48169,1
DB11093,P0DP25,1
DB09289,P42261,1
DB09050,P0AD65,1
DB00852,P18847,1
DB00683,P18507,1
DB03349,P49773,1
DB03127,P07477,1
DB01752,P07801,1
DB00726,P08172,1
DB05416,Q03181,1
DB00953,P28222,1
DB06218,Q15858,1
DB00327,P41145,1
DB00189,Q9UN88,1
DB06802,P23219,1
DB12010,O14965,1
DB00914,Q15842,1
DB02552,P9WFF5,1
DB01094,P04278,1
DB01595,O14764,1
DB03227,Q10588,1
DB14070,P08183,1
DB04147,P27338,1
DB08453,P83792,1
DB01245,P17787,1
DB02798,P14193,1
DB01545,P31644,1
DB00603,Q99928,1
DB08903,P9WPS1,1
DB06777,O75469,1
DB00159,P35354,1
DB04464,P14854,1
DB01359,P08908,1
DB11638,P08708,1
DB01942,O34714,1
DB00608,P01375,1
DB03150,P23919,1
DB08901,P22607,1
DB06262,P18089,1
DB00981,P17787,1
DB08239,P52732,1
DB00313,Q15858,1
DB04398,P09546,1
DB00836,P01189,1
DB04659,P09848,1
DB14481,P80303,1
DB00128,P00505,1
DB06693,P04035,1
DB01884,P27487,1
DB01186,P28223,1
DB02084,P07477,1
DB04930,P03372,1
DB08881,P15056,1
DB00820,O76074,1
DB06218,Q9Y5Y9,1
DB01331,P0AEB2,1
DB02746,Q92731,1
DB00131,Q9NR19,1
DB04447,P60174,1
DB13335,O14764,1
DB00933,P14416,1
DB07641,P21397,1
DB04178,P12235,1
DB02105,P21964,1
DB02010,P11309,1
DB00241,Q16445,1
DB00925,P35368,1
DB01416,P0AD68,1
DB01657,P46883,1
DB02633,P15559,1
DB07367,Q08638,1
DB00292,Q99928,1
DB12010,O14730,1
DB08465,P08238,1
DB01267,P28221,1
DB06155,Q9Y2T6,1
DB08453,P47985,1
DB06262,P07550,1
DB00237,Q05901,1
DB01442,P23975,1
DB01239,P08172,1
DB06886,P00781,1
DB01852,Q6NUS8,1
DB05607,P41595,1
DB08178,P24941,1
DB01238,P35368,1
DB01329,P02918,1
DB04649,P0C2P0,1
DB02875,P07477,1
DB01189,P23634,1
DB02596,O07732,1
DB00189,P18507,1
DB01694,P9WNX3,1
DB09040,P50859,1
DB00343,Q06432,1
DB00622,Q08289,1
DB01212,Q8TCC7,1
DB08215,P07173,1
DB00477,P11229,1
DB03185,P32320,1
DB09203,P35368,1
DB00852,Q01959,1
DB00172,Q13427,1
DB11949,P25103,1
DB03758,Q15120,1
DB01593,P00739,1
DB08539,P24941,1
DB07366,P00734,1
DB00440,P0ABQ4,1
DB06549,P30411,1
DB00842,O14764,1
DB00891,Q49184,1
DB04185,P50440,1
DB06999,P15056,1
DB01254,Q06203,1
DB01224,P21917,1
DB04141,P31930,1
DB06176,Q92769,1
DB08615,P22303,1
DB01511,P47869,1
DB07953,P00929,1
DB11638,Q8IBI3,1
DB00248,P21728,1
DB03147,Q94655,1
DB00252,Q02641,1
DB02365,P52700,1
DB00191,Q01959,1
DB09050,Q51504,1
DB09283,Q9Y233,1
DB07485,P62508,1
DB00366,Q14994,1
DB01593,P68104,1
DB00313,Q9UI33,1
DB06860,P00469,1
DB03589,P23368,1
DB00562,P07451,1
DB14490,P02787,1
DB01567,O14764,1
DB02709,P03372,1
DB13873,Q9NPA2,1
DB01444,P35372,1
DB00145,P41250,1
DB12010,Q8IYT8,1
DB04855,P08913,1
DB04918,Q7DHH4,1
DB04464,P24310,1
DB02721,P00326,1
DB02758,P95468,1
DB00123,O43246,1
DB03127,P42126,1
DB14488,P02787,1
DB07128,P00734,1
DB11638,Q8I5G6,1
DB09231,Q08289,1
DB02175,O07015,1
DB02345,P15531,1
DB05490,P37231,1
DB00798,P08164,1
DB02709,Q96EB6,1
DB12010,Q9H3Y6,1
DB00298,P35368,1
DB04126,P07858,1
DB06201,Q15858,1
DB00475,P14867,1
DB07259,P09960,1
DB01587,P18507,1
DB02642,P00807,1
DB03685,Q7Z4J2,1
DB14481,Q15493,1
DB01567,P78334,1
DB14533,P19652,1
DB01511,P47870,1
DB00155,Q5T6L4,1
DB09130,P07437,1
DB00280,P08172,1
DB02787,Q57265,1
DB08880,Q02127,1
DB00421,Q9UF02,1
DB01694,P21283,1
DB11148,Q9UNX9,1
DB01642,O85465,1
DB00397,P08588,1
DB00663,P04150,1
DB01120,Q09428,1
DB01221,P28222,1
DB00774,P05023,1
DB12010,Q9UKI8,1
DB00385,P11388,1
DB09130,P01024,1
DB00514,P13498,1
DB03651,P71278,1
DB00907,Q9UI33,1
DB13269,P35498,1
DB00726,P23975,1
DB12769,P0ABQ4,1
DB12010,Q9UM73,1
DB01992,P0A6R0,1
DB00429,P34995,1
DB09078,P21802,1
DB08374,P17538,1
DB00193,Q8NER1,1
DB08226,Q9Z9H6,1
DB03147,Q9AGP8,1
DB01159,Q9UN88,1
DB03814,P09211,1
DB14533,P04279,1
DB01395,P08235,1
DB00696,P41595,1
DB00421,Q8IZS8,1
DB13269,Q14524,1
DB06707,P18089,1
DB01154,Q14654,1
DB00939,P09917,1
DB01593,P02743,1
DB09167,P08913,1
DB00171,Q13131,1
DB07639,P00734,1
DB09283,O76074,1
DB12116,P26358,1
DB01162,Q9H252,1
DB00948,Q75Y35,1
DB13643,Q9UN88,1
DB00485,A0A0E1R3H3,1
DB08231,O75521,1
DB03366,O34598,1
DB00725,P11229,1
DB07370,Q08638,1
DB04141,P14927,1
DB11148,Q14654,1
DB09118,P78334,1
DB13345,P13945,1
DB04144,Q00987,1
DB00342,Q12809,1
DB00376,P20309,1
DB01520,O15399,1
DB02255,P16112,1
DB09262,P11229,1
DB06409,P41145,1
DB07211,P00742,1
DB03472,P0AD63,1
DB00905,P43115,1
DB01088,Q08493,1
DB00848,P32297,1
DB03218,P11217,1
DB00502,P18089,1
DB01442,Q05940,1
DB00241,P31644,1
DB01819,O66496,1
DB00248,P18089,1
DB00668,P08913,1
DB00436,P55017,1
DB13751,P06858,1
DB09462,P23367,1
DB01593,P51693,1
DB04630,P04150,1
DB00555,P14416,1
DB09304,P41595,1
DB01110,Q9Y6H6,1
DB03800,P06968,1
DB01029,P30556,1
DB03114,P12931,1
DB00875,P28223,1
DB06616,P36507,1
DB03461,P08200,1
DB08678,P23467,1
DB00398,P10721,1
DB00252,P31644,1
DB01373,P12644,1
DB02709,P37840,1
DB01118,Q9P0X4,1
DB04849,P35968,1
DB00277,Q14432,1
DB00819,O43570,1
DB00306,Q99928,1
DB00806,P21589,1
DB11148,Q9UF02,1
DB00246,P35462,1
DB11273,P41595,1
DB03633,P04054,1
DB13345,P28222,1
DB01953,Q16539,1
DB01429,P0DP23,1
DB02051,P25779,1
DB00656,P31645,1
DB07595,P24941,1
DB06354,Q9UBS5,1
DB11691,P41143,1
DB00280,Q9UK17,1
DB05294,Q13882,1
DB04662,P24941,1
DB01239,P34969,1
DB07100,P07900,1
DB06900,Q16651,1
DB07170,Q70GK9,1
DB03366,P31677,1
DB01205,Q8N1C3,1
DB07168,Q13554,1
DB03963,P0A745,1
DB12836,P35408,1
DB12010,P25774,1
DB08601,Q15596,1
DB02288,P07477,1
DB01064,Q4ZHU6,1
DB06732,P35869,1
DB00157,O75438,1
DB00866,P07550,1
DB00921,P41145,1
DB00155,Q9UM07,1
DB00157,P30038,1
DB00168,Q7RTX0,1
DB00532,O75469,1
DB01173,Q05586,1
DB06176,P56524,1
DB00606,Q9Y2D0,1
DB09225,P28223,1
DB09130,P01861,1
DB09061,P23415,1
DB00142,P42263,1
DB00368,P13945,1
DB00935,P35368,1
DB01686,P29474,1
DB03904,Q8XB74,1
DB07422,P10275,1
DB00487,P43702,1
DB01110,P10613,1
DB04233,P0A917,1
DB00363,P08172,1
DB01136,P48050,1
DB02613,P06653,1
DB00795,O15111,1
DB02379,P29957,1
DB07950,P63208,1
DB00365,P43702,1
DB00843,Q14957,1
DB00189,P31644,1
DB02709,P05067,1
DB03661,O34667,1
DB07194,P43405,1
DB00411,P22303,1
DB03297,P23946,1
DB08698,Q9ZLT0,1
DB04530,P39126,1
DB01268,P35916,1
DB02474,P01556,1
DB03687,Q46893,1
DB01942,Q5SHZ4,1
DB00186,P48169,1
DB01151,P08172,1
DB08348,P11439,1
DB06800,P35372,1
DB00514,P63000,1
DB01841,P00691,1
DB00157,O95182,1
DB00589,P21918,1
DB00694,Q02880,1
DB00482,P00918,1
DB11781,P09960,1
DB00246,P34969,1
DB05339,P08908,1
DB00349,P47869,1
DB03929,Q05586,1
DB05492,P35372,1
DB12377,P62593,1
DB11859,P18505,1
DB07292,P09960,1
DB02024,P95468,1
DB13146,P42261,1
DB08231,P0A8V6,1
DB00201,Q14123,1
DB00118,P31153,1
DB03779,P14262,1
DB00726,P18089,1
DB00907,Q99720,1
DB13837,Q99928,1
DB00463,P18507,1
DB00114,Q5VZ30,1
DB07154,P27487,1
DB01224,P08908,1
DB01203,P08588,1
DB00477,P35462,1
DB01520,Q8TCU5,1
DB01028,O00591,1
DB00408,P21728,1
DB03737,P24941,1
DB01992,P23181,1
DB00543,P47870,1
DB08198,P52732,1
DB02927,P13000,1
DB00114,Q16773,1
DB00797,P35367,1
DB01267,P21917,1
DB03496,Q00534,1
DB01268,P09619,1
DB00303,P08506,1
DB14533,P05067,1
DB14487,P07358,1
DB01992,P21340,1
DB08896,P10721,1
DB05187,Q03181,1
DB01095,P04035,1
DB03355,Q8NW68,1
DB07776,Q16678,1
DB01559,O00591,1
DB00555,P47869,1
DB11830,Q13547,1
DB00237,Q9UN88,1
DB07223,P07858,1
DB00603,O00591,1
DB00668,P18089,1
DB06848,Q15661,1
DB00477,P50406,1
DB02142,P06986,1
DB01105,P31645,1
DB00126,Q9NXG6,1
DB00852,P17544,1
DB08149,P61925,1
DB03435,Q7Z4J2,1
DB08491,P03956,1
DB06153,P35348,1
DB09059,P47901,1
DB01920,P00722,1
DB04014,P06493,1
DB01068,O14764,1
DB00171,O95342,1
DB00805,P22303,1
DB00622,P11229,1
DB01352,P31644,1
DB04429,P04278,1
DB02177,P20701,1
DB05713,P00742,1
DB12245,K7YNB3,1
DB03796,P08100,1
DB00555,P21918,1
DB00243,Q9NY46,1
DB08508,Q7CRA4,1
DB02029,P34913,1
DB09028,Q15825,1
DB14528,P00167,1
DB00401,P54289,1
DB02200,P25779,1
DB04407,P24941,1
DB00594,P19634,1
DB04628,P07254,1
DB11477,P18089,1
DB01238,Q12879,1
DB00142,Q13255,1
DB08419,P22088,1
DB00799,P10826,1
DB01159,O14649,1
DB02368,Q8P8J2,1
DB00174,Q15758,1
DB09123,P10275,1
DB02869,P43235,1
DB01411,Q9Y271,1
DB02451,Q5SJ80,1
DB01872,Q54873,1
DB02521,Q4R2T2,1
DB04272,Q9WZ40,1
DB06195,P28482,1
DB01351,P48169,1
DB08217,P06731,1
DB01593,P13647,1
DB01238,Q05586,1
DB07572,P10614,1
DB00289,Q13224,1
DB05137,Q9UGM1,1
DB05294,P15692,1
DB04905,P08183,1
DB15444,P13569,1
DB00897,Q99928,1
DB01356,P29218,1
DB12010,P68400,1
DB06140,P50406,1
DB06944,P24941,1
DB11093,Q9ULB1,1
DB02700,P06971,1
DB08194,P07900,1
DB00907,Q07699,1
DB01752,Q8WTS6,1
DB00852,P08913,1
DB02598,P19021,1
DB06409,P35372,1
DB08195,P25774,1
DB02733,P28482,1
DB00151,Q9Y600,1
DB08145,P24182,1
DB00945,O43741,1
DB01433,P35372,1
DB11638,P36578,1
DB00829,P31644,1
DB06558,P25101,1
DB00050,P30968,1
DB12010,P05129,1
DB01752,Q14353,1
DB03820,P15555,1
DB07859,P49841,1
DB01346,P42262,1
DB02010,P43403,1
DB03144,P29475,1
DB02379,P02943,1
DB06879,P35228,1
DB00157,O75380,1
DB12248,P07550,1
DB04799,O14949,1
DB00824,P27815,1
DB12965,P04731,1
DB00472,P32297,1
DB15685,P07949,1
DB00458,P08912,1
DB03088,P0CG04,1
DB00454,Q13224,1
DB03159,P00734,1
DB03195,P23919,1
DB08606,P0AF12,1
DB03607,P00780,1
DB11093,P28676,1
DB00413,P14416,1
DB01133,O15342,1
DB01553,Q99928,1
DB04021,P22303,1
DB11973,P54760,1
DB02505,P46925,1
DB08746,P00742,1
DB06314,P08581,1
DB00153,P54289,1
DB09173,P35372,1
DB01577,P23975,1
DB04310,Q9HBH1,1
DB00398,P15056,1
DB01593,P01591,1
DB06734,P38606,1
DB03026,P0AB71,1
DB11901,Q16445,1
DB00142,O15399,1
DB11638,P00558,1
DB08557,P07900,1
DB09130,P10997,1
DB00540,P28335,1
DB00163,O75469,1
DB08901,P16234,1
DB01172,P0A7S3,1
DB00114,Q9UGI5,1
DB07207,P08709,1
DB04141,P00156,1
DB04855,P35348,1
DB14715,O14764,1
DB00306,P43681,1
DB00171,O95477,1
DB04141,O14521,1
DB08737,P03372,1
DB00458,P08172,1
DB03781,O00763,1
DB06838,P00734,1
DB01189,P03886,1
DB09151,P05067,1
DB01536,Q00441,1
DB02238,Q75WK2,1
DB12141,P30530,1
DB02007,P19367,1
DB08231,P01308,1
DB03564,P24300,1
DB02977,P18031,1
DB03740,O34928,1
DB01588,P48169,1
DB01883,P15917,1
DB08683,O14757,1
DB12537,P18505,1
DB07401,Q9UDW1,1
DB01968,P43683,1
DB03993,P0AB80,1
DB01623,P28223,1
DB06634,P25103,1
DB01576,P25100,1
DB04322,P11586,1
DB07897,P00734,1
DB09338,P05186,1
DB03945,P0A076,1
DB13581,P20309,1
DB03319,P42262,1
DB04279,Q56268,1
DB00404,P28472,1
DB07557,P51857,1
DB07778,P47985,1
DB00252,Q13936,1
DB00321,P08908,1
DB00363,P28222,1
DB03676,Q47NK3,1
DB07103,P00800,1
DB11582,P31644,1
DB00114,Q96EN8,1
DB00475,P34903,1
DB00753,P28472,1
DB07637,P19235,1
DB04855,Q9UNX9,1
DB08807,P07550,1
DB00311,P00918,1
DB01472,P31645,1
DB06725,P23219,1
DB05018,P06280,1
DB00298,P35348,1
DB01645,P04278,1
DB11093,Q9UBV8,1
DB12010,Q16513,1
DB08755,P25774,1
DB00364,P02679,1
DB08037,P52732,1
DB02998,P10275,1
DB09017,Q9UN88,1
DB07078,O14757,1
DB03459,P27708,1
DB02379,Q08751,1
DB00248,P35368,1
DB02956,Q56748,1
DB09050,P0AD68,1
DB09028,P36544,1
DB02122,P14489,1
DB02345,P77444,1
DB14011,O00519,1
DB00946,Q9BQB6,1
DB00231,P14867,1
DB00695,Q13621,1
DB11638,Q8IL88,1
DB01186,P18089,1
DB02452,P04183,1
DB04427,P25779,1
DB04617,P22303,1
DB02986,P00918,1
DB08215,P06010,1
DB04216,Q6NUS8,1
DB00328,Q07869,1
DB01162,P35348,1
DB00197,P09211,1
DB07051,Q08499,1
DB00777,P11229,1
DB00230,P54289,1
DB01708,P78334,1
DB06518,Q16539,1
DB06579,P18507,1
DB02138,P0A433,1
DB02041,P28720,1
DB02061,O85465,1
DB04282,P09848,1
DB11859,P47869,1
DB08613,P56524,1
DB09327,Q12882,1
DB03499,P05042,1
DB00217,P18089,1
DB09194,P14416,1
DB12371,P21453,1
DB04216,P67870,1
DB13946,P10275,1
DB13146,Q12879,1
DB03995,P0AEX9,1
DB07683,P39900,1
DB08895,P52333,1
DB01024,P12268,1
DB00564,Q9UI33,1
DB02335,P29474,1
DB07882,P01834,1
DB07095,P07477,1
DB01130,P04150,1
DB00436,P00915,1
DB07735,P56817,1
DB03800,P0A884,1
DB02103,P14625,1
DB00119,O95907,1
DB01124,P48048,1
DB01939,P07477,1
DB01431,P03372,1
DB00331,Q16134,1
DB00201,Q07343,1
DB07809,P00734,1
DB00464,P07225,1
DB01392,Q9UNX9,1
DB01017,Q16539,1
DB02999,P42262,1
DB01069,P35498,1
DB02039,P07097,1
DB06471,P30542,1
DB00350,P48048,1
DB01194,P07451,1
DB06732,P03372,1
DB06725,P35354,1
DB12010,Q16832,1
DB04855,Q13936,1
DB09289,P08908,1
DB00343,Q13936,1
DB03366,Q46822,1
DB04786,P00734,1
DB11254,P21980,1
DB12141,P41595,1
DB00157,P17516,1
DB15489,P47869,1
DB04272,P15121,1
DB08846,Q9ULX7,1
DB01014,P35354,1
DB07715,P35869,1
DB04315,P60339,1
DB01159,Q8TCU5,1
DB07044,Q5G940,1
DB01238,Q13224,1
DB09167,P35348,1
DB01081,P35372,1
DB00852,P31645,1
DB01065,P16083,1
DB11638,Q8IDI5,1
DB01149,P31645,1
DB03247,Q9WXV1,1
DB00151,Q16878,1
DB00734,P08908,1
DB07720,P36544,1
DB07778,P14927,1
DB00157,Q02928,1
DB01053,P46059,1
DB02370,Q9X1K9,1
DB00909,P27338,1
DB12267,P08069,1
DB03950,P00918,1
DB08072,P00749,1
DB11967,P05231,1
DB08651,P04390,1
DB00629,P08913,1
DB08891,Q9UBS5,1
DB00513,P00750,1
DB02381,P05089,1
DB06831,P48736,1
DB02734,Q9KWT5,1
DB11793,P09874,1
DB06678,P41595,1
DB03796,P02689,1
DB02127,P0A434,1
DB00463,P42262,1
DB01151,P25100,1
DB00355,P42971,1
DB00397,P18825,1
DB01444,P41143,1
DB14672,Q9UN88,1
DB09409,O60391,1
DB00477,P28223,1
DB01154,Q15842,1
DB08549,P18031,1
DB02772,Q59976,1
DB02361,P37700,1
DB00898,P36544,1
DB01752,P11086,1
DB00171,Q9UM73,1
DB02024,Q75WK2,1
DB01565,P01189,1
DB14011,P24462,1
DB07958,Q9NZK7,1
DB00925,P25100,1
DB08846,P00915,1
DB01268,P10721,1
DB02262,Q02127,1
DB14533,P31151,1
DB08554,Q5LI27,1
DB08083,P00918,1
DB00759,P02359,1
DB00956,Q99720,1
DB01107,O14764,1
DB01598,P02919,1
DB03763,Q9R5V5,1
DB01690,P0A6I9,1
DB14487,P04075,1
DB01352,P43681,1
DB09089,Q86W47,1
DB11582,P14867,1
DB03083,P78368,1
DB04315,Q9U8D3,1
DB00237,P17787,1
DB08635,P01768,1
DB14533,P09871,1
DB09295,P35354,1
DB00490,P08908,1
DB02191,P77173,1
DB09351,P08588,1
DB04006,P24941,1
DB00467,P43700,1
DB01942,Q81F54,1
DB00421,P04278,1
DB02401,P07195,1
DB01227,P30926,1
DB12010,P06213,1
DB02772,Q9L5C7,1
DB09073,P11802,1
DB00177,P30556,1
DB14501,Q16595,1
DB02153,Q57366,1
DB03279,P13631,1
DB01752,P0ACC1,1
DB00898,P31644,1
DB04433,P11797,1
DB03876,P07477,1
DB00887,P55011,1
DB02236,P08179,1
DB04467,Q9ZHG9,1
DB09214,P23219,1
DB07645,P69905,1
DB01618,P11229,1
DB07613,O60760,1
DB03747,O85361,1
DB11689,P36507,1
DB08872,Q9NY47,1
DB01863,Q99418,1
DB02210,Q820S6,1
DB01589,P28472,1
DB13925,P30874,1
DB01114,P35367,1
DB01373,P49747,1
DB01325,P55011,1
DB04749,P52699,1
DB00897,P14867,1
DB04338,Q16539,1
DB01118,Q13936,1
DB04447,P65389,1
DB04974,P42345,1
DB03889,Q16775,1
DB07703,Q9ZGI2,1
DB00243,P35499,1
DB00171,Q96Q40,1
DB09050,P02918,1
DB01717,P84139,1
DB09130,P51693,1
DB04485,Q9HU22,1
DB00573,P37231,1
DB06207,P35368,1
DB11638,P00338,1
DB02633,P09211,1
DB02263,P00362,1
DB01346,O00180,1
DB04457,P0A884,1
DB03435,P27828,1
DB03569,Q59288,1
DB00704,P41143,1
DB12458,P18507,1
DB08059,P27986,1
DB00142,P39086,1
DB00431,P28472,1
DB07759,P0AE18,1
DB00246,P28221,1
DB03092,P19961,1
DB02448,P04054,1
DB01026,P10275,1
DB12010,P51451,1
DB01174,P42262,1
DB03600,Q6ZZJ1,1
DB01593,P35858,1
DB08601,P19793,1
DB06579,Q8N1C3,1
DB00482,O15530,1
DB03798,P00469,1
DB09143,Q99835,1
DB01734,P18031,1
DB00228,O95180,1
DB09130,Q15185,1
DB02410,P94692,1
DB02713,O31616,1
DB00248,P14416,1
DB00463,P18505,1
DB08299,Q07343,1
DB12010,P07332,1
DB01619,P35367,1
DB05087,P48169,1
DB01090,Q9GZZ6,1
DB00543,P34903,1
DB14487,P81605,1
DB12010,Q32MK0,1
DB01136,P15692,1
DB00753,P30049,1
DB00193,Q693P7,1
DB02963,P24941,1
DB00455,P35367,1
DB00154,P35354,1
DB02514,P15555,1
DB01163,P0A3M6,1
DB00909,Q8IWT1,1
DB01064,Q92569,1
DB09121,Q08462,1
DB03464,P0AE12,1
DB09130,P62937,1
DB00151,P49589,1
DB11638,O96221,1
DB01752,P11409,1
DB02810,Q9I7A8,1
DB04092,P15034,1
DB07203,P20248,1
DB07841,P49354,1
DB01622,P14416,1
DB01069,P16389,1
DB04855,P63252,1
DB04395,P23367,1
DB00334,P14416,1
DB01536,P14060,1
DB00171,P53041,1
DB04787,P06401,1
DB02659,P00403,1
DB02407,P24941,1
DB08848,Q9NSD5,1
DB02530,Q9UBS5,1
DB02109,P0A7D4,1
DB07728,P49137,1
DB14533,Q00987,1
DB00458,P34969,1
DB09225,P34969,1
DB02566,P29395,1
DB07657,P04054,1
DB11638,Q7KQM4,1
DB14538,P14060,1
DB01728,P08100,1
DB01987,P27696,1
DB00606,Q8N1Q1,1
DB03222,P06746,1
DB01017,P99999,1
DB04487,P02778,1
DB00833,Q8XJ01,1
DB00908,Q9Y257,1
DB00295,P41145,1
DB00417,P12256,1
DB07041,Q837V6,1
DB03544,P0AF93,1
DB00898,P32004,1
DB06830,O95749,1
DB01702,Q45135,1
DB01694,P37672,1
DB00555,P08588,1
DB03619,P07445,1
DB00363,P08912,1
DB12010,P15056,1
DB00688,P20839,1
DB01133,Q15904,1
DB13174,P09917,1
DB14533,P46663,1
DB01593,P00734,1
DB00163,O76054,1
DB09079,P36888,1
DB00562,P22748,1
DB00755,Q6V0L0,1
DB02595,P41052,1
DB03147,P22637,1
DB03317,P00137,1
DB01992,Q8ZPC0,1
DB13943,P08235,1
DB01752,Q5SKH6,1
DB04520,Q54276,1
DB01142,P08912,1
DB13335,P34903,1
DB00188,P20618,1
DB01001,P13945,1
DB02262,P0A7E1,1
DB13061,O14965,1
DB06077,P14416,1
DB04224,P02689,1
DB00202,P20309,1
DB00986,P11229,1
DB01089,Q05940,1
DB01535,P41145,1
DB00367,P04278,1
DB13269,Q9NY72,1
DB01403,P08912,1
DB01175,P35368,1
DB06589,Q9UQQ2,1
DB05095,P35354,1
DB01392,P28223,1
DB04492,Q46079,1
DB08176,P27338,1
DB01247,P21397,1
DB03247,P38489,1
DB06993,P27487,1
DB03010,P68371,1
DB00157,Q13630,1
DB00252,Q99928,1
DB01241,Q8TCC7,1
DB03366,Q14565,1
DB14481,P62166,1
DB01428,Q92731,1
DB05255,P41180,1
DB08330,P31930,1
DB01752,P25924,1
DB00669,P28221,1
DB08646,P22619,1
DB08191,O00141,1
DB14491,P06746,1
DB00221,P08588,1
DB11148,O00555,1
DB03461,P58558,1
DB00782,P11229,1
DB00363,P21917,1
DB04350,Q13231,1
DB13952,O75469,1
DB09225,P21918,1
DB02379,P23340,1
DB09014,Q99720,1
DB05414,Q81ZL8,1
DB03156,Q54873,1
DB04447,P09382,1
DB00502,P35348,1
DB09061,P20815,1
DB01238,P08588,1
DB00132,Q07869,1
DB09061,Q02083,1
DB04465,Q7SI98,1
DB07531,P24941,1
DB00602,O75311,1
DB01107,P78334,1
DB01013,P04150,1
DB03452,P05042,1
DB00877,P62942,1
DB04302,P0A953,1
DB00153,Q9BXT2,1
DB09092,Q02218,1
DB01403,P18825,1
DB13967,P02768,1
DB13951,P14061,1
DB14011,O43497,1
DB09225,P50406,1
DB00659,P41594,1
DB01489,Q8N1C3,1
DB14489,Q16595,1
DB07922,P39900,1
DB00773,Q02880,1
DB03928,P32929,1
DB04918,P14677,1
DB00116,O95954,1
DB00321,Q9NS40,1
DB12010,O14936,1
DB15489,P47870,1
DB01632,P07741,1
DB06016,P28223,1
DB06694,P18089,1
DB00342,P08172,1
DB04946,P50406,1
DB05885,P48167,1
DB02659,P14854,1
DB00418,Q14957,1
DB07874,P56817,1
DB07080,P55055,1
DB00696,P25100,1
DB00159,Q8NER1,1
DB01388,O60840,1
DB01956,P23416,1
DB03952,P0ABP8,1
DB04081,P00918,1
DB11345,Q7Z2W7,1
DB05223,O15379,1
DB03437,P00811,1
DB04130,Q05603,1
DB02036,Q9I7A8,1
DB01902,Q86YB8,1
DB07374,P62913,1
DB01593,P80748,1
DB12010,P06493,1
DB01186,P21917,1
DB01804,Q00740,1
DB00726,P08173,1
DB00170,P00740,1
DB11723,P27487,1
DB00228,Q96PR1,1
DB01337,P20309,1
DB00368,P25100,1
DB14715,Q9UN88,1
DB00178,P12821,1
DB00786,Q9NRE1,1
DB02379,P24300,1
DB01351,P47869,1
DB04646,P83794,1
DB13873,Q07869,1
DB05266,Q14432,1
DB04464,P0A6W9,1
DB01811,P02788,1
DB07416,P0A334,1
DB00783,Q99527,1
DB03925,Q9UNI1,1
DB02837,P11226,1
DB07574,Q9BQE3,1
DB11638,Q15637,1
DB02660,Q07343,1
DB00679,Q12809,1
DB03017,P0AAI5,1
DB08135,P24941,1
DB00715,P35368,1
DB00595,P0A7X3,1
DB14527,P00167,1
DB02125,P00183,1
DB02132,P15121,1
DB12598,P00742,1
DB12010,P53671,1
DB14146,P35372,1
DB03924,P68400,1
DB14487,P08779,1
DB01577,P54219,1
DB13954,Q99527,1
DB00312,Q13224,1
DB05492,P41146,1
DB03905,P56220,1
DB01592,P00450,1
DB01877,P08254,1
DB00715,P28221,1
DB06148,P35462,1
DB06229,P35368,1
DB00318,P35372,1
DB09319,P0AEB2,1
DB01076,P27487,1
DB00394,P04150,1
DB02831,P0AG82,1
DB11219,Q92731,1
DB00454,P08912,1
DB01088,P34995,1
DB00433,P35368,1
DB02984,Q16539,1
DB12695,Q96I99,1
DB01412,Q07343,1
DB00801,P31644,1
DB01081,P41143,1
DB00252,O14764,1
DB00306,P47870,1
DB12695,P52597,1
DB00562,P23280,1
DB03871,P00282,1
DB09079,P35916,1
DB01353,P31644,1
DB12010,P04626,1
DB11638,Q8IJT2,1
DB00114,Q6ZQY3,1
DB00335,P07550,1
DB02032,P52700,1
DB03663,P24941,1
DB03401,P51178,1
DB00845,P22001,1
DB00574,P28223,1
DB04310,P68771,1
DB06195,P50750,1
DB00518,P68371,1
DB00819,P00915,1
DB03940,P00338,1
DB09061,P36544,1
DB11581,P10415,1
DB00421,O00305,1
DB00246,P18825,1
DB00648,P06401,1
DB02451,P09391,1
DB02393,P16118,1
DB03232,P0A8X2,1
DB09282,P33402,1
DB09195,P35367,1
DB00907,P11229,1
DB00806,P30542,1
DB00334,P28566,1
DB12377,P05364,1
DB00477,P19652,1
DB09130,P10412,1
DB08551,Q9L5C8,1
DB08348,P13639,1
DB08631,P11086,1
DB06151,O14920,1
DB11638,P62937,1
DB01044,Q59961,1
DB00171,P10398,1
DB07843,P00742,1
DB01975,O33199,1
DB00498,Q9BQB6,1
DB06707,P18825,1
DB01115,O95180,1
DB09232,Q13698,1
DB01069,P22460,1
DB07562,P20248,1
DB08185,P80371,1
DB11638,Q8I5H4,1
DB11348,P13693,1
DB00145,O75600,1
DB02609,P19624,1
DB01992,P9WQG9,1
DB00537,P11388,1
DB04230,O75390,1
DB08690,Q9UDW1,1
DB00690,P18507,1
DB12163,P28223,1
DB04583,Q02127,1
DB14487,P46736,1
DB06174,Q99720,1
DB01594,O00591,1
DB09166,O14764,1
DB14715,P78334,1
DB04147,P0C0X8,1
DB00126,Q32P28,1
DB00321,P08913,1
DB02479,P00918,1
DB01189,Q9UN88,1
DB01964,P00918,1
DB01708,P47869,1
DB00370,P08913,1
DB08187,P00734,1
DB00248,P35462,1
DB07163,P24941,1
DB00523,Q6V0L0,1
DB09204,P25100,1
DB00683,P34903,1
DB01254,P51692,1
DB04147,Q14494,1
DB01017,P09917,1
DB07285,P14780,1
DB01205,Q16445,1
DB01785,P14324,1
DB00715,P20309,1
DB00218,P43700,1
DB00897,P47869,1
DB03017,P41235,1
DB00421,O60359,1
DB00274,P0AD68,1
DB08256,P34913,1
DB04204,P18031,1
DB00157,O43181,1
DB00014,P30968,1
DB00243,O60840,1
DB00241,P48169,1
DB04233,P32722,1
DB01567,P18507,1
DB08818,P98066,1
DB07131,P07477,1
DB00228,P78334,1
DB04783,P68133,1
DB03847,P00742,1
DB03467,Q9AIU0,1
DB06873,P12758,1
DB08810,P28223,1
DB11365,Q92482,1
DB02379,P04746,1
DB11254,P14679,1
DB07190,P00734,1
DB07921,P39900,1
DB06288,P14416,1
DB03405,P43235,1
DB01041,P01375,1
DB00514,P14598,1
DB13345,P08588,1
DB00780,Q8TD30,1
DB04537,P00953,1
DB01236,Q9UN88,1
DB09262,P20309,1
DB08217,Q57254,1
DB09095,P04150,1
DB13346,P35354,1
DB01553,P48169,1
DB00505,P20309,1
DB00751,P35367,1
DB01878,Q92731,1
DB00456,Q7CRA4,1
DB09130,P04406,1
DB03584,P37700,1
DB00988,Q01959,1
DB00157,P40925,1
DB01427,P01375,1
DB00674,P06276,1
DB08846,P17612,1
DB09130,Q6MZM0,1
DB00408,P08913,1
DB02234,P29474,1
DB01019,P20309,1
DB09099,P35346,1
DB14487,P01031,1
DB04374,Q9UJM8,1
DB04315,P62491,1
DB07765,P0CG22,1
DB03978,P54577,1
DB02968,P18357,1
DB01711,P00326,1
DB05266,P27815,1
DB03897,P31013,1
DB14068,P08183,1
DB07707,Q15596,1
DB08437,P62829,1
DB03017,P0A953,1
DB13025,P25100,1
DB02326,P22894,1
DB07262,P0ABQ4,1
DB00447,Q8XJ01,1
DB06728,P02768,1
DB02007,P54716,1
DB00848,P10696,1
DB04426,P11226,1
DB00430,P08506,1
DB06292,P31639,1
DB00714,P35462,1
DB00483,P22303,1
DB03900,P60174,1
DB04058,P15085,1
DB00584,P12821,1
DB01110,Q96PR1,1
DB00575,P08913,1
DB00035,P37288,1
DB00458,Q9UK17,1
DB04306,P22906,1
DB00572,P11229,1
DB07036,Q92731,1
DB07644,Q96C86,1
DB02726,P60174,1
DB09209,P41145,1
DB07731,P24941,1
DB09285,P21731,1
DB01348,P12821,1
DB01511,Q8N1C3,1
DB01941,P28702,1
DB02452,Q9PPP5,1
DB07108,Q07817,1
DB02044,P29475,1
DB13269,Q07699,1
DB02379,P14090,1
DB07289,P18031,1
DB03323,P30920,1
DB07918,P0AC47,1
DB01068,Q9UN88,1
DB06751,Q13936,1
DB07985,P07477,1
DB00715,P25100,1
DB00252,Q01668,1
DB08561,P45452,1
DB01184,P35462,1
DB00537,Q12809,1
DB00527,P0DP23,1
DB01142,P08908,1
DB03483,P18031,1
DB00696,P21918,1
DB00319,Q8DNB6,1
DB13956,Q14457,1
DB06892,Q02750,1
DB01186,P25100,1
DB03533,P22629,1
DB03403,P62619,1
DB14060,Q8SPQ9,1
DB01329,P24228,1
DB01996,P08254,1
DB07548,P00734,1
DB08811,O00408,1
DB08868,P21453,1
DB07080,Q13133,1
DB01239,P28221,1
DB00502,P14416,1
DB01708,Q9UN88,1
DB00186,Q99928,1
DB00298,P25100,1
DB06603,Q9UQL6,1
DB01069,P47900,1
DB02642,P62593,1
DB03056,P23141,1
DB01979,P11226,1
DB01643,P9WKE1,1
DB00319,P0A3M6,1
DB02626,P06971,1
DB03814,P04424,1
DB01808,P08692,1
DB00887,Q9UP95,1
DB02148,P07858,1
DB02154,Q79MP6,1
DB08901,P21802,1
DB00122,O14939,1
DB07877,P08238,1
DB01146,Q01959,1
DB02940,P0C8P8,1
DB08838,P48048,1
DB07720,P32297,1
DB00157,P04406,1
DB03349,Q07343,1
DB01248,P10636,1
DB07384,P36542,1
DB02451,P48549,1
DB00281,P02763,1
DB07204,P61925,1
DB06738,Q14957,1
DB00140,P30043,1
DB03206,P12070,1
DB03247,P71278,1
DB00404,P34903,1
DB08896,P11362,1
DB01545,Q8N1C3,1
DB12010,Q05397,1
DB03685,P41007,1
DB07013,P45452,1
DB09130,P32119,1
DB06216,P25021,1
DB07141,P00374,1
DB02066,P0ABP8,1
DB02903,P01556,1
DB01694,O25927,1
DB00144,P49619,1
DB03201,P15085,1
DB08251,P42574,1
DB03884,P39639,1
DB02955,P21554,1
DB11642,Q9Y5N1,1
DB00936,Q04828,1
DB08262,P68871,1
DB00153,O95180,1
DB14583,P10275,1
DB14487,P01591,1
DB02152,Q02750,1
DB09061,P46098,1
DB01212,Q4U2R8,1
DB01159,P18507,1
DB01489,P28472,1
DB00421,P08235,1
DB09288,P23219,1
DB00157,P48448,1
DB12010,Q15208,1
DB13914,Q12908,1
DB07149,P49841,1
DB09017,P14867,1
DB01208,P43700,1
DB02580,Q8ZIV7,1
DB01043,P46098,1
DB08043,P00519,1
DB00988,P21728,1
DB08645,P00918,1
DB00929,P35408,1
DB00726,P08588,1
DB03793,O67987,1
DB03140,P00811,1
DB01034,P0A6R0,1
DB12695,P04792,1
DB00157,O96000,1
DB07314,O14757,1
DB06923,P07477,1
DB01110,P22459,1
DB00157,P50213,1
DB01110,Q12809,1
DB01142,P31645,1
DB09213,P35354,1
DB07715,P16544,1
DB00201,P54750,1
DB00356,Q12791,1
DB01812,P10153,1
DB08450,P36897,1
DB02362,P20586,1
DB02659,P23141,1
DB00546,P18507,1
DB06246,P09211,1
DB00312,P47869,1
DB12965,P02768,1
DB04315,Q01698,1
DB08376,Q53728,1
DB04147,P76045,1
DB07994,P56817,1
DB03088,P19961,1
DB01670,Q06174,1
DB04395,P08690,1
DB07320,O14757,1
DB04233,P16233,1
DB04942,P10826,1
DB11638,P07737,1
DB09290,P46098,1
DB05015,Q92769,1
DB00393,P54284,1
DB12010,P00533,1
DB13720,P20309,1
DB09060,A0A023W3H0,1
DB07362,O14965,1
DB01558,P48169,1
DB13257,P02786,1
DB01067,P37231,1
DB00755,P28702,1
DB06844,P24941,1
DB06829,P18031,1
DB01437,P14867,1
DB04801,Q03181,1
DB12455,P0AG59,1
DB02124,Q51792,1
DB00545,P22303,1
DB00270,O95180,1
DB00237,Q9GZZ6,1
DB00434,P28335,1
DB00777,P35348,1
DB01588,Q8N1C3,1
DB01763,Q13423,1
DB04272,O33833,1
DB00157,O43676,1
DB01611,Q9BYF1,1
DB11348,P31415,1
DB07261,P00742,1
DB08912,P53667,1
DB00898,Q14542,1
DB13345,P28566,1
DB00505,P11229,1
DB00869,P22748,1
DB01149,Q01959,1
DB02552,P62619,1
DB00786,P08254,1
DB07208,P37231,1
DB12010,Q96D53,1
DB01043,P78334,1
DB04282,P22073,1
DB12141,P28223,1
DB01946,Q09013,1
DB01162,Q9NS40,1
DB00359,Q27738,1
DB07668,P17538,1
DB01926,P80188,1
DB01009,P25024,1
DB01034,P0A953,1
DB09342,Q15858,1
DB03748,P33247,1
DB04373,P46925,1
DB09130,P05787,1
DB07142,A0A0M3KKX1,1
DB02183,P49773,1
DB12887,Q92800,1
DB02043,P43457,1
DB04216,Q5G940,1
DB08646,P29899,1
DB00960,P08588,1
DB12010,Q06418,1
DB00753,P0DP23,1
DB01338,P08172,1
DB04566,Q8N142,1
DB01840,Q9NPH2,1
DB01229,P11137,1
DB03297,Q53547,1
DB04272,P04079,1
DB14490,Q9GZT9,1
DB01816,P29717,1
DB01970,Q13370,1
DB04530,P36952,1
DB14509,P29218,1
DB00431,P03372,1
DB02207,P35228,1
DB01085,P20309,1
DB07491,P07477,1
DB04098,P17612,1
DB02078,Q734I1,1
DB08094,P24941,1
DB02955,Q8NER1,1
DB12010,Q9P0L2,1
DB05964,P23975,1
DB00725,P08172,1
DB06367,P43235,1
DB03317,P24474,1
DB00171,Q07912,1
DB00536,P53608,1
DB11638,P38545,1
DB02585,P35030,1
DB00228,Q9UQ05,1
DB13955,P37059,1
DB00458,P21918,1
DB12010,O95382,1
DB11638,P46782,1
DB01725,P00749,1
DB01520,Q13224,1
DB04324,P53582,1
DB11093,Q13938,1
DB06070,P08238,1
DB00579,P23975,1
DB04829,P08908,1
DB08020,Q92731,1
DB01695,P60174,1
DB00734,P28335,1
DB01544,P78334,1
DB01942,Q27796,1
DB09017,P28472,1
DB00728,P46098,1
DB07702,Q92731,1
DB09295,P51800,1
DB04233,P04118,1
DB04419,P01270,1
DB04734,P0C278,1
DB03413,P33316,1
DB00349,P18505,1
DB05541,Q01118,1
DB01241,O94956,1
DB02379,Q9BW91,1
DB08234,P0A017,1
DB00947,P03372,1
DB01068,P28472,1
DB00131,Q08828,1
DB02379,Q9KG76,1
DB11348,P09486,1
DB08302,P37231,1
DB02059,P26397,1
DB04821,P21397,1
DB13837,O00591,1
DB01576,P35368,1
DB04199,P0A1X2,1
DB15489,O00591,1
DB03937,P06744,1
DB00610,P35348,1
DB01625,P08173,1
DB07121,P78536,1
DB01069,P51575,1
DB04699,Q8XL08,1
DB00703,P00915,1
DB01956,P47869,1
DB03728,Q8GN86,1
DB04725,Q9NZK7,1
DB01085,P11229,1
DB00242,P31350,1
DB13956,O75469,1
DB04865,P20276,1
DB00260,Q9L888,1
DB08672,P27487,1
DB02059,P04406,1
DB04447,Q96QT4,1
DB00720,P12236,1
DB02555,P60568,1
DB14481,P22676,1
DB08267,P28720,1
DB08559,P06875,1
DB04452,P15917,1
DB07383,P17538,1
DB11823,Q8TCU5,1
DB01041,P02763,1
DB09130,P29622,1
DB09295,P23219,1
DB11429,P10275,1
DB00726,P08908,1
DB00237,P42263,1
DB02130,P26602,1
DB00852,P15336,1
DB00125,P30825,1
DB03808,P0A0N5,1
DB11859,P28472,1
DB00715,P23975,1
DB00242,P00491,1
DB01709,Q9X519,1
DB00334,P08588,1
DB04608,P30291,1
DB00127,P41180,1
DB13872,P18507,1
DB11937,P35869,1
DB03345,Q9NVS9,1
DB00393,O00305,1
DB04249,P99999,1
DB08226,Q8RQE8,1
DB12010,Q16620,1
DB01496,Q16445,1
DB09130,P61987,1
DB01110,P63252,1
DB01553,O00591,1
DB04982,P48058,1
DB04272,P33644,1
DB01080,P80404,1
DB01118,P10828,1
DB01133,P38606,1
DB03869,P0A8M5,1
DB04847,Q9H6Z9,1
DB14487,P29034,1
DB02010,Q04759,1
DB04265,Q02834,1
DB00227,P20701,1
DB03017,P9WNG3,1
DB09118,P18507,1
DB03419,Q9NWZ5,1
DB01254,Q06187,1
DB01618,P08908,1
DB12695,P10599,1
DB00303,P44469,1
DB00446,P08174,1
DB08235,O15145,1
DB07847,P00742,1
DB11273,P18825,1
DB00794,Q99928,1
DB00944,P06276,1
DB02976,Q93EK7,1
DB00458,P50406,1
DB00145,Q14957,1
DB06871,P03372,1
DB00284,P14410,1
DB08398,Q15596,1
DB00508,P14416,1
DB04105,P00325,1
DB00201,O76074,1
DB15617,P69905,1
DB14672,P18505,1
DB08039,Q13557,1
DB00091,P30405,1
DB00817,P0AES6,1
DB07996,P61925,1
DB00545,P06276,1
DB01632,P00492,1
DB03134,P56220,1
DB09017,O14764,1
DB04029,Q9LCC8,1
DB02740,P61769,1
DB02744,P07477,1
DB04552,O60656,1
DB00829,P48169,1
DB08453,P07919,1
DB11273,P28221,1
DB07676,P49841,1
DB08271,P09238,1
DB07804,P00742,1
DB04523,P43235,1
DB00223,P04150,1
DB00611,P41143,1
DB02691,P51161,1
DB02801,P15474,1
DB01329,P0AEB2,1
DB04746,Q6A8X5,1
DB11638,Q9TY94,1
DB00228,O43497,1
DB02350,P08254,1
DB01752,Q06528,1
DB00805,P28335,1
DB02552,O95749,1
DB04454,P43683,1
DB04343,P9WK17,1
DB11273,P08913,1
DB01858,P43235,1
DB03156,Q8VVD2,1
DB00280,P20309,1
DB01406,P10275,1
DB05116,P04818,1
DB01065,P46597,1
DB02483,Q10588,1
DB01303,P29274,1
DB13437,P34903,1
DB08231,P9WPF1,1
DB12010,P54619,1
DB00193,P41143,1
DB09071,P49286,1
DB11345,O75762,1
DB00866,P08908,1
DB03211,P22513,1
DB09061,Q7Z2W7,1
DB08358,P49137,1
DB03909,P00558,1
DB04524,P0A6R0,1
DB00594,P37088,1
DB00363,P08173,1
DB08872,P54289,1
DB03884,Q9UJM8,1
DB00939,O43526,1
DB00360,P00439,1
DB09338,P29972,1
DB00201,P16499,1
DB01114,P31645,1
DB03310,P0CG30,1
DB00542,P12821,1
DB12598,P06870,1
DB03661,P07711,1
DB02552,P62617,1
DB07951,P00929,1
DB01016,P50416,1
DB11093,Q96FQ6,1
DB00454,Q12879,1
DB08877,O60674,1
DB04216,P54652,1
DB14487,Q13547,1
DB01105,Q01959,1
DB00777,P28223,1
DB07611,P9WNG3,1
DB01178,P30536,1
DB14533,P02671,1
DB00389,P07202,1
DB04422,O34667,1
DB01236,P18507,1
DB08182,P20248,1
DB04908,P21917,1
DB02742,Q9UKM7,1
DB09118,P31644,1
DB01608,P21728,1
DB00635,P04150,1
DB11638,Q8ILK3,1
DB04051,P95468,1
DB03461,P30043,1
DB08896,P16234,1
DB02644,P35228,1
DB01780,P62258,1
DB01169,P27361,1
DB11582,P48169,1
DB01365,P18089,1
DB07478,P0A108,1
DB07571,P0A6G7,1
DB14011,Q9HBA0,1
DB00897,P48169,1
DB03822,P0A433,1
DB04201,P56194,1
DB00228,Q9UJ96,1
DB00228,P18505,1
DB00753,P47870,1
DB07546,P19784,1
DB01992,Q9HYX1,1
DB14509,P49841,1
DB12651,Q14790,1
DB02379,Q7SI98,1
DB11638,Q8I3T9,1
DB00608,Q9BYF1,1
DB01251,Q15842,1
DB00321,P11229,1
DB03685,P15291,1
DB08846,P17252,1
DB00544,P04818,1
DB01263,P10613,1
DB03230,Q8ZKF6,1
DB14487,P00748,1
DB00255,P10275,1
DB11348,Q9ULU8,1
DB06374,P03372,1
DB06757,P05089,1
DB01950,P49841,1
DB02861,P00918,1
DB03147,P08373,1
DB09088,Q9UI33,1
DB01175,P23975,1
DB00698,P52647,1
DB00798,P00374,1
DB03113,P0A716,1
DB09130,P01009,1
DB00398,P09619,1
DB00273,Q08289,1
DB07932,P03372,1
DB09130,Q03154,1
DB00288,P04150,1
DB08162,Q13464,1
DB08152,P00734,1
DB04739,P12931,1
DB00606,P00915,1
DB01007,Q16850,1
DB11323,P23219,1
DB12267,P36888,1
DB03419,P0AA43,1
DB00768,P25021,1
DB01545,P14867,1
DB03661,Q9X0G9,1
DB04871,P28335,1
DB06966,P22088,1
DB08548,P37957,1
DB14011,P20815,1
DB00421,Q15878,1
DB09304,Q13639,1
DB03880,Q9UNA0,1
DB06663,P30872,1
DB00114,P34897,1
DB11817,O60674,1
DB07778,P31930,1
DB00248,P08588,1
DB00120,P00439,1
DB06616,P07948,1
DB09481,O60391,1
DB02451,P98052,1
DB00189,Q8N1C3,1
DB09342,P35498,1
DB11718,P24385,1
DB11186,Q9Y5Y9,1
DB00121,P05165,1
DB00951,P33261,1
DB00615,P14625,1
DB09061,P05177,1
DB01068,O75469,1
DB01238,Q01959,1
DB01949,P14780,1
DB06605,P00742,1
DB01303,Q92769,1
DB05590,P07550,1
DB08782,P00918,1
DB12010,Q6ZN16,1
DB00425,P18507,1
DB04338,P28482,1
DB01110,Q9ULD8,1
DB01588,P28472,1
DB13837,P14867,1
DB01812,O43704,1
DB08741,P0A017,1
DB01992,Q9LCX9,1
DB06867,Q13526,1
DB00228,P28472,1
DB00122,Q13393,1
DB13643,Q99928,1
DB04467,P10724,1
DB00470,P21554,1
DB08357,P22303,1
DB01242,P28223,1
DB00983,P08588,1
DB14487,P01308,1
DB03444,P49841,1
DB00157,P12268,1
DB06333,P18031,1
DB11186,Q99250,1
DB12010,Q13470,1
DB04395,P06239,1
DB03558,P0A884,1
DB00438,P0AD65,1
DB00418,O60391,1
DB09006,Q03181,1
DB01183,P35372,1
DB04855,P10827,1
DB04447,P04035,1
DB03598,P00918,1
DB08231,P17612,1
DB01593,P00736,1
DB00421,Q9BXT2,1
DB12010,Q6P3R8,1
DB03037,Q53908,1
DB03955,Q16706,1
DB03126,Q7Z406,1
DB00865,P08913,1
DB07563,P43235,1
DB03461,P14550,1
DB00246,P21918,1
DB01238,Q14957,1
DB00480,P35354,1
DB06148,P35367,1
DB04540,Q9ULY5,1
DB02196,Q9UBQ6,1
DB06548,P14324,1
DB00490,P35368,1
DB06987,P02788,1
DB00116,Q99707,1
DB14481,P28676,1
DB08590,Q9NWZ3,1
DB03171,P16608,1
DB01841,Q60053,1
DB03323,Q9RHZ6,1
DB07778,P00156,1
DB08341,Q14289,1
DB00869,P07451,1
DB12010,Q9UF33,1
DB01677,P16930,1
DB04405,P39900,1
DB01108,P03372,1
DB00355,P05193,1
DB01511,P34903,1
DB00159,P37231,1
DB02446,P17169,1
DB07653,O14757,1
DB09147,P68871,1
DB00957,P10275,1
DB01236,Q99928,1
DB01621,P28223,1
DB05461,P41595,1
DB00418,Q05586,1
DB00128,P17174,1
DB09093,P0A7U3,1
DB14508,P49841,1
DB08401,O70038,1
DB00228,Q16445,1
DB00972,P35367,1
DB02730,P19961,1
DB03419,Q12882,1
DB06856,P00749,1
DB08058,Q9Y6F1,1
DB00157,Q00796,1
DB04596,Q9AQS0,1
DB01159,Q6W5P4,1
DB02056,P42330,1
DB03467,Q04828,1
DB00603,P28472,1
DB04530,P17612,1
DB00142,P48507,1
DB00184,Q9GZZ6,1
DB15685,P21802,1
DB00723,P25100,1
DB01189,P23415,1
DB11638,C0H4L1,1
DB05129,P11388,1
DB08327,P06875,1
DB04059,P00749,1
DB04879,P35916,1
DB01075,P08172,1
DB00568,Q9P0X4,1
DB04465,Q02834,1
DB11155,Q6GI75,1
DB01593,P19652,1
DB07728,Q16644,1
DB07514,P35968,1
DB06843,P63092,1
DB01942,P0A6K3,1
DB14541,P04150,1
DB00120,O95363,1
DB03761,P00469,1
DB07400,P00734,1
DB01403,P20309,1
DB11638,P04792,1
DB03341,Q16613,1
DB00721,Q9Y691,1
DB01036,P20309,1
DB09078,P17948,1
DB01353,P47869,1
DB01576,P08913,1
DB00273,P54284,1
DB14490,P02794,1
DB07498,P15121,1
DB09078,P35968,1
DB09130,P12814,1
DB00637,Q12809,1
DB05271,P18089,1
DB01972,Q16774,1
DB01288,P08588,1
DB05220,O14965,1
DB04216,P06576,1
DB01148,P11229,1
DB13934,P10275,1
DB04616,P22303,1
DB06738,P41145,1
DB00171,O60706,1
DB02966,P42262,1
DB07178,P9WGR1,1
DB00456,P0A3M6,1
DB04714,P9WFF7,1
DB01597,P16444,1
DB00252,O00305,1
DB02929,P08758,1
DB11638,P07355,1
DB11638,Q8IHS5,1
DB04037,P62594,1
DB07862,Q86XF0,1
DB06780,P08235,1
DB08167,P22303,1
DB01133,Q9Y487,1
DB11623,P08473,1
DB13167,P35354,1
DB08546,P00734,1
DB00126,Q02809,1
DB03212,P0AES2,1
DB07872,P00742,1
DB08814,P35228,1
DB01025,P05230,1
DB00726,P14416,1
DB05959,Q9Y6Q6,1
DB00818,P31644,1
DB02512,P05062,1
DB07016,P00734,1
DB13955,P62508,1
DB03615,P07237,1
DB06237,O76074,1
DB08348,Q460N3,1
DB07471,P24941,1
DB13083,O43174,1
DB02234,P0A094,1
DB01070,P11473,1
DB04450,P08100,1
DB03936,P0A716,1
DB11348,O75340,1
DB04216,P08631,1
DB08412,P01857,1
DB00668,P35348,1
DB00822,P09172,1
DB00555,Q14524,1
DB12010,O76074,1
DB02270,P58758,1
DB00756,P03372,1
DB01595,P47870,1
DB02772,P05655,1
DB00157,Q16878,1
DB00721,P21397,1
DB07964,P78536,1
DB02316,P0A6R0,1
DB07462,P21964,1
DB01489,P14867,1
DB04453,P04746,1
DB13953,Q15596,1
DB00402,P34903,1
DB02594,O00142,1
DB00295,Q9Y6Y9,1
DB04404,P11797,1
DB07950,Q9NZK7,1
DB02494,P62829,1
DB00897,P47870,1
DB00463,P34903,1
DB14533,P03372,1
DB01972,Q9A5I5,1
DB14487,P15531,1
DB04493,Q16877,1
DB07502,P07900,1
DB01865,P0AEK4,1
DB00431,P18505,1
DB07587,P25774,1
DB14631,P04083,1
DB01135,P08172,1
DB07457,O15530,1
DB03989,P39265,1
DB00682,Q9BQB6,1
DB08078,Q03181,1
DB07533,P24941,1
DB00171,O14727,1
DB03783,P23219,1
DB03147,P00438,1
DB08604,P0AEK4,1
DB08960,Q15822,1
DB08815,P28223,1
DB01545,Q99928,1
DB01841,P30920,1
DB04203,P00918,1
DB11952,O00329,1
DB09130,P30101,1
DB09061,P15559,1
DB01745,P07477,1
DB08899,P10275,1
DB08954,Q05586,1
DB01367,P27338,1
DB02336,P12931,1
DB02415,P17315,1
DB02616,P00813,1
DB13643,P31644,1
DB07401,P07919,1
DB00543,P14867,1
DB01472,P21397,1
DB04946,P08908,1
DB00184,Q9UGM1,1
DB02508,P14324,1
DB00555,P47870,1
DB00333,Q05586,1
DB03995,O69007,1
DB00848,P48181,1
DB01685,P47989,1
DB01163,Q8DR59,1
DB08754,Q672W7,1
DB08437,P62913,1
DB00128,Q7L266,1
DB12010,P53667,1
DB00721,P47712,1
DB03721,P42216,1
DB01076,P35869,1
DB08308,P00947,1
DB01110,Q9NSA2,1
DB00191,P21397,1
DB04464,P11350,1
DB03861,Q9Y691,1
DB00696,P35368,1
DB01407,P01138,1
DB00221,P07550,1
DB04646,P83795,1
DB02379,P47929,1
DB01084,P35367,1
DB07435,P52026,1
DB12323,P00519,1
DB09074,Q9UGN5,1
DB08811,P27815,1
DB01717,P16304,1
DB08837,Q9UGM1,1
DB00786,P09237,1
DB14489,P02786,1
DB00277,P30542,1
DB08070,P17612,1
DB07376,P08709,1
DB00334,P08908,1
DB01028,P28472,1
DB00755,Q9NY56,1
DB03570,Q5SHF5,1
DB00408,Q9H3N8,1
DB00715,P08913,1
DB08112,P14900,1
DB01026,Q14994,1
DB08297,P03023,1
DB08651,Q02880,1
DB03003,P09211,1
DB00685,P43702,1
DB02007,P31677,1
DB00514,P17787,1
DB01241,Q07869,1
DB14028,P47870,1
DB03247,P0A3D9,1
DB02098,P12724,1
DB04695,P60472,1
DB04152,P42262,1
DB08646,Q8VUS8,1
DB08577,P11362,1
DB03691,Q9UBX1,1
DB07789,P53350,1
DB01355,Q16445,1
DB00179,P04278,1
DB06153,P28223,1
DB00189,O00591,1
DB08604,O24990,1
DB03174,O31156,1
DB04229,P04377,1
DB01189,P28472,1
DB15035,Q15303,1
DB03147,P37747,1
DB04272,P44725,1
DB01925,P47228,1
DB00775,P05106,1
DB01359,P08588,1
DB01752,Q9H2P9,1
DB11755,P08908,1
DB01836,P07477,1
DB06819,P00800,1
DB00379,P35869,1
DB09204,P35348,1
DB03088,P01709,1
DB00408,P28222,1
DB00759,C9EH48,1
DB03147,P06715,1
DB04555,P42216,1
DB03248,O66496,1
DB08589,P51584,1
DB06603,Q96DB2,1
DB01814,P06971,1
DB12010,O94804,1
DB03171,P00929,1
DB09089,Q13936,1
DB08810,P08908,1
DB08818,Q96S86,1
DB02757,Q92731,1
DB01254,P54756,1
DB00247,P30939,1
DB01392,P28335,1
DB03247,P61949,1
DB09342,Q9UI33,1
DB05460,P09211,1
DB06216,P08913,1
DB14533,P51693,1
DB08289,P01834,1
DB03017,P17900,1
DB00476,Q01959,1
DB08515,P28070,1
DB03624,P13000,1
DB03585,Q9NZK7,1
DB08048,Q15596,1
DB00849,P42262,1
DB00491,O43451,1
DB04315,Q92930,1
DB00241,P34903,1
DB00696,P30939,1
DB00843,P22303,1
DB02447,P11217,1
DB06947,P00734,1
DB00228,P62955,1
DB03496,P11217,1
DB00568,Q01668,1
DB14490,Q16595,1
DB07609,P11509,1
DB02930,P17600,1
DB11638,C0H4X5,1
DB09130,P69905,1
DB00747,P08912,1
DB01645,Q14289,1
DB09555,P35367,1
DB00539,P04278,1
DB06148,Q9H3N8,1
DB00655,P04278,1
DB00241,P43681,1
DB00420,P28335,1
DB09215,P23219,1
DB06153,P08913,1
DB00948,P0AD65,1
DB09513,Q8KT33,1
DB03382,P48147,1
DB00514,P30926,1
DB04656,P15474,1
DB00228,Q9NZV8,1
DB00411,P08172,1
DB00477,P21728,1
DB09093,P0A7W7,1
DB04121,P84077,1
DB01118,Q08289,1
DB11823,Q16620,1
DB11973,P01133,1
DB08773,Q15596,1
DB09017,P78334,1
DB08515,P28074,1
DB01392,P18825,1
DB00115,Q8IVH4,1
DB00129,P78540,1
DB03127,O00244,1
DB00988,P09172,1
DB00391,P00918,1
DB00421,P04150,1
DB06147,Q27738,1
DB00882,P03372,1
DB04315,O07347,1
DB13345,P46098,1
DB02494,P39023,1
DB00157,Q16718,1
DB00607,Q7CRA4,1
DB03147,Q12882,1
DB02321,O34667,1
DB03809,P07900,1
DB01427,Q14432,1
DB00550,P07202,1
DB07841,Q92696,1
DB06216,P18089,1
DB09147,P69905,1
DB01873,P68366,1
DB02511,P46881,1
DB01159,P20020,1
DB01236,P42261,1
DB09232,P54284,1
DB00308,Q9H252,1
DB03697,P00918,1
DB00755,Q16654,1
DB09047,P43700,1
DB04356,P00492,1
DB09061,P05093,1
DB01489,P18507,1
DB09238,O00555,1
DB04385,P0ABF6,1
DB11732,P30939,1
DB08689,P0AEG4,1
DB00363,P34969,1
DB00686,P08620,1
DB09462,Q9NZK7,1
DB12010,Q9UBF8,1
DB00186,Q16445,1
DB01411,P05113,1
DB07933,Q92731,1
DB07482,P27487,1
DB14185,P28223,1
DB01463,Q01959,1
DB04522,P02974,1
DB09166,P47870,1
DB03194,P11226,1
DB11638,Q9BUF5,1
DB13983,P47869,1
DB04522,Q03721,1
DB00540,P08909,1
DB04799,P14927,1
DB12010,Q9P286,1
DB00310,P00915,1
DB01051,Q06AK7,1
DB01558,Q9UN88,1
DB07780,P01116,1
DB12329,P0A7V8,1
DB05015,P56524,1
DB00656,P08908,1
DB05984,P35968,1
DB02342,P04798,1
DB11760,P09874,1
DB03566,P0AFK9,1
DB01354,Q13002,1
DB05540,P30520,1
DB01708,Q99720,1
DB08688,Q9NPJ3,1
DB07915,P47229,1
DB07132,O15530,1
DB01793,P49841,1
DB06616,Q9Y2U5,1
DB02405,P09466,1
DB03648,Q8I372,1
DB04299,Q56232,1
DB04391,P07477,1
DB07349,P11349,1
DB00114,Q9HD40,1
DB07539,P20248,1
DB14011,P23219,1
DB09237,P35228,1
DB00162,O75911,1
DB01110,Q14500,1
DB07798,P11086,1
DB01992,P04035,1
DB00715,P13945,1
DB08901,P11274,1
DB08523,P0A6K3,1
DB00243,Q14524,1
DB00914,Q13131,1
DB08216,P22629,1
DB15569,P01116,1
DB01553,O14764,1
DB09130,P08758,1
DB12010,Q15569,1
DB03310,P10620,1
DB14011,P10635,1
DB00493,Q9Y694,1
DB09041,Q9HGT2,1
DB12695,P67936,1
DB00934,P20309,1
DB08675,Q16647,1
DB06894,Q9I5I9,1
DB12695,P09936,1
DB01043,P18507,1
DB00675,O75469,1
DB03673,P00439,1
DB01259,P00533,1
DB07738,P56817,1
DB06472,P05106,1
DB01593,P23415,1
DB01354,P48169,1
DB07648,O14757,1
DB01088,P43119,1
DB13003,P04150,1
DB02431,P27623,1
DB04688,P01859,1
DB00502,P08913,1
DB12267,Q15303,1
DB00157,P09417,1
DB14487,P02671,1
DB00165,O00764,1
DB01406,P30968,1
DB00921,P35372,1
DB03848,P55055,1
DB00725,P08912,1
DB00907,Q9UQD0,1
DB00922,Q15842,1
DB11093,P0DP24,1
DB00753,Q9UN88,1
DB03566,P08588,1
DB00157,P07864,1
DB03967,P61626,1
DB04082,P0A805,1
DB00543,P11229,1
DB08694,P24941,1
DB01155,P43700,1
DB04924,P14416,1
DB00555,P78334,1
DB00999,Q12791,1
DB00753,P47869,1
DB08586,Q02054,1
DB00143,P35754,1
DB09061,Q16678,1
DB02876,P05364,1
DB00628,Q99928,1
DB07763,P22695,1
DB06247,P42261,1
DB08846,P07451,1
DB03909,Q8ZKR2,1
DB13346,Q969S8,1
DB00998,P28222,1
DB04775,P68133,1
DB03297,O07015,1
DB01329,P0AD68,1
DB00940,P08172,1
DB03814,P36405,1
DB04573,P04278,1
DB00475,Q9UN88,1
DB12228,P06881,1
DB00908,P35348,1
DB11638,P61978,1
DB09130,P07900,1
DB04233,Q9HUR5,1
DB00864,P62942,1
DB01545,P18507,1
DB07213,O14757,1
DB00903,Q9UJU2,1
DB03443,P07477,1
DB12147,P11362,1
DB00648,P03372,1
DB00884,P14324,1
DB08838,P18825,1
DB04200,Q6PKH6,1
DB08733,Q9UKQ2,1
DB01195,Q14524,1
DB02974,P20813,1
DB13872,P34903,1
DB01972,Q08188,1
DB03600,Q51911,1
DB00292,P14867,1
DB00767,P08173,1
DB00532,Q14524,1
DB00641,P20701,1
DB01625,P20309,1
DB04075,Q9HTN2,1
DB01580,P07550,1
DB15624,P53779,1
DB04947,Q01959,1
DB00191,P01303,1
DB00578,P0AD65,1
DB07467,P00918,1
DB06246,O76074,1
DB06861,P00734,1
DB11273,P08588,1
DB06151,O15399,1
DB14501,P02787,1
DB02750,Q7Z2Z2,1
DB15624,P45983,1
DB04241,P16932,1
DB00142,P17735,1
DB13872,P47869,1
DB12267,P00533,1
DB09462,P17802,1
DB00144,Q9BVG9,1
DB14002,P05771,1
DB03169,P04035,1
DB02776,P20261,1
DB01414,P02919,1
DB03909,Q56310,1
DB03277,Q9RHZ6,1
DB04315,P15531,1
DB04474,P31151,1
DB06521,P37231,1
DB11638,Q8ID50,1
DB00241,P18507,1
DB14001,P17252,1
DB04456,P08690,1
DB03461,P11586,1
DB00540,P35348,1
DB00907,P35499,1
DB00312,P14867,1
DB01215,P31644,1
DB01454,P28335,1
DB08574,P55196,1
DB00114,P80404,1
DB01069,Q99250,1
DB02489,P56740,1
DB03173,P07477,1
DB00126,O75936,1
DB03044,Q16539,1
DB09130,P09871,1
DB04260,P00491,1
DB00167,P45954,1
DB00408,P28221,1
DB00715,P28222,1
DB03017,Q9Y6Y9,1
DB08393,O14757,1
DB13269,O60939,1
DB08517,Q5G940,1
DB11638,Q8IM15,1
DB00193,P08913,1
DB06710,P03372,1
DB01069,Q99677,1
DB00317,P00533,1
DB14487,P68871,1
DB01826,P00183,1
DB04442,P07477,1
DB01956,P14867,1
DB11823,P13639,1
DB14487,P00739,1
DB03691,P25779,1
DB00594,P51168,1
DB12010,P51956,1
DB06536,P37231,1
DB13867,P08235,1
DB00157,P05091,1
DB01026,P05093,1
DB00114,P04181,1
DB06446,P28335,1
DB00903,P09211,1
DB00753,P23415,1
DB01577,P27338,1
DB04301,P07477,1
DB01675,Q9UKU7,1
DB03901,P94690,1
DB06931,O95749,1
DB00239,Q04782,1
DB07850,P00811,1
DB02337,Q93088,1
DB07406,P49137,1
DB02652,P15085,1
DB00818,P47870,1
DB06521,O14920,1
DB12010,Q9H4B4,1
DB04084,P49424,1
DB07841,P14324,1
DB01593,P09871,1
DB03832,Q9UKG9,1
DB06838,P02974,1
DB01200,P41595,1
DB00280,P19652,1
DB04272,P05042,1
DB08783,P18031,1
DB03309,P81180,1
DB00695,Q9HC97,1
DB12537,Q99928,1
DB02352,Q16539,1
DB03250,P11217,1
DB12141,Q8WXA8,1
DB01677,P23368,1
DB01191,P28335,1
DB00794,P43681,1
DB00182,Q01959,1
DB09130,P27797,1
DB01043,Q9UN88,1
DB12010,P49841,1
DB00361,P07437,1
DB04147,A0A0H2WWQ9,1
DB11638,P27816,1
DB02930,Q10588,1
DB12010,Q13153,1
DB01553,P78334,1
DB08226,Q8RQE7,1
DB00159,P32418,1
DB00171,P12235,1
DB11638,C0H5C2,1
DB03801,P0A1V8,1
DB01053,A0A0H2XJ39,1
DB01754,P11309,1
DB11638,Q16555,1
DB07663,P00811,1
DB00715,P46098,1
DB07352,Q5G940,1
DB03662,P00509,1
DB13995,P68871,1
DB06958,P07900,1
DB01023,P63316,1
DB05223,Q13547,1
DB08047,P03372,1
DB08405,P0A6A8,1
DB08215,P0C0Y7,1
DB00150,Q9UGM6,1
DB01921,P07986,1
DB04071,P00326,1
DB00142,Q04609,1
DB14672,P28472,1
DB00157,P07195,1
DB00262,P00390,1
DB02684,P07814,1
DB11638,P27635,1
DB04574,Q92731,1
DB01823,P11217,1
DB08795,Q7CRA4,1
DB01252,P37231,1
DB03758,P14625,1
DB08576,O32449,1
DB12141,P28566,1
DB00126,Q6N063,1
DB09327,P04818,1
DB01159,Q01814,1
DB04473,P01857,1
DB11590,P54710,1
DB03679,Q46444,1
DB00344,P23975,1
DB06821,P0AC13,1
DB01639,P00509,1
DB12662,P37231,1
DB01108,Q92731,1
DB05219,P27815,1
DB02709,P68400,1
DB00185,P20309,1
DB01138,P33527,1
DB12831,P03952,1
DB03317,Q9RN68,1
DB00295,P41143,1
DB09118,P34903,1
DB01489,P18505,1
DB08122,P24941,1
DB00555,P46098,1
DB04714,A0R559,1
DB02398,P00749,1
DB08157,P00915,1
DB07385,P15559,1
DB04132,P09211,1
DB01905,P07477,1
DB12010,P17612,1
DB08057,P06239,1
DB01537,P28335,1
DB00909,P35219,1
DB00480,O14788,1
DB01194,P00915,1
DB06882,Q16539,1
DB00926,P28702,1
DB01054,Q13698,1
DB00536,P07998,1
DB00934,P18825,1
DB08646,P29894,1
DB02431,Q7SIB1,1
DB14533,P02790,1
DB03247,Q56691,1
DB07776,P11474,1
DB02482,P08100,1
DB01115,Q13698,1
DB00160,Q7Z2H8,1
DB01016,O60706,1
DB08922,P35348,1
DB01151,P18825,1
DB02701,Q9NXA8,1
DB01189,Q99928,1
DB01846,P10802,1
DB00424,P08172,1
DB02211,P27338,1
DB01104,Q7RTT9,1
DB02615,P03372,1
DB04004,P28720,1
DB07246,P14780,1
DB00897,O00591,1
DB00451,P10828,1
DB06700,P23975,1
DB01068,P78334,1
DB12010,P29320,1
DB07769,P10275,1
DB14533,P41238,1
DB06470,P14867,1
DB12965,P80297,1
DB01110,Q9NPA1,1
DB04115,P0A0N5,1
DB00734,P28223,1
DB02379,Q57366,1
DB04141,P47985,1
DB04602,P61927,1
DB09089,O00555,1
DB03980,Q16539,1
DB06603,Q9UBN7,1
DB09286,P08913,1
DB00313,Q07869,1
DB02379,Q9RX51,1
DB01567,P47869,1
DB04233,P02931,1
DB02187,P14061,1
DB07519,P56817,1
DB00715,P07550,1
DB14488,P02794,1
DB04847,Q9GZT9,1
DB00494,P21964,1
DB09028,P32297,1
DB00228,Q9Y698,1
DB08271,O60882,1
DB03721,P16581,1
DB08784,Q9HBL8,1
DB01708,Q14994,1
DB01069,P0DP23,1
DB09286,P41595,1
DB01873,P04350,1
DB02848,P09467,1
DB08052,P12931,1
DB09207,P14416,1
DB00777,P28335,1
DB05540,P0A786,1
DB03734,P0AES2,1
DB00562,Q9Y2D0,1
DB00193,O15399,1
DB08739,P48147,1
DB03434,P33221,1
DB00334,P20309,1
DB00155,Q6TGC4,1
DB04646,P83797,1
DB01028,P34903,1
DB06248,Q15722,1
DB01235,P21918,1
DB08047,Q15596,1
DB02158,P0AF12,1
DB03615,P0A7S3,1
DB11740,P30291,1
DB01861,P09147,1
DB07552,P07173,1
DB06960,Q9I596,1
DB00243,Q07699,1
DB03619,Q03736,1
DB01244,Q9NY47,1
DB06255,P49662,1
DB01000,P02919,1
DB03637,P35030,1
DB05521,Q9Y6L6,1
DB08918,P31645,1
DB00907,Q9NY46,1
DB04395,Q99661,1
DB06712,P54289,1
DB03374,P33590,1
DB14487,P35527,1
DB01602,P02918,1
DB11148,O60359,1
DB04335,P00491,1
DB01182,Q12809,1
DB03247,P16099,1
DB01212,Q9NSA0,1
DB01559,P78334,1
DB00114,Q9UJX1,1
DB00334,P07550,1
DB00630,P14324,1
DB13955,Q14457,1
DB07091,P00734,1
DB05492,P08913,1
DB01373,Q8TAB3,1
DB04393,O24990,1
DB01370,P05023,1
DB04392,P15559,1
DB08325,Q9HCP0,1
DB00241,P47870,1
DB08356,Q16654,1
DB14001,P49619,1
DB00909,Q9NS85,1
DB09130,P27169,1
DB04464,P06008,1
DB00572,P23415,1
DB12537,P18507,1
DB09061,P04040,1
DB11148,O00305,1
DB01221,P30939,1
DB09090,Q13698,1
DB02854,Q8NBQ5,1
DB03445,P0AD63,1
DB06533,Q07869,1
DB08283,P04062,1
DB02287,P07477,1
DB08795,Q8DR59,1
DB00761,Q13621,1
DB00157,O95168,1
DB00481,P04155,1
DB09130,P10809,1
DB03170,P0A6I8,1
DB12483,O00329,1
DB05260,P01584,1
DB12010,Q8N5S9,1
DB01169,P29590,1
DB04498,P44801,1
DB07441,P01834,1
DB01353,P36544,1
DB00980,P48039,1
DB00736,P20648,1
DB00540,P11229,1
DB00746,P05067,1
DB06853,P07477,1
DB04207,Q9UDR5,1
DB02659,P13073,1
DB07245,P56817,1
DB01873,Q13509,1
DB04212,Q00740,1
DB00368,P08913,1
DB00458,P35367,1
DB01593,P14923,1
DB08620,Q494W8,1
DB11692,P29371,1
DB00754,Q14524,1
DB00315,P30939,1
DB01000,P0AD68,1
DB07379,Q00534,1
DB06884,P62508,1
DB12271,P15169,1
DB00285,Q01959,1
DB02315,O00408,1
DB14487,P01023,1
DB13956,P37059,1
DB00456,Q8DNB6,1
DB14517,P05023,1
DB06240,P08183,1
DB02379,P46926,1
DB00114,P00505,1
DB07911,P47229,1
DB00907,P08172,1
DB01236,P47870,1
DB01409,P08912,1
DB00842,P47870,1
DB04889,P23975,1
DB07425,Q59FW3,1
DB14533,P02765,1
DB00715,P14416,1
DB00677,P06276,1
DB01143,P10696,1
DB02628,P98170,1
DB08818,P16070,1
DB01069,P51582,1
DB02746,P48443,1
DB00189,P78334,1
DB00887,P13569,1
DB00363,P09211,1
DB01876,P07477,1
DB03751,Q9HU22,1
DB08255,Q89ZI2,1
DB01752,P14751,1
DB01224,P08912,1
DB04218,P00813,1
DB09018,P14416,1
DB09130,P08603,1
DB08384,Q9Y233,1
DB08745,P00742,1
DB02294,P00722,1
DB14481,P0DP25,1
DB04534,P35228,1
DB00795,P24752,1
DB00119,Q9BYV1,1
DB03635,O31156,1
DB00770,P43116,1
DB03132,P60174,1
DB12010,Q8IU85,1
DB09239,P35348,1
DB01175,P18825,1
DB09086,Q8NET8,1
DB07229,P07477,1
DB05961,P05155,1
DB08704,Q9KU37,1
DB01394,P07437,1
DB00366,P08912,1
DB00995,O14920,1
DB00508,P11229,1
DB04246,P07477,1
DB07079,P78536,1
DB13025,P46098,1
DB00306,P31644,1
DB01942,P9WPE1,1
DB11994,Q13133,1
DB07917,O60760,1
DB01353,Q16445,1
DB08604,O75469,1
DB09236,Q13698,1
DB08113,P17612,1
DB02468,P09601,1
DB02558,P08473,1
DB11638,Q8IJC6,1
DB13751,Q00653,1
DB04196,Q81VW8,1
DB03912,P0A6I8,1
DB01110,P17658,1
DB08437,P39023,1
DB03963,Q9Y678,1
DB07087,Q15596,1
DB09319,P02918,1
DB01488,P28223,1
DB02016,P48449,1
DB00898,Q15825,1
DB06626,P35916,1
DB05913,P10721,1
DB11324,Q8NER1,1
DB03397,P26572,1
DB01107,Q16445,1
DB03017,Q9UNK4,1
DB01023,Q01668,1
DB05015,Q96DB2,1
DB00173,Q5SL87,1
DB04147,Q4KH25,1
DB07909,P01857,1
DB00067,P37288,1
DB13729,P06307,1
DB01962,P12931,1
DB00313,Q9UKV0,1
DB11219,P03372,1
DB03247,Q9UJM8,1
DB07024,P24941,1
DB00133,O15270,1
DB00182,P35348,1
DB05458,P43681,1
DB15102,P22455,1
DB14515,P05023,1
DB09079,P12931,1
DB07715,Q5G940,1
DB09050,P76577,1
DB13191,P12277,1
DB00564,P35498,1
DB04216,P60709,1
DB11278,P35348,1
DB06851,Q3JUV5,1
DB06738,P35372,1
DB02594,P0AE22,1
DB07303,P56817,1
DB01588,Q16445,1
DB03510,Q8N142,1
DB07338,P32397,1
DB01241,Q9Y6L6,1
DB13872,P18505,1
DB15624,P45984,1
DB07954,O76083,1
DB02379,P00692,1
DB03247,P63462,1
DB09167,P28223,1
DB00533,P15502,1
DB00774,P00918,1
DB07220,P24941,1
DB03753,P23219,1
DB03632,Q13231,1
DB11577,P35348,1
DB01549,P14416,1
DB08395,Q16539,1
DB06859,P00734,1
DB07527,P00734,1
DB00182,Q16568,1
DB08442,P07900,1
DB11348,P41180,1
DB07126,P24941,1
DB00475,P28472,1
DB01631,P80188,1
DB00898,O95264,1
DB12010,Q13627,1
DB00366,P35367,1
DB04132,Q8MU52,1
DB03304,P28720,1
DB00157,Q16795,1
DB03003,P13000,0
DB07563,P21926,0
DB07644,P01127,0
DB00591,Q96PY6,0
DB03416,Q87MW5,0
DB04566,Q99933,0
DB04798,Q9UF33,0
DB03416,A0A0H2Z368,0
DB01059,Q9X286,0
DB07836,P36896,0
DB03867,P42971,0
DB00168,Q8ILK3,0
DB00765,O95169,0
DB08035,Q92637,0
DB00437,Q14181,0
DB07984,P9WPF1,0
DB03612,P54965,0
DB02924,P48729,0
DB03825,Q9NUB1,0
DB03222,P04181,0
DB06787,P19971,0
DB04010,P03905,0
DB01092,P19961,0
DB08752,P35232,0
DB01587,Q08638,0
DB03928,P41789,0
DB03000,Q9P2E9,0
DB02327,P47989,0
DB00540,C6KTA4,0
DB03493,P00390,0
DB07853,C0H419,0
DB07030,Q14833,0
DB04261,P53778,0
DB04408,Q16769,0
DB00218,P10606,0
DB05343,Q84FH6,0
DB02140,P39126,0
DB12733,P0A6I9,0
DB01048,P51451,0
DB05984,Q9BY49,0
DB05796,P32119,0
DB04074,Q56308,0
DB02195,P60709,0
DB01975,Q8RJN8,0
DB02480,P11409,0
DB03180,P0A9S1,0
DB02482,P21728,0
DB03699,P07445,0
DB12612,Q9BXT2,0
DB04459,P23276,0
DB03670,P32722,0
DB00184,Q08499,0
DB03645,Q873X9,0
DB04339,P16640,0
DB08594,P60906,0
DB08827,Q00080,0
DB14527,Q837V6,0
DB07276,P31133,0
DB11136,P13498,0
DB11691,P14751,0
DB05864,P35270,0
DB09093,P13500,0
DB02622,P0A6A8,0
DB08836,P60842,0
DB01980,P20132,0
DB04575,P24228,0
DB06409,Q8WU08,0
DB13167,P21802,0
DB00951,O07015,0
DB01094,P23528,0
DB08050,P01106,0
DB08763,O60568,0
DB03206,Q9UN19,0
DB12874,Q9BQE3,0
DB08476,P0A3S0,0
DB07538,P75914,0
DB08119,P12235,0
DB03707,P35367,0
DB07333,Q59334,0
DB03191,Q9WZ40,0
DB07136,Q12791,0
DB07770,P46597,0
DB08265,P0ACB2,0
DB06414,Q4L5E3,0
DB00645,P80404,0
DB08644,Q8ILF7,0
DB02103,P04234,0
DB02828,P0AG82,0
DB07563,Q9GZT4,0
DB08787,Q92637,0
DB08216,P30520,0
DB07198,O34714,0
DB08163,P77398,0
DB13914,P55882,0
DB04297,P13727,0
DB08503,Q15878,0
DB05294,P51679,0
DB04807,Q14749,0
DB04045,Q7Z5B4,0
DB03604,Q9RA47,0
DB04781,P18507,0
DB01834,Q9H8P0,0
DB02197,P42345,0
DB04839,Q5SKH6,0
DB07470,O75600,0
DB02742,P35368,0
DB00384,P17936,0
DB02879,P35243,0
DB01747,P05109,0
DB08570,P00803,0
DB00503,P51168,0
DB07409,P02656,0
DB07380,P43235,0
DB02300,P22340,0
DB02515,P01889,0
DB08055,P36956,0
DB06912,P22748,0
DB07102,P21802,0
DB13783,P0AD69,0
DB06992,P30101,0
DB00727,P21918,0
DB02664,P0A8Q3,0
DB08436,P45954,0
DB06515,P30749,0
DB03357,P00378,0
DB08197,O14791,0
DB04596,Q8L103,0
DB02730,P35348,0
DB07205,P14780,0
DB08822,P10902,0
DB04212,P10253,0
DB00957,P04181,0
DB09292,P01019,0
DB08580,P0C0Y7,0
DB01909,P15144,0
DB00621,P25021,0
DB02274,Q13443,0
DB01031,P16144,0
DB08037,O95835,0
DB02139,Q9Y234,0
DB03327,Q99870,0
DB00424,Q8I5Y3,0
DB08596,Q96RQ3,0
DB02674,O06644,0
DB00750,P42357,0
DB04810,Q9XB59,0
DB01987,P24630,0
DB04070,Q56691,0
DB11952,C0H4Y6,0
DB02909,Q34522,0
DB09338,Q6L8H2,0
DB07151,P29395,0
DB03673,Q16762,0
DB02195,P00722,0
DB03021,P06307,0
DB08037,Q8I2Z8,0
DB01662,P42681,0
DB01708,Q9L888,0
DB01029,P11684,0
DB03939,Q9F663,0
DB00949,P13981,0
DB07350,Q9X0G9,0
DB11791,P35568,0
DB00581,P10909,0
DB02425,P35241,0
DB00532,Q6WRI0,0
DB09262,P27635,0
DB08543,P49761,0
DB03082,P02931,0
DB07484,C6KTA4,0
DB07913,Q56148,0
DB07097,Q76NM6,0
DB02893,P37001,0
DB04442,P24462,0
DB03685,Q9UGM1,0
DB06739,Q9C098,0
DB08245,Q9FD87,0
DB01567,Q88K39,0
DB00167,Q93086,0
DB01861,Q93LQ9,0
DB03572,A1A2B5,0
DB06734,Q16613,0
DB00767,P12070,0
DB03999,Q02643,0
DB03691,P0A805,0
DB04617,P15531,0
DB03222,P9WND1,0
DB09026,P11021,0
DB04538,O00182,0
DB04188,P09152,0
DB04784,Q9RUZ0,0
DB00788,P04271,0
DB04186,Q5SHN7,0
DB09513,P23945,0
DB06579,Q9HBL8,0
DB03114,Q86VU5,0
DB03470,P72355,0
DB02899,P46736,0
DB03401,P9WPS1,0
DB03931,P07445,0
DB02481,P69908,0
DB04410,P63096,0
DB07195,P49419,0
DB07426,Q7Z2H8,0
DB11235,Q12797,0
DB04891,P35558,0
DB03669,P30874,0
DB00605,P80561,0
DB11757,Q9UM07,0
DB01095,Q8I6U8,0
DB00155,P11362,0
DB04314,Q72EF3,0
DB00424,Q72K87,0
DB00158,P94622,0
DB08788,Q9HD40,0
DB06548,C6KTA4,0
DB08774,Q840M4,0
DB03866,P54289,0
DB12334,P77425,0
DB01887,Q9GV41,0
DB07478,Q53119,0
DB04008,P0A820,0
DB03654,P35346,0
DB03344,P98194,0
DB07925,P16152,0
DB07956,Q9HAZ1,0
DB02746,Q16774,0
DB03559,Q9UI12,0
DB02555,P96622,0
DB04439,P11349,0
DB00237,P13727,0
DB03346,P49281,0
DB00995,P78348,0
DB09053,Q9Y6Q6,0
DB04027,P05187,0
DB07316,P49189,0
DB03562,Q15382,0
DB08811,P0A6L0,0
DB05422,P09466,0
DB03130,P52848,0
DB01858,Q9NXE4,0
DB02986,P41238,0
DB08326,P78352,0
DB04162,Q56320,0
DB01097,P9WNH5,0
DB13953,Q9BYT3,0
DB05490,Q14289,0
DB00257,O00299,0
DB01299,A0A143ZZK9,0
DB02451,O08498,0
DB05944,P63208,0
DB07856,P43681,0
DB08403,P41972,0
DB02136,Q8EBR3,0
DB04863,Q15119,0
DB04828,P01024,0
DB01605,P30838,0
DB02312,Q8IWL2,0
DB07435,P14867,0
DB01694,O14732,0
DB07136,P02679,0
DB00508,Q7NSZ5,0
DB01112,P15273,0
DB01125,Q92696,0
DB07618,P19821,0
DB00879,Q56310,0
DB05541,O75716,0
DB06983,P24092,0
DB07429,P20906,0
DB05475,Q8WY07,0
DB12271,P01920,0
DB03737,P60063,0
DB04158,P36924,0
DB08472,P06971,0
DB07221,P17931,0
DB06635,P08690,0
DB11699,Q8I3T9,0
DB01110,P20964,0
DB02403,P46849,0
DB07856,Q92206,0
DB02921,P55408,0
DB02038,Q52437,0
DB08785,P05166,0
DB00695,Q6LFH8,0
DB04015,P15260,0
DB08742,P06875,0
DB01690,P00497,0
DB00151,O52806,0
DB02937,Q9UHF0,0
DB01803,P29323,0
DB08321,P16591,0
DB02142,Q9ULA0,0
DB00770,P01764,0
DB03484,P02929,0
DB08227,P30968,0
DB14639,P48507,0
DB02408,P07384,0
DB07782,P14867,0
DB01762,P06310,0
DB04322,Q7KZI7,0
DB08605,Q9L9D7,0
DB06154,O75964,0
DB03400,P43116,0
DB01813,P48632,0
DB07127,O34450,0
DB02843,P30531,0
DB08725,O60218,0
DB00447,P00935,0
DB06209,Q47PU3,0
DB02075,P0A6L0,0
DB08367,Q8N1G2,0
DB08423,P10176,0
DB11071,P28566,0
DB08011,Q96EM0,0
DB02151,P19404,0
DB03900,Q96L12,0
DB09421,Q92911,0
DB01633,P48050,0
DB05478,P05165,0
DB04215,P06733,0
DB05087,P10613,0
DB07105,Q99759,0
DB07131,Q14565,0
DB13867,P25021,0
DB04063,P50453,0
DB08088,Q06609,0
DB01069,Q01814,0
DB02992,P25788,0
DB02793,O96221,0
DB03401,P25024,0
DB00996,Q16518,0
DB04009,P10600,0
DB02059,P9WIB9,0
DB09285,Q13285,0
DB07876,P80376,0
DB03118,Q9H2M3,0
DB07697,Q9UJS0,0
DB07237,P05129,0
DB03516,Q92598,0
DB06152,P19784,0
DB04065,P06983,0
DB06472,P25779,0
DB08237,P41250,0
DB08562,P10912,0
DB03196,P60339,0
DB12442,P04003,0
DB06813,O34002,0
DB08623,P08185,0
DB01106,Q15796,0
DB07999,Q8I4W4,0
DB08081,P06396,0
DB02451,Q8I5G6,0
DB02451,Q96RQ3,0
DB07608,Q14520,0
DB03936,Q9Y289,0
DB02511,P0A749,0
DB07889,Q8IDH5,0
DB09371,Q96KG9,0
DB01817,P62136,0
DB06899,P07438,0
DB04224,O95382,0
DB00549,O60931,0
DB06980,P07550,0
DB02869,P10620,0
DB03621,P10620,0
DB01826,P06400,0
DB01903,Q0VD83,0
DB08272,Q9HBH9,0
DB01125,P80040,0
DB00562,Q14289,0
DB00495,P42345,0
DB01017,Q8IWU9,0
DB08598,O15067,0
DB02124,P26918,0
DB04201,P49788,0
DB01033,P04053,0
DB00697,Q08462,0
DB07783,P05695,0
DB04034,Q08460,0
DB07564,P29218,0
DB11967,Q14541,0
DB07407,O00398,0
DB02658,Q8N142,0
DB07615,Q9HU21,0
DB08557,Q969G3,0
DB04612,P25006,0
DB02728,O43447,0
DB03045,A1A2B5,0
DB02441,P01009,0
DB02581,P22088,0
DB06973,O33407,0
DB08359,Q9NP56,0
DB01439,P30531,0
DB03305,Q16222,0
DB00114,Q8N119,0
DB02148,Q96I59,0
DB06512,P01563,0
DB07623,P80297,0
DB08399,P16219,0
DB03248,P0A1X3,0
DB06694,Q8WWQ8,0
DB02222,Q9F663,0
DB08149,P26196,0
DB04122,Q9Y5Y6,0
DB06972,P02786,0
DB00270,P55408,0
DB02375,P18509,0
DB07154,P80040,0
DB02538,P29972,0
DB14544,P63027,0
DB11348,P00742,0
DB01632,Q15208,0
DB03300,P49591,0
DB00339,P0AFU8,0
DB00850,Q9X0P2,0
DB06481,P01023,0
DB00987,Q6GI75,0
DB01935,P0A8Q3,0
DB02895,P15328,0
DB09338,O43837,0
DB07711,Q6A8X5,0
DB00330,P00322,0
DB08511,O66496,0
DB08291,Q8VVD2,0
DB00370,P30305,0
DB06814,P43985,0
DB09102,Q8TAE7,0
DB04522,Q9P289,0
DB04108,Q9X1F8,0
DB12329,Q46393,0
DB00983,P08922,0
DB00270,P36871,0
DB08726,Q92911,0
DB07832,Q9NXB9,0
DB07173,P51852,0
DB07061,P53420,0
DB01899,P05141,0
DB08217,P27707,0
DB01246,Q6NXR0,0
DB00144,P23905,0
DB03802,P05166,0
DB04392,Q4VB53,0
DB05339,Q9RYA6,0
DB09151,P42971,0
DB04138,P55211,0
DB06819,Q8GJ44,0
DB03761,Q8IUR0,0
DB06070,P17846,0
DB09017,P09958,0
DB08312,P54577,0
DB04619,P48058,0
DB05155,Q96GA7,0
DB03564,P08311,0
DB04447,Q5SJI0,0
DB01720,P39377,0
DB07762,P00137,0
DB07827,P15104,0
DB03664,Q9NZQ7,0
DB01097,Q27796,0
DB08598,P00497,0
DB03844,Q99572,0
DB03672,P18825,0
DB02486,P11511,0
DB08393,O87696,0
DB03657,P55055,0
DB04494,P63027,0
DB05913,O75838,0
DB08044,Q9NPF7,0
DB03876,P25963,0
DB01621,P07360,0
DB07028,Q9NPC1,0
DB02758,P94622,0
DB04288,O95168,0
DB04331,P12814,0
DB07160,Q99624,0
DB01785,P01871,0
DB03662,Q7RTX0,0
DB08274,O95167,0
DB01366,P00512,0
DB00862,Q03736,0
DB05514,Q54331,0
DB08868,Q04416,0
DB03835,P27635,0
DB03657,P0A1X3,0
DB08397,P51955,0
DB00753,Q01995,0
DB04745,Q9NPF7,0
DB13421,Q9PM68,0
DB04696,P0C1U9,0
DB07284,P07900,0
DB03710,Q9NPJ3,0
DB07333,O43920,0
DB13158,P45844,0
DB06510,Q59H18,0
DB04127,Q12791,0
DB06660,Q47Q21,0
DB08610,Q9BY41,0
DB08040,Q8IM74,0
DB13908,P24046,0
DB01776,Q83P33,0
DB08283,P0C0Y7,0
DB04075,Q9HU22,0
DB03588,P18846,0
DB02569,P9WN25,0
DB01895,P20132,0
DB01102,O00222,0
DB00259,P32004,0
DB07658,Q15800,0
DB06710,Q14627,0
DB08737,P0A745,0
DB03320,P00749,0
DB01426,Q9Y5R2,0
DB12612,Q9NSD9,0
DB08222,O06796,0
DB02354,Q9C0B1,0
DB07356,P60844,0
DB01320,Q14957,0
DB08364,P11309,0
DB00616,Q8IKW5,0
DB00274,P00414,0
DB01403,P15814,0
DB07765,O00341,0
DB07127,P40238,0
DB03033,Q13363,0
DB02139,P00322,0
DB08889,O94903,0
DB02900,P25100,0
DB04532,Q44048,0
DB07312,P05089,0
DB13951,Q05603,0
DB13994,P30305,0
DB00349,P58335,0
DB09078,Q13188,0
DB08131,P01857,0
DB08727,P77541,0
DB00828,O52646,0
DB00796,P32929,0
DB04982,P06746,0
DB05297,Q86US8,0
DB00712,Q9UJU2,0
DB06124,Q05513,0
DB03238,P57059,0
DB04624,Q00534,0
DB01251,P42443,0
DB07074,P46734,0
DB03751,O95382,0
DB12941,P14751,0
DB08780,Q9NWZ3,0
DB07547,P82543,0
DB00472,Q14978,0
DB07620,P23234,0
DB14639,Q00080,0
DB06616,Q9AGP8,0
DB06989,P0A917,0
DB03320,Q9ZIV5,0
DB04884,Q86US8,0
DB01365,P41020,0
DB12865,Q5SL87,0
DB03598,Q06481,0
DB02211,P37672,0
DB03987,P62508,0
DB12364,P13036,0
DB07236,P39639,0
DB09477,P98194,0
DB03455,Q48255,0
DB01836,P09110,0
DB03307,Q6NS38,0
DB03112,Q48152,0
DB00987,P04391,0
DB03672,Q13164,0
DB08551,P17405,0
DB06940,P49146,0
DB01588,Q92793,0
DB09040,P35089,0
DB03857,P00156,0
DB00810,P09871,0
DB07755,Q60FT7,0
DB08150,P18509,0
DB15647,Q9NSD5,0
DB03440,P02745,0
DB02962,Q53IN1,0
DB07152,Q07973,0
DB07226,P0ABQ0,0
DB08098,O43708,0
DB02267,Q8IL86,0
DB08128,Q13885,0
DB04797,Q8IKL4,0
DB03948,P16218,0
DB00923,P00338,0
DB07020,Q494W8,0
DB08714,P49902,0
DB02750,O75015,0
DB09151,Q6FEW8,0
DB06282,O66145,0
DB00281,Q86VZ1,0
DB04157,Q9BUB5,0
DB09421,Q86UW7,0
DB03487,Q840M4,0
DB06774,P11349,0
DB03124,P08877,0
DB02543,P28566,0
DB06536,P26440,0
DB06472,Q5SJH3,0
DB06413,P77398,0
DB08838,Q53ZE5,0
DB08715,P59846,0
DB07447,P98052,0
DB07488,Q9RC23,0
DB04821,P42685,0
DB08204,P9WH69,0
DB02239,P01127,0
DB03011,P17707,0
DB02629,P95673,0
DB03278,P23434,0
DB07553,P13762,0
DB03100,P40394,0
DB04157,P50747,0
DB04439,Q9KWU1,0
DB02548,Q9KIE5,0
DB02928,P02452,0
DB04322,P08185,0
DB02034,Q16654,0
DB03441,O60513,0
DB01336,P07998,0
DB01047,Q8IBN5,0
DB14185,P32019,0
DB07599,Q05513,0
DB02632,P07339,0
DB04465,P56740,0
DB01489,P07173,0
DB03217,P17291,0
DB03845,P20851,0
DB08674,P48039,0
DB02281,P18314,0
DB01567,O24990,0
DB07364,P24347,0
DB01346,Q96PR1,0
DB06880,O94760,0
DB08463,O00764,0
DB03179,Q9UPZ9,0
DB07746,P27797,0
DB00637,P05798,0
DB03688,P21912,0
DB07715,P83787,0
DB03037,O95718,0
DB03728,Q15393,0
DB07526,P10276,0
DB03830,Q9WYH8,0
DB07642,P07110,0
DB03088,Q9HTN2,0
DB03243,P78334,0
DB06525,P35247,0
DB02553,Q96C86,0
DB07649,A0A023W3H0,0
DB08293,P54317,0
DB04429,P35916,0
DB09074,P48029,0
DB07794,P80377,0
DB07786,P47898,0
DB08062,Q13258,0
DB02641,P18548,0
DB04027,Q8NG66,0
DB07004,Q9NPC1,0
DB03273,P48051,0
DB02309,P31151,0
DB02232,P12676,0
DB01873,P12931,0
DB08182,Q96KS0,0
DB00678,P9WP23,0
DB02192,Q9X242,0
DB01440,Q9ZEU2,0
DB01667,P0AC13,0
DB00117,P78348,0
DB03798,P29559,0
DB08901,P31153,0
DB07088,P07237,0
DB06913,P56220,0
DB00366,Q9PPP5,0
DB01197,P35094,0
DB02184,P00811,0
DB09148,P98052,0
DB00458,Q82IZ1,0
DB00564,P0AGG2,0
DB01602,O43766,0
DB02896,P14780,0
DB13345,Q9P2J5,0
DB04743,P22626,0
DB11582,P0AF12,0
DB08004,P9WHU1,0
DB06946,Q9NRF9,0
DB08180,P06396,0
DB01684,P23882,0
DB12442,P12724,0
DB09333,P33402,0
DB02383,Q16099,0
DB08531,Q16647,0
DB11640,P9WNW7,0
DB00268,P0ACJ8,0
DB08445,P11409,0
DB02303,P26394,0
DB06274,O34667,0
DB06893,Q96A70,0
DB08949,Q96AZ6,0
DB04293,P60880,0
DB05642,P9WI81,0
DB04433,P67910,0
DB06891,Q9UGN5,0
DB03013,O14746,0
DB04876,Q48255,0
DB01964,P55157,0
DB00192,P9WGR1,0
DB01028,O00341,0
DB02486,P30626,0
DB03591,P51955,0
DB04583,C1KC03,0
DB05219,P27302,0
DB08099,Q8WWQ8,0
DB03473,Q01770,0
DB06791,P49619,0
DB08692,Q9HU22,0
DB01685,Q9NWZ3,0
DB03974,P0ABK9,0
DB00210,Q9UGI5,0
DB02803,Q8IB78,0
DB04782,Q14565,0
DB04561,P0A9D2,0
DB02559,P07741,0
DB08697,P9WQG9,0
DB08392,P0AE22,0
DB05229,P68826,0
DB04749,P27142,0
DB02679,P30939,0
DB02162,Q14831,0
DB01345,P22088,0
DB07967,P35228,0
DB03904,P26276,0
DB12455,Q8IM16,0
DB03327,P83792,0
DB00119,P0C0J0,0
DB08190,Q9NZK7,0
DB02042,O75747,0
DB00747,P51687,0
DB04771,P01871,0
DB00446,P19801,0
DB01917,P10276,0
DB02283,P81180,0
DB07223,Q15637,0
DB07657,Q46893,0
DB06864,O13332,0
DB00990,Q9ULW8,0
DB07830,Q16647,0
DB02660,P08123,0
DB00324,P06858,0
DB03756,P52569,0
DB03284,P05062,0
DB07538,P25052,0
DB00630,O15403,0
DB07412,Q16595,0
DB05792,P58335,0
DB02755,Q54276,0
DB01161,P37321,0
DB00455,P43115,0
DB03238,Q9RA63,0
DB04243,P39045,0
DB07514,Q9UHF0,0
DB02175,Q92800,0
DB08258,P05155,0
DB08782,P01764,0
DB08635,P50440,0
DB13437,Q8IW54,0
DB03277,P9WPN5,0
DB02780,Q96RI1,0
DB00309,P08729,0
DB00523,Q51705,0
DB00794,Q14957,0
DB05351,Q48255,0
DB02501,Q9UJ70,0
DB00182,Q9Y296,0
DB07942,P35232,0
DB04771,P0AFK9,0
DB00548,P35346,0
DB02097,Q9UHC9,0
DB01418,Q99456,0
DB01919,P20701,0
DB04602,O75911,0
DB02711,Q9UGJ0,0
DB08911,P84098,0
DB03842,Q8I487,0
DB04537,Q6GI75,0
DB07645,P50870,0
DB04418,P37001,0
DB04875,O66529,0
DB13036,P07986,0
DB13951,Q6IBS8,0
DB14528,Q9NYK1,0
DB01233,Q3JWH7,0
DB07339,P37001,0
DB06782,Q81ZL8,0
DB03847,P46336,0
DB01814,P29723,0
DB03741,P29460,0
DB04615,P0A1P6,0
DB04395,P20020,0
DB09006,Q81F54,0
DB03792,Q8I6U8,0
DB03112,P21554,0
DB08421,Q96GR2,0
DB04817,O00141,0
DB00240,P37173,0
DB07200,P00736,0
DB07882,Q99418,0
DB01831,Q14081,0
DB00589,Q9X0G9,0
DB02659,Q56839,0
DB08379,P77444,0
DB08703,O60840,0
DB03612,P0A6R0,0
DB02229,P00441,0
DB02092,P36673,0
DB08818,O75900,0
DB00741,P62316,0
DB00440,P10909,0
DB04248,P49247,0
DB00458,Q9H3M0,0
DB00175,Q9HYN5,0
DB00188,Q13630,0
DB02643,Q96EN8,0
DB08670,Q99677,0
DB15496,P9WHE9,0
DB01811,Q59EB3,0
DB07209,P51648,0
DB04084,P36959,0
DB07650,P17707,0
DB09095,Q04609,0
DB08020,P17538,0
DB01373,P35527,0
DB02211,P0A9M5,0
DB04015,Q9Y285,0
DB04669,Q9FD87,0
DB02829,P77398,0
DB01336,C6KT50,0
DB07556,O43570,0
DB01650,Q03431,0
DB03636,Q9Y600,0
DB07467,P06875,0
DB11201,O15393,0
DB08291,Q8IVL6,0
DB02644,Q15825,0
DB07146,P83844,0
DB11217,Q5SII2,0
DB07976,P94182,0
DB03849,Q96A70,0
DB04209,P40429,0
DB08327,P06850,0
DB04359,Q9UHC3,0
DB07691,O95907,0
DB03919,O87696,0
DB05667,Q9BTZ2,0
DB08411,Q92918,0
DB06213,C9EH48,0
DB02197,Q56748,0
DB01435,Q6TGC4,0
DB02348,P31151,0
DB00723,Q32MK0,0
DB02019,Q57366,0
DB00558,P14642,0
DB07760,Q9I194,0
DB02393,O15403,0
DB08804,P13507,0
DB07364,Q47066,0
DB07286,P07339,0
DB02125,P02786,0
DB02935,Q9UQQ2,0
DB03746,Q96C36,0
DB02585,Q9NXB9,0
DB03133,Q9ZAG3,0
DB02665,Q15185,0
DB03064,P03951,0
DB00877,P06149,0
DB01440,P40926,0
DB12379,P22939,0
DB07030,P00861,0
DB08637,Q46509,0
DB00583,P05106,0
DB00202,P20701,0
DB08473,O24990,0
DB02910,P27695,0
DB01947,O75715,0
DB03190,Q57193,0
DB07125,P10340,0
DB08279,Q6NUM9,0
DB02448,P78508,0
DB03200,Q8NI22,0
DB01665,P19480,0
DB08334,Q9X757,0
DB08030,Q56313,0
DB07723,P08865,0
DB07952,P14679,0
DB04693,Q9HYN5,0
DB01466,P00183,0
DB02491,P55055,0
DB01354,Q8ID50,0
DB12177,Q16877,0
DB08639,P80294,0
DB08273,P16473,0
DB02790,Q9H2K8,0
DB04679,P32929,0
DB01875,P46663,0
DB02153,P32722,0
DB08552,P43702,0
DB02717,Q6UWP2,0
DB01080,P25052,0
DB02185,P49619,0
DB07291,P08913,0
DB07902,P84141,0
DB01782,P11086,0
DB01630,P18031,0
DB08254,Q02779,0
DB03544,P63104,0
DB01881,P05120,0
DB08767,P00691,0
DB07737,Q9NRH2,0
DB08569,P31949,0
DB11328,P35222,0
DB13953,Q9RA63,0
DB01189,Q8IAW0,0
DB08662,Q59EB3,0
DB08260,Q9UNQ0,0
DB02724,P01116,0
DB03668,Q99933,0
DB08506,P49916,0
DB07926,Q08462,0
DB04843,Q13557,0
DB01577,P47205,0
DB03485,Q8GMG0,0
DB02823,P16608,0
DB03730,Q96I99,0
DB07366,Q8KN66,0
DB07895,P14061,0
DB00328,Q13163,0
DB03880,O75438,0
DB04610,Q16620,0
DB07829,P35089,0
DB02945,P31948,0
DB08901,Q9UI33,0
DB11219,P12814,0
DB08299,P22897,0
DB01865,Q15078,0
DB07539,P02925,0
DB00724,P30038,0
DB00179,Q9P0X4,0
DB08619,P11998,0
DB00844,P06971,0
DB11986,Q59931,0
DB03082,Q96L12,0
DB11071,Q8IDQ9,0
DB01183,Q14376,0
DB09223,O68600,0
DB08818,P10589,0
DB08046,P16544,0
DB06408,P11166,0
DB02567,P15336,0
DB08435,P32418,0
DB03052,P9WND1,0
DB03109,Q47Q21,0
DB06834,P83787,0
DB02526,P09493,0
DB07099,P63092,0
DB00760,Q9ULW8,0
DB04037,P0A4L9,0
DB08510,P19909,0
DB04099,P30613,0
DB03040,Q9UF33,0
DB03337,P9WI73,0
DB02213,P31644,0
DB07356,P07515,0
DB02113,Q9NVS9,0
DB00653,P30084,0
DB07882,P48181,0
DB09198,P0AB71,0
DB00671,Q969I3,0
DB07481,Q5RT80,0
DB03501,Q9UNX9,0
DB07795,Q08170,0
DB07528,Q88CZ6,0
DB06521,O60603,0
DB01251,Q7RTX0,0
DB03703,C0H4Y6,0
DB07467,P83787,0
DB01291,P09238,0
DB01105,P28472,0
DB07093,P00390,0
DB02600,P62580,0
DB01865,P19079,0
DB01588,P05556,0
DB06997,P30405,0
DB07525,Q16769,0
DB07143,P62269,0
DB03936,Q86XF0,0
DB00939,P01308,0
DB03541,O34453,0
DB04586,P23246,0
DB03626,Q9HB40,0
DB03170,O95255,0
DB03010,P05090,0
DB04424,Q99714,0
DB01639,P13376,0
DB00006,Q8NCM2,0
DB04797,P02768,0
DB04553,Q13547,0
DB09324,Q99828,0
DB02415,P01877,0
DB06853,Q05586,0
DB04549,Q06033,0
DB03848,P9WNH5,0
DB02272,O75251,0
DB11753,P9WI73,0
DB02780,O15392,0
DB06821,Q9UF33,0
DB09225,Q9UQL6,0
DB00443,P16100,0
DB08219,O94956,0
DB06971,P78330,0
DB07246,Q05329,0
DB04576,Q9RA63,0
DB08622,Q01693,0
DB02717,P03956,0
DB04760,Q9JZW6,0
DB08267,P00778,0
DB09186,O14920,0
DB07527,P27348,0
DB08740,P32890,0
DB07121,Q05901,0
DB01576,P05187,0
DB01488,P0A434,0
DB07511,P00148,0
DB11359,P48449,0
DB07763,P04839,0
DB00545,P43403,0
DB04764,Q9NRP7,0
DB08655,O75489,0
DB03223,Q9BZZ2,0
DB01250,O00264,0
DB06185,Q9Y4U1,0
DB06267,O94956,0
DB08890,P53779,0
DB09166,P72524,0
DB08027,Q57366,0
DB00391,Q9H3M0,0
DB01047,Q8IW41,0
DB02811,P51852,0
DB03717,Q4L5E3,0
DB03178,O75874,0
DB02309,P35462,0
DB12695,P06858,0
DB08766,P01552,0
DB02309,O31168,0
DB00374,Q99653,0
DB00365,P35498,0
DB08171,P11717,0
DB03644,Q8RQE8,0
DB01719,P05023,0
DB01326,Q8NEB9,0
DB02143,P11413,0
DB08535,P08887,0
DB13581,Q15746,0
DB03042,Q8N1Q1,0
DB03469,Q15078,0
DB03028,Q9UJT0,0
DB01549,P27797,0
DB03890,P29590,0
DB12130,Q9UP95,0
DB01935,L0DSL2,0
DB01656,Q9BVG9,0
DB06736,Q93088,0
DB00528,P50391,0
DB00685,P01730,0
DB03247,P05231,0
DB09166,P9WFF5,0
DB02878,O60568,0
DB02363,P02766,0
DB08663,P16115,0
DB01303,P0ADY7,0
DB07274,Q56313,0
DB12731,P30530,0
DB02868,Q13393,0
DB00899,P9WN38,0
DB06910,Q46704,0
DB03233,Q15904,0
DB11737,Q6TGC4,0
DB09097,Q86V67,0
DB09389,Q9Y2I1,0
DB00824,P37088,0
DB06942,P50281,0
DB04485,Q13526,0
DB02931,Q9HCP0,0
DB04892,P42766,0
DB06850,Q86U10,0
DB04496,P09172,0
DB02004,P11597,0
DB04733,O96221,0
DB04157,Q8IZS8,0
DB05792,Q9KX40,0
DB01766,Q13332,0
DB06345,Q9RVD6,0
DB03294,Q99798,0
DB00908,O00398,0
DB11943,P00374,0
DB08093,Q5SID9,0
DB04783,Q96MA6,0
DB04723,P21333,0
DB00364,P02931,0
DB04920,Q8TD43,0
DB08066,P52569,0
DB00340,Q07021,0
DB06442,P04792,0
DB04201,P19992,0
DB03351,P14923,0
DB01685,P15086,0
DB01425,P0DP25,0
DB01852,P29322,0
DB04875,P65389,0
DB02517,Q70I53,0
DB02166,P31213,0
DB03676,Q96ER9,0
DB00818,Q16555,0
DB01023,P33316,0
DB01970,P00846,0
DB05104,Q96RI1,0
DB02163,Q9BUB5,0
DB03585,P80404,0
DB01034,P30988,0
DB00136,Q9Y666,0
DB06951,O52806,0
DB06515,Q56748,0
DB03110,P00451,0
DB00315,P05042,0
DB01280,P0C188,0
DB08668,Q00535,0
DB08107,Q9Y2K2,0
DB07280,P08631,0
DB03106,P0A115,0
DB07035,C6KT50,0
DB07572,P54278,0
DB04764,P08648,0
DB01090,P11444,0
DB08544,Q8WY07,0
DB02492,Q53IN1,0
DB02684,P00746,0
DB04121,P26010,0
DB00605,Q8II92,0
DB08907,P36544,0
DB14526,P06576,0
DB04834,P12268,0
DB08163,P35625,0
DB02411,Q5KSL6,0
DB03661,P56282,0
DB01108,O14874,0
DB02270,Q9N623,0
DB00758,P29894,0
DB03264,P31749,0
DB08395,P00148,0
DB07154,P10515,0
DB09006,P08620,0
DB03559,P15538,0
DB02383,P25815,0
DB00233,P40616,0
DB07332,Q01668,0
DB08137,P9WJ63,0
DB07952,P15328,0
DB00381,P83844,0
DB08439,P02763,0
DB02474,Q9UBM7,0
DB03897,P21802,0
DB08639,P20292,0
DB03961,P00935,0
DB04210,P9WNL5,0
DB01704,Q8N8R3,0
DB00120,P0A9E0,0
DB02591,P09038,0
DB08250,Q8IDI5,0
DB05155,Q7MUW6,0
DB03929,P01857,0
DB00416,P0A915,0
DB08177,P35367,0
DB02697,Q46705,0
DB07596,Q14697,0
DB03256,P19838,0
DB02306,Q07820,0
DB07943,P38489,0
DB04408,Q13131,0
DB01340,P16640,0
DB04440,P80040,0
DB04523,Q9KFR4,0
DB03325,P0AEG4,0
DB00474,P62736,0
DB07776,P51858,0
DB01631,Q75UV1,0
DB00284,P62661,0
DB01795,P01584,0
DB09223,Q9UKY3,0
DB03015,P43681,0
DB09332,Q701N4,0
DB02711,F5GY58,0
DB00988,Q969I6,0
DB14034,Q16739,0
DB04768,P46881,0
DB01968,O95069,0
DB00323,O15269,0
DB07474,Q9Y6L7,0
DB02312,P18548,0
DB00828,P12676,0
DB08560,P81989,0
DB06133,Q9BVJ7,0
DB11689,P05166,0
DB01356,P23882,0
DB07206,Q9HYN5,0
DB04842,P00484,0
DB03382,Q16518,0
DB12483,P06748,0
DB04336,P61497,0
DB03075,Q9Y2J8,0
DB08474,P0A115,0
DB04669,Q9KWT6,0
DB00979,Q6PKH6,0
DB03530,P12268,0
DB07717,P0A3S0,0
DB07058,P49190,0
DB03141,O25323,0
DB03158,Q4W9V8,0
DB02087,A1Z199,0
DB03258,Q9F5I8,0
DB01959,P15813,0
DB02936,P09598,0
DB02464,P20339,0
DB04103,Q9H2P9,0
DB11085,P0AGG2,0
DB07261,P09788,0
DB06210,P17844,0
DB11496,P17169,0
DB03686,P98066,0
DB01778,Q08499,0
DB08557,P00966,0
DB03104,O75251,0
DB07537,P00947,0
DB01190,O68600,0
DB04377,Q5SJ79,0
DB03808,Q9WYT0,0
DB00956,P62594,0
DB00741,P48551,0
DB00780,Q9LAG2,0
DB00179,P27816,0
DB14515,P10828,0
DB07267,O15923,0
DB07765,P51787,0
DB02336,P17117,0
DB05137,Q15750,0
DB03311,A7B6P0,0
DB01023,P0AB77,0
DB05075,Q01782,0
DB07905,P11766,0
DB02652,O95298,0
DB08154,P24666,0
DB08118,P20393,0
DB09273,P08581,0
DB03854,P16422,0
DB01194,P05156,0
DB03919,Q9L6V3,0
DB04873,P84887,0
DB06967,P02766,0
DB07476,Q84FH6,0
DB08211,P10092,0
DB08054,Q93088,0
DB06891,P36021,0
DB03462,P65389,0
DB04109,P43522,0
DB07336,Q16795,0
DB14526,Q939N4,0
DB00721,P61457,0
DB00564,Q9L5C8,0
DB05428,Q00613,0
DB05461,P23528,0
DB09069,Q12797,0
DB04610,Q96RQ3,0
DB09274,P01589,0
DB00409,P9WK17,0
DB02840,P46336,0
DB12163,Q9BW92,0
DB07985,P01137,0
DB09338,Q16595,0
DB14518,P32427,0
DB09202,Q8NEV4,0
DB07134,Q873X9,0
DB06333,P61313,0
DB07929,Q13509,0
DB04970,Q99870,0
DB02635,Q8TF76,0
DB00408,A0A0H2WWQ9,0
DB01065,Q15910,0
DB03414,P07464,0
DB07844,Q56148,0
DB08521,P35557,0
DB07950,P07110,0
DB04505,Q9HBH9,0
DB03083,P06733,0
DB08014,Q7L7X3,0
DB00842,P10632,0
DB00389,P83849,0
DB07483,P45880,0
DB13929,P13196,0
DB03320,P63462,0
DB04380,P11586,0
DB07059,P29965,0
DB01824,Q05397,0
DB01846,Q13426,0
DB00360,Q06033,0
DB00613,P42898,0
DB02072,Q8KNZ7,0
DB01080,A0A0M3KKX1,0
DB03976,P03897,0
DB11079,Q9A1B7,0
DB07847,P94548,0
DB03657,P51172,0
DB08874,O77323,0
DB02102,Q46856,0
DB07622,P55011,0
DB00268,P35243,0
DB06497,Q8N159,0
DB04665,Q87MW5,0
DB08165,P46059,0
DB04680,P00568,0
DB06518,P10912,0
DB02418,Q06203,0
DB03999,Q969S8,0
DB11723,P35858,0
DB01043,P26393,0
DB03558,P38038,0
DB04762,P11717,0
DB02754,Q3IWB0,0
DB01104,P02671,0
DB01345,Q9UQM7,0
DB08461,P14920,0
DB06835,P23219,0
DB04809,Q6IB77,0
DB00374,Q86VB7,0
DB03214,P38516,0
DB04727,P0AEZ1,0
DB01987,P29275,0
DB08493,Q8TC12,0
DB08022,P55017,0
DB13061,P49789,0
DB08168,P27487,0
DB03863,P00634,0
DB07932,Q9Y5S8,0
DB02023,P10912,0
DB01719,P10599,0
DB08304,Q9HC29,0
DB00415,Q47644,0
DB05767,Q15569,0
DB01024,Q9NYR8,0
DB03495,Q14654,0
DB07170,P36924,0
DB07063,P34913,0
DB03824,P83796,0
DB02630,P02675,0
DB06960,P19992,0
DB02929,P14550,0
DB08091,P63096,0
DB02543,P11444,0
DB03137,P06276,0
DB01406,P27623,0
DB08535,Q58L87,0
DB01436,Q9UPZ9,0
DB06943,Q99623,0
DB08428,Q9X1F0,0
DB08528,P15034,0
DB00554,Q9KVB4,0
DB06959,O75716,0
DB07706,Q7K9G0,0
DB01425,P00915,0
DB00809,P56740,0
DB02828,P35080,0
DB02665,P49915,0
DB07406,Q99572,0
DB12518,P49588,0
DB08611,Q15746,0
DB07078,Q16322,0
DB04092,P21890,0
DB07343,P08493,0
DB02005,P00582,0
DB01228,Q9WWU5,0
DB02289,P72525,0
DB00571,Q9Y6T7,0
DB04660,Q18BX5,0
DB02719,P71278,0
DB02238,P30901,0
DB01170,Q16513,0
DB07000,P23246,0
DB14754,Q8IWL2,0
DB03661,Q8I4R5,0
DB03615,P61432,0
DB03605,P29275,0
DB07045,Q59961,0
DB08038,Q9ULW8,0
DB07692,Q7Z460,0
DB08626,Q8DNB6,0
DB03857,Q8ILK3,0
DB02854,P04271,0
DB00741,P46439,0
DB08056,Q9FCA6,0
DB03632,P49146,0
DB08305,O43293,0
DB04176,P16083,0
DB03528,P53848,0
DB07359,Q9Y2K2,0
DB02559,Q746J6,0
DB08674,P20711,0
DB01191,Q9Y234,0
DB08005,O60658,0
DB02908,P0AC44,0
DB07736,P43003,0
DB04528,Q6GGU4,0
DB01936,P09622,0
DB02799,P40259,0
DB05501,P04926,0
DB00982,P54716,0
DB02059,P20138,0
DB04892,P0A6H7,0
DB03490,P00749,0
DB07873,P26951,0
DB00184,Q48255,0
DB08132,Q9Y6E0,0
DB00763,Q45135,0
DB04655,P40261,0
DB08745,P08559,0
DB14072,P05412,0
DB07655,P9WI73,0
DB07165,P62219,0
DB00673,Q46893,0
DB03657,P12461,0
DB08146,Q9RHZ6,0
DB08357,P50579,0
DB02374,A0A045ISQ8,0
DB06345,O43497,0
DB08399,Q93RD8,0
DB03242,Q13873,0
DB07339,Q6DT37,0
DB13931,Q3J1A6,0
DB02992,P69772,0
DB02375,P41022,0
DB02466,Q96GD3,0
DB04194,P48637,0
DB04716,Q9BTZ2,0
DB11596,Q9H2S1,0
DB07272,P52699,0
DB06248,P46439,0
DB02595,P18850,0
DB02787,Q14500,0
DB07165,P17538,0
DB00522,P48060,0
DB12107,P62623,0
DB00194,Q54089,0
DB01979,Q9HGT2,0
DB14542,P43490,0
DB07242,Q9C0B1,0
DB05087,P0A8M5,0
DB08476,Q05209,0
DB05984,Q00536,0
DB00849,P56220,0
DB04296,P84077,0
DB08325,P01130,0
DB00967,Q00080,0
DB08559,P13922,0
DB03573,Q14831,0
DB01815,P49591,0
DB07876,O60706,0
DB00315,P08337,0
DB03200,P04035,0
DB01909,P08574,0
DB04807,P83794,0
DB07562,P63098,0
DB08107,P48039,0
DB03804,O60551,0
DB07055,P0A8D6,0
DB08154,P62955,0
DB08319,P49424,0
DB08419,Q7SI98,0
DB07740,P60906,0
DB06738,Q7KZI7,0
DB02632,P39841,0
DB07565,P61320,0
DB00197,P37551,0
DB01876,Q14680,0
DB05659,P07947,0
DB02561,P50921,0
DB06974,P08179,0
DB04187,P0A6Y5,0
DB08541,P35520,0
DB02857,P48551,0
DB04173,Q51792,0
DB06800,Q9H2M3,0
DB08541,O60895,0
DB06921,P15954,0
DB05710,Q16816,0
DB01548,P0A017,0
DB02644,P17596,0
DB00361,O15264,0
DB06538,P21926,0
DB08682,Q9ZLT0,0
DB03841,Q13231,0
DB03541,P01848,0
DB07059,Q04771,0
DB04564,Q93050,0
DB11160,P12429,0
DB07676,Q9X0D0,0
DB08395,P22309,0
DB06862,P11797,0
DB02766,Q9WZ57,0
DB14067,P49760,0
DB09230,Q969P6,0
DB06936,P25786,0
DB12478,Q92806,0
DB02664,P48736,0
DB06879,P25311,0
DB03840,P11409,0
DB08405,P17297,0
DB01017,O60701,0
DB04220,O07015,0
DB00817,Q6W5P4,0
DB07068,P04141,0
DB14014,O15393,0
DB01288,P06986,0
DB06345,P60900,0
DB07956,P19784,0
DB02722,Q99436,0
DB01941,O25096,0
DB00449,Q8NFW8,0
DB01669,Q81F54,0
DB07178,Q15031,0
DB02470,Q836J0,0
DB00366,P47900,0
DB07664,P17584,0
DB13581,Q9BXT2,0
DB01619,P42685,0
DB04205,P51151,0
DB07378,Q693P7,0
DB11217,Q7KZI7,0
DB00720,Q7BK04,0
DB04307,P00451,0
DB03136,P06202,0
DB01788,P28329,0
DB08334,P22413,0
DB03845,P80188,0
DB12450,P14677,0
DB00530,P11712,0
DB00932,C6S3C7,0
DB03859,P02788,0
DB04381,C6KTA4,0
DB01922,Q47066,0
DB03552,O85465,0
DB00222,P29475,0
DB03680,P41091,0
DB04131,Q9KM65,0
DB08574,P07097,0
DB08350,P30038,0
DB04053,P08758,0
DB03668,Q72LA6,0
DB00482,P69441,0
DB04197,O75964,0
DB03403,O75676,0
DB08123,P33447,0
DB00369,P9WK17,0
DB03733,Q05488,0
DB00824,Q969S2,0
DB07411,Q9X0G9,0
DB07534,Q02880,0
DB08908,Q9HAN9,0
DB00744,Q9Y646,0
DB07624,P9WKE1,0
DB07543,P68871,0
DB00854,P96558,0
DB08802,P00846,0
DB03506,Q9X0P2,0
DB03658,P43876,0
DB01750,Q8TD43,0
DB04392,O95259,0
DB06817,O95750,0
DB03449,P25053,0
DB05871,Q02054,0
DB06862,P27169,0
DB08074,Q6GI75,0
DB00871,C1KC03,0
DB06148,P48664,0
DB00405,P41180,0
DB02995,P27707,0
DB01427,P53041,0
DB00910,P49286,0
DB08960,Q14103,0
DB07520,P29377,0
DB05271,P30086,0
DB03394,Q16602,0
DB02341,P00436,0
DB02578,P07602,0
DB07684,P00533,0
DB11779,P19634,0
DB00664,O96221,0
DB01321,C0H4Y6,0
DB06837,Q99759,0
DB00336,P34903,0
DB03214,Q7WUJ1,0
DB00704,P54760,0
DB07797,P16473,0
DB03983,P62580,0
DB01137,P50579,0
DB04467,P09382,0
DB07816,Q9NPH2,0
DB01704,Q9Y6M9,0
DB04311,P02748,0
DB03351,Q86YB8,0
DB07481,P19622,0
DB00927,P0A017,0
DB01255,P06401,0
DB04889,P04958,0
DB02413,Q53547,0
DB07303,Q9NVS9,0
DB05047,P14262,0
DB07764,P43088,0
DB01599,O14841,0
DB08185,Q8I2Z8,0
DB13643,P07515,0
DB05885,P43657,0
DB03260,A0A023W3H0,0
DB11614,P0A9M5,0
DB07959,P52961,0
DB01592,P41407,0
DB00642,Q13421,0
DB00161,O15067,0
DB04526,Q9BY41,0
DB04762,P0C0J0,0
DB07013,Q81VW8,0
DB07564,P20231,0
DB06899,P0A1V8,0
DB08089,P00519,0
DB02765,P42790,0
DB01786,P62619,0
DB04117,P95468,0
DB04763,P26394,0
DB02694,P23786,0
DB08067,P06280,0
DB08494,P01768,0
DB06850,P30988,0
DB08418,P41022,0
DB13914,P0C0Y7,0
DB02553,Q5SLP8,0
DB07961,P95780,0
DB00484,Q14457,0
DB03262,P9WJM7,0
DB04405,O94903,0
DB03878,P15260,0
DB04252,P22792,0
DB00636,Q9F6D4,0
DB03502,A9JQL9,0
DB01097,O75469,0
DB07877,Q01581,0
DB04502,Q6GI75,0
DB08682,P9WPB7,0
DB03503,P08506,0
DB01393,O75330,0
DB00346,P54997,0
DB08251,P0C8P8,0
DB03728,P02763,0
DB02773,P0AEZ1,0
DB08130,O34974,0
DB06964,P54762,0
DB04123,P22262,0
DB00387,O94768,0
DB02691,P68133,0
DB00906,P9WNW7,0
DB07181,P10515,0
DB03489,Q9Y296,0
DB08755,Q8N142,0
DB00586,P00101,0
DB07890,P0AE18,0
DB14499,Q00653,0
DB08377,P09850,0
DB01137,A0A023W3H0,0
DB05316,P98194,0
DB13119,P09488,0
DB02334,P28161,0
DB00926,P16519,0
DB07065,Q9UEW3,0
DB07185,Q8I487,0
DB04520,P59998,0
DB08901,Q99470,0
DB03763,Q88H32,0
DB11363,P16519,0
DB07500,P44868,0
DB08486,O75533,0
DB02717,Q9X1T2,0
DB08371,P50281,0
DB08145,Q16512,0
DB06847,P0A6D3,0
DB00127,P01019,0
DB00884,P31133,0
DB09286,P37268,0
DB04768,P49788,0
DB03327,Q46730,0
DB07679,P08373,0
DB03222,Q7AUG5,0
DB05993,P0C0F4,0
DB08258,P06008,0
DB06521,P02679,0
DB02783,Q5SSJ5,0
DB02597,P04818,0
DB08190,Q86V67,0
DB02995,P46072,0
DB07065,Q99677,0
DB00915,Q13093,0
DB00822,P18177,0
DB00247,Q99643,0
DB07609,Q6WRI0,0
DB03262,P45983,0
DB07624,Q9H1R3,0
DB06971,P06875,0
DB00169,P00742,0
DB07754,Q14894,0
DB02196,P41250,0
DB08753,P9WHE9,0
DB12789,Q9UHC9,0
DB01982,P9WGY3,0
DB07763,P13830,0
DB04884,Q8IDH5,0
DB08399,A1L3X4,0
DB04408,P09147,0
DB03344,P13716,0
DB02010,P9WJM7,0
DB06947,P15509,0
DB00524,P83788,0
DB00719,Q16288,0
DB01779,P01709,0
DB03169,P06753,0
DB02154,Q5SJ76,0
DB05422,P28223,0
DB01669,P76577,0
DB07655,Q9ULY5,0
DB13257,Q460N3,0
DB07405,Q8IKK7,0
DB02843,P00137,0
DB08635,P16640,0
DB00176,P15770,0
DB05501,P0A733,0
DB03486,P0A8V2,0
DB07769,P04278,0
DB00855,P61497,0
DB03811,O35000,0
DB07610,P0C2P0,0
DB02683,P08758,0
DB01165,P49228,0
DB08737,P0A8V2,0
DB07018,Q98GN8,0
DB03022,O69755,0
DB08282,P06653,0
DB07460,Q9X1B3,0
DB06832,P50613,0
DB02367,P43813,0
DB04254,P0AGE0,0
DB04241,O43519,0
DB00632,Q13873,0
DB04634,P56181,0
DB02168,Q9BQ31,0
DB08259,P06702,0
DB03581,P22234,0
DB09167,Q9Y689,0
DB03012,Q9NRE1,0
DB07944,P22314,0
DB04183,P69923,0
DB06195,P17600,0
DB07369,Q9RYU4,0
DB00264,P47901,0
DB00533,P32396,0
DB07912,P37610,0
DB02823,Q9X4K7,0
DB07103,P0DOY9,0
DB02743,Q9ULX7,0
DB03231,P51164,0
DB07802,Q9UPZ9,0
DB02405,P55011,0
DB00239,P11498,0
DB04366,Q8WYK2,0
DB11611,P47929,0
DB02031,Q13393,0
DB07425,P21589,0
DB07174,Q9Y4K4,0
DB11691,P50579,0
DB03587,P36578,0
DB00955,P13762,0
DB04322,Q8GN86,0
DB00664,P15313,0
DB06077,P09391,0
DB08196,Q9NYV7,0
DB06964,O00519,0
DB14526,Q51782,0
DB04693,Q12879,0
DB02458,P50052,0
DB03068,P08870,0
DB00492,P65389,0
DB08347,Q9Y289,0
DB03417,O75936,0
DB08726,P0A6L6,0
DB03640,P0A820,0
DB01844,Q9I7A8,0
DB02801,Q13285,0
DB14185,P00167,0
DB01786,P00512,0
DB02485,Q54468,0
DB02984,O94956,0
DB02336,Q09470,0
DB00431,Q16498,0
DB02258,Q00740,0
DB03987,P18177,0
DB00185,P33673,0
DB04847,P10606,0
DB00487,Q8IBS5,0
DB00162,P29274,0
DB02446,P24462,0
DB02992,P50870,0
DB07525,Q02383,0
DB01060,P47869,0
DB00504,P61160,0
DB07790,P68363,0
DB02765,P0AFU8,0
DB00337,Q819K2,0
DB02693,P23905,0
DB15489,Q9I596,0
DB04593,Q9UBF8,0
DB07466,P96622,0
DB02912,Q79G13,0
DB08674,P42685,0
DB05667,O00303,0
DB08514,O60895,0
DB04680,Q8TCG2,0
DB08504,P04390,0
DB13269,Q9I194,0
DB04080,P08559,0
DB02595,Q9HCR9,0
DB07902,Q9Y5R8,0
DB00126,P83453,0
DB02484,P56817,0
DB04190,P45452,0
DB01102,A7B6P0,0
DB08319,Q9NR33,0
DB03878,P02461,0
DB04391,O14949,0
DB01126,Q96BH3,0
DB00988,P20231,0
DB08762,Q9ZNA2,0
DB04982,Q9P2K8,0
DB07903,P45494,0
DB14540,P31243,0
DB02132,P01189,0
DB04482,Q9Y617,0
DB01643,O95299,0
DB02571,Q06700,0
DB07571,Q16558,0
DB03931,Q9NYR8,0
DB03825,P10398,0
DB02038,O43570,0
DB02917,Q9ZLT0,0
DB03351,Q08345,0
DB00157,P50440,0
DB00453,P01583,0
DB07634,O75116,0
DB01565,P08637,0
DB00769,Q02156,0
DB02665,Q26966,0
DB01340,Q9NY72,0
DB02647,P9WKD7,0
DB04695,P23415,0
DB03357,P29622,0
DB12808,P17405,0
DB04314,Q9ZEU2,0
DB00194,Q9NRP7,0
DB00341,O43451,0
DB09477,P02930,0
DB02406,Q9XB59,0
DB02928,P51617,0
DB00179,P13827,0
DB00944,P76577,0
DB02824,P24228,0
DB00227,P45799,0
DB08451,P42338,0
DB03319,Q99928,0
DB08377,Q00535,0
DB01810,P66010,0
DB04588,O14717,0
DB06980,P62312,0
DB01108,P75914,0
DB01934,P60339,0
DB02805,P0AEK7,0
DB04136,P61927,0
DB00311,Q8IIA4,0
DB00391,Q08828,0
DB07045,P17342,0
DB07685,Q56694,0
DB00983,Q8IVL5,0
DB03907,Q9RUZ0,0
DB03477,P13501,0
DB04103,P0A1P6,0
DB03354,Q26609,0
DB01001,P49257,0
DB00627,P41594,0
DB02555,P00691,0
DB08489,P42766,0
DB03559,Q8NG66,0
DB01172,Q16718,0
DB02716,Q45697,0
DB08134,P62219,0
DB07250,O43739,0
DB07592,P14927,0
DB01700,Q96DB2,0
DB08545,P9WHE9,0
DB01032,Q9X4K7,0
DB01800,Q9WZC2,0
DB04688,P0AG59,0
DB11901,P06756,0
DB08500,P55789,0
DB04008,Q746J6,0
DB11858,P43003,0
DB02590,O15067,0
DB01248,P9WP01,0
DB04586,Q04759,0
DB12026,P06132,0
DB00212,Q3JP94,0
DB03243,Q8IUR0,0
DB07185,Q13509,0
DB00385,P72525,0
DB07062,P22694,0
DB01370,Q26000,0
DB07643,P96113,0
DB01600,P19821,0
DB00499,Q9UGI5,0
DB02614,P62619,0
DB04007,Q03405,0
DB08014,P48736,0
DB07863,P02452,0
DB08325,Q9X0P2,0
DB12128,P00512,0
DB08728,Q9X286,0
DB01130,Q969P6,0
DB04917,P05020,0
DB02486,P08631,0
DB01255,O15375,0
DB04541,Q8IJT2,0
DB00385,P01023,0
DB08388,P42685,0
DB03840,P60174,0
DB05968,O95178,0
DB08020,Q96I99,0
DB00385,P17813,0
DB08135,P44801,0
DB08014,Q79FX8,0
DB06944,O43776,0
DB02589,Q5SJ79,0
DB08662,P80294,0
DB05944,O96017,0
DB04495,P11172,0
DB01965,Q12866,0
DB00634,P07602,0
DB03241,Q9UF33,0
DB02121,P00582,0
DB08454,O14730,0
DB08602,Q8ILE8,0
DB01588,P48664,0
DB11653,P21964,0
DB12334,Q8NW68,0
DB02560,Q02083,0
DB08273,O24990,0
DB02080,P33121,0
DB01842,P03901,0
DB03256,Q9NY59,0
DB03379,O15460,0
DB00420,P80561,0
DB07277,P23634,0
DB06827,P24347,0
DB04680,P01308,0
DB07336,P28472,0
DB08146,P0A1X3,0
DB00441,Q8NEB9,0
DB01997,P20132,0
DB08007,Q14654,0
DB06995,P45510,0
DB01821,P39126,0
DB05087,Q86Y39,0
DB03210,A0A045KKX4,0
DB08737,P0A953,0
DB08787,P13674,0
DB15623,P12851,0
DB00996,P10613,0
DB04055,P22262,0
DB00943,Q9BW91,0
DB01712,P9WIQ3,0
DB07131,P29323,0
DB12177,O76082,0
DB04557,P9WNS5,0
DB08671,Q6ZQY3,0
DB00127,Q969V6,0
DB05416,P52209,0
DB07912,Q13303,0
DB00370,P81180,0
DB04065,P0A6H7,0
DB08514,P04070,0
DB02897,P57059,0
DB02036,P02585,0
DB03771,Q8IM16,0
DB07017,Q30154,0
DB04811,Q14353,0
DB04127,P19440,0
DB04674,P49354,0
DB00928,P25024,0
DB11761,O68600,0
DB08787,P15382,0
DB00458,P30418,0
DB07293,Q08462,0
DB00988,P61604,0
DB02300,Q96DP5,0
DB03558,Q4R2T2,0
DB03439,Q9A5I5,0
DB01919,Q96AZ6,0
DB06248,Q96RQ3,0
DB03347,Q8I5H4,0
DB01949,P0C0L5,0
DB02929,P42262,0
DB01708,P47944,0
DB01298,O95831,0
DB00669,Q92876,0
DB02168,Q9H4Y5,0
DB13165,P9WFF5,0
DB03802,Q14494,0
DB03354,P21452,0
DB01991,P08779,0
DB04679,Q08257,0
DB11979,Q9ULA0,0
DB07552,Q9Y230,0
DB04250,P48147,0
DB04634,P11226,0
DB13983,Q53ET4,0
DB04196,Q13557,0
DB04824,O00180,0
DB02870,P22234,0
DB08240,P36507,0
DB03833,Q05603,0
DB00557,P33673,0
DB02790,Q97E82,0
DB01331,O15440,0
DB02096,P39135,0
DB04563,P25052,0
DB01414,Q7SIE9,0
DB07147,P19926,0
DB04004,P00914,0
DB00899,P39662,0
DB08068,P19113,0
DB03984,P48632,0
DB01937,Q7Z4W1,0
DB08680,Q8NFD2,0
DB00819,P12931,0
DB05553,Q9X242,0
DB02079,Q9I7A8,0
DB04918,P49788,0
DB12825,P16473,0
DB11328,P17412,0
DB01721,O14521,0
DB14017,Q44532,0
DB00469,P56653,0
DB08319,P17931,0
DB03707,P0A3S0,0
DB02217,Q16877,0
DB07205,Q9UK32,0
DB07414,P19079,0
DB06586,Q02641,0
DB08727,P31949,0
DB07535,P20083,0
DB04361,Q53908,0
DB08494,P13702,0
DB04709,P97253,0
DB04654,Q16774,0
DB07653,Q08751,0
DB03986,Q96PY6,0
DB02079,Q9H4B7,0
DB00247,P29474,0
DB04912,P51858,0
DB02929,P32019,0
DB00229,O31156,0
DB12140,P30084,0
DB08710,P13631,0
DB01537,Q9UQF2,0
DB00141,P83793,0
DB04834,P08865,0
DB00944,Q6TGC4,0
DB01625,Q8TAE7,0
DB06877,P99999,0
DB07772,P08708,0
DB14723,P00352,0
DB07485,O15350,0
DB05470,Q8SPQ9,0
DB02885,P17413,0
DB00786,P12318,0
DB01063,P80040,0
DB03635,P11712,0
DB07898,Q96GA7,0
DB03150,O96221,0
DB04838,P13995,0
DB00269,P49915,0
DB08119,P06733,0
DB07792,Q7SI98,0
DB07123,P18177,0
DB00229,Q9HAB3,0
DB07118,Q9NYK1,0
DB04544,P9WQG9,0
DB07457,P49356,0
DB01602,Q02156,0
DB01422,P80099,0
DB13044,P49327,0
DB06714,Q8IVA8,0
DB08152,P50406,0
DB02278,Q01581,0
DB02861,Q99624,0
DB06700,Q96FI4,0
DB03627,P51512,0
DB07266,Q5PXQ6,0
DB11963,Q9H244,0
DB12961,P00269,0
DB04264,Q9NWM0,0
DB14526,P25553,0
DB07444,Q96Q83,0
DB03087,Q9L915,0
DB07845,P23467,0
DB15444,P46859,0
DB01320,Q14164,0
DB00814,Q7KQK0,0
DB06090,P78368,0
DB01232,P62594,0
DB03505,Q9UI12,0
DB07378,P29371,0
DB03233,P45984,0
DB05706,Q14749,0
DB00321,B7JA91,0
DB01612,O14939,0
DB08760,P19531,0
DB01226,P26827,0
DB02560,Q03721,0
DB11730,P06401,0
DB05590,P10109,0
DB03415,P00800,0
DB08617,Q9Y2T6,0
DB03977,Q59GM9,0
DB03180,P41146,0
DB03428,Q9Y5S1,0
DB07813,Q06319,0
DB00257,P0AE67,0
DB03549,Q55013,0
DB01832,P05023,0
DB04006,Q14376,0
DB07418,P04926,0
DB07314,P12644,0
DB04398,P01850,0
DB01903,Q16644,0
DB08501,P04150,0
DB00914,P11836,0
DB11831,Q96KK3,0
DB03536,P22983,0
DB03845,P0AE12,0
DB04436,P49419,0
DB04620,Q99259,0
DB02239,P50135,0
DB02497,Q9X1B3,0
DB00701,P29208,0
DB00692,O14818,0
DB12116,P30939,0
DB07291,P17516,0
DB04697,O95718,0
DB08875,Q7SIG1,0
DB08168,P47228,0
DB07938,P08306,0
DB08316,P07098,0
DB04098,Q59721,0
DB01982,O67931,0
DB07288,P09488,0
DB13956,Q9UNQ0,0
DB14062,Q888A4,0
DB04042,Q14831,0
DB13139,P51172,0
DB07317,P55792,0
DB05412,Q9UHC9,0
DB03783,O77323,0
DB06749,Q9BW92,0
DB02883,P47898,0
DB00389,P55011,0
DB01672,P19823,0
DB01414,P06756,0
DB09088,Q9Y6B6,0
DB08609,P23467,0
DB07321,P33590,0
DB02889,P51584,0
DB04623,Q9H244,0
DB07463,Q5SJI0,0
DB08678,Q9KWU1,0
DB06374,Q13370,0
DB08808,P0AEJ4,0
DB04194,P60981,0
DB01348,P01350,0
DB01340,P43522,0
DB11447,P30559,0
DB05812,Q15796,0
DB08501,P62913,0
DB02460,Q820T1,0
DB02490,Q9UKV0,0
DB07381,Q16651,0
DB04720,Q9Y6J6,0
DB02721,O60218,0
DB07831,O15393,0
DB00532,P30968,0
DB09039,P45973,0
DB04723,Q55013,0
DB08362,P0AF12,0
DB04419,P23246,0
DB00696,O97313,0
DB05035,Q8NW68,0
DB06954,P42085,0
DB07650,Q75UV1,0
DB08530,P05695,0
DB02285,P21589,0
DB04389,P11172,0
DB01115,O24990,0
DB00410,P9WJJ7,0
DB06637,Q47066,0
DB01233,P14735,0
DB08571,Q9X6W0,0
DB03051,P21397,0
DB06936,P0A794,0
DB02104,P11712,0
DB00961,P10092,0
DB09070,P01583,0
DB14060,P9WPX7,0
DB00335,P01138,0
DB04680,P63000,0
DB02848,P09619,0
DB05234,P21980,0
DB01997,Q46856,0
DB07730,P08244,0
DB08326,Q16515,0
DB07380,Q46220,0
DB02051,P47900,0
DB08569,P24300,0
DB07666,P0A6K3,0
DB13345,Q08209,0
DB02919,O85361,0
DB01202,P07451,0
DB03695,P45452,0
DB03086,P17540,0
DB06734,Q9WZ57,0
DB02963,P51659,0
DB01121,Q494W8,0
DB00718,P04825,0
DB12961,Q9UNX9,0
DB00167,P11309,0
DB02860,P51172,0
DB08595,Q8IJ60,0
DB08479,Q99798,0
DB15665,Q8VUS8,0
DB11348,P10600,0
DB08023,Q99835,0
DB01392,P12319,0
DB00201,Q02338,0
DB06956,Q5SHZ4,0
DB07950,P43119,0
DB02965,Q5NUL3,0
DB00944,P50993,0
DB03439,P09917,0
DB00156,P83796,0
DB08743,A0A0H2XJ39,0
DB04583,Q00653,0
DB08295,P17900,0
DB07563,P20810,0
DB02945,P01593,0
DB00806,O75469,0
DB04213,P56740,0
DB01268,P96622,0
DB02628,P42790,0
DB04017,P08908,0
DB14639,P0DP24,0
DB01726,P96945,0
DB02820,P0DP23,0
DB03255,P18846,0
DB04478,P08912,0
DB00350,P07602,0
DB07358,P0A988,0
DB00376,P0A789,0
DB04232,P9WJY5,0
DB03631,Q9UHI5,0
DB03809,Q16719,0
DB04314,P02775,0
DB09526,Q5HEB7,0
DB07440,P37672,0
DB08212,P14621,0
DB06266,P33316,0
DB00370,P19571,0
DB11672,P43886,0
DB03662,Q9A5I5,0
DB08084,Q26000,0
DB04631,P02790,0
DB02505,P13726,0
DB00317,Q52437,0
DB00659,P11411,0
DB01727,O77323,0
DB04254,Q9UNI1,0
DB02088,P15259,0
DB07480,P80529,0
DB04227,Q9N587,0
DB00269,P52270,0
DB03779,Q8TDU6,0
DB05541,Q9I7A8,0
DB05678,P43912,0
DB00404,Q99456,0
DB08216,P0A434,0
DB08313,P16083,0
DB02933,P15034,0
DB06202,Q97R46,0
DB02785,Q14542,0
DB02578,P00747,0
DB03865,Q9BY41,0
DB04371,Q07785,0
DB09050,Q5SHQ5,0
DB05339,Q7AUG5,0
DB12941,P13929,0
DB00328,P00138,0
DB03110,P15336,0
DB00641,P07948,0
DB02952,Q819U0,0
DB02424,Q6PHR2,0
DB13003,P69903,0
DB08996,P00634,0
DB07428,P14324,0
DB02481,P04391,0
DB08192,Q5LI27,0
DB07571,P35968,0
DB06202,P18031,0
DB03833,Q9NWT6,0
DB04427,O60513,0
DB03430,Q15800,0
DB07416,P0AEB2,0
DB04856,P0A7U3,0
DB06237,P15813,0
DB04255,P08164,0
DB04594,P18314,0
DB02065,Q9BTZ2,0
DB01325,P61024,0
DB04083,O96221,0
DB03721,P60953,0
DB07090,P07515,0
DB02548,P20807,0
DB06892,P50993,0
DB04817,Q8IIA4,0
DB02014,Q16665,0
DB06898,Q9Y2U5,0
DB03082,P14489,0
DB08470,P44490,0
DB02075,P17291,0
DB03627,P35462,0
DB01097,P02452,0
DB11949,P48047,0
DB06875,P02656,0
DB03092,P14174,0
DB03280,P00748,0
DB07303,P62316,0
DB08646,P29401,0
DB06677,Q8IL88,0
DB07577,P48506,0
DB00843,P07024,0
DB08296,Q9L9D7,0
DB11587,P39748,0
DB03335,P9WNP5,0
DB09552,Q5SJ79,0
DB04103,Q9BW92,0
DB11652,Q13421,0
DB07901,P25116,0
DB02305,Q8IW54,0
DB08145,Q10588,0
DB07611,Q82EE4,0
DB07478,Q8N1Q1,0
DB01799,P0C0F4,0
DB00605,Q14749,0
DB07140,Q16850,0
DB03369,P9WJY5,0
DB01938,P13956,0
DB07781,Q9UGM1,0
DB07789,Q9NY47,0
DB01909,C3T8E2,0
DB02009,P23340,0
DB03771,Q9UM01,0
DB03583,Q72LA6,0
DB07112,P35520,0
DB06151,P09467,0
DB07817,Q8VVD2,0
DB00644,P47775,0
DB01616,P0A1X2,0
DB08332,P0A7X3,0
DB06952,Q9Y6J6,0
DB07303,P76577,0
DB08562,Q8IW41,0
DB04353,Q03721,0
DB00945,P16112,0
DB07562,O43451,0
DB02114,P10153,0
DB03313,A5W4F4,0
DB01037,P55818,0
DB02107,P16070,0
DB01202,D2YW37,0
DB08390,P15954,0
DB03758,Q9UK32,0
DB13154,O14594,0
DB07849,Q9WZI0,0
DB00758,P54762,0
DB02345,Q96L42,0
DB03258,Q9Y6K9,0
DB04104,P10600,0
DB00226,Q13255,0
DB08506,Q9NYQ3,0
DB14499,Q9HBK9,0
DB13985,Q44244,0
DB02703,P0A444,0
DB02989,O43741,0
DB08146,Q57254,0
DB03191,Q6YP21,0
DB01689,P27797,0
DB06964,Q9KWT6,0
DB00413,F7VJQ1,0
DB00915,P83795,0
DB07149,Q92482,0
DB15569,P52026,0
DB03328,P35498,0
DB03542,Q02192,0
DB06842,P60339,0
DB01472,P35626,0
DB00868,P08865,0
DB02307,D6R448,0
DB02429,P01730,0
DB08179,P14866,0
DB07439,P46782,0
DB02145,Q6UWN8,0
DB00719,Q8IM15,0
DB06898,Q12874,0
DB01581,P29372,0
DB02887,Q86Y39,0
DB07811,P05162,0
DB00147,P17050,0
DB02102,P08758,0
DB04502,P26392,0
DB04619,Q9RYA6,0
DB11732,Q9HBH5,0
DB00649,Q16478,0
DB01041,Q92843,0
DB03978,P83794,0
DB04299,P67910,0
DB00953,P0AD64,0
DB03142,P80303,0
DB03667,P78368,0
DB03890,P23945,0
DB13874,Q84CU3,0
DB02418,Q45697,0
DB07546,Q02083,0
DB07464,Q05599,0
DB04414,P21917,0
DB02578,P0A988,0
DB04593,O60264,0
DB01324,Q9Z4N6,0
DB04258,P60844,0
DB08413,P9WKD7,0
DB02181,O24990,0
DB08874,Q9RME2,0
DB07568,Q16850,0
DB00145,P27169,0
DB00210,P35270,0
DB07778,O00305,0
DB03126,Q99500,0
DB01151,Q9UBV8,0
DB00491,Q7KZI7,0
DB02778,O97313,0
DB12191,P14174,0
DB07457,P28062,0
DB07159,O06796,0
DB04698,P15531,0
DB15688,Q9X0N8,0
DB07978,Q9Y2D1,0
DB00185,P56690,0
DB03740,Q5SHF5,0
DB08265,P19883,0
DB03173,P43912,0
DB01043,P45844,0
DB04277,P35348,0
DB08599,P08637,0
DB03328,P09871,0
DB03736,P0A1V8,0
DB01366,Q72JD8,0
DB08420,Q09428,0
DB14515,P9WFF5,0
DB07057,Q08426,0
DB04214,Q12874,0
DB01982,Q13285,0
DB02169,P14385,0
DB07938,Q9UNN8,0
DB04549,Q14565,0
DB04293,Q9UGN5,0
DB06614,P63104,0
DB03722,O95838,0
DB01373,P40616,0
DB06909,O60502,0
DB04182,Q04782,0
DB07115,P9WGY7,0
DB08731,Q9H015,0
DB04451,P0C002,0
DB07048,Q16515,0
DB05116,Q13557,0
DB07555,Q93083,0
DB01634,P08200,0
DB07877,Q7KQL5,0
DB07535,P02748,0
DB03947,P00646,0
DB02072,Q51990,0
DB07593,Q14749,0
DB03577,Q9P2J5,0
DB03725,Q99829,0
DB04554,P38038,0
DB08252,Q8IDD3,0
DB11254,Q5SHF5,0
DB03591,P47228,0
DB08051,Q51705,0
DB00748,P02930,0
DB07570,P08670,0
DB06374,O14958,0
DB03228,Q14957,0
DB03428,Q9HBA0,0
DB00307,Q9X519,0
DB03085,Q9NPD5,0
DB04746,Q96G91,0
DB07907,Q81ZL8,0
DB08386,P11444,0
DB12095,Q93EK7,0
DB07611,O60895,0
DB02457,Q8NBQ5,0
DB02743,P07360,0
DB00986,P28476,0
DB02141,Q9X1F0,0
DB12070,P51178,0
DB13874,Q13574,0
DB04028,Q14012,0
DB01919,P41240,0
DB05295,P24385,0
DB03199,P00751,0
DB07990,Q92847,0
DB02130,P12081,0
DB12500,P05364,0
DB02871,P47228,0
DB02773,Q6UWP2,0
DB06145,P0A6I0,0
DB08680,P12104,0
DB07228,P30086,0
DB08784,P9WNX3,0
DB07791,Q7AUG5,0
DB05553,Q96RI1,0
DB08918,P06753,0
DB04693,Q9UQF2,0
DB07816,Q9UJ68,0
DB01253,P19823,0
DB06216,Q72JJ3,0
DB03213,P62660,0
DB03575,O15392,0
DB05806,P24093,0
DB09280,P47898,0
DB07930,P0AEK4,0
DB08389,Q56148,0
DB02991,P46439,0
DB01198,P47228,0
DB08191,P33316,0
DB01686,Q86XF0,0
DB14581,Q96L21,0
DB07416,P0DP24,0
DB08664,P69856,0
DB01204,O75912,0
DB00607,P17980,0
DB02694,P46597,0
DB04139,O43181,0
DB06916,Q99062,0
DB01280,Q06AK7,0
DB00259,P0A3M6,0
DB00666,Q04760,0
DB04066,P01189,0
DB11623,O75891,0
DB13783,P15336,0
DB01623,Q9NY59,0
DB07306,P60842,0
DB14499,P37062,0
DB04669,Q9ZHG9,0
DB00212,Q9K597,0
DB07362,P39646,0
DB09290,P32169,0
DB00125,P48729,0
DB01784,Q9P0Z9,0
DB02011,Q5EK40,0
DB08489,P61073,0
DB09071,P51172,0
DB07876,P0DMS8,0
DB04016,Q14721,0
DB04306,P0C0L5,0
DB00845,Q9ZF99,0
DB02721,O67931,0
DB00436,O95299,0
DB02237,P02919,0
DB05022,Q13488,0
DB08447,Q9NWM0,0
DB01001,P33151,0
DB07301,O08398,0
DB07165,P54278,0
DB02098,P43116,0
DB03090,P63000,0
DB02247,P50750,0
DB01401,P0AFL3,0
DB03921,P35908,0
DB00714,P83794,0
DB02242,Q6PEY2,0
DB02285,P07360,0
DB03621,Q8I5Y3,0
DB07952,P0DOY6,0
DB03079,Q9NZ42,0
DB03623,P27361,0
DB03415,Q9Y271,0
DB00735,Q15910,0
DB04970,P01011,0
DB08097,P9WH69,0
DB03257,Q9L9D7,0
DB04003,P61322,0
DB01786,Q8IWL2,0
DB13751,P0AEX9,0
DB04013,Q8IKL4,0
DB00422,P58335,0
DB08158,Q5SJ28,0
DB01165,P19429,0
DB00174,P43652,0
DB07689,Q8IUZ5,0
DB07993,P08238,0
DB02527,Q59FW3,0
DB03179,P07195,0
DB03379,P02925,0
DB03621,P14649,0
DB04871,Q939N4,0
DB02200,P29559,0
DB09186,Q7L3T8,0
DB01957,Q9H4B7,0
DB03866,Q01770,0
DB08709,P0C1V1,0
DB07051,Q8TDU6,0
DB08960,Q00441,0
DB13954,P22570,0
DB07702,P45381,0
DB00907,P54762,0
DB02770,P05362,0
DB08241,Q8IC05,0
DB04653,P16444,0
DB07473,P46940,0
DB08439,A0A0H2URW2,0
DB08267,Q24940,0
DB04593,P16410,0
DB02849,Q99542,0
DB08808,Q13627,0
DB03063,Q9UJT0,0
DB00322,Q9Y6J6,0
DB08389,P00323,0
DB00261,Q8RJN8,0
DB07587,P20813,0
DB06726,P0C0Y8,0
DB01807,P09063,0
DB07139,Q06203,0
DB00850,P27505,0
DB12061,O76083,0
DB14507,Q6L8H2,0
DB12379,Q13258,0
DB05708,Q14012,0
DB00759,Q9Z4P0,0
DB03445,P20815,0
DB08960,Q16644,0
DB01772,P96622,0
DB07301,P17846,0
DB02426,Q14457,0
DB08041,P06010,0
DB03294,P29395,0
DB01906,P62593,0
DB07927,Q5KUI3,0
DB01032,Q9X0F9,0
DB00499,P07110,0
DB08476,Q6ZMR3,0
DB03304,P16219,0
DB03270,P11586,0
DB08162,P0A6C8,0
DB03445,Q7SI98,0
DB09229,O30527,0
DB06821,Q9LCC8,0
DB08707,P42574,0
DB08281,P07814,0
DB07971,P13645,0
DB01329,P0A6C8,0
DB08069,P51671,0
DB07454,P81989,0
DB07657,Q59643,0
DB00106,Q14833,0
DB04736,Q8NBN7,0
DB02457,P04264,0
DB07622,O96221,0
DB07279,P30711,0
DB03049,Q96RR4,0
DB02126,Q9H228,0
DB01899,P08648,0
DB07485,P15941,0
DB00961,Q9GPQ4,0
DB11949,O32393,0
DB04873,Q13555,0
DB05399,P30872,0
DB06218,Q5SIR5,0
DB03967,Q05514,0
DB07839,Q54527,0
DB04861,P33032,0
DB01873,P40429,0
DB08911,Q9Y463,0
DB09289,P54289,0
DB00306,P07814,0
DB07868,Q8GB52,0
DB06174,P0C2S5,0
DB08133,P0C0Y8,0
DB08494,P06870,0
DB01668,Q9HBA0,0
DB03925,Q01581,0
DB02080,P9WPQ5,0
DB08783,P10384,0
DB02266,P0A6L0,0
DB00415,P15121,0
DB04280,Q56148,0
DB03624,Q7RTT9,0
DB06874,P10384,0
DB06410,P69923,0
DB01747,Q9U8D3,0
DB04743,Q9H0K1,0
DB07020,P29498,0
DB00973,P0C1U9,0
DB01059,Q04609,0
DB03143,P51955,0
DB04135,Q9X9L0,0
DB09256,P24182,0
DB02340,O95477,0
DB01123,P99999,0
DB04757,P81040,0
DB07813,P13981,0
DB00600,Q99542,0
DB02438,P0A9D2,0
DB07441,Q8IJK8,0
DB03347,Q9H228,0
DB08392,P9WN39,0
DB01221,P06870,0
DB03429,O14792,0
DB03816,P01308,0
DB04000,Q07864,0
DB02714,O95977,0
DB02518,Q8VUS7,0
DB03666,Q51990,0
DB03554,Q96D53,0
DB14514,O30527,0
DB04508,P13500,0
DB00314,Q15910,0
DB01408,Q9Y6F1,0
DB02130,Q9NS18,0
DB04149,P49257,0
DB09207,P25774,0
DB01632,Q02643,0
DB08219,Q13370,0
DB09300,A6PZ59,0
DB06848,P80748,0
DB08098,P62745,0
DB02956,P07327,0
DB07371,P25098,0
DB06199,Q88CZ6,0
DB03557,Q5KUI2,0
DB13174,Q9WZX6,0
DB01242,Q10588,0
DB07459,Q15761,0
DB01246,Q9Y694,0
DB08581,Q15031,0
DB07010,Q96L34,0
DB02590,P22637,0
DB11799,P56556,0
DB04727,Q16774,0
DB02278,Q9Y6K1,0
DB02870,P20273,0
DB00321,P22256,0
DB13125,P48163,0
DB01065,P25024,0
DB06886,Q07075,0
DB05478,Q9NSD5,0
DB02159,Q89ZI2,0
DB08229,P28221,0
DB02850,Q2M3G0,0
DB03506,P56181,0
DB04306,P94692,0
DB04379,P9WN39,0
DB07692,P00782,0
DB00748,Q51366,0
DB04773,P19838,0
DB00778,P61073,0
DB01965,P45799,0
DB05424,P62662,0
DB08394,P35247,0
DB02450,Q12809,0
DB08448,P07947,0
DB04314,P31645,0
DB02155,P04062,0
DB09198,Q9BQI3,0
DB14001,Q12884,0
DB09185,Q00534,0
DB08872,P9WK17,0
DB06739,P05230,0
DB07938,P29827,0
DB03595,Q8L103,0
DB03924,P47229,0
DB01435,O14983,0
DB01329,Q12908,0
DB02143,P31152,0
DB07209,P78330,0
DB02709,P15925,0
DB04017,Q72JD8,0
DB12001,Q02383,0
DB09536,Q05329,0
DB01090,Q8IDD3,0
DB02568,P07339,0
DB07314,P31243,0
DB02420,P37001,0
DB04917,O60664,0
DB12731,P00490,0
DB14761,Q9H8P0,0
DB06614,P02458,0
DB03549,Q15637,0
DB08402,Q16222,0
DB06994,P56194,0
DB07385,Q46393,0
DB02560,O67931,0
DB00331,P46976,0
DB06944,P95468,0
DB02844,O00238,0
DB08815,P56696,0
DB02694,P35408,0
DB00319,P0A1F6,0
DB04787,P80372,0
DB02665,Q9KFR4,0
DB07639,P42216,0
DB06698,P15153,0
DB04614,P05091,0
DB02328,P9WK83,0
DB01365,Q07955,0
DB07996,P58558,0
DB02153,P39748,0
DB04644,O14983,0
DB03750,P07998,0
DB03632,P14751,0
DB08419,P19971,0
DB11842,Q9H1R3,0
DB08636,Q8TCT1,0
DB04243,P23469,0
DB07374,P0A8Q3,0
DB04166,P05042,0
DB08728,Q13093,0
DB08047,Q59560,0
DB07588,P9WPX7,0
DB08472,O60502,0
DB13335,P55196,0
DB04445,Q5SIH3,0
DB03429,P78362,0
DB00771,P0A733,0
DB00138,O15342,0
DB08151,P39662,0
DB04477,Q96GD3,0
DB03178,P23786,0
DB08377,P26196,0
DB00395,P22748,0
DB07950,P83794,0
DB00629,Q9UPZ9,0
DB01963,Q8ZIV7,0
DB01275,P51648,0
DB02528,P23297,0
DB07545,P83791,0
DB07922,Q9HB40,0
DB04173,P9WGY7,0
DB02084,P41439,0
DB05297,P14621,0
DB08648,Q96AZ6,0
DB07297,P83796,0
DB03190,P37023,0
DB11811,P83794,0
DB07627,P0A753,0
DB04765,Q96RQ9,0
DB12153,P00497,0
DB04394,O15350,0
DB07742,Q9HVZ0,0
DB06766,P15531,0
DB07155,P01768,0
DB01160,P07254,0
DB04745,P22830,0
DB11195,P11439,0
DB01940,C0H419,0
DB00208,P40238,0
DB07881,O14763,0
DB07404,P0C0F4,0
DB08395,Q86Y39,0
DB00620,A0A045ISQ8,0
DB00144,P16099,0
DB11823,P15538,0
DB00609,P25311,0
DB09257,P04035,0
DB11942,Q08188,0
DB01870,Q01959,0
DB14014,P35908,0
DB04624,O43252,0
DB03830,A9JQL9,0
DB03654,P15941,0
DB00466,Q6QNK2,0
DB12742,O25323,0
DB14481,Q00534,0
DB02122,Q07820,0
DB00373,O95749,0
DB03449,P9WP01,0
DB03227,Q6NUS8,0
DB01013,P20815,0
DB04754,P24092,0
DB07668,Q01698,0
DB00159,P22256,0
DB08820,P60900,0
DB04339,Q12882,0
DB08222,P11086,0
DB05171,P53396,0
DB00927,P0AD64,0
DB13877,O14957,0
DB04232,Q16584,0
DB08421,Q9UIX4,0
DB06718,P0A1F6,0
DB02956,P04278,0
DB06950,P47775,0
DB06538,Q8III5,0
DB02120,P05556,0
DB03877,P41972,0
DB04365,Q8TF76,0
DB02374,P31995,0
DB00298,O14578,0
DB08694,Q9NQS7,0
DB03909,P35914,0
DB06282,P00747,0
DB00458,O07529,0
DB01169,O96000,0
DB07602,Q14103,0
DB08070,Q52546,0
DB08187,Q96RI0,0
DB00806,P48029,0
DB07949,O00483,0
DB00142,Q9WYH8,0
DB02222,P12277,0
DB07581,Q6IBS8,0
DB07983,P19438,0
DB11155,Q79FX6,0
DB06512,Q25634,0
DB00378,Q14624,0
DB04217,P15813,0
DB07880,Q92731,0
DB08028,Q819U0,0
DB04463,P29717,0
DB02358,P04271,0
DB11676,P22629,0
DB04265,Q8I4W4,0
DB06481,P04155,0
DB14011,P37288,0
DB07587,O14792,0
DB07304,Q13555,0
DB02082,P16591,0
DB02827,Q7SID9,0
DB00165,Q8IBS5,0
DB08804,O75747,0
DB07582,Q9NQX3,0
DB03696,Q746L7,0
DB09147,P55196,0
DB07141,Q15858,0
DB03606,P14385,0
DB04369,Q7SIE2,0
DB03420,P61278,0
DB09262,P08337,0
DB04624,P13637,0
DB03860,Q15858,0
DB03034,P25924,0
DB08016,C9EH48,0
DB00537,Q46730,0
DB02073,P00148,0
DB01325,P75914,0
DB08734,P45452,0
DB05806,Q0VD83,0
DB06757,P0AE18,0
DB01101,B2ZTR6,0
DB05792,P03960,0
DB03443,O43677,0
DB02793,Q9NVS9,0
DB06525,O75914,0
DB08501,Q96EM0,0
DB01795,P07438,0
DB04797,C1KC03,0
DB00618,P53985,0
DB03719,P00751,0
DB01649,Q9Y646,0
DB08552,Q92930,0
DB02741,P11439,0
DB07205,P23258,0
DB06978,P77425,0
DB07050,P39805,0
DB03206,P05362,0
DB00805,P48167,0
DB11328,Q5R2K6,0
DB11951,Q16518,0
DB04198,P15555,0
DB02148,P17596,0
DB07573,Q60FT7,0
DB13872,P16050,0
DB04753,Q8IDQ9,0
DB07844,P30291,0
DB09149,Q9NZD4,0
DB03411,Q9HCD5,0
DB00353,Q56310,0
DB09116,P41407,0
DB00428,P12004,0
DB06013,Q9ZNA2,0
DB08377,Q08853,0
DB01536,P02768,0
DB00584,Q9BTZ2,0
DB02262,Q7L5Y9,0
DB04121,P74645,0
DB04334,Q00441,0
DB00544,Q8GI16,0
DB04505,P31260,0
DB06930,P31152,0
DB08674,P25787,0
DB00360,P15880,0
DB08203,Q12908,0
DB03109,Q819U0,0
DB04709,P02741,0
DB03600,P30536,0
DB04729,P35749,0
DB00794,Q9UJT0,0
DB05018,P13956,0
DB04570,Q16099,0
DB01190,Q96KS0,0
DB02205,Q7Z2H8,0
DB04119,P36021,0
DB13995,P42766,0
DB04186,O60760,0
DB08484,Q9NWM0,0
DB03405,P46883,0
DB08848,Q99624,0
DB08439,Q9H2G2,0
DB08238,O95644,0
DB00230,P06746,0
DB08093,Q14894,0
DB03692,Q15116,0
DB07236,P24530,0
DB00381,P43652,0
DB05339,Q9Y616,0
DB08123,P25101,0
DB04602,Q8NFJ5,0
DB08708,Q837V6,0
DB06209,Q9Y463,0
DB12831,Q8GJ44,0
DB02043,Q2QJL3,0
DB06040,P08908,0
DB08447,P04391,0
DB08637,P0A6J8,0
DB03280,P0A6A8,0
DB00189,P11349,0
DB01176,Q9C0B1,0
DB00833,P55882,0
DB13154,P28476,0
DB01840,Q5SJ79,0
DB02386,Q9KU37,0
DB03878,Q99798,0
DB02510,Q09093,0
DB01765,P53350,0
DB03821,Q57254,0
DB06512,P15153,0
DB00649,Q96P88,0
DB03834,O15427,0
DB06420,P34903,0
DB07043,Q12797,0
DB13997,Q6L8H2,0
DB00560,P32927,0
DB03139,Q70GK9,0
DB04647,O60911,0
DB08316,Q14624,0
DB08667,Q99759,0
DB06082,Q9LAK3,0
DB02677,P06709,0
DB04072,Q06174,0
DB08359,P0A9B2,0
DB04086,O60568,0
DB04150,P96622,0
DB04288,Q09013,0
DB00572,P00742,0
DB04894,P32169,0
DB00661,P29827,0
DB12670,Q5SL87,0
DB00240,P30968,0
DB01072,Q9UG56,0
DB02887,Q9N623,0
DB06706,P0A444,0
DB07533,Q8NW68,0
DB06836,P0A112,0
DB00213,Q9Y698,0
DB02762,P00775,0
DB04325,Q8ID50,0
DB07380,P50859,0
DB02405,P44801,0
DB02061,P0A6I8,0
DB08551,P43657,0
DB04852,P56740,0
DB07582,P54652,0
DB07289,P69681,0
DB03084,P0AFI2,0
DB04206,O07347,0
DB04592,P53355,0
DB08438,P0ABQ0,0
DB07641,Q15842,0
DB04653,P50921,0
DB00528,O15530,0
DB01865,P00338,0
DB03155,Q9UDX4,0
DB08682,P48745,0
DB07281,O34928,0
DB07960,P05186,0
DB02621,P0AG16,0
DB07076,Q9KG76,0
DB06154,P35462,0
DB06973,Q08288,0
DB06436,P08779,0
DB02763,P36673,0
DB04151,O66496,0
DB02632,P31153,0
DB07266,P16435,0
DB12615,P25553,0
DB07329,Q13426,0
DB00354,P61278,0
DB02404,P21549,0
DB07147,P11926,0
DB07979,P49281,0
DB07766,Q96GD3,0
DB08050,Q9BQE3,0
DB08499,P12318,0
DB04213,P51671,0
DB02133,P0AFG8,0
DB01280,P06632,0
DB13165,P42898,0
DB00908,O14732,0
DB03825,P03923,0
DB04644,P30043,0
DB01977,P10275,0
DB06750,P77967,0
DB07982,Q60037,0
DB07141,Q9H2S1,0
DB01881,Q01118,0
DB11577,Q9NZ42,0
DB03267,P0A434,0
DB00908,Q51504,0
DB09332,Q9X5N2,0
DB08855,P08200,0
DB06605,Q9GZT4,0
DB09213,O34667,0
DB08689,Q6UWM7,0
DB03956,P11597,0
DB03584,Q14956,0
DB06414,Q9BY41,0
DB02145,P0A4L9,0
DB07781,Q14872,0
DB01857,Q8IKM6,0
DB01115,O43677,0
DB08042,P15336,0
DB07668,P22792,0
DB07134,P31323,0
DB02573,Q12756,0
DB08324,P55882,0
DB02872,O68600,0
DB01261,Q8IW41,0
DB04600,P51787,0
DB01430,Q07820,0
DB07317,P12814,0
DB00369,B7JA91,0
DB07570,P9WMC1,0
DB05212,Q9Y6I3,0
DB04887,Q9NZK7,0
DB01234,P48728,0
DB03552,Q96LB9,0
DB12340,P33121,0
DB01775,Q03154,0
DB08279,P08048,0
DB11718,A0A0H2Z368,0
DB02148,P04391,0
DB01728,Q05513,0
DB13155,P25098,0
DB03191,O14786,0
DB12010,P36404,0
DB08542,P02766,0
DB05943,A7B6P0,0
DB00212,P14193,0
DB01086,P02359,0
DB07349,P54997,0
DB01987,Q13362,0
DB00091,P16304,0
DB04230,Q8WWQ8,0
DB08024,P04279,0
DB07855,P08842,0
DB08037,Q96EN8,0
DB03113,P16184,0
DB08258,P21912,0
DB02717,Q6PHR2,0
DB06709,P72525,0
DB04620,P0A9B2,0
DB02688,Q72EF4,0
DB02524,P47898,0
DB04289,P0A820,0
DB06954,P56937,0
DB03414,Q9HTN2,0
DB05490,Q9NY47,0
DB08906,Q12852,0
DB04983,Q5JPH6,0
DB06993,P46883,0
DB07706,P31151,0
DB04163,O15439,0
DB04483,P53350,0
DB11186,Q5SID9,0
DB11235,P45880,0
DB08523,P11229,0
DB02950,P02941,0
DB00541,Q8II73,0
DB07444,P12996,0
DB01188,Q9NRF9,0
DB01262,P0A8D6,0
DB07342,P10589,0
DB03804,Q16850,0
DB06321,P9WNL9,0
DB03616,Q07699,0
DB02382,P00505,0
DB08587,Q7SI98,0
DB01915,P08670,0
DB08165,P08506,0
DB02483,Q8WY07,0
DB04103,Q5JVS0,0
DB04687,Q8IDQ9,0
DB06637,P09455,0
DB03879,Q9F663,0
DB00669,Q6GGU4,0
DB00435,Q79FX8,0
DB02611,P52647,0
DB08297,P53554,0
DB04108,P00568,0
DB03679,P62330,0
DB02816,O25926,0
DB00836,O94903,0
DB01893,Q9UPZ9,0
DB06209,P52687,0
DB08153,P05106,0
DB08875,P34981,0
DB00224,O75865,0
DB01169,Q86XF0,0
DB04903,C1KC03,0
DB05490,P13827,0
DB06137,P05106,0
DB02644,P00749,0
DB06959,C0H4L1,0
DB02254,P06756,0
DB03546,P04234,0
DB08426,Q9X112,0
DB03754,Q9ZLT0,0
DB02227,P02753,0
DB07745,Q9NWZ3,0
DB07134,Q9H2P9,0
DB08007,P50750,0
DB01732,Q70AC7,0
DB07712,Q51782,0
DB01233,P0A8T7,0
DB06510,O75385,0
DB02182,P28720,0
DB13876,P07773,0
DB08808,P00352,0
DB12128,P21453,0
DB04151,P11488,0
DB04239,O00398,0
DB01242,Q9XB59,0
DB06433,P0A9J8,0
DB06413,P40429,0
DB00365,P14902,0
DB07115,P23882,0
DB07580,Q9X0D0,0
DB04154,P30086,0
DB02852,P08690,0
DB04048,P11473,0
DB06684,Q14956,0
DB08882,O00182,0
DB07319,P0A8P1,0
DB01070,P19801,0
DB03401,P18509,0
DB02895,P06126,0
DB14542,P84147,0
DB08464,P15391,0
DB08819,P00808,0
DB02527,O14976,0
DB08497,P23921,0
DB03583,P0C0Y7,0
DB07832,P43652,0
DB09227,Q47644,0
DB05424,P49069,0
DB13944,P42357,0
DB08143,Q9BVG9,0
DB04758,Q9BZV3,0
DB08663,P15692,0
DB07339,P31133,0
DB02359,Q8IY84,0
DB04517,Q8N4C8,0
DB06781,Q8NMG3,0
DB12887,P27448,0
DB01964,Q13426,0
DB01213,P9WNX3,0
DB06471,P22557,0
DB04242,P60906,0
DB04971,P17931,0
DB06813,Q8KNZ7,0
DB09167,P19438,0
DB03032,P13423,0
DB08891,Q9Y6M4,0
DB08505,P29422,0
DB01340,P11926,0
DB03260,P31243,0
DB00287,P16099,0
DB12450,O14841,0
DB03752,P15085,0
DB07046,Q9H4Y5,0
DB12887,P41146,0
DB01965,Q05581,0
DB02908,P43777,0
DB01037,Q5JPH6,0
DB04436,P54762,0
DB02129,P0A333,0
DB08094,L0DSL2,0
DB00450,P61432,0
DB04037,P62580,0
DB05087,P06280,0
DB07046,P20581,0
DB08423,Q5SKW1,0
DB02540,P96113,0
DB01232,P00091,0
DB04890,P23284,0
DB08827,P23560,0
DB01621,P36955,0
DB03973,P50440,0
DB06710,P32722,0
DB02768,Q15596,0
DB05814,O75493,0
DB03300,P49336,0
DB07553,P04350,0
DB07140,P08865,0
DB07560,P01730,0
DB00283,P21917,0
DB03605,Q16665,0
DB06321,P22459,0
DB07162,O14763,0
DB02063,Q99814,0
DB00541,Q9KX40,0
DB02289,P05129,0
DB08108,Q8NEV4,0
DB00627,P39045,0
DB07525,O75891,0
DB04683,Q07020,0
DB05624,P00709,0
DB14028,Q9HU21,0
DB07696,P20839,0
DB00746,P00137,0
DB13875,P20333,0
DB03928,P11310,0
DB07973,P35372,0
DB04841,Q8IDQ9,0
DB08031,P51800,0
DB02795,P51691,0
DB02688,P28702,0
DB04377,P40261,0
DB00604,Q9L888,0
DB08508,P0A7Z3,0
DB08055,Q92570,0
DB07125,O95622,0
DB08485,P43080,0
DB03347,P60842,0
DB08170,P07288,0
DB07997,Q9Y617,0
DB03203,Q8ZIV7,0
DB02750,O60294,0
DB02271,P12004,0
DB08411,Q99527,0
DB05253,Q8WU03,0
DB04054,P11387,0
DB02329,P0C278,0
DB01395,P19971,0
DB07421,P61421,0
DB06864,Q00534,0
DB00848,P40406,0
DB04253,P13702,0
DB07557,Q6UWN8,0
DB06829,O31168,0
DB08734,Q96Q40,0
DB07058,P39126,0
DB07104,Q55793,0
DB00429,O52646,0
DB07903,P46597,0
DB03688,P27448,0
DB08293,P29973,0
DB00336,P22256,0
DB08811,P9WGT1,0
DB07333,P35916,0
DB08134,Q8IBI3,0
DB02467,Q9UHW9,0
DB00191,Q8WY07,0
DB08414,P14751,0
DB07569,Q86W47,0
DB02845,P42768,0
DB08414,Q9H3S4,0
DB07064,Q45515,0
DB00672,P51788,0
DB01166,Q15878,0
DB11949,P04003,0
DB00517,O07529,0
DB09291,O43272,0
DB04690,P20702,0
DB12161,Q8IVL6,0
DB00153,P62750,0
DB06926,Q7MUW6,0
DB07309,P27448,0
DB13074,Q13370,0
DB01942,Q92482,0
DB08095,Q99735,0
DB08740,P24298,0
DB09224,P31751,0
DB04868,P34969,0
DB13879,Q96PD7,0
DB07780,Q08638,0
DB08135,Q8I5G6,0
DB04732,Q9Y6K9,0
DB11345,P20810,0
DB07537,P00746,0
DB00942,O15111,0
DB08893,P00436,0
DB01872,O14983,0
DB01280,P48728,0
DB02222,P0C264,0
DB08145,Q5SIH3,0
DB06702,P22001,0
DB03388,P0A6T8,0
DB00521,P23677,0
DB11943,O95169,0
DB01960,P01861,0
DB00962,P13051,0
DB08071,P40259,0
DB08705,Q99437,0
DB08514,P07949,0
DB04548,O95169,0
DB11986,Q15116,0
DB06670,Q01234,0
DB00179,P0A7V3,0
DB11186,O15075,0
DB04069,P51164,0
DB09214,P09598,0
DB04970,A5X5Y0,0
DB04071,Q96S37,0
DB08099,Q9Y6E0,0
DB03676,P49759,0
DB01511,Q15759,0
DB06905,P13001,0
DB04480,O68541,0
DB02282,P25311,0
DB00761,Q92847,0
DB01041,P18669,0
DB07851,P04825,0
DB05478,Q9X2W8,0
DB04055,P03007,0
DB00886,P16118,0
DB08618,P31645,0
DB00142,O34714,0
DB06678,P52564,0
DB00395,P80188,0
DB02834,O00444,0
DB07917,Q9F663,0
DB02009,P43985,0
DB02636,P16218,0
DB00354,P50135,0
DB07940,P08697,0
DB08484,P05327,0
DB00341,P00953,0
DB11221,P26447,0
DB00344,P78348,0
DB02558,O75015,0
DB01950,P9WKK7,0
DB07465,Q9BRS2,0
DB14071,P22314,0
DB02103,P0C0T5,0
DB04120,P07919,0
DB08438,P16184,0
DB04322,Q8IDH5,0
DB03602,Q72LA6,0
DB06204,Q86YV6,0
DB04677,Q8KN66,0
DB02031,P04036,0
DB00091,P62993,0
DB00280,P07919,0
DB06987,P29972,0
DB07790,Q6GI75,0
DB02937,Q9A1B7,0
DB03685,Q51705,0
DB07056,O34714,0
DB00741,P53041,0
DB01116,Q06609,0
DB04097,P17412,0
DB03028,C6KT50,0
DB01622,Q03181,0
DB07326,L0LZJ6,0
DB02393,Q86UW7,0
DB04023,P40394,0
DB00808,O43193,0
DB07253,P0AEB3,0
DB07073,P48068,0
DB08063,P05177,0
DB04099,P15169,0
DB08524,P22983,0
DB05039,Q12809,0
DB02022,P13827,0
DB02033,P10827,0
DB01247,P43886,0
DB02031,P05089,0
DB02472,P61925,0
DB12450,P13036,0
DB08510,O14980,0
DB03603,P11509,0
DB00708,Q5SHN3,0
DB08240,P08670,0
DB02638,Q8YSC4,0
DB00558,Q5T6L4,0
DB02933,P36924,0
DB01799,Q8TF76,0
DB03791,P56373,0
DB04661,Q15046,0
DB12865,P51671,0
DB07229,P27302,0
DB02645,P33038,0
DB07876,C6KTA4,0
DB05552,Q59FK2,0
DB01088,P00909,0
DB00261,P45568,0
DB11692,O15374,0
DB02058,P09486,0
DB04235,P96965,0
DB06891,P82543,0
DB02986,Q9H228,0
DB03045,P03007,0
DB00816,Q99653,0
DB01792,P16234,0
DB03284,O75636,0
DB12825,Q9UGI5,0
DB11638,P51512,0
DB01541,P49789,0
DB04776,Q13255,0
DB02341,P29597,0
DB04782,Q8N142,0
DB04795,P0A115,0
DB02885,Q9ZGH3,0
DB07138,Q86UE8,0
DB00432,P16304,0
DB04253,P29973,0
DB07319,P41231,0
DB08158,Q6PKH6,0
DB04456,P10636,0
DB06680,P61987,0
DB07705,Q7AUG5,0
DB02413,P9WGV3,0
DB08575,P44490,0
DB07952,O15143,0
DB03505,Q9UGI6,0
DB03711,P50391,0
DB02288,P95276,0
DB04754,P15313,0
DB06477,Q6PYX1,0
DB02285,Q72EF4,0
DB04062,A0A0H2XJ39,0
DB02307,P0C0H6,0
DB00916,P05771,0
DB01038,Q5SJ80,0
DB08413,P00269,0
DB01963,Q13421,0
DB00354,P09871,0
DB03408,P37059,0
DB03479,P41595,0
DB07740,P15770,0
DB02145,P41240,0
DB01353,P19021,0
DB02228,O43776,0
DB01056,P13612,0
DB01001,Q9RRU8,0
DB00955,P11274,0
DB04090,Q13574,0
DB00618,Q8N1Q1,0
DB03862,P02647,0
DB06470,L0DSL2,0
DB09552,P03951,0
DB04863,Q6L8H2,0
DB12450,O67135,0
DB07572,P05091,0
DB04114,P07445,0
DB08807,P62136,0
DB01037,Q8WUI4,0
DB02943,P35225,0
DB06410,P07944,0
DB00266,P62669,0
DB02441,P05042,0
DB02418,Q8NBN7,0
DB02796,O06644,0
DB01345,Q52369,0
DB04207,P37268,0
DB02744,P30043,0
DB06652,P22676,0
DB00654,Q5G940,0
DB04677,P04733,0
DB02951,P24092,0
DB07990,P02974,0
DB06345,P55407,0
DB00607,P37700,0
DB00464,Q72EF3,0
DB02438,P96113,0
DB07601,P25942,0
DB02104,P06864,0
DB02451,Q5MYR6,0
DB04282,Q8GN86,0
DB04128,P07711,0
DB07301,P48764,0
DB06914,Q7Z4T2,0
DB15685,P78352,0
DB04120,P35367,0
DB06873,Q8TCT9,0
DB01632,P08631,0
DB02066,P09172,0
DB12662,P15313,0
DB00982,Q59EB3,0
DB04346,Q9X4K7,0
DB07967,Q9H2M3,0
DB04740,P51580,0
DB01352,Q9P2J5,0
DB01773,Q72EF3,0
DB05767,P14324,0
DB08284,P01876,0
DB00983,P33590,0
DB01252,Q9NPH2,0
DB09552,Q6IA69,0
DB00393,P56282,0
DB08305,Q6QNK2,0
DB07148,P00362,0
DB01235,P05981,0
DB07400,A6PZ59,0
DB07391,P11597,0
DB08626,Q7K9G0,0
DB15569,O75976,0
DB06819,P37610,0
DB02264,Q12882,0
DB08450,Q96GD4,0
DB06412,P23141,0
DB03517,Q45135,0
DB07960,Q8P9V9,0
DB00296,Q9RN59,0
DB04132,P20932,0
DB07401,P46976,0
DB03921,Q96A70,0
DB03101,P9WNW7,0
DB11858,P07773,0
DB01809,O34453,0
DB03108,P16473,0
DB02900,P22570,0
DB07961,O33407,0
DB04302,P0AF12,0
DB01329,A0A0H3JRU9,0
DB00813,P9WNX3,0
DB01034,P95673,0
DB03964,P35625,0
DB07288,Q3J1A6,0
DB04230,Q8I5G6,0
DB07939,P52788,0
DB02594,P20393,0
DB08782,P00367,0
DB07831,P0A6Q3,0
DB01138,P80365,0
DB07719,O32723,0
DB02976,Q8WX39,0
DB08297,Q7Z2H8,0
DB06841,Q14790,0
DB04317,P49759,0
DB00128,Q9KU37,0
DB00382,O97313,0
DB05961,Q8RJN5,0
DB03525,P12996,0
DB04270,P19438,0
DB01754,Q13470,0
DB04845,P0A6V7,0
DB01186,P11597,0
DB01012,P52597,0
DB00940,Q96D53,0
DB12245,P06864,0
DB13720,Q9Y4W6,0
DB02627,Q08188,0
DB02885,P54289,0
DB00425,P24385,0
DB00154,P23469,0
DB02930,P11473,0
DB03692,P42345,0
DB00700,P29074,0
DB01879,P46098,0
DB01825,P45452,0
DB01605,P50859,0
DB08149,P26572,0
DB15233,Q9HGT2,0
DB06962,Q53707,0
DB07874,Q8TE23,0
DB00864,P52732,0
DB04633,Q06520,0
DB01626,Q59721,0
DB04545,Q06481,0
DB08057,P0A6M2,0
DB00675,P46940,0
DB01169,Q13219,0
DB07341,Q08462,0
DB03793,P42443,0
DB09273,Q9H4B4,0
DB01324,Q8NEB9,0
DB13174,P17117,0
DB04573,Q8TD19,0
DB03310,P06202,0
DB07292,P25705,0
DB03349,P22088,0
DB08860,P0AEB3,0
DB12364,Q16877,0
DB07686,O94760,0
DB07901,Q12809,0
DB00673,P9WPE1,0
DB04759,P00742,0
DB03540,O31616,0
DB08895,P25971,0
DB01906,P33981,0
DB07121,Q8TBX8,0
DB06849,O15304,0
DB08530,Q9H3S4,0
DB03072,Q96GD4,0
DB02029,P19531,0
DB02885,O14757,0
DB00756,Q9UDX4,0
DB06954,P25924,0
DB08321,P21890,0
DB07245,Q24940,0
DB06729,P41180,0
DB02840,P07998,0
DB07857,Q8IVH4,0
DB04194,Q07869,0
DB04817,Q8I431,0
DB07512,P00156,0
DB07446,P61073,0
DB02048,P48507,0
DB05624,P20061,0
DB03063,P02925,0
DB01719,Q6ZMR3,0
DB07519,P00722,0
DB00589,P41968,0
DB04934,P12259,0
DB00627,Q693P7,0
DB07019,Q8IXJ6,0
DB04330,Q8AAK6,0
DB12610,P02818,0
DB12010,Q13370,0
DB08671,Q9RA63,0
DB14071,Q08828,0
DB02083,P48651,0
DB04542,P51161,0
DB02063,P02775,0
DB00813,P53778,0
DB02727,P15954,0
DB02569,P0A820,0
DB06843,P19480,0
DB01909,P18509,0
DB04871,P54820,0
DB09116,Q7Z3Y4,0
DB00995,P08842,0
DB00671,Q8N142,0
DB02565,Q9K578,0
DB07894,P43490,0
DB03566,P95468,0
DB01166,P41052,0
DB00349,Q98GN8,0
DB07322,O14842,0
DB06943,P21731,0
DB08193,P35858,0
DB02952,P23458,0
DB00709,P15170,0
DB00240,Q9KWT6,0
DB02865,P37747,0
DB01704,P04036,0
DB00710,P37001,0
DB01598,P26602,0
DB00373,P23219,0
DB00397,Q01718,0
DB08765,Q8IVA8,0
DB02140,P34995,0
DB09027,P07942,0
DB07541,Q9BW92,0
DB08557,P32754,0
DB01175,Q13509,0
DB04533,P49368,0
DB08196,P48448,0
DB03182,Q16651,0
DB03804,Q96BH3,0
DB05137,Q8EBR3,0
DB07744,P29600,0
DB02727,Q9UHC9,0
DB04340,P9WP01,0
DB02318,P40394,0
DB03482,P27449,0
DB02793,P23921,0
DB04105,Q51990,0
DB02103,Q07075,0
DB07915,Q9NRX3,0
DB03597,P0A1X3,0
DB01234,P24092,0
DB00902,Q9K597,0
DB00739,O14842,0
DB02703,P61927,0
DB01141,O69007,0
DB07159,Q8WWQ8,0
DB01497,P28305,0
DB04511,P9WI81,0
DB04467,Q51366,0
DB09282,O14920,0
DB07784,P86287,0
DB03598,C0H5H0,0
DB01675,P41235,0
DB01022,P20702,0
DB05790,Q9HBA0,0
DB00655,P56690,0
DB05389,P0A716,0
DB02364,P08686,0
DB00716,Q8NBP7,0
DB04042,Q9ZGH3,0
DB04732,P49862,0
DB08242,P0CG30,0
DB02265,P48723,0
DB04715,P80372,0
DB00728,P02925,0
DB15494,P05165,0
DB03796,P17612,0
DB00497,P30518,0
DB03219,P43005,0
DB04689,P25787,0
DB07862,O75865,0
DB04951,Q96RQ3,0
DB00879,P35340,0
DB08569,P22619,0
DB00661,Q9P2K8,0
DB11730,P33981,0
DB04339,P30968,0
DB04465,Q16651,0
DB01069,P19938,0
DB06230,Q92830,0
DB01223,O75600,0
DB15624,P25963,0
DB06016,Q9UBK8,0
DB07373,Q9UBQ6,0
DB03183,P12318,0
DB07096,Q01782,0
DB02081,Q87MW5,0
DB08192,O95838,0
DB00223,B7JBP8,0
DB03137,P09884,0
DB12161,P29717,0
DB07840,Q816R0,0
DB01331,Q9NS40,0
DB03383,P18848,0
DB01155,Q9UP95,0
DB02517,O25096,0
DB07717,O15496,0
DB05107,P12644,0
DB04954,P21728,0
DB11963,Q96Q83,0
DB06083,P00363,0
DB06989,Q693P7,0
DB12339,Q00266,0
DB04924,P47869,0
DB07234,P06307,0
DB01354,Q9KX40,0
DB06579,Q9NWZ3,0
DB02280,Q53908,0
DB07580,P47929,0
DB01194,P01189,0
DB01112,P55792,0
DB03390,P39135,0
DB07932,Q6GII7,0
DB07111,Q49184,0
DB04496,P46926,0
DB01261,P19878,0
DB00383,P9WJI5,0
DB02242,P43003,0
DB00507,P9WGT1,0
DB01998,P03923,0
DB00253,P25924,0
DB07555,Q9UHC3,0
DB07049,P77541,0
DB03185,P06008,0
DB02629,P04035,0
DB06133,O43353,0
DB08407,Q7K9G0,0
DB09088,Q5SHR6,0
DB04174,P0AD69,0
DB00417,Q93088,0
DB03661,Q02218,0
DB04418,P48047,0
DB08766,P0DJ06,0
DB02836,O95255,0
DB02346,Q9NS85,0
DB07149,P41252,0
DB02076,Q6PKH6,0
DB03528,Q8IVH8,0
DB02638,Q92953,0
DB03950,P05155,0
DB08806,P26640,0
DB01937,Q6GI75,0
DB00400,Q7L5Y9,0
DB01010,P43652,0
DB01182,Q92952,0
DB04144,P26827,0
DB08512,P0A076,0
DB00194,P01911,0
DB07266,Q9Y6L6,0
DB06875,P21918,0
DB04115,Q6PHW0,0
DB08814,P24046,0
DB04523,P36888,0
DB02959,P02774,0
DB08153,P0DJD9,0
DB00093,Q92506,0
DB01296,P23469,0
DB04651,P43490,0
DB03344,P32239,0
DB03984,P08172,0
DB01571,P31749,0
DB04493,Q4ZHU6,0
DB04703,P30518,0
DB13146,Q06481,0
DB08224,O15374,0
DB03268,P53350,0
DB00238,P11444,0
DB07014,P11387,0
DB08922,O14874,0
DB04104,P50870,0
DB07435,Q16740,0
DB01088,Q13093,0
DB02820,O15554,0
DB09090,Q9NRE1,0
DB07512,C0H4V6,0
DB09041,P33905,0
DB09285,Q96A70,0
DB02134,Q9Y6L7,0
DB01200,Q13177,0
DB06248,P13631,0
DB07295,P0AE67,0
DB07884,P07355,0
DB01239,Q81EE4,0
DB04289,Q5T601,0
DB08118,P60844,0
DB03558,P20906,0
DB07732,Q9BQ31,0
DB02977,Q5SJ80,0
DB02869,Q9HGT2,0
DB01071,O75899,0
DB08037,P42680,0
DB02111,P11488,0
DB00663,Q7L5Y9,0
DB04872,P03905,0
DB12228,P19926,0
DB07334,Q9WZK0,0
DB08589,P34024,0
DB00158,O00206,0
DB02164,Q9Y2Z4,0
DB07318,P96113,0
DB11738,P50618,0
DB03518,P09622,0
DB04043,Q9BYZ2,0
DB08299,Q9NQS7,0
DB07485,Q99062,0
DB04218,O00763,0
DB01662,Q86T13,0
DB06993,Q9Y257,0
DB06700,Q8IKR1,0
DB02697,P21918,0
DB04828,P00378,0
DB01352,P48547,0
DB01772,P25024,0
DB07456,P61322,0
DB08732,P42443,0
DB08473,P10724,0
DB00674,P07771,0
DB13875,P30613,0
DB08743,P25786,0
DB13948,P61158,0
DB06345,P44725,0
DB08064,O75469,0
DB08292,P0A434,0
DB01815,P08100,0
DB00342,Q96A05,0
DB01035,Q9HVZ0,0
DB07072,P11310,0
DB00437,P9WNX1,0
DB01118,P08192,0
DB02324,P07986,0
DB00868,P0C2S5,0
DB02930,Q9Y468,0
DB07772,Q92947,0
DB07052,Q02643,0
DB04460,P62136,0
DB07853,Q59961,0
DB04394,P0A9E0,0
DB03888,P36946,0
DB04513,P38424,0
DB07104,Q8VP84,0
DB07908,Q16099,0
DB04654,Q86YB8,0
DB08229,Q08881,0
DB01197,P9WNP5,0
DB00837,P17117,0
DB07869,P62736,0
DB07858,P07359,0
DB03731,O60658,0
DB08334,P10253,0
DB00578,Q79FX8,0
DB12874,Q9UQB9,0
DB04754,P01859,0
DB00935,P16100,0
DB07560,O75936,0
DB00487,O60391,0
DB06641,P55157,0
DB01868,P74334,0
DB03815,P29508,0
DB13985,P65389,0
DB04533,Q8N159,0
DB01753,P07098,0
DB08639,Q7KQM4,0
DB08308,P33981,0
DB07635,Q13255,0
DB07001,Q8N8Y2,0
DB00498,Q15208,0
DB03626,P11473,0
DB00177,P13929,0
DB04672,P81605,0
DB08090,P02925,0
DB00014,P44345,0
DB01745,Q56694,0
DB01199,P59998,0
DB03512,Q13936,0
DB02903,P15043,0
DB14596,P09172,0
DB03251,Q9WYV8,0
DB08746,O75874,0
DB02153,Q9X1T2,0
DB00141,Q819K2,0
DB04624,P07195,0
DB07732,P46881,0
DB02519,P0A6M2,0
DB03267,Q9H2S1,0
DB04749,Q8GBW6,0
DB01128,Q96SW2,0
DB07847,O75636,0
DB08573,P0AGJ9,0
DB07163,P60327,0
DB05339,Q08170,0
DB08723,P20138,0
DB01015,Q86YN6,0
DB02585,P0A9E0,0
DB02168,Q9RA47,0
DB00247,P02741,0
DB03669,P22607,0
DB04693,P83796,0
DB08550,P01709,0
DB07854,P69923,0
DB09013,P01100,0
DB08881,P28566,0
DB14059,Q8GGK7,0
DB03738,P22303,0
DB00599,P40259,0
DB03104,P23234,0
DB07114,Q27738,0
DB00327,P13929,0
DB08534,P0A751,0
DB06958,Q14181,0
DB07607,Q8N907,0
DB08569,P08559,0
DB04722,Q72JD8,0
DB14641,Q95460,0
DB08234,Q9FDN7,0
DB02445,P60568,0
DB04350,Q04917,0
DB08565,P07357,0
DB08588,P49419,0
DB11155,Q9H244,0
DB08179,P12821,0
DB05295,P14923,0
DB00313,P36683,0
DB01005,P47989,0
DB07079,Q13303,0
DB01583,P72181,0
DB03767,P29723,0
DB01952,P02656,0
DB07080,Q3IWB0,0
DB14059,P81006,0
DB02187,P00438,0
DB02888,P06608,0
DB00246,P15941,0
DB07006,Q8RJN5,0
DB06154,P55769,0
DB06853,P38038,0
DB03984,Q9Y234,0
DB00276,P0A749,0
DB02594,Q16720,0
DB07556,P0AEB3,0
DB01121,P39086,0
DB04797,O43283,0
DB02499,O60894,0
DB04374,Q9X278,0
DB00721,Q8NW68,0
DB03558,Q9REC4,0
DB00480,Q92598,0
DB03430,P40306,0
DB02334,P0A9M5,0
DB06855,P14941,0
DB07254,P29498,0
DB04854,Q8IKR1,0
DB03034,P0A759,0
DB07935,O31168,0
DB07080,O15239,0
DB04021,Q96ER9,0
DB04770,P0A794,0
DB12007,Q9A5I5,0
DB01143,P23763,0
DB00523,P0CG30,0
DB03927,P17980,0
DB07599,P27623,0
DB03933,Q9ULU8,0
DB11477,Q8IW54,0
DB04604,Q7Z2H8,0
DB03110,P41091,0
DB08465,P09598,0
DB00490,Q15800,0
DB09076,Q02880,0
DB02174,P01375,0
DB04466,P0DOY9,0
DB04624,Q14831,0
DB00503,Q99829,0
DB07703,Q99062,0
DB04265,P15336,0
DB00842,P07741,0
DB07307,P14735,0
DB04498,P16473,0
DB13158,P9WNL5,0
DB03233,Q96D53,0
DB00292,Q99759,0
DB07136,Q9RP17,0
DB00739,Q9Y697,0
DB00807,Q9BY66,0
DB00673,P35625,0
DB08613,Q9UGI5,0
DB07544,O67648,0
DB08777,Q96RQ9,0
DB07654,P10613,0
DB00334,Q8WU03,0
DB08779,Q9BVS4,0
DB09018,Q9Y6I3,0
DB01031,P01019,0
DB03214,Q16322,0
DB03542,P34913,0
DB02943,P9WN38,0
DB09076,P01911,0
DB01213,Q8TD19,0
DB07599,Q07806,0
DB07238,Q92830,0
DB00835,P04070,0
DB03745,P49069,0
DB06847,O75330,0
DB04805,P84139,0
DB03219,Q9UL51,0
DB06835,P54820,0
DB01686,Q9REC4,0
DB00568,Q93EK7,0
DB08320,P11413,0
DB02566,A0A0H2URW2,0
DB07915,Q9Y6Y9,0
DB01396,P11473,0
DB03114,O05935,0
DB02680,P0AD63,0
DB07985,Q16558,0
DB08360,Q9NYK1,0
DB13520,P02533,0
DB00284,Q6L8H2,0
DB14498,P29208,0
DB08527,Q8WU03,0
DB03462,P11712,0
DB01704,P41235,0
DB07660,P10644,0
DB07356,Q9UNN8,0
DB08267,P0AFI5,0
DB02118,P16615,0
DB08712,P00807,0
DB07502,O32449,0
DB00843,P46336,0
DB00891,Q86XF0,0
DB03604,P0A333,0
DB01071,Q9NXE4,0
DB08907,P0DJ06,0
DB08470,Q8I2Z8,0
DB02143,P24093,0
DB01776,P08246,0
DB01218,P36578,0
DB04872,Q8TCU5,0
DB07134,O66496,0
DB01481,P49674,0
DB00834,P0AC41,0
DB00633,Q12809,0
DB04178,P06493,0
DB03444,P32239,0
DB07457,P0AA43,0
DB14072,Q9UI12,0
DB00745,Q9NY47,0
DB07647,P9WH11,0
DB03582,Q8IBI3,0
DB00408,P35346,0
DB04285,Q9RA47,0
DB08647,Q02169,0
DB11830,P32397,0
DB06982,Q9NRF9,0
DB02573,P61177,0
DB09224,Q9NTG7,0
DB03211,A1Z199,0
DB08577,P51178,0
DB04396,P15941,0
DB02123,Q9NSD9,0
DB08012,Q06203,0
DB02016,P51681,0
DB08147,P00738,0
DB13874,P49190,0
DB04407,O95477,0
DB04153,P00582,0
DB07179,Q16798,0
DB03098,O24990,0
DB12465,P0AF14,0
DB02336,P22364,0
DB08444,P31645,0
DB07328,P32927,0
DB02491,Q53547,0
DB00523,P41146,0
DB08912,Q9NY56,0
DB07864,Q8ILE8,0
DB08443,Q96RE1,0
DB04453,P42338,0
DB04864,P29498,0
DB06939,Q9KEQ1,0
DB01097,P83791,0
DB07441,O14764,0
DB00187,P00381,0
DB00678,P09211,0
DB01375,P52788,0
DB04540,P36873,0
DB01795,O00187,0
DB08388,P35247,0
DB03948,P35590,0
DB06976,P05771,0
DB04003,Q75UV1,0
DB03981,P01871,0
DB04003,P0AC44,0
DB08605,P25971,0
DB08364,P29322,0
DB00251,Q8IKF0,0
DB02595,P09467,0
DB03775,P45059,0
DB13783,Q9H853,0
DB15688,Q9LCV9,0
DB11590,P80561,0
DB00692,P07332,0
DB03192,Q9FD87,0
DB01717,P49841,0
DB02717,P08631,0
DB02001,P29768,0
DB00704,O00238,0
DB00367,Q7L266,0
DB01103,P02768,0
DB02442,P00738,0
DB04132,Q8N8Y2,0
DB04388,P52664,0
DB13879,P36894,0
DB08280,P27696,0
DB08580,P72524,0
DB01646,P04035,0
DB00625,Q9Y468,0
DB07241,P0DOY7,0
DB01367,Q92806,0
DB04254,Q96LB9,0
DB07510,P09546,0
DB08995,Q96LB4,0
DB03361,P0AFM2,0
DB00912,Q8TDV5,0
DB08867,O82839,0
DB04700,P00805,0
DB04886,P49286,0
DB04862,Q93086,0
DB07816,P36204,0
DB00513,Q13224,0
DB00201,Q56313,0
DB07492,P0ABF6,0
DB11575,Q13946,0
DB01934,Q16850,0
DB00256,Q6LFH8,0
DB00569,P38038,0
DB00145,Q48255,0
DB04067,Q71U36,0
DB01054,Q72EF3,0
DB08732,P17980,0
DB08248,O43617,0
DB04463,Q9BQ31,0
DB08855,P43119,0
DB04518,Q7RTV2,0
DB07490,P12996,0
DB04198,P29422,0
DB07702,Q96L12,0
DB07813,O75489,0
DB00343,P29899,0
DB07692,P9WQ77,0
DB08659,Q9X6R4,0
DB02415,Q9HVZ0,0
DB02382,P48357,0
DB09292,O00187,0
DB00630,P30939,0
DB03730,O95182,0
DB08695,P61421,0
DB08544,P16152,0
DB02904,Q05329,0
DB03765,P01024,0
DB07839,P75914,0
DB00171,P12314,0
DB08295,P42328,0
DB08005,Q06528,0
DB02460,Q02809,0
DB04770,P35094,0
DB03693,Q3JP94,0
DB03602,Q8TC12,0
DB06954,P50416,0
DB07296,P37088,0
DB02989,P0AB71,0
DB00430,Q14541,0
DB01710,Q51792,0
DB01790,Q94655,0
DB02107,P54756,0
DB03156,O95622,0
DB07502,P29350,0
DB08747,Q08698,0
DB01587,Q13427,0
DB06589,Q07817,0
DB01948,P45983,0
DB00491,Q6PEY2,0
DB00206,Q99542,0
DB06733,O85361,0
DB04946,P0A7V3,0
DB08136,Q83QN9,0
DB07300,Q16740,0
DB07280,Q16539,0
DB01198,P0ABQ4,0
DB02511,Q9X757,0
DB04849,P17752,0
DB07046,Q6NS38,0
DB07668,P51580,0
DB07899,Q9UQD0,0
DB06795,Q7Z2H8,0
DB02604,P54548,0
DB06409,Q9TY94,0
DB07401,Q9ULZ9,0
DB04638,Q8N119,0
DB07674,P51512,0
DB03767,Q59643,0
DB09074,P55011,0
DB04560,P30626,0
DB03479,P30532,0
DB12500,Q9Y233,0
DB07951,Q9ZB17,0
DB11090,P31749,0
DB01155,P02750,0
DB04908,P42898,0
DB00131,O75469,0
DB06589,P60981,0
DB04232,Q9R5V5,0
DB09085,Q8IVS2,0
DB01613,P56194,0
DB03788,P13376,0
DB00229,P43220,0
DB07492,Q9UN19,0
DB06362,O34667,0
DB08595,P01100,0
DB07604,P42593,0
DB08820,P00533,0
DB08120,P47929,0
DB01884,Q9FA38,0
DB03218,P21912,0
DB00165,P16581,0
DB08262,Q9UJ90,0
DB08469,P06400,0
DB04429,P18850,0
DB07876,Q9UJT1,0
DB14059,P43116,0
DB00570,P19821,0
DB06196,P20823,0
DB04678,O75015,0
DB00408,P53848,0
DB12742,A0A0M3KKX1,0
DB07712,Q9Y663,0
DB05010,P0A017,0
DB03859,Q9RHZ6,0
DB08745,Q9UBK8,0
DB00511,Q8NI60,0
DB08881,Q9UEE5,0
DB07273,P00451,0
DB04607,Q8DNV6,0
DB02159,P04406,0
DB07919,P15502,0
DB00441,Q8IVS2,0
DB03945,Q8NG66,0
DB00513,P29498,0
DB08756,Q93UV9,0
DB02046,O43678,0
DB01784,P16152,0
DB00933,P0AE12,0
DB07714,P63316,0
DB02897,O14672,0
DB01054,Q8TF76,0
DB02797,P29275,0
DB08579,Q16539,0
DB04767,P07360,0
DB04186,P0A2K1,0
DB03294,P26397,0
DB02350,P13702,0
DB07666,A5HEI4,0
DB01812,P07814,0
DB14010,P0AAI5,0
DB02166,P08631,0
DB04789,P00363,0
DB08395,P31142,0
DB08400,Q46891,0
DB00773,P17600,0
DB03606,Q8VP84,0
DB07265,Q15759,0
DB02810,Q16832,0
DB07203,P09142,0
DB07932,P40259,0
DB03837,P19926,0
DB02355,P27693,0
DB07082,Q15648,0
DB03792,P48181,0
DB06333,Q9Y2Q3,0
DB03335,O15399,0
DB07812,P19838,0
DB14669,O60882,0
DB03477,Q8WY07,0
DB08406,P19622,0
DB07228,P77674,0
DB00543,Q9H093,0
DB08895,P48736,0
DB00444,P30613,0
DB09167,P0A334,0
DB02800,P0A927,0
DB00187,P09917,0
DB07270,P26392,0
DB01320,P0A108,0
DB03052,P9WQ77,0
DB02531,Q6ZMR3,0
DB02603,P01871,0
DB07412,B2ZTR6,0
DB03481,Q96L12,0
DB06847,Q15637,0
DB06497,O14964,0
DB03948,Q820T1,0
DB09075,P05451,0
DB05984,P84139,0
DB07618,P43166,0
DB14539,P02743,0
DB01001,P0A078,0
DB03328,Q13630,0
DB07970,P76577,0
DB08285,P15917,0
DB01577,Q5SID9,0
DB01979,P07384,0
DB02942,P75914,0
DB03453,O00305,0
DB07332,P22894,0
DB02195,Q8XL08,0
DB06998,P37672,0
DB02608,O33833,0
DB06457,P45799,0
DB04137,P30085,0
DB02599,P15692,0
DB04043,P06864,0
DB04971,Q00080,0
DB06403,P0C0Y7,0
DB07539,P14550,0
DB02054,Q9RN59,0
DB03649,Q96I99,0
DB11136,P25774,0
DB05035,P15636,0
DB00651,Q03393,0
DB03255,P98170,0
DB03643,P9WK83,0
DB04311,Q07075,0
DB08435,Q9UQM7,0
DB14649,P71278,0
DB00964,P14489,0
DB07459,Q9WZI0,0
DB03341,O43525,0
DB11823,Q9BUB5,0
DB03032,Q06033,0
DB13873,Q6TGC4,0
DB00528,P11797,0
DB01116,Q6ZQY3,0
DB04257,O15146,0
DB02928,P10724,0
DB02041,P01011,0
DB08166,Q96I15,0
DB01839,P02649,0
DB03912,P28838,0
DB03180,P09210,0
DB14508,Q99643,0
DB01193,P18509,0
DB02312,Q76NM6,0
DB00622,Q9BW92,0
DB02467,Q53464,0
DB07079,Q00169,0
DB08731,Q5SHP2,0
DB04352,O95670,0
DB06739,Q14376,0
DB03803,P07686,0
DB14581,P07900,0
DB01908,P51451,0
DB02072,Q969G3,0
DB08010,P08700,0
DB08062,P51956,0
DB11644,P00943,0
DB07175,P06400,0
DB01936,O25926,0
DB00922,P09936,0
DB04126,P08253,0
DB08791,Q8IAW0,0
DB01725,P09038,0
DB04948,P34972,0
DB01489,P51956,0
DB02770,P04746,0
DB03991,O76083,0
DB04752,P62837,0
DB01726,Q81F54,0
DB02786,Q9GV41,0
DB01712,P01579,0
DB04297,P09152,0
DB07704,P9WPN5,0
DB00459,P42685,0
DB02838,Q13093,0
DB08333,P0A759,0
DB06472,Q56UN5,0
DB04379,O00303,0
DB02061,P47228,0
DB07536,P10253,0
DB03727,P0A753,0
DB09041,P9WI73,0
DB03908,O95382,0
DB05492,O15146,0
DB02626,Q9UIX4,0
DB07495,P62277,0
DB12610,P12314,0
DB07700,Q02252,0
DB00679,Q2TU84,0
DB07930,P25275,0
DB01321,P26281,0
DB08066,P40616,0
DB02023,Q13554,0
DB03702,Q04230,0
DB02571,Q83QN9,0
DB00201,Q54527,0
DB08756,P9WPP7,0
DB07563,P12235,0
DB08516,P77967,0
DB03752,Q9H6Z9,0
DB09257,P01859,0
DB04740,P35558,0
DB12965,O14727,0
DB00443,Q96S37,0
DB04501,P9WI73,0
DB01041,P00091,0
DB01392,P41143,0
DB03284,Q9Y5S8,0
DB04824,Q55013,0
DB02091,O00483,0
DB03201,P54368,0
DB06140,P51617,0
DB11085,P20273,0
DB03335,Q13131,0
DB01056,P40261,0
DB04280,P32238,0
DB07223,P32722,0
DB02655,C0H5C2,0
DB14146,Q8KT33,0
DB07810,P83792,0
DB01427,Q9Y666,0
DB00589,O14964,0
DB04158,Q969P6,0
DB02583,P0DOY6,0
DB08739,P61949,0
DB08579,O14730,0
DB08689,P10114,0
DB03484,Q9WYS2,0
DB03935,Q8TD19,0
DB04769,Q9NPC2,0
DB08767,P0AA43,0
DB00588,P72161,0
DB04191,O95342,0
DB08215,P08913,0
DB01586,Q9Y5S1,0
DB03541,Q9UDR5,0
DB07045,Q9UDW1,0
DB03126,P09012,0
DB06258,O15427,0
DB08141,P07711,0
DB01590,Q13224,0
DB04559,Q8N8N7,0
DB08763,P26639,0
DB07077,Q9NZD4,0
DB00127,P25553,0
DB08105,P30939,0
DB03024,Q9X1T2,0
DB07286,P0A7Z3,0
DB08733,Q72LA6,0
DB09201,Q9UNN8,0
DB06771,P02359,0
DB08162,P62594,0
DB00495,P12256,0
DB02905,Q15648,0
DB01901,P07355,0
DB02679,P00935,0
DB04722,P04054,0
DB02386,Q16322,0
DB07854,P10515,0
DB14074,P04079,0
DB02163,P68371,0
DB03924,P20932,0
DB07421,O15270,0
DB02278,Q53H96,0
DB01908,P80303,0
DB01489,O14832,0
DB07373,Q9Y4U1,0
DB07003,Q13546,0
DB09086,P62658,0
DB03604,O14793,0
DB01853,P14543,0
DB03845,P0AE67,0
DB02640,Q92570,0
DB04702,P33316,0
DB01113,Q16659,0
DB02761,Q13882,0
DB12442,P0A953,0
DB07768,P15382,0
DB07297,P00775,0
DB03993,Q8DR59,0
DB08237,P20248,0
DB08623,P57059,0
DB02595,P14489,0
DB01170,P13640,0
DB02517,P28066,0
DB02827,Q9Y4R7,0
DB03572,P17844,0
DB07984,Q53586,0
DB04186,P20231,0
DB02452,P9WPS1,0
DB01180,P42593,0
DB08727,P80874,0
DB13879,O95255,0
DB06843,P51617,0
DB02418,Q5KUI2,0
DB00183,P62857,0
DB08673,P06010,0
DB00212,Q9UHA3,0
DB02885,Q9NZV8,0
DB06977,P20333,0
DB00544,P11047,0
DB08865,Q8IUR0,0
DB02921,Q9H4G4,0
DB08076,P39900,0
DB00518,Q96SL4,0
DB08652,P14735,0
DB09242,P28566,0
DB07239,P98170,0
DB09131,P83792,0
DB03124,P16220,0
DB03428,P48357,0
DB07609,Q08188,0
DB08487,P30049,0
DB07659,O53240,0
DB01856,Q79FX6,0
DB06262,P33032,0
DB02729,Q6TGC4,0
DB03222,P9WPB5,0
DB06603,P26394,0
DB08626,P30793,0
DB12418,Q6NVY1,0
DB03905,P41407,0
DB08846,Q13258,0
DB01834,O15530,0
DB07553,P01308,0
DB01767,Q92993,0
DB08401,Q8NEB9,0
DB00746,P07097,0
DB03768,Q6N063,0
DB00927,Q09093,0
DB08438,P03891,0
DB07210,Q8I4R5,0
DB02900,Q16322,0
DB07536,Q9Y619,0
DB02272,Q45697,0
DB13931,Q05940,0
DB03559,P00437,0
DB07520,P83812,0
DB03549,P06730,0
DB02133,Q83LD8,0
DB01330,Q9GV41,0
DB13074,P00692,0
DB02855,Q14353,0
DB04381,P35913,0
DB04783,Q9RA63,0
DB01001,O15169,0
DB01792,Q9NYX4,0
DB00894,Q9X0G9,0
DB06851,P49019,0
DB01351,P18031,0
DB05667,P11998,0
DB08646,Q9NY72,0
DB04586,Q12852,0
DB08273,Q7L7X3,0
DB14074,Q9NPH2,0
DB07071,P15474,0
DB08508,P39126,0
DB02062,P39841,0
DB06897,Q12756,0
DB02066,Q5SL87,0
DB07232,P9WI81,0
DB02061,P60484,0
DB04524,P28845,0
DB06258,P49411,0
DB01150,P83812,0
DB01795,P47869,0
DB04524,Q13557,0
DB07144,P01009,0
DB03896,Q13557,0
DB03723,Q02761,0
DB06876,P49789,0
DB01496,Q9RYU4,0
DB08534,P06748,0
DB06677,P01189,0
DB03241,P31025,0
DB04496,P31948,0
DB03881,P51149,0
DB01897,O95479,0
DB00176,Q72EF3,0
DB08407,P23837,0
DB03908,P24289,0
DB04620,Q9NR28,0
DB07235,P0A8V6,0
DB04033,P05546,0
DB02666,Q9Y617,0
DB04180,P08149,0
DB07447,Q93088,0
DB07044,P31491,0
DB02962,P43405,0
DB03112,Q8GIQ0,0
DB14642,P29475,0
DB00467,P0A1V8,0
DB04084,P33447,0
DB07674,P14060,0
DB02785,P20742,0
DB11978,P83796,0
DB00293,P26440,0
DB05022,Q7SI98,0
DB15569,P51686,0
DB06290,Q60037,0
DB05514,P44801,0
DB06969,P78330,0
DB08521,Q9GV41,0
DB13437,P08493,0
DB03143,P28248,0
DB07818,P35237,0
DB07864,Q9FCA6,0
DB00138,P03901,0
DB03929,Q53H96,0
DB07651,P0A953,0
DB04157,Q96A05,0
DB01559,P16278,0
DB08725,P10109,0
DB00937,P06576,0
DB01018,P09960,0
DB07355,Q06033,0
DB03365,Q9K2N0,0
DB00558,P51812,0
DB02723,Q8N159,0
DB03163,P14778,0
DB03220,P31213,0
DB08198,P9WQG9,0
DB04789,P15291,0
DB01669,P53554,0
DB03294,C0H5H0,0
DB06791,P04839,0
DB01813,Q46702,0
DB11195,O67040,0
DB12742,Q9KWT5,0
DB00691,P17342,0
DB02729,Q8NEB9,0
DB00470,P31937,0
DB06345,Q99814,0
DB09299,Q96SW2,0
DB08718,P03897,0
DB11726,P04825,0
DB07879,P48048,0
DB08569,P08909,0
DB04515,P47712,0
DB03716,P01593,0
DB02846,Q8TD19,0
DB06694,P45984,0
DB00480,P00807,0
DB00403,P00966,0
DB02659,P08603,0
DB00481,Q9UQ05,0
DB02809,Q86YV6,0
DB01691,Q8TDR2,0
DB03445,Q16566,0
DB07732,P09382,0
DB08371,P06732,0
DB08934,P30872,0
DB02948,Q9Y487,0
DB08001,P17538,0
DB01600,P23222,0
DB01921,Q48152,0
DB03034,Q96NY8,0
DB02031,Q8IWU9,0
DB07650,Q8RLY5,0
DB03455,Q9P2N6,0
DB03542,Q8RQP5,0
DB07011,Q9UQF2,0
DB07867,P35243,0
DB04910,O31168,0
DB08744,Q9UBM7,0
DB01164,P07333,0
DB04695,P01023,0
DB00782,Q8N8R3,0
DB06536,Q8IYT8,0
DB06953,P39593,0
DB02096,P49902,0
DB12140,O43678,0
DB02305,Q56148,0
DB03821,Q8NER1,0
DB04688,P25553,0
DB07880,P14756,0
DB07574,Q8IEN3,0
DB01918,P18177,0
DB08045,Q04707,0
DB00901,P11217,0
DB00519,P02924,0
DB02098,O67135,0
DB06145,Q86YV6,0
DB06956,Q8IE82,0
DB01713,O60882,0
DB04527,P56385,0
DB03011,O34974,0
DB02803,Q746L7,0
DB03622,P84147,0
DB03415,P0C0X2,0
DB12695,P25105,0
DB00689,Q8IKM5,0
DB00775,P22460,0
DB04860,Q9Y233,0
DB03557,P49257,0
DB00771,P40859,0
DB02811,Q96PD7,0
DB01639,P13956,0
DB00121,Q9X0F9,0
DB04185,P35499,0
DB02743,Q9WYV8,0
DB07627,Q8N142,0
DB04551,Q9UGN5,0
DB07834,P35749,0
DB06736,Q5SHF5,0
DB03086,Q9Z4N6,0
DB01582,P36673,0
DB14028,P25553,0
DB08430,P40925,0
DB03062,Q8N543,0
DB07464,P04083,0
DB08180,P29972,0
DB04839,Q59771,0
DB01104,Q92945,0
DB03716,O31616,0
DB02503,Q06278,0
DB06831,P0A444,0
DB08799,P17936,0
DB01190,P02765,0
DB06786,Q13470,0
DB07591,B7JA91,0
DB07042,P42261,0
DB01359,P54278,0
DB03584,P00909,0
DB02884,O67040,0
DB07733,P17900,0
DB00575,O00444,0
DB02931,P20586,0
DB01744,Q08345,0
DB00618,P04118,0
DB04467,O95363,0
DB12693,Q71U36,0
DB07927,Q8NEY4,0
DB07218,Q9UI12,0
DB07306,P42790,0
DB08122,P29460,0
DB01173,O00329,0
DB01804,P42261,0
DB13783,Q9LAK3,0
DB00671,Q9Y5N1,0
DB01282,P22459,0
DB05956,P45066,0
DB03577,P0A9J8,0
DB07461,P9WQB3,0
DB03719,O25323,0
DB08116,Q9BVG9,0
DB07373,P10724,0
DB07744,P32929,0
DB03906,Q92918,0
DB05399,P47985,0
DB03798,P02144,0
DB07824,P80297,0
DB04602,Q8TCU5,0
DB07071,P9WFF5,0
DB03446,O75469,0
DB03319,P0A6L0,0
DB08675,P29218,0
DB02910,Q9H4B7,0
DB02328,Q93LQ9,0
DB06127,P06716,0
DB08626,P29074,0
DB03892,A0A0H3K1U2,0
DB07502,Q72EF3,0
DB02830,P56537,0
DB12130,O76082,0
DB02515,P22364,0
DB01173,P50618,0
DB00334,P96113,0
DB09262,P9WJI5,0
DB06472,Q8P8J2,0
DB02226,Q96RD7,0
DB01711,O15145,0
DB12569,Q27218,0
DB04119,P48637,0
DB02953,P20231,0
DB01151,P09601,0
DB04028,Q9HYX1,0
DB09078,P08100,0
DB05667,Q01698,0
DB07634,Q48255,0
DB03351,P20815,0
DB01179,P62580,0
DB07135,P31142,0
DB07639,Q47Q21,0
DB01382,O95180,0
DB12598,P31213,0
DB08376,P02671,0
DB01630,O75880,0
DB00530,O70038,0
DB00977,P12851,0
DB01069,O75746,0
DB06689,O94788,0
DB01991,Q9UJ70,0
DB07275,P26466,0
DB11936,P25053,0
DB11541,Q01344,0
DB01427,Q79FX6,0
DB01710,P23458,0
DB01405,P33673,0
DB03551,Q8WY07,0
DB01274,P62316,0
DB07072,Q9NPC1,0
DB00181,P0A884,0
DB05992,P04040,0
DB03916,P11802,0
DB02651,O75116,0
DB04186,P14618,0
DB08179,O43678,0
DB00693,O14949,0
DB03639,Q9HGT2,0
DB05932,P19838,0
DB08689,P61432,0
DB00262,P43405,0
DB07967,P06493,0
DB02811,P83791,0
DB02402,P84147,0
DB07585,P09598,0
DB00798,Q8IW54,0
DB11156,Q9NYQ3,0
DB03556,O14965,0
DB04041,Q9RVD6,0
DB03126,P25553,0
DB07400,P54368,0
DB08254,Q8I487,0
DB02834,Q8IJK8,0
DB01954,Q8TCG2,0
DB00770,Q8GGK7,0
DB08138,P29371,0
DB08766,P18843,0
DB00592,P17812,0
DB02051,P62277,0
DB03299,Q27218,0
DB05219,P25924,0
DB04058,P43115,0
DB02976,O43272,0
DB04637,P05093,0
DB04754,P01615,0
DB00588,P15814,0
DB00351,P54548,0
DB06845,P13507,0
DB09059,Q47NK3,0
DB12379,P26572,0
DB05961,Q55793,0
DB03130,Q15046,0
DB06652,P52333,0
DB08666,P51606,0
DB13930,Q7Z4T2,0
DB02312,P40939,0
DB01146,P09758,0
DB08798,Q53IN1,0
DB03964,P39135,0
DB01411,Q12852,0
DB02090,P46782,0
DB02716,P36897,0
DB07458,P0A876,0
DB06174,Q46393,0
DB00717,P61713,0
DB13335,Q9Y5Y6,0
DB07207,O15197,0
DB00887,P11498,0
DB07470,P43116,0
DB08297,P05089,0
DB07198,Q46856,0
DB02824,P42336,0
DB08350,C0H419,0
DB02111,P12814,0
DB03758,O14874,0
DB03592,P50897,0
DB08000,O85361,0
DB05786,Q8ILE8,0
DB13345,P17544,0
DB04434,Q9UDX4,0
DB07424,P31224,0
DB08954,Q9UBQ6,0
DB01201,P0AB74,0
DB01881,Q8I0V4,0
DB09225,P42262,0
DB02899,Q9Y468,0
DB01591,P12104,0
DB07750,Q96C24,0
DB11652,O00483,0
DB00277,P12998,0
DB02904,Q9UGI6,0
DB02265,Q9NZQ7,0
DB03217,P24630,0
DB02058,P33316,0
DB07007,O43497,0
DB03751,P05193,0
DB02524,Q26609,0
DB00194,P45984,0
DB04349,P54583,0
DB08115,P34972,0
DB02743,Q15825,0
DB01592,P09960,0
DB01210,Q16513,0
DB04593,Q4ZHU6,0
DB01881,P42328,0
DB08475,Q9L9D7,0
DB07162,P33673,0
DB02479,Q9UG56,0
DB07280,P43683,0
DB08503,P00781,0
DB01407,P06008,0
DB08882,Q9UP52,0
DB01181,Q14697,0
DB03945,P09038,0
DB08671,Q8RQP5,0
DB03758,P95780,0
DB07838,P25787,0
DB03518,P30874,0
DB08495,Q8I372,0
DB05399,Q9NZ42,0
DB08664,P33590,0
DB03370,Q07021,0
DB04736,P50135,0
DB00356,P36404,0
DB03203,P09467,0
DB04069,Q01770,0
DB07384,P27707,0
DB09481,P04424,0
DB01466,P0AEX9,0
DB01022,P09601,0
DB04397,P0A7J6,0
DB07339,P61024,0
DB07398,Q72JJ3,0
DB00260,O76083,0
DB07588,Q8WXA8,0
DB01088,P11766,0
DB08439,Q9UGI5,0
DB02090,P10828,0
DB00748,P29322,0
DB00163,Q56232,0
DB04563,O43772,0
DB04457,P13995,0
DB07093,P02753,0
DB00399,Q5JTZ9,0
DB09290,P40859,0
DB03701,O14983,0
DB08018,Q7SIE9,0
DB00652,P03023,0
DB14528,P08700,0
DB07139,P43813,0
DB09207,P19429,0
DB00756,Q01064,0
DB06945,Q12965,0
DB03553,Q8IDD3,0
DB03022,P04637,0
DB04511,O75600,0
DB07842,P42443,0
DB08306,P07357,0
DB00500,P07998,0
DB07674,O15197,0
DB01041,Q12965,0
DB03354,Q44532,0
DB03368,Q06528,0
DB08814,A0A0H2UQB5,0
DB00988,P02818,0
DB14019,P07766,0
DB03723,P51787,0
DB01664,Q46704,0
DB00602,Q7CRA4,0
DB07174,P30197,0
DB02112,Q13370,0
DB08542,P0AFI5,0
DB01728,P23827,0
DB03392,P10909,0
DB07155,P16278,0
DB00501,P0CG30,0
DB03667,P0A820,0
DB00741,P16184,0
DB07830,P02750,0
DB04926,Q99835,0
DB08369,Q92887,0
DB07414,P0A9M2,0
DB01124,Q693P7,0
DB12693,O75900,0
DB00472,O15375,0
DB09013,O76054,0
DB00831,P0A7Z4,0
DB02542,Q6UWP2,0
DB04065,O94768,0
DB03224,Q8TD19,0
DB02407,P20020,0
DB00749,P0ABF6,0
DB02379,Q9NZQ7,0
DB03395,P48507,0
DB08420,P04632,0
DB11584,P50613,0
DB02227,P25021,0
DB02175,P15104,0
DB05271,P45844,0
DB06969,P0A6G7,0
DB06789,Q59FK2,0
DB08872,Q14654,0
DB03190,P76270,0
DB04898,Q9L9D7,0
DB03385,Q9KX40,0
DB07467,P16471,0
DB08030,P09493,0
DB08202,P62219,0
DB08553,P0A1V8,0
DB04328,Q9KG76,0
DB01666,P78508,0
DB01176,P41145,0
DB03862,P63027,0
DB07112,O32723,0
DB02919,P18510,0
DB07405,Q9H2G2,0
DB03172,P33447,0
DB02929,O43399,0
DB01246,Q01468,0
DB04600,Q8IKH8,0
DB09053,O15270,0
DB04699,Q8P9V9,0
DB01841,Q00653,0
DB02802,Q01718,0
DB03530,P9WNS5,0
DB09221,Q6PYX1,0
DB01998,O94760,0
DB08568,P31391,0
DB02051,Q9X1B3,0
DB06958,P60339,0
DB04820,P09211,0
DB07910,P48029,0
DB00560,P38545,0
DB07643,Q8NBQ5,0
DB00671,O15146,0
DB07449,Q9Y266,0
DB03505,P0ACC1,0
DB06013,P05106,0
DB03813,Q8TF61,0
DB02996,Q96KC2,0
DB04186,P08123,0
DB01861,Q146M9,0
DB04401,O85465,0
DB04843,P17544,0
DB04265,P48357,0
DB03584,Q5JTZ9,0
DB08498,P08246,0
DB03756,Q99643,0
DB07769,P17516,0
DB04021,P02768,0
DB08954,P09960,0
DB07544,P06310,0
DB11817,P41594,0
DB00122,P28223,0
DB01331,P34897,0
DB00287,Q13630,0
DB08590,P49257,0
DB07378,Q5SKW1,0
DB01779,P13861,0
DB02328,P39045,0
DB07827,P56868,0
DB02784,P29274,0
DB01090,P01023,0
DB00295,P49019,0
DB09116,Q92953,0
DB08606,P98052,0
DB07054,C0H419,0
DB03765,P07358,0
DB03716,Q9WYA5,0
DB05266,P41007,0
DB00962,P32119,0
DB01772,Q9UHW9,0
DB04531,Q16206,0
DB00876,O94804,0
DB03338,P0C0F4,0
DB01908,Q12874,0
DB07660,P13693,0
DB00501,P37700,0
DB02566,P46859,0
DB01701,Q9BQE3,0
DB02954,P23415,0
DB03176,Q00740,0
DB07530,P07014,0
DB03100,Q08638,0
DB03828,P51580,0
DB11753,P54760,0
DB04068,P77454,0
DB07953,P00646,0
DB07983,P22088,0
DB12874,P01563,0
DB04029,Q99712,0
DB00240,Q4ZHU6,0
DB07113,P22301,0
DB02963,Q88CZ6,0
DB08724,Q15111,0
DB00121,P51160,0
DB07997,P31939,0
DB02607,P47901,0
DB07626,Q16720,0
DB06477,P14751,0
DB08128,Q05655,0
DB03203,P35858,0
DB06959,P22460,0
DB02873,Q16698,0
DB03686,Q8IVA8,0
DB11477,P00781,0
DB06942,Q08853,0
DB04653,O94768,0
DB00842,O15269,0
DB08023,P26276,0
DB09061,P08217,0
DB06468,Q9BVJ7,0
DB03226,Q9ZGI2,0
DB07650,Q86VU5,0
DB03707,Q96KS0,0
DB03672,P14174,0
DB03216,Q8DP79,0
DB02261,O33199,0
DB04471,P0A9P4,0
DB00162,P27708,0
DB05966,O94788,0
DB02509,Q6IA69,0
DB04659,Q16288,0
DB03745,P13640,0
DB02937,Q92830,0
DB02873,P0A7J6,0
DB13951,Q01668,0
DB04101,P49146,0
DB01961,P22888,0
DB01997,P0A808,0
DB09167,P35346,0
DB04578,P0A921,0
DB03087,P09152,0
DB06833,Q14457,0
DB08115,P54820,0
DB04027,P62594,0
DB02498,O43181,0
DB07470,Q8N119,0
DB05928,Q2M3G0,0
DB13879,P25815,0
DB01260,P01834,0
DB07565,Q13332,0
DB01602,P28593,0
DB05434,Q57193,0
DB07193,P46459,0
DB03045,P32170,0
DB07421,Q9N587,0
DB14070,P16218,0
DB07357,P49759,0
DB07314,P49763,0
DB03240,Q81C15,0
DB04108,Q00080,0
DB03048,Q7Z2H8,0
DB00777,P53396,0
DB08776,P11388,0
DB06973,P42768,0
DB01091,Q7BK04,0
DB08543,P0A6I3,0
DB00706,Q9BXA7,0
DB02681,B4DP61,0
DB03575,P62312,0
DB04448,P62826,0
DB12548,Q9BVM4,0
DB02729,Q75Y35,0
DB11640,P08620,0
DB08372,P0AB91,0
DB04424,P0A753,0
DB07440,Q59FK2,0
DB02515,P49146,0
DB08589,Q9X757,0
DB14520,P00959,0
DB00897,P04825,0
DB04970,P46883,0
DB08893,P53779,0
DB11071,P43876,0
DB14581,P07110,0
DB02578,P00782,0
DB14488,O85465,0
DB08495,P25929,0
DB02323,Q79FX8,0
DB02720,P0A9M2,0
DB15091,A0A0H3JWX6,0
DB03932,O14949,0
DB08436,Q13956,0
DB07902,Q99062,0
DB07825,Q01118,0
DB08428,P22748,0
DB04183,P28793,0
DB01419,P52788,0
DB13925,Q92993,0
DB03061,Q59288,0
DB12865,P22256,0
DB03227,Q6FHJ7,0
DB08811,P20472,0
DB07197,P17315,0
DB04404,P0DMS8,0
DB08069,P05113,0
DB03692,P48723,0
DB01589,O00305,0
DB07662,P56524,0
DB01035,P55196,0
DB05812,Q9ULX7,0
DB02205,P0C2P0,0
DB03087,P35237,0
DB08249,P0A884,0
DB01401,Q8II73,0
DB03767,Q93LE9,0
DB08150,Q03154,0
DB08402,P00497,0
DB04905,Q6IA69,0
DB08763,Q15637,0
DB02570,P17813,0
DB07759,Q8I431,0
DB02381,P15559,0
DB02057,P35243,0
DB15686,Q8IDI5,0
DB01373,O14556,0
DB01156,Q96GD3,0
DB08372,P01138,0
DB07691,P00439,0
DB04890,O95835,0
DB07028,P68371,0
DB08493,Q16498,0
DB08649,P20823,0
DB05035,P27169,0
DB08882,P07515,0
DB07942,Q99062,0
DB08707,Q2QJL3,0
DB05412,P12998,0
DB08634,P37551,0
DB04532,Q86U10,0
DB15233,P0DP23,0
DB03866,P60493,0
DB00585,P94182,0
DB04896,O95167,0
DB08703,Q6NXR0,0
DB08901,P14923,0
DB02534,P06241,0
DB02624,P62826,0
DB00446,P07225,0
DB04220,P31644,0
DB01349,P32056,0
DB08277,P24670,0
DB01037,Q9UHA3,0
DB07873,Q86UW8,0
DB01265,Q9Y3R4,0
DB00398,Q8RQE8,0
DB01444,Q60053,0
DB07895,P07550,0
DB02170,Q08751,0
DB00127,P16218,0
DB03573,Q96L12,0
DB00765,P23276,0
DB03534,P30418,0
DB01807,P52699,0
DB08198,P10276,0
DB00333,P61987,0
DB03086,Q96LZ3,0
DB00770,P54760,0
DB03466,P11409,0
DB07230,Q9HTN2,0
DB01918,P30411,0
DB06512,Q9HBH1,0
DB07238,O66145,0
DB04067,Q13523,0
DB02269,P24670,0
DB08025,O60678,0
DB03738,P00935,0
DB06480,P31025,0
DB04519,P02768,0
DB08751,P29376,0
DB01709,P09238,0
DB12436,P0C0J0,0
DB09213,P10768,0
DB00349,O43181,0
DB00299,Q83JC4,0
DB07208,Q8IXJ6,0
DB07276,P06010,0
DB02857,P40238,0
DB11772,P22001,0
DB00371,P24092,0
DB08413,P50579,0
DB08178,Q87MW5,0
DB02424,P13001,0
DB07153,P10912,0
DB13174,Q13630,0
DB04273,Q08853,0
DB03326,Q15759,0
DB07435,P01024,0
DB02483,Q53ET4,0
DB06350,Q9UJT1,0
DB01150,P26951,0
DB04005,P01189,0
DB07670,C0H546,0
DB06477,P15925,0
DB05806,P53041,0
DB00354,P52209,0
DB00710,Q9UGM6,0
DB06240,P20813,0
DB06441,P16389,0
DB08687,P39841,0
DB00269,P26276,0
DB04456,P09848,0
DB07811,Q9Y616,0
DB03962,P13929,0
DB08078,P61278,0
DB07979,P0A9J8,0
DB07832,O25928,0
DB01595,P62937,0
DB04783,Q72JD8,0
DB04851,P18405,0
DB08776,P45568,0
DB03927,Q51793,0
DB07668,P41595,0
DB00334,Q44244,0
DB03368,P37330,0
DB00808,Q9KWT6,0
DB07071,P00138,0
DB02353,Q8IM15,0
DB04434,P06493,0
DB01382,Q9X242,0
DB03686,P0AGE0,0
DB07441,Q56691,0
DB09421,Q15208,0
DB08532,O14730,0
DB00689,Q8TE23,0
DB06842,P39748,0
DB00181,P25021,0
DB04671,Q15722,0
DB07453,Q969P6,0
DB02318,O14618,0
DB04474,P94692,0
DB00698,P45510,0
DB02132,P46734,0
DB07615,P55882,0
DB01822,Q9UJX1,0
DB15690,P16471,0
DB07811,P15428,0
DB04596,A0A0E1R3H3,0
DB08596,Q9Y2D1,0
DB07273,P05327,0
DB03564,P55038,0
DB07949,Q9NP99,0
DB08142,Q4KH25,0
DB07823,Q04609,0
DB06702,Q7L0J3,0
DB05540,Q9Z1N9,0
DB00214,P13254,0
DB09069,O75636,0
DB04528,Q146M9,0
DB03589,Q08209,0
DB00821,Q9I194,0
DB00608,Q79FX6,0
DB06923,P0AF14,0
DB09227,P62277,0
DB08256,P12676,0
DB00220,Q9Y6Y9,0
DB00865,O43525,0
DB02065,Q9Y6B6,0
DB08133,O08498,0
DB01761,P20645,0
DB08033,Q32MK0,0
DB06994,P46336,0
DB04372,P40259,0
DB08267,O31465,0
DB04154,Q5SJ79,0
DB08504,P0AG59,0
DB03879,Q9P289,0
DB02059,Q5SJ76,0
DB04657,P35568,0
DB00437,P00736,0
DB04875,P54646,0
DB03396,P02743,0
DB03533,P05112,0
DB01489,P29600,0
DB06950,P48728,0
DB01333,Q5JAM2,0
DB05395,P17568,0
DB04270,P0AFU8,0
DB03951,P9WGV3,0
DB04775,P07333,0
DB06837,P01178,0
DB00587,P06864,0
DB06549,O75747,0
DB07835,Q8TC12,0
DB01836,O14786,0
DB07933,P02585,0
DB03772,Q9BWD1,0
DB06950,Q15375,0
DB00156,O68541,0
DB07345,A0A0E1R3H3,0
DB01069,Q15382,0
DB00674,P02775,0
DB03107,P9WN25,0
DB11431,P00403,0
DB04920,P20061,0
DB01159,O60911,0
DB03444,P11439,0
DB00587,P0A8T7,0
DB08715,Q9Y4W6,0
DB01839,Q02834,0
DB01084,Q9C098,0
DB02521,Q816R0,0
DB05152,Q9Y6L6,0
DB08180,Q8XL08,0
DB03884,Q8NW68,0
DB00836,P28908,0
DB03746,P63208,0
DB03798,Q9Z4N6,0
DB01665,P21638,0
DB07381,P0A917,0
DB08055,P23458,0
DB14499,P25116,0
DB12418,Q16099,0
DB08013,P9WIP7,0
DB11652,O60218,0
DB09343,P0A745,0
DB07003,Q53908,0
DB08402,Q14457,0
DB06262,O00341,0
DB00415,P19784,0
DB00619,O34928,0
DB06145,P9WN95,0
DB08605,P02776,0
DB08614,P0A0N4,0
DB07499,Q14831,0
DB08447,Q8IKR1,0
DB00606,P12931,0
DB01223,Q15858,0
DB05134,P9WPP7,0
DB07924,Q8N9I0,0
DB01982,Q47644,0
DB01065,P9WGY7,0
DB08617,P07814,0
DB01942,P43886,0
DB03929,Q99250,0
DB11586,P06875,0
DB03005,P17735,0
DB12500,Q16206,0
DB00403,Q01782,0
DB08360,P83844,0
DB01877,Q96BI3,0
DB13170,P76270,0
DB08274,Q56408,0
DB01295,Q6L8H2,0
DB03824,Q9NRP7,0
DB03500,P31327,0
DB00701,P0A6K3,0
DB13179,P48544,0
DB07067,Q16644,0
DB05494,P49356,0
DB02956,P0A6K3,0
DB04463,Q15075,0
DB08219,A0A023W3H0,0
DB03890,O43399,0
DB07244,Q3JP94,0
DB02281,P9WI81,0
DB04191,L0LZJ6,0
DB06875,P45799,0
DB01611,Q9UL54,0
DB03115,Q99456,0
DB02836,Q8TDV5,0
DB07291,Q92806,0
DB00381,P40859,0
DB03868,P06983,0
DB04685,P09210,0
DB11590,P14735,0
DB07539,Q7SIE9,0
DB02381,Q15067,0
DB03022,Q5S007,0
DB03962,Q9NR82,0
DB00167,P51955,0
DB02647,Q8P9V9,0
DB03172,O67135,0
DB08528,P62807,0
DB02134,O14936,0
DB04301,P51787,0
DB02931,Q9N623,0
DB01245,P23921,0
DB03076,P08243,0
DB01382,P32119,0
DB02347,P30043,0
DB03107,P01375,0
DB02941,Q9UNI1,0
DB04843,Q97R46,0
DB04347,P48507,0
DB07450,Q05397,0
DB08538,Q6UWN8,0
DB01520,P49424,0
DB00693,P05129,0
DB07262,O14841,0
DB03344,P23181,0
DB08680,Q46509,0
DB07051,P0ACJ8,0
DB06944,P06983,0
DB00787,Q53908,0
DB04580,P78352,0
DB07289,P39905,0
DB03592,P16304,0
DB08348,Q99259,0
DB07922,Q93TU6,0
DB00761,P51649,0
DB07586,P06401,0
DB08663,Q13509,0
DB03501,P19480,0
DB13501,P07355,0
DB04518,P28070,0
DB08091,Q96L34,0
DB08445,Q5JPH6,0
DB03609,P39019,0
DB04501,P05106,0
DB00511,P41743,0
DB13167,Q13421,0
DB08822,Q9F0J6,0
DB06549,P32019,0
DB00966,Q8IIA4,0
DB02972,P16233,0
DB09270,P0AES4,0
DB04163,Q96G91,0
DB00470,Q9H0K1,0
DB03709,P11546,0
DB02845,P07358,0
DB04387,P08912,0
DB00240,Q9NZQ7,0
DB11632,P29827,0
DB07066,P0A808,0
DB01339,P0A6Q5,0
DB06538,Q02760,0
DB03117,P37001,0
DB07657,P80099,0
DB01587,P12851,0
DB03134,P28221,0
DB08163,Q01959,0
DB01431,P01308,0
DB03822,P48449,0
DB00276,P08173,0
DB00811,P51511,0
DB02180,Q9ULU8,0
DB03603,Q96L21,0
DB00445,Q93D82,0
DB07178,P49336,0
DB08727,Q8IEN3,0
DB02145,Q14500,0
DB03018,Q8N1Q1,0
DB03890,Q16698,0
DB02772,P80099,0
DB03607,P48632,0
DB00160,P68104,0
DB04411,P02750,0
DB01301,Q07412,0
DB12458,P30968,0
DB08781,P52664,0
DB01611,P51161,0
DB01319,P36871,0
DB02029,Q46704,0
DB07711,Q9BXA1,0
DB01177,P48051,0
DB01676,P21589,0
DB08065,P16640,0
DB03252,Q92781,0
DB06154,Q8GGK7,0
DB06940,Q9ULD8,0
DB07203,P47944,0
DB00461,Q3JP94,0
DB00420,P23921,0
DB01761,P22234,0
DB03792,Q9I5I9,0
DB03662,P23975,0
DB07239,P80297,0
DB00226,P12256,0
DB01863,Q9UNK4,0
DB02865,O15554,0
DB04003,P43003,0
DB03832,Q5SIR5,0
DB03836,P05120,0
DB06853,O15075,0
DB05470,P28845,0
DB14631,Q92482,0
DB00337,P0A8T7,0
DB00278,P54368,0
DB00825,Q8VUS8,0
DB02911,O15145,0
DB01815,Q8L103,0
DB02133,P27017,0
DB11942,A5W4F4,0
DB01589,Q32MK0,0
DB04073,P12277,0
DB02789,P53778,0
DB06976,P38940,0
DB02735,P20586,0
DB08135,Q96I99,0
DB01135,P07339,0
DB01488,Q16719,0
DB04866,P17169,0
DB04541,P04156,0
DB01190,Q9S427,0
DB11064,P31358,0
DB06213,P06702,0
DB02057,P21631,0
DB01107,P0A8Q3,0
DB08523,P17787,0
DB03217,Q9UKE5,0
DB04609,Q5PXQ6,0
DB07348,P00813,0
DB07349,P49448,0
DB02666,P29350,0
DB00525,Q96LZ3,0
DB04224,P04080,0
DB07570,Q9KL51,0
DB04715,Q9PPP5,0
DB02563,P36507,0
DB08204,Q8T8E9,0
DB08640,P42328,0
DB00938,P45983,0
DB03020,Q98GN8,0
DB07813,P30405,0
DB07042,A0A023W3H0,0
DB03502,P01920,0
DB03637,P43487,0
DB02421,Q7NSZ5,0
DB07042,P51172,0
DB09097,C6S3C7,0
DB07921,P05546,0
DB09351,Q96EM0,0
DB04224,Q9HU21,0
DB05015,Q9Y2Q0,0
DB06914,P26281,0
DB04152,Q6L8H2,0
DB02222,P23415,0
DB08724,Q99870,0
DB02218,P45314,0
DB06889,Q9NQX3,0
DB01883,P41250,0
DB03039,P37551,0
DB00549,Q8I6U8,0
DB07747,O43447,0
DB00686,P27635,0
DB02027,P07173,0
DB04875,Q13258,0
DB07528,Q99542,0
DB11660,Q08853,0
DB06979,Q51225,0
DB00567,P13196,0
DB08617,O95907,0
DB02345,Q9JZW6,0
DB07732,O14649,0
DB01537,P62829,0
DB03226,P62258,0
DB01454,P0C278,0
DB00453,Q9S400,0
DB06209,P72181,0
DB08697,Q05586,0
DB07784,P16099,0
DB05944,Q99814,0
DB06016,P43457,0
DB01395,Q16518,0
DB03676,A1Z199,0
DB06267,Q9X1B3,0
DB01239,Q14376,0
DB07377,P22459,0
DB02382,O67648,0
DB06943,Q8IIA4,0
DB08581,Q9UHY7,0
DB03108,Q92506,0
DB04836,Q9UK32,0
DB08873,P10589,0
DB02621,P30825,0
DB09389,Q8NFD2,0
DB08433,P61888,0
DB01099,P22897,0
DB01135,Q08345,0
DB00204,Q8RJN5,0
DB08703,P04004,0
DB00196,P23381,0
DB05936,Q96RJ0,0
DB06448,O00519,0
DB07856,Q8IVL5,0
DB07150,P0CG47,0
DB08313,Q95460,0
DB00684,Q84CU3,0
DB03012,O14764,0
DB01411,P40306,0
DB07751,Q9X1B3,0
DB04565,Q8GBW6,0
DB08438,P11836,0
DB03524,P01009,0
DB13146,O00187,0
DB00145,O14791,0
DB11064,Q9KEQ1,0
DB04709,P10909,0
DB00314,A5X5Y0,0
DB01670,Q6IQ20,0
DB07379,P0A0N4,0
DB01986,Q5SHN3,0
DB11274,P69772,0
DB08527,P46781,0
DB02831,P07355,0
DB07749,Q92876,0
DB08353,Q9X4K7,0
DB03210,Q9BVS4,0
DB12436,Q06481,0
DB06409,O14730,0
DB07612,O95169,0
DB02211,Q8YSC4,0
DB01807,Q14831,0
DB04630,Q02762,0
DB03276,P0AFL3,0
DB12742,Q51705,0
DB07994,O94925,0
DB07330,P32169,0
DB08646,P31948,0
DB04633,P35610,0
DB11837,Q8ZKF6,0
DB02859,P06858,0
DB01288,P0C278,0
DB03133,P36544,0
DB08760,Q9I194,0
DB01174,P22262,0
DB04425,Q9BQ31,0
DB00117,P02925,0
DB02498,Q96NY8,0
DB01933,O14841,0
DB01620,Q9HBH5,0
DB09389,P42679,0
DB04016,Q12866,0
DB02128,P32173,0
DB08724,P07173,0
DB01046,P0A876,0
DB01700,P00775,0
DB04752,P9WKD7,0
DB13257,Q9BXA1,0
DB02086,Q96I99,0
DB04095,Q9UBN7,0
DB08210,P28566,0
DB00819,P11998,0
DB03961,A0A0H2Z368,0
DB07609,Q9NSE4,0
DB00618,O15399,0
DB01185,Q9UM73,0
DB00764,Q13177,0
DB03836,Q9I5I9,0
DB07580,Q8DP79,0
DB09203,P05798,0
DB03760,P00450,0
DB14526,Q9KKU4,0
DB02990,Q8IJ74,0
DB03925,Q99735,0
DB04477,O00764,0
DB03180,Q06481,0
DB04580,P0A808,0
DB04577,P0AA43,0
DB00321,Q8TE23,0
DB02580,P55408,0
DB07316,Q7KQK0,0
DB04007,O07732,0
DB09296,Q9UIC8,0
DB03864,P15559,0
DB06980,Q92206,0
DB03106,A9X444,0
DB12140,Q9WZX6,0
DB08774,P08922,0
DB02255,P0A6Q3,0
DB01784,P23763,0
DB01935,P01178,0
DB04630,Q8XB74,0
DB00682,P42685,0
DB00227,P30041,0
DB03067,P16112,0
DB03256,P30043,0
DB00529,Q8TF76,0
DB03296,P96558,0
DB02550,P30197,0
DB07258,Q30154,0
DB03290,P16304,0
DB11157,Q14542,0
DB00340,P42766,0
DB07367,P52333,0
DB08542,P0A1P6,0
DB08466,P61497,0
DB08492,P0A8M5,0
DB06311,P00323,0
DB14528,Q12882,0
DB02753,Q02641,0
DB03728,P16218,0
DB04169,P08246,0
DB02200,P01556,0
DB05295,P00943,0
DB09282,P14751,0
DB03245,P04391,0
DB00608,P69681,0
DB03247,P08887,0
DB01199,P0A6Q5,0
DB03153,P20339,0
DB06195,Q9KWT6,0
DB07767,P10875,0
DB07911,P36888,0
DB02661,P72355,0
DB02785,P18925,0
DB00536,Q8N1C3,0
DB03867,Q96PR1,0
DB11855,P80511,0
DB01142,P46736,0
DB07771,Q9P2J5,0
DB00292,P12814,0
DB04136,O66529,0
DB04227,P35348,0
DB01338,O00341,0
DB01965,Q52437,0
DB08331,K7YNB3,0
DB08756,Q8DW21,0
DB11951,O77323,0
DB07910,Q5G940,0
DB08608,P0AET8,0
DB00904,P61158,0
DB02915,Q9Y286,0
DB08096,P13688,0
DB02029,O34974,0
DB07075,Q14565,0
DB07960,Q15046,0
DB01220,P30197,0
DB08399,P0A6C8,0
DB08237,P01848,0
DB01698,P00138,0
DB02145,P49761,0
DB03296,P33527,0
DB08278,Q873X9,0
DB08724,P06401,0
DB02722,P17291,0
DB00422,Q51911,0
DB01199,P26358,0
DB03044,O14746,0
DB02233,P51659,0
DB02623,O31410,0
DB09389,P35749,0
DB06695,Q81F54,0
DB06896,Q52WX2,0
DB04140,P10745,0
DB11431,Q92947,0
DB14527,P03007,0
DB00571,P27797,0
DB07259,Q5SID9,0
DB07005,P62660,0
DB02878,Q9UKQ2,0
DB08336,Q01118,0
DB07850,Q01118,0
DB11831,P20815,0
DB00576,Q8I814,0
DB06882,P10153,0
DB07180,O95718,0
DB08807,Q54AI1,0
DB07068,P38936,0
DB00563,P34995,0
DB03733,C7C422,0
DB00465,P0A827,0
DB06996,P29320,0
DB09129,P05042,0
DB01876,P06875,0
DB03309,P10398,0
DB04641,Q836J0,0
DB11699,Q701N4,0
DB01820,P52961,0
DB03541,Q9BZX2,0
DB00141,P39265,0
DB08157,P39126,0
DB08686,Q54528,0
DB07476,P0A716,0
DB09319,P9WIB9,0
DB08200,Q99661,0
DB04276,Q9GZT9,0
DB02410,Q5NUL3,0
DB06750,Q24940,0
DB02421,O95139,0
DB03498,P43004,0
DB02482,P07339,0
DB01844,P20851,0
DB04898,Q13938,0
DB04324,P01303,0
DB02889,P06986,0
DB00813,P41022,0
DB02353,P20963,0
DB08164,P20261,0
DB08786,P48549,0
DB03130,P18251,0
DB07391,P50406,0
DB09245,O15375,0
DB03569,P54578,0
DB14631,O14763,0
DB03443,Q13258,0
DB02751,O75865,0
DB07860,P26918,0
DB06914,Q9NSD9,0
DB09273,Q9GZR5,0
DB00797,Q9Y2Z4,0
DB03923,P48736,0
DB02034,P29475,0
DB06258,Q9P286,0
DB03477,Q9X0D0,0
DB01206,Q9Y2T6,0
DB07770,P06875,0
DB01162,P00469,0
DB02761,Q15303,0
DB00325,P28476,0
DB07937,Q3IWB0,0
DB05475,P18846,0
DB03319,F7VJQ1,0
DB07575,P20061,0
DB08526,C1KC03,0
DB01319,P31946,0
DB02977,P51149,0
DB03803,Q60037,0
DB12612,P36419,0
DB00361,P36952,0
DB03274,Q6NVY1,0
DB03576,O96017,0
DB06209,Q8NHE4,0
DB07875,P12998,0
DB07612,O60513,0
DB04345,P11684,0
DB02934,Q8I814,0
DB01388,P47775,0
DB03962,P02920,0
DB07771,P52700,0
DB06995,P24385,0
DB08635,Q15761,0
DB03790,P00403,0
DB08677,O14842,0
DB00908,P61158,0
DB02471,P04079,0
DB01070,P07024,0
DB01365,O75306,0
DB11737,Q0P8G4,0
DB12442,Q9NWZ3,0
DB07344,O60493,0
DB04348,O94956,0
DB04769,Q3JWH7,0
DB08450,Q2RJ67,0
DB04577,Q9Y697,0
DB01881,O75460,0
DB11478,P0A6G7,0
DB03586,P27302,0
DB07595,P25924,0
DB07411,P83796,0
DB03818,P34096,0
DB04130,P28074,0
DB14062,Q9WXV1,0
DB03480,Q9RHZ6,0
DB03150,Q8N5S9,0
DB07127,P07173,0
DB01223,Q07869,0
DB07334,P03901,0
DB03017,Q9UP95,0
DB09167,Q5SHN7,0
DB02334,Q00532,0
DB02970,Q9RQB9,0
DB08622,Q7SI98,0
DB00661,Q8RJN8,0
DB06124,P9WND1,0
DB08934,Q8VP84,0
DB06082,O25926,0
DB02728,Q53728,0
DB08648,P31751,0
DB04719,Q5SJI0,0
DB01993,F7VJQ1,0
DB07798,P51957,0
DB07044,Q12756,0
DB02537,P26440,0
DB08289,O75911,0
DB03666,P05160,0
DB03171,Q53119,0
DB01128,Q13231,0
DB03174,Q9NZK7,0
DB08162,P03915,0
DB03991,P06576,0
DB08565,P18510,0
DB11632,Q93LD7,0
DB07092,P22459,0
DB00813,P40394,0
DB06414,P75430,0
DB00894,P15559,0
DB03316,P15587,0
DB03500,Q54276,0
DB00558,P27828,0
DB09151,Q9Y463,0
DB12548,O00341,0
DB08653,Q14957,0
DB03996,Q81C15,0
DB00355,O95237,0
DB04779,P43912,0
DB04938,P9WNW7,0
DB03661,Q7RTX0,0
DB07101,P0A7U3,0
DB00666,P08319,0
DB01154,P17291,0
DB01990,P32019,0
DB03543,P08183,0
DB03553,Q93083,0
DB09204,Q9X1T2,0
DB04521,P0A6R0,0
DB14539,P21333,0
DB07199,Q9N623,0
DB00760,Q84CU3,0
DB08097,P0C1V1,0
DB08029,Q14790,0
DB09333,Q8N339,0
DB14490,P28482,0
DB09230,Q5T6L4,0
DB04149,Q9UN88,0
DB01496,P61586,0
DB07187,P42345,0
DB05824,O31156,0
DB02546,Q9NY56,0
DB08215,P51813,0
DB07643,P11922,0
DB03366,P0A793,0
DB02690,P9WPQ5,0
DB02981,P11309,0
DB04246,Q82ZJ0,0
DB00605,P01593,0
DB04920,P16234,0
DB03833,P06971,0
DB12890,Q8I814,0
DB00783,P0AGG2,0
DB07792,C6KTA4,0
DB02719,P49761,0
DB00850,P0A7Z3,0
DB03950,P0AEE5,0
DB15495,P83792,0
DB07068,Q01693,0
DB02599,P0AB87,0
DB05434,P31644,0
DB02591,P23297,0
DB04579,P0A6L0,0
DB07164,P51659,0
DB04468,P68400,0
DB07264,Q81EW9,0
DB12668,Q16568,0
DB01297,Q79FX8,0
DB08074,P25553,0
DB09270,P10145,0
DB02168,Q02762,0
DB08048,P9WNL9,0
DB07380,Q15418,0
DB05171,P29803,0
DB00532,Q13698,0
DB03973,Q8IJA9,0
DB08258,Q9RC92,0
DB02457,P42680,0
DB07104,Q9H422,0
DB04393,P06988,0
DB00592,P13498,0
DB01295,P20231,0
DB04789,Q00653,0
DB08131,P25789,0
DB03712,P02763,0
DB06922,Q9Y2D1,0
DB00896,P9WNL5,0
DB04258,P14900,0
DB11674,P05120,0
DB07537,P02924,0
DB04172,P36204,0
DB01840,Q9Y233,0
DB08375,O25927,0
DB12371,P31025,0
DB00193,P03960,0
DB04834,O60656,0
DB02384,Q969G6,0
DB07670,P18848,0
DB06414,Q9HB21,0
DB07737,P32890,0
DB08139,Q9NS40,0
DB01282,P40429,0
DB08473,P43657,0
DB12010,Q09093,0
DB05540,P96945,0
DB03178,Q8ILE8,0
DB08911,Q9UK32,0
DB08094,Q60053,0
DB01698,Q96L34,0
DB00438,P47929,0
DB03164,P06703,0
DB00264,P09958,0
DB08301,P08253,0
DB02260,P00439,0
DB02406,P0CI79,0
DB02047,O43704,0
DB04422,P51580,0
DB06203,P27361,0
DB07285,P0A7G9,0
DB04798,P46883,0
DB07049,Q969V6,0
DB02576,P30532,0
DB07422,O75348,0
DB03673,P61432,0
DB07169,P0A006,0
DB00728,P49765,0
DB08603,Q9NPH2,0
DB04982,Q48436,0
DB01291,P21709,0
DB06809,P31645,0
DB09212,P26396,0
DB03729,Q7L5Y9,0
DB01592,Q92876,0
DB08070,P11439,0
DB00894,Q6P3R8,0
DB04790,P20333,0
DB02309,Q56320,0
DB03587,P21905,0
DB02677,Q9UIC8,0
DB09513,O43766,0
DB08521,P44801,0
DB02905,P51681,0
DB07345,Q7BJM5,0
DB00758,P25103,0
DB03967,O43293,0
DB01267,P42345,0
DB04471,O14735,0
DB00421,P43681,0
DB07370,P16220,0
DB07056,P18314,0
DB02867,P09210,0
DB03088,P05177,0
DB04850,P35237,0
DB04307,Q9BZX2,0
DB06497,Q9UQB9,0
DB08598,Q8ZNF3,0
DB07278,Q01581,0
DB06147,Q9X242,0
DB02923,P9WNW7,0
DB08837,P9WND1,0
DB03012,P36673,0
DB06830,P20339,0
DB02312,Q8IJA9,0
DB04433,Q15120,0
DB07806,O00483,0
DB02567,Q0VD83,0
DB09280,P49019,0
DB06986,Q96L12,0
DB00921,Q12852,0
DB03834,Q06700,0
DB07231,O43612,0
DB08034,Q9Y6H6,0
DB00673,Q16584,0
DB02297,O95644,0
DB06530,Q06278,0
DB04152,P05798,0
DB00633,P43985,0
DB04373,P11216,0
DB00808,P13995,0
DB02472,Q99500,0
DB04373,P19320,0
DB04534,Q9HB21,0
DB07261,Q15125,0
DB02001,O95263,0
DB00349,P0A953,0
DB04036,P31994,0
DB06346,Q02834,0
DB00966,P9WNL5,0
DB02749,Q9UDR5,0
DB02490,P0A334,0
DB02462,P23434,0
DB07544,O43519,0
DB03156,O68601,0
DB01061,P80192,0
DB01076,Q9Y5Y6,0
DB08738,Q44532,0
DB00502,P48065,0
DB03676,P36897,0
DB04200,P23340,0
DB08020,P19099,0
DB04880,O94925,0
DB11653,O00303,0
DB08933,P02458,0
DB03211,Q9UQF2,0
DB03278,Q9WYS2,0
DB03419,Q5S007,0
DB08683,Q9RVD6,0
DB00187,P12995,0
DB00204,O66496,0
DB00306,P62344,0
DB07105,P32320,0
DB03809,P43985,0
DB04564,P67936,0
DB02039,Q746J6,0
DB02780,P48549,0
DB07772,Q9AIU0,0
DB12328,P18405,0
DB02477,P02452,0
DB02222,Q51366,0
DB02434,P9WND1,0
DB01615,P00740,0
DB07972,Q06278,0
DB00957,P35749,0
DB03028,P0AE22,0
DB00718,P34981,0
DB02211,O31440,0
DB01840,P55263,0
DB14512,P17948,0
DB11136,Q8IVL6,0
DB07367,Q16836,0
DB07488,P46459,0
DB08429,Q79G13,0
DB01624,P19424,0
DB06992,O75936,0
DB05255,Q9NZV8,0
DB08023,P53554,0
DB02636,P17707,0
DB07203,Q07075,0
DB08788,P21333,0
DB03662,P05364,0
DB04480,P28062,0
DB01559,P54820,0
DB02228,P54756,0
DB08504,P16640,0
DB01222,P50607,0
DB02501,P14780,0
DB06231,P29475,0
DB01252,P39045,0
DB14840,P06241,0
DB07927,Q9X2W8,0
DB01333,P15336,0
DB01832,P0A3D9,0
DB13581,F7VJQ1,0
DB07011,Q23022,0
DB02829,P18545,0
DB14069,P0AE18,0
DB00884,P52848,0
DB07942,Q9Y3R4,0
DB02072,P40925,0
DB02028,P07801,0
DB02110,P05067,0
DB08270,P0A115,0
DB05659,P25910,0
DB07876,Q14432,0
DB04304,O43169,0
DB07017,P51852,0
DB00490,Q16552,0
DB01106,P00183,0
DB02226,Q08499,0
DB02075,O60931,0
DB08433,Q16518,0
DB04284,P21554,0
DB04471,P54583,0
DB02961,P95673,0
DB00389,Q9NPA1,0
DB02910,Q9H244,0
DB04453,P84077,0
DB08047,P61769,0
DB08571,Q8IU85,0
DB08008,Q9Y5K8,0
DB08308,P47900,0
DB02180,P0AEX9,0
DB01541,P08870,0
DB11692,P02766,0
DB07379,Q9UEW3,0
DB08458,Q9UKL6,0
DB08167,P80376,0
DB06409,P28907,0
DB04343,P0AC47,0
DB01149,P03960,0
DB04114,Q8IW41,0
DB04347,P16100,0
DB00910,Q13219,0
DB00746,P65389,0
DB07805,Q99814,0
DB02122,Q9UK17,0
DB01736,P0A1F6,0
DB02980,P19827,0
DB07931,P16066,0
DB03949,P17302,0
DB07703,P00864,0
DB07979,P02795,0
DB00865,Q13003,0
DB03485,P77173,0
DB08462,P46976,0
DB02413,P21462,0
DB02020,O75521,0
DB01041,Q9UHD2,0
DB08271,P54750,0
DB07095,P51168,0
DB02207,Q7SIG1,0
DB00483,P01764,0
DB03052,P16384,0
DB01896,Q8IJK8,0
DB01420,P18177,0
DB02548,O14649,0
DB15598,P18357,0
DB08347,Q6PEY2,0
DB04581,T1RTG8,0
DB13872,Q82ZJ0,0
DB04248,P48549,0
DB08435,Q6IA69,0
DB08744,Q9BTZ2,0
DB01744,O14832,0
DB00445,Q9BYT3,0
DB06729,Q70Z44,0
DB07068,Q06432,0
DB03577,Q14721,0
DB03095,Q7RTT9,0
DB03837,Q9Z9H6,0
DB09513,P0A006,0
DB00142,P18177,0
DB00399,Q5G940,0
DB04910,P26392,0
DB06775,Q9Y5N1,0
DB02951,P02766,0
DB04565,P10176,0
DB02164,Q59721,0
DB06836,C0H4X5,0
DB08717,Q9RP17,0
DB00834,P22188,0
DB03509,P13051,0
DB08675,Q6IB77,0
DB03808,P19367,0
DB03844,P69795,0
DB02067,Q9LCC8,0
DB00140,P32397,0
DB04085,Q16698,0
DB03818,Q7ADF8,0
DB07871,P23526,0
DB04165,Q9H3M0,0
DB00874,P25963,0
DB07318,Q00169,0
DB00695,P05164,0
DB04160,P50406,0
DB07629,Q5SKH6,0
DB03390,Q9Y619,0
DB07857,Q9NUV7,0
DB04063,Q7ADF8,0
DB06127,Q9H3M0,0
DB14126,P25929,0
DB06827,P00929,0
DB01105,P57078,0
DB02138,P08506,0
DB00647,P33981,0
DB03704,P52961,0
DB02105,P04629,0
DB04912,P62508,0
DB09068,Q9NPB1,0
DB00472,Q9NY56,0
DB06809,Q53119,0
DB02680,P26466,0
DB04223,P52824,0
DB07662,P52895,0
DB11653,Q9HZZ3,0
DB02182,P61587,0
DB00716,P41968,0
DB00551,P10599,0
DB14530,O14965,0
DB05869,P0A0N5,0
DB01210,P00269,0
DB03106,Q8XB74,0
DB01771,O07653,0
DB09235,P09917,0
DB07035,P54750,0
DB05713,Q9NSD5,0
DB03411,P07445,0
DB06605,P24300,0
DB07118,Q00080,0
DB00535,Q9RYA6,0
DB02483,P32320,0
DB08324,P23469,0
DB03533,Q16644,0
DB03107,Q16568,0
DB06321,P14923,0
DB00645,P30872,0
DB06896,P31994,0
DB00198,Q9GPQ4,0
DB08041,Q02761,0
DB04862,P00740,0
DB11181,O15547,0
DB00256,Q6GGU4,0
DB01795,P41231,0
DB07896,P09758,0
DB04016,P0A444,0
DB06654,Q7Z3Y4,0
DB07227,Q9KEQ1,0
DB02401,P00533,0
DB02017,P9WJM7,0
DB13345,P48068,0
DB01822,Q5JAM2,0
DB08128,P38940,0
DB01745,O95470,0
DB02959,P08708,0
DB04014,P16083,0
DB02636,O14791,0
DB01026,O75460,0
DB00279,P30532,0
DB02066,Q06AK7,0
DB07946,Q9Y2T6,0
DB07534,P05156,0
DB01004,Q08638,0
DB01396,P09142,0
DB07893,P30084,0
DB08015,Q00975,0
DB08670,Q9NZ42,0
DB08668,P15770,0
DB06817,Q9BXA1,0
DB05983,P40394,0
DB14761,Q693P7,0
DB07246,P06632,0
DB01938,P37058,0
DB02044,Q9Y2D1,0
DB03056,O66145,0
DB06749,Q8TDU6,0
DB06145,P29559,0
DB00825,P35243,0
DB04261,P0A433,0
DB01429,Q72LA4,0
DB02200,P11226,0
DB05966,P31946,0
DB07533,P10828,0
DB03363,Q9NYV7,0
DB14063,P48664,0
DB06809,P49619,0
DB07796,P29218,0
DB00215,P00746,0
DB07531,Q16651,0
DB00772,P21728,0
DB03956,P53041,0
DB07652,Q01782,0
DB07660,P05177,0
DB07704,Q6PHW0,0
DB08619,P0CG47,0
DB08565,Q9WXV1,0
DB00782,Q53901,0
DB04295,P80075,0
DB00630,P30101,0
DB08558,P09148,0
DB02690,P0C0H6,0
DB03337,P25929,0
DB03701,O66145,0
DB07996,O75600,0
DB04938,P53608,0
DB00213,C6KT50,0
DB07034,Q53908,0
DB08725,P11488,0
DB00984,P32929,0
DB13501,P0C0Y8,0
DB07452,O43447,0
DB01260,P00323,0
DB07703,P01106,0
DB07646,P07477,0
DB01331,P29317,0
DB08018,P55809,0
DB03539,Q9UHC9,0
DB03859,P20083,0
DB04453,P42443,0
DB00198,Q07817,0
DB04679,P08238,0
DB02170,P51679,0
DB01922,O75715,0
DB00299,O14965,0
DB08034,Q07817,0
DB02868,Q8ZIV7,0
DB04499,P50870,0
DB07382,P31942,0
DB01085,P63252,0
DB02384,Q9L9D7,0
DB07357,P00484,0
DB00527,P14927,0
DB02921,Q06124,0
DB00640,P01178,0
DB07337,Q8IW41,0
DB04469,P33517,0
DB07750,P30411,0
DB06884,Q02880,0
DB01373,Q9Y5K3,0
DB03939,A1Z199,0
DB04131,P35858,0
DB01255,P28066,0
DB04758,P96558,0
DB02187,O14764,0
DB00266,O14561,0
DB08403,O34453,0
DB08278,P60063,0
DB00253,P95276,0
DB05428,O52806,0
DB03286,P09619,0
DB08202,Q26000,0
DB04190,P00322,0
DB00719,P42085,0
DB00564,P0A1X2,0
DB03611,Q5SHN7,0
DB08744,Q9Y5K8,0
DB07618,Q51911,0
DB00769,Q83LD8,0
DB04761,Q8IJK8,0
DB04568,P9WIP7,0
DB07618,P51970,0
DB01581,Q03013,0
DB14542,P13569,0
DB01656,P0AES4,0
DB07970,P02649,0
DB02786,Q4W8W1,0
DB03154,P08246,0
DB07485,Q9L5C8,0
DB07990,Q9UDW1,0
DB07253,Q16831,0
DB03544,Q56839,0
DB11652,P28066,0
DB08704,P68133,0
DB00572,P02656,0
DB00758,Q08257,0
DB02429,P34932,0
DB08799,Q14833,0
DB01171,Q9KEI9,0
DB07097,P00387,0
DB02143,O75908,0
DB01986,P13551,0
DB00855,Q9Y6F1,0
DB09050,P43652,0
DB03901,P06239,0
DB03359,P23258,0
DB06145,P0C2S5,0
DB06827,P48736,0
DB07874,P40939,0
DB03137,P0C0J0,0
DB02602,P00512,0
DB01108,Q701N4,0
DB08395,P10636,0
DB08502,Q13177,0
DB02436,O95665,0
DB02758,Q9HAZ1,0
DB05018,Q9Y463,0
DB03979,Q9HD40,0
DB02134,P20813,0
DB03229,P39594,0
DB02155,Q96LZ3,0
DB02446,Q9RHZ6,0
DB07383,Q9HBA0,0
DB09183,Q9P0X4,0
DB02092,P00861,0
DB00720,P53848,0
DB01160,Q9BXA1,0
DB07114,P13376,0
DB14715,O43612,0
DB01014,P51570,0
DB03136,P50135,0
DB08695,O14521,0
DB03112,Q734I1,0
DB08695,Q9NPJ3,0
DB02556,Q81C15,0
DB04188,P61177,0
DB06871,P28331,0
DB02233,O14717,0
DB08128,P00778,0
DB03107,O14717,0
DB08069,P14060,0
DB13154,P14598,0
DB07975,Q04707,0
DB00121,Q7L3T8,0
DB01987,P18357,0
DB00444,P37062,0
DB06698,Q99470,0
DB08267,Q16877,0
DB14515,P20839,0
DB04653,P61322,0
DB04552,Q58L87,0
DB03376,Q54276,0
DB04307,P21283,0
DB06549,P02452,0
DB00652,Q9X0G9,0
DB15493,P0A3M6,0
DB03592,Q8IL88,0
DB04975,P28861,0
DB03971,P16219,0
DB07425,P40238,0
DB07180,P53778,0
DB07657,Q79FX8,0
DB01790,Q96RQ3,0
DB07454,P11766,0
DB02467,Q8N5Z0,0
DB00363,Q6LFH8,0
DB01354,P0AC44,0
DB01053,P06310,0
DB00970,P07360,0
DB03060,Q9NS75,0
DB09093,Q12882,0
DB00637,Q47PU3,0
DB01177,Q9NSD5,0
DB08606,O00217,0
DB03534,P23378,0
DB13867,P56282,0
DB05678,P43985,0
DB01002,O14727,0
DB00714,P04264,0
DB06152,Q13002,0
DB04094,Q07820,0
DB06970,P12814,0
DB04396,O75330,0
DB07808,P13674,0
DB01217,P23634,0
DB03177,Q13907,0
DB00186,Q9NY47,0
DB06709,P98066,0
DB01327,P42971,0
DB07088,Q9NZQ7,0
DB07088,Q9NPC1,0
DB07674,O14786,0
DB02869,P49419,0
DB02322,P9WH11,0
DB08142,Q8IM16,0
DB05928,P00807,0
DB03510,P10809,0
DB09173,Q9UBX1,0
DB00180,P00807,0
DB00228,O60427,0
DB01732,Q3J170,0
DB00822,O60674,0
DB00747,P25052,0
DB04288,Q9ZEU2,0
DB08586,P80099,0
DB00340,P9WN39,0
DB00148,P19961,0
DB03277,P04156,0
DB03964,Q5KUI3,0
DB03385,P27695,0
DB03962,P25275,0
DB02071,Q6UWN8,0
DB08320,P02786,0
DB02056,P34903,0
DB07427,Q969G3,0
DB07820,Q8VP84,0
DB07011,P25971,0
DB03967,P23904,0
DB07423,P11233,0
DB00483,Q8TD08,0
DB07916,Q8NER1,0
DB01185,O15075,0
DB01137,Q81VW8,0
DB01217,Q13303,0
DB08718,P82543,0
DB04631,Q9X0A2,0
DB01047,P10589,0
DB00463,P48065,0
DB04521,P37062,0
DB02026,P02775,0
DB12733,O15144,0
DB00874,P25705,0
DB03095,Q01718,0
DB04178,O94956,0
DB13877,P02649,0
DB04121,P0A8M5,0
DB07658,P51451,0
DB03056,P0C0T5,0
DB06739,P14625,0
DB08125,P16544,0
DB04912,Q9NQS7,0
DB08231,P48163,0
DB07740,Q9Y221,0
DB12961,P09142,0
DB07249,P15170,0
DB07806,Q47066,0
DB04363,P62619,0
DB04559,P16499,0
DB06124,Q9KL51,0
DB11619,Q12852,0
DB02239,P14324,0
DB13044,O15530,0
DB07613,Q8IL80,0
DB04528,P0A1X3,0
DB13437,Q13423,0
DB08632,P31151,0
DB04743,P0A721,0
DB02407,Q26966,0
DB07482,Q9X1K9,0
DB07884,P0AB74,0
DB03879,Q04760,0
DB00795,P0A808,0
DB03389,P36542,0
DB00344,P9WPS1,0
DB03241,Q9HVZ0,0
DB02341,O75306,0
DB13995,P9WQN9,0
DB06457,Q8VP84,0
DB00837,Q8IL86,0
DB01858,P10478,0
DB02053,P19622,0
DB04612,P11168,0
DB00321,P00322,0
DB02637,P54802,0
DB03890,Q9BUF5,0
DB00871,Q969P6,0
DB00142,P08238,0
DB03816,Q9WZC2,0
DB03363,P31949,0
DB14544,Q5G940,0
DB02589,Q46220,0
DB12500,Q9UKQ2,0
DB03836,P28335,0
DB13940,P31213,0
DB04167,O95299,0
DB01977,P20831,0
DB02819,Q9P289,0
DB07563,P37672,0
DB03824,O33833,0
DB00259,P11166,0
DB07649,P22460,0
DB02899,Q8TAB3,0
DB08494,P48047,0
DB04044,P55818,0
DB02947,Q8VTT5,0
DB04502,P48736,0
DB00904,O31168,0
DB01331,Q8TDR2,0
DB00194,P06276,0
DB15496,P08192,0
DB04294,P17980,0
DB00193,Q7SIA3,0
DB02134,Q16798,0
DB02801,Q8TCG2,0
DB04311,Q54468,0
DB00444,P23827,0
DB07568,P30926,0
DB01160,P0AFG8,0
DB00129,P16384,0
DB07183,Q9Y6M4,0
DB08087,Q9X0A2,0
DB01033,P53420,0
DB02858,Q9H4B4,0
DB04214,P80748,0
DB07081,P20964,0
DB08186,Q8TDU6,0
DB00699,P34897,0
DB11447,P16435,0
DB02990,Q8IDP1,0
DB01619,P01709,0
DB03595,Q9NZQ7,0
DB02073,P10912,0
DB01028,O95954,0
DB00949,P06129,0
DB14060,P07737,0
DB03683,P26640,0
DB04318,P06009,0
DB03085,Q9H3M0,0
DB12702,P51693,0
DB06875,C6S3C7,0
DB04843,P13727,0
DB01147,P0AEZ1,0
DB00824,P09488,0
DB00380,Q06520,0
DB07846,P28720,0
DB08088,P0CG29,0
DB03097,P10809,0
DB07161,Q13936,0
DB04789,P01850,0
DB06549,P10253,0
DB04680,Q9UNI1,0
DB07960,Q8IBN5,0
DB03798,P28305,0
DB07969,P30996,0
DB02517,P11684,0
DB14050,O14578,0
DB05018,P35241,0
DB02218,P49019,0
DB07152,A0A143ZZK9,0
DB12455,P9WK17,0
DB04762,P36542,0
DB08111,P0C002,0
DB03591,P02924,0
DB09089,Q14831,0
DB13978,P46663,0
DB01792,Q12791,0
DB08308,O14980,0
DB02121,Q8T6S0,0
DB00161,P10092,0
DB00883,Q9X6V3,0
DB02956,P55882,0
DB04736,P02741,0
DB01192,Q9BY41,0
DB08533,Q8IVA8,0
DB07404,P77398,0
DB02557,Q72JJ3,0
DB01440,O77323,0
DB06011,P15328,0
DB00139,Q72EF3,0
DB08404,P47989,0
DB12565,O14727,0
DB03163,P00147,0
DB04201,P16389,0
DB00327,P9WH11,0
DB07672,Q01362,0
DB02610,P37698,0
DB04898,Q7L266,0
DB03245,P35219,0
DB06932,P10176,0
DB14526,P22637,0
DB07445,P9WI73,0
DB08770,Q6UWN8,0
DB03171,Q9WXN1,0
DB07343,P0A6C8,0
DB02287,P36544,0
DB00207,Q7L7X3,0
DB11811,P00558,0
DB02322,Q07955,0
DB12960,Q6UX15,0
DB03264,P50416,0
DB04659,P48029,0
DB00193,Q89ZI2,0
DB08151,O43246,0
DB01700,O32248,0
DB02720,P01375,0
DB02226,P0A094,0
DB02458,C0H4Y6,0
DB02009,P22894,0
DB06127,P37063,0
DB08194,Q92769,0
DB02557,P43353,0
DB07347,P53608,0
DB07220,Q86UW7,0
DB07387,P07814,0
DB03938,Q7SIA5,0
DB02258,Q9Y5K3,0
DB06195,Q836J0,0
DB00770,P0A8Q3,0
DB02959,P20702,0
DB03517,Q9ZGI2,0
DB07899,Q15738,0
DB01237,P69772,0
DB00962,P46439,0
DB03757,P20702,0
DB08133,P62661,0
DB08629,Q8IB78,0
DB08359,Q08499,0
DB08084,P35754,0
DB01326,Q9Y6F1,0
DB11978,O95363,0
DB03735,P10398,0
DB00445,O14958,0
DB00299,P22455,0
DB07714,P13827,0
DB04021,P0AC44,0
DB02600,P00750,0
DB07922,Q03736,0
DB04560,O60669,0
DB07868,P01019,0
DB07025,Q96RR4,0
DB03074,Q96DP5,0
DB01662,Q9UQM7,0
DB07149,P56282,0
DB03401,Q6TGC4,0
DB07688,Q9Y5S1,0
DB04381,P14618,0
DB01669,P46828,0
DB08109,Q86VZ1,0
DB01061,Q81R22,0
DB01954,Q9BVA1,0
DB00453,P43700,0
DB04591,O67636,0
DB02832,Q9Y4R7,0
DB07482,Q8WWQ8,0
DB13946,P12644,0
DB03220,P04118,0
DB07704,P16112,0
DB02338,P06731,0
DB02873,Q8VP84,0
DB02537,P04054,0
DB08753,Q6L8H2,0
DB01818,Q9X6R4,0
DB03639,P33673,0
DB00561,Q59192,0
DB00231,Q92993,0
DB15565,P15509,0
DB03125,Q9X2W8,0
DB09273,P17584,0
DB00449,P50225,0
DB08581,P22303,0
DB09028,P0A6Q5,0
DB03286,P54578,0
DB06210,P32245,0
DB03811,Q08853,0
DB04108,P07451,0
DB09198,P13423,0
DB03296,O15146,0
DB02007,P0C0H6,0
DB00212,P0ABA0,0
DB00607,P39304,0
DB01695,P0A8X2,0
DB06979,P25100,0
DB01084,O25927,0
DB02499,Q8IJA9,0
DB00203,P16233,0
DB04547,P15587,0
DB05532,O14732,0
DB15534,P00749,0
DB02695,P29723,0
DB01819,Q9UI32,0
DB03058,Q8IIA4,0
DB02123,P09391,0
DB02609,P43985,0
DB08694,P46734,0
DB04612,P81605,0
DB03124,P31153,0
DB01195,P04036,0
DB08449,P08048,0
DB03177,P30153,0
DB08407,P06202,0
DB07789,Q99500,0
DB07049,P01593,0
DB09069,Q9GV41,0
DB00317,P14193,0
DB08000,Q9Z4J7,0
DB07575,P0A6A8,0
DB06871,P29323,0
DB15690,Q8IDI5,0
DB00115,P15313,0
DB02794,Q99542,0
DB03394,Q15637,0
DB02700,Q93LE9,0
DB07042,P62277,0
DB08757,Q9X6R4,0
DB07759,P09391,0
DB01721,Q04707,0
DB04014,Q8IKM6,0
DB02695,P00374,0
DB08012,Q8IE67,0
DB06832,P0A3M6,0
DB07684,O15217,0
DB03435,Q9Y2H1,0
DB07792,O43519,0
DB07115,F7VJQ1,0
DB03405,P49424,0
DB11328,P04271,0
DB02129,O75964,0
DB00778,Q16665,0
DB03555,Q05603,0
DB08522,Q96KC2,0
DB12924,P49228,0
DB03973,Q96FI4,0
DB06934,P22748,0
DB08095,P51553,0
DB04732,Q9H853,0
DB04749,Q8GMG0,0
DB04531,P34995,0
DB04339,P51606,0
DB03165,P16519,0
DB07313,P31994,0
DB04342,P75430,0
DB07235,P39135,0
DB01671,P48448,0
DB13074,O85361,0
DB01496,P20963,0
DB00623,O60264,0
DB06730,Q96EB6,0
DB08412,Q9BW91,0
DB06486,P13995,0
DB02434,Q59GM9,0
DB01114,P15313,0
DB04337,Q9UNA0,0
DB08272,Q6W5P4,0
DB00338,P09466,0
DB04365,P0AE18,0
DB04481,Q16816,0
DB05659,P05655,0
DB03425,Q9JZW6,0
DB05088,P32004,0
DB08995,P10646,0
DB07048,Q7DB61,0
DB07846,P0ABQ0,0
DB01738,P11678,0
DB09195,P01008,0
DB11995,P27635,0
DB11581,P80529,0
DB01373,P02795,0
DB03727,P28676,0
DB08461,P35247,0
DB08778,P22869,0
DB06835,Q969I6,0
DB02495,P01579,0
DB08377,Q92772,0
DB01255,Q9BZZ2,0
DB13930,P22459,0
DB01647,O15554,0
DB02621,P33261,0
DB00342,P49761,0
DB02706,P56373,0
DB02497,P9WN39,0
DB02161,O75715,0
DB04640,Q9RVD6,0
DB06709,P0C188,0
DB04720,O60513,0
DB06144,Q15118,0
DB06912,Q7SIA5,0
DB00320,Q98GN8,0
DB07398,O60264,0
DB07228,Q8RQP5,0
DB07422,P15925,0
DB08149,P00864,0
DB03183,P29498,0
DB02879,P01857,0
DB06858,P50859,0
DB00848,Q7SIA3,0
DB05134,P07814,0
DB02649,Q6IBS8,0
DB08526,Q02156,0
DB01602,P49902,0
DB07272,P0AD65,0
DB11823,Q32MK0,0
DB00929,P02652,0
DB01439,Q5SIH3,0
DB04878,P50416,0
DB01215,P29074,0
DB04714,P45799,0
DB08011,Q14542,0
DB04041,P00953,0
DB04649,Q969S8,0
DB07552,Q9H4M7,0
DB01233,Q9UQ05,0
DB05434,P12532,0
DB09166,P20132,0
DB00948,Q99653,0
DB08081,P28482,0
DB07046,P27693,0
DB01141,Q13363,0
DB02279,Q9UNP4,0
DB06956,P22749,0
DB12941,P17297,0
DB09283,P02974,0
DB03013,O76083,0
DB08362,P50607,0
DB08460,P27707,0
DB00654,P28482,0
DB02919,Q14376,0
DB04450,Q14573,0
DB00472,P13645,0
DB11726,O85361,0
DB03381,P55210,0
DB03489,P51160,0
DB03316,P0C0X2,0
DB07850,O75911,0
DB07740,Q9GZT4,0
DB01189,P69856,0
DB04574,P27142,0
DB01463,P22748,0
DB02925,O75438,0
DB01536,P09788,0
DB00261,Q13002,0
DB05928,P62955,0
DB03178,Q9X0D0,0
DB03606,Q9UBQ6,0
DB08715,P21397,0
DB00712,Q92934,0
DB07706,P53667,0
DB01086,C0H4X5,0
DB08818,Q27743,0
DB03224,P53848,0
DB08658,Q9H6Z9,0
DB00647,Q71U36,0
DB08996,O95069,0
DB00426,Q59771,0
DB01299,Q02338,0
DB01876,Q52437,0
DB07162,P25098,0
DB05412,P0DJD9,0
DB04492,O75251,0
DB08413,P0C0L4,0
DB02860,Q60FT7,0
DB08331,Q9NWZ5,0
DB00890,P10875,0
DB02318,P16860,0
DB03032,P00864,0
DB02331,P05546,0
DB02877,P08263,0
DB00183,P20964,0
DB07379,Q02818,0
DB07598,P09142,0
DB07206,Q14995,0
DB04851,P12319,0
DB11692,P35754,0
DB07996,P46926,0
DB04351,P28062,0
DB07110,L0LZJ6,0
DB02421,Q8TAB3,0
DB07375,P60953,0
DB04653,Q939N4,0
DB09343,P09148,0
DB00162,Q9XB61,0
DB00263,P07327,0
DB05644,P27338,0
DB02811,O14649,0
DB09256,P08100,0
DB09235,Q9X6V3,0
DB01836,P14207,0
DB02839,O43283,0
DB03072,P37173,0
DB08548,P95673,0
DB11823,P41439,0
DB07463,P50135,0
DB07624,Q9Y296,0
DB03821,P60903,0
DB06603,P9WPS1,0
DB05262,P04062,0
DB03893,Q03154,0
DB02776,Q9UQ05,0
DB06185,O43175,0
DB07455,P20813,0
DB07209,P31101,0
DB07653,Q14565,0
DB01836,O96000,0
DB07503,P10398,0
DB02496,P04234,0
DB04632,P0C0X1,0
DB07334,P14868,0
DB01359,Q46604,0
DB08010,P83795,0
DB02545,P10276,0
DB01255,P43119,0
DB03557,P98066,0
DB07581,P10415,0
DB08478,Q96IY4,0
DB07859,Q01698,0
DB08644,Q9BW91,0
DB12836,P28161,0
DB03958,O96013,0
DB01720,Q9UQB9,0
DB12455,P04825,0
DB04135,P15880,0
DB02374,P33121,0
DB00323,P30793,0
DB03895,Q5EK40,0
DB09213,Q7L3T8,0
DB08767,P62942,0
DB02884,P19793,0
DB02562,P03886,0
DB03749,Q02192,0
DB00479,Q9AFC7,0
DB04888,P29600,0
DB07507,Q9NPC2,0
DB00195,P04156,0
DB09351,P08684,0
DB01935,Q9BXA1,0
DB02753,P15474,0
DB09123,P42766,0
DB03817,O25096,0
DB08451,P43777,0
DB01747,P11586,0
DB01611,Q56694,0
DB01166,Q8IWU9,0
DB04824,P9WGY3,0
DB08548,Q8N0U8,0
DB00240,P56601,0
DB06497,Q93EK7,0
DB01612,P56194,0
DB00773,P27708,0
DB08719,P20964,0
DB01332,Q9UBF8,0
DB08684,O14556,0
DB07622,P11216,0
DB04481,Q46220,0
DB04690,Q9RHZ6,0
DB01023,P9WPE1,0
DB01164,Q93LD7,0
DB07128,P08574,0
DB12141,P00484,0
DB07187,Q8ILV2,0
DB12670,Q9NYY3,0
DB07950,C0H546,0
DB12339,O43677,0
DB08217,P07686,0
DB08908,P51617,0
DB02945,O75493,0
DB03735,O14717,0
DB08761,O60658,0
DB03290,O60488,0
DB07736,P36673,0
DB00842,Q9NWZ5,0
DB04169,P12256,0
DB02949,Q9N587,0
DB07148,Q13464,0
DB00810,P36544,0
DB04773,P15085,0
DB00734,P07814,0
DB08134,Q9H4Y5,0
DB09173,Q09470,0
DB04682,P07195,0
DB06196,O14649,0
DB01094,P39265,0
DB01549,P23921,0
DB00629,P10943,0
DB02094,P20083,0
DB00907,P31012,0
DB07333,Q9Y678,0
DB00348,Q8TET4,0
DB02347,Q9UKU7,0
DB04725,P01303,0
DB11275,P08581,0
DB04059,Q05901,0
DB02213,Q96SW2,0
DB04762,O15342,0
DB00786,Q9HVJ6,0
DB03228,P07711,0
DB12598,P41007,0
DB00461,P17676,0
DB02649,P47929,0
DB06140,P27017,0
DB12141,Q04760,0
DB02053,P06276,0
DB04068,Q9Y5Y4,0
DB11431,P39905,0
DB02239,Q96AZ6,0
DB05786,P54368,0
DB00162,Q13164,0
DB07347,Q9H252,0
DB02514,P31013,0
DB03495,P05121,0
DB02030,P00803,0
DB00774,P30291,0
DB09143,P0AFL3,0
DB00738,P67936,0
DB04629,Q9Y600,0
DB01256,P10613,0
DB00067,Q5SHR6,0
DB02396,P9WN39,0
DB06714,P36021,0
DB08596,P14223,0
DB00738,P0AC13,0
DB03530,C9EH48,0
DB03546,O43617,0
DB03518,P54278,0
DB06213,Q9X0D0,0
DB03544,P19367,0
DB03454,P16442,0
DB07407,P29597,0
DB00239,P14218,0
DB08080,P45314,0
DB03641,O75747,0
DB08314,Q9Y6I3,0
DB06637,P59768,0
DB07428,P48147,0
DB02458,O43739,0
DB06991,Q9BYF1,0
DB08077,P35247,0
DB01721,P07822,0
DB03746,P26397,0
DB01520,Q8IZS8,0
DB02658,A9CJ63,0
DB00572,O43681,0
DB02441,O60664,0
DB06246,Q9Y6L6,0
DB02906,Q9Y6K1,0
DB05966,Q99707,0
DB02225,P80075,0
DB08145,Q8IKM6,0
DB04404,P80561,0
DB02415,Q8N1G2,0
DB01815,Q9NPA1,0
DB02694,Q9RN68,0
DB04872,P19878,0
DB00234,Q8IXJ6,0
DB08618,P40306,0
DB01273,Q8WWQ8,0
DB00412,P45877,0
DB08458,Q8III5,0
DB00471,P13637,0
DB01115,P74645,0
DB02984,P16112,0
DB02381,P15509,0
DB08287,P0DJ06,0
DB00547,P60723,0
DB08131,P11349,0
DB11693,Q8VUS7,0
DB00508,P05181,0
DB08475,P21291,0
DB09319,P41238,0
DB11195,P31243,0
DB00941,P14489,0
DB03621,C0H4L1,0
DB07951,P06129,0
DB03931,Q9NR63,0
DB05767,P0A017,0
DB02694,P16144,0
DB00655,P9WKE1,0
DB01354,O34928,0
DB00752,P48357,0
DB14010,P36894,0
DB08420,Q96EN8,0
DB00738,Q51504,0
DB03243,P48552,0
DB07241,P11597,0
DB01483,P05102,0
DB01253,Q5SKH7,0
DB00741,P62663,0
DB06710,P55769,0
DB06614,Q9H2H9,0
DB11781,P45799,0
DB07581,P56690,0
DB13929,Q9BRS2,0
DB03097,Q4L5E4,0
DB06992,Q13153,0
DB08064,Q6IB77,0
DB11828,P09063,0
DB02984,P0A910,0
DB13873,P0A8Q0,0
DB11761,P55157,0
DB01632,P53805,0
DB02011,Q9Y5Y4,0
DB03411,Q02127,0
DB03321,P11836,0
DB03641,P38545,0
DB00906,P35968,0
DB03615,Q5EK40,0
DB08609,C0H419,0
DB00368,Q92830,0
DB02281,P21802,0
DB13783,Q9Y663,0
DB08494,P15085,0
DB07588,O14788,0
DB13165,P04040,0
DB00277,P83453,0
DB03129,P20813,0
DB02505,P27708,0
DB04190,Q96RI1,0
DB02531,P45066,0
DB07303,P28482,0
DB02838,P14416,0
DB05421,Q9Y478,0
DB09147,P32397,0
DB01330,P25100,0
DB04792,O95342,0
DB01085,A0A045ISQ8,0
DB06470,Q9UGM6,0
DB01616,P27338,0
DB08705,Q03403,0
DB04917,Q9BXA7,0
DB07687,P69856,0
DB07926,Q15910,0
DB08268,Q9ULC6,0
DB05532,P26602,0
DB00374,Q4W9V8,0
DB03947,P27487,0
DB03966,P18085,0
DB03552,Q4W9V8,0
DB01186,P55789,0
DB01930,P56653,0
DB08489,Q9H2X6,0
DB00934,P50921,0
DB02348,P11137,0
DB01571,P63151,0
DB08337,Q0VD83,0
DB09257,O14561,0
DB03771,P22455,0
DB00484,P08631,0
DB09076,Q6IQ20,0
DB00206,P05141,0
DB04334,P22830,0
DB04538,Q9HCC0,0
DB07461,Q8TCG2,0
DB04340,P0DJ06,0
DB08606,P9WG35,0
DB04616,Q60FT7,0
DB00437,P01583,0
DB07407,Q53586,0
DB02343,P11802,0
DB07254,P01009,0
DB00802,P02747,0
DB08261,Q9UPY5,0
DB05399,P08164,0
DB00399,O15270,0
DB08334,P0A6R0,0
DB06977,P17752,0
DB03069,A9JQL9,0
DB07038,Q05488,0
DB00862,P45877,0
DB01215,P07858,0
DB00527,Q9UI09,0
DB08703,Q9KVB4,0
DB04685,Q13133,0
DB00892,P41222,0
DB07408,Q13547,0
DB01754,Q9F6D4,0
DB09272,P0AB74,0
DB04052,P12081,0
DB00145,P17812,0
DB00239,O75914,0
DB01851,P04075,0
DB00722,P11309,0
DB00948,P50993,0
DB07520,P25053,0
DB06083,P0AGG2,0
DB08392,Q8N5S9,0
DB07683,O34928,0
DB07953,P20813,0
DB08012,P0A884,0
DB06147,P62269,0
DB01935,Q6P093,0
DB06077,Q16555,0
DB06429,P13051,0
DB00361,P03372,0
DB00525,Q92847,0
DB08620,P61073,0
DB04005,P41595,0
DB03226,P02671,0
DB01074,P05166,0
DB02491,P28702,0
DB04126,Q9BZV3,0
DB07543,P06734,0
DB02506,Q9UBF8,0
DB03632,P04825,0
DB04352,P10912,0
DB01235,Q9RVD6,0
DB04101,Q9N623,0
DB04879,P06149,0
DB06892,P08758,0
DB13167,P50406,0
DB07247,O97313,0
DB03220,Q5SL87,0
DB02851,Q72EF3,0
DB04942,P31994,0
DB06889,A0A0E1R3H3,0
DB07367,P11717,0
DB00154,P29401,0
DB08771,P02144,0
DB05678,Q9NZV8,0
DB03294,O75533,0
DB01090,O43766,0
DB03690,O60547,0
DB00874,Q672W7,0
DB02558,P9WKE1,0
DB03190,Q8SPQ9,0
DB06964,P46883,0
DB08072,P42681,0
DB00367,P69488,0
DB07972,P0A115,0
DB00595,P0A7R5,0
DB00217,P43115,0
DB03489,Q9KEI9,0
DB00663,P00390,0
DB07032,P01374,0
DB01165,P49019,0
DB01103,P00691,0
DB04652,O14880,0
DB04493,P25006,0
DB00595,Q6GJI1,0
DB08203,Q8IUZ5,0
DB04378,Q96MA6,0
DB06917,Q12852,0
DB06786,Q16671,0
DB08535,Q86UW8,0
DB06159,Q99497,0
DB08012,P60844,0
DB04347,O52646,0
DB03388,Q9P286,0
DB04108,Q9LCV9,0
DB02460,P11473,0
DB07498,A9X444,0
DB06928,Q9RVD6,0
DB01126,Q47066,0
DB08155,Q96RI1,0
DB00693,Q04759,0
DB07317,Q8N5Z0,0
DB02630,Q51911,0
DB08096,P05231,0
DB03294,P96965,0
DB01134,P32745,0
DB03224,P00387,0
DB08420,P59846,0
DB07485,P25786,0
DB02254,O43519,0
DB07317,O60760,0
DB00418,Q734I1,0
DB08441,P27708,0
DB06868,O94804,0
DB05297,Q13882,0
DB08151,P07110,0
DB07375,Q56694,0
DB06190,Q9UK32,0
DB00964,Q8IB72,0
DB07751,P19992,0
DB15102,F1L7U3,0
DB01176,P48651,0
DB08478,Q44244,0
DB08064,P13830,0
DB06882,P06703,0
DB01182,Q6PIU1,0
DB02691,P06727,0
DB04036,Q8ILV2,0
DB03189,Q8IDP1,0
DB09203,Q8IM74,0
DB02703,O95622,0
DB01082,P49916,0
DB07664,P0C2S5,0
DB06958,Q6NSD4,0
DB00385,P50921,0
DB13985,P50740,0
DB08029,P29899,0
DB07615,P51149,0
DB07497,Q15208,0
DB01103,Q56310,0
DB06859,P80188,0
DB04172,P13929,0
DB00673,Q14376,0
DB04689,P32239,0
DB09123,P37840,0
DB06827,Q01668,0
DB09273,P08922,0
DB00717,P29395,0
DB09481,P47898,0
DB05088,Q7LG56,0
DB06413,Q05329,0
DB07420,P44469,0
DB02594,Q09428,0
DB01988,Q9UF33,0
DB00127,Q5SJ79,0
DB08867,Q969I6,0
DB11590,P08779,0
DB04620,Q05599,0
DB03270,P78508,0
DB02375,Q15208,0
DB01577,O95644,0
DB07510,O43677,0
DB02517,P17302,0
DB08590,A0A023W3H0,0
DB03496,P30874,0
DB02524,P0A733,0
DB07147,Q4ZHU6,0
DB02324,Q9XB59,0
DB08390,P0AE67,0
DB00603,P07225,0
DB03541,Q9H3M0,0
DB04612,Q9UNP4,0
DB00786,P17213,0
DB08779,P0C0X1,0
DB01657,Q96RI1,0
DB08266,P04278,0
DB07364,Q9HU21,0
DB07338,O15440,0
DB01175,P09960,0
DB03231,O33407,0
DB04837,O15427,0
DB07260,Q81EW9,0
DB07366,Q93086,0
DB03612,P16519,0
DB01664,P23560,0
DB01219,P12995,0
DB01702,P02794,0
DB07134,Q9UQQ2,0
DB03413,P06310,0
DB14879,P55407,0
DB01163,P00813,0
DB00389,P0DP23,0
DB03632,P37231,0
DB08188,Q8N907,0
DB08815,P35354,0
DB00446,P23222,0
DB08704,Q56UN5,0
DB04141,Q9WYH8,0
DB04967,P46849,0
DB02262,P11362,0
DB01259,P10340,0
DB07697,O95477,0
DB02130,P27017,0
DB05389,P63462,0
DB00535,O15264,0
DB00848,Q92206,0
DB02557,Q47764,0
DB12020,P27797,0
DB08591,O75380,0
DB06077,P19320,0
DB04472,P52270,0
DB04108,P47869,0
DB01982,P06009,0
DB02437,P24462,0
DB01250,P23743,0
DB03929,Q13126,0
DB11071,P11217,0
DB01608,Q60049,0
DB08912,P56220,0
DB14540,P69488,0
DB08121,P23219,0
DB14002,O95864,0
DB08068,Q15303,0
DB07636,P0A8T7,0
DB00820,P35749,0
DB00727,O43174,0
DB08405,Q9UN76,0
DB03223,P20273,0
DB07978,O15143,0
DB07685,P20273,0
DB06194,P20035,0
DB07469,Q9BZZ2,0
DB04436,P0A6L6,0
DB04155,Q840M4,0
DB08765,P13001,0
DB00808,P31930,0
DB02288,O94956,0
DB08444,P9WIB9,0
DB04875,Q9HYX1,0
DB00998,Q14680,0
DB07181,Q86SZ2,0
DB08777,P05231,0
DB04714,Q9ZB17,0
DB07527,Q13233,0
DB04662,Q9UHW9,0
DB01559,O75676,0
DB01065,P0A6Y5,0
DB05351,Q99623,0
DB07145,P25101,0
DB08740,O95298,0
DB07683,P0AFU8,0
DB06831,P0ABK9,0
DB07099,P16384,0
DB13946,Q8N8Y2,0
DB03690,P28223,0
DB02438,P05091,0
DB01239,P35089,0
DB03604,P0A6F3,0
DB00943,P19835,0
DB06393,Q9H2P9,0
DB04793,P01189,0
DB06791,P07686,0
DB00828,Q06203,0
DB01076,P02943,0
DB02350,P35610,0
DB01415,Q15596,0
DB02348,P22983,0
DB00503,P9WJJ7,0
DB03476,P37062,0
DB09418,P00935,0
DB00797,Q8GI16,0
DB00816,Q9UBL9,0
DB06857,O60882,0
DB01497,Q60049,0
DB00266,Q9X0A2,0
DB00268,Q13698,0
DB08353,P13945,0
DB12670,P43115,0
DB07641,Q08257,0
DB07562,P02776,0
DB08158,Q92918,0
DB08441,Q9F6D4,0
DB03565,P14751,0
DB00367,Q15738,0
DB08791,Q9UNP4,0
DB03978,P23141,0
DB04035,Q01814,0
DB08498,P07550,0
DB03382,B7JA91,0
DB08450,Q6V0L0,0
DB03090,Q81EE4,0
DB11823,P05102,0
DB07906,Q00613,0
DB14512,Q9Y221,0
DB02426,P83787,0
DB03434,P81989,0
DB04713,P48728,0
DB01997,P35462,0
DB02467,P44886,0
DB03644,P46926,0
DB07879,Q14524,0
DB01280,P48637,0
DB08239,P55809,0
DB08031,Q8IHS5,0
DB03108,Q9HVJ6,0
DB02716,Q9NRF9,0
DB01831,O94903,0
DB04172,Q59961,0
DB07189,O15496,0
DB04850,O15403,0
DB01677,Q6NUS8,0
DB08089,O15547,0
DB03967,P43702,0
DB11079,Q92930,0
DB07131,Q96L34,0
DB07078,P68371,0
DB01160,P24666,0
DB02181,Q5PXQ6,0
DB06800,P41594,0
DB03353,Q9A1B7,0
DB11132,P81180,0
DB02686,Q86V67,0
DB02923,P13716,0
DB02787,P20963,0
DB14488,P19531,0
DB04401,Q8IJT2,0
DB03461,Q16772,0
DB07138,O43181,0
DB01541,Q8TDS4,0
DB04003,Q14957,0
DB02123,Q06609,0
DB07138,A0A023W3H0,0
DB04438,P04798,0
DB01085,P29474,0
DB07209,Q13219,0
DB14059,P12081,0
DB02394,P31937,0
DB07411,P11741,0
DB00864,P03923,0
DB02403,Q8VP84,0
DB06958,P17169,0
DB00492,Q47PU3,0
DB02867,Q9NPJ3,0
DB04653,Q9BQB6,0
DB13837,P31260,0
DB06766,Q7SIA3,0
DB14518,P35610,0
DB07146,Q9Z4N6,0
DB01835,Q9L5C8,0
DB05010,Q9UBN1,0
DB02131,Q56408,0
DB00673,Q9Z4P0,0
DB04396,P10613,0
DB07708,P61457,0
DB01330,P71278,0
DB02824,Q9UQM7,0
DB12831,P24462,0
DB03028,Q6TGC4,0
DB04886,P60568,0
DB00269,Q8IJ60,0
DB01326,P06126,0
DB08341,P15309,0
DB04217,P02774,0
DB08386,Q9Y3I0,0
DB07018,Q86U10,0
DB01138,Q9HAB3,0
DB00302,Q9BXJ7,0
DB07635,P20742,0
DB11157,O75438,0
DB02427,Q8IVA8,0
DB01205,P13688,0
DB00613,P35590,0
DB14487,Q81EW9,0
DB09147,Q03181,0
DB01101,P02941,0
DB00542,P95780,0
DB07418,P00644,0
DB04660,Q9NS75,0
DB07096,A7B6P0,0
DB11691,Q9Y478,0
DB06998,Q81R22,0
DB04790,O95819,0
DB04727,Q9H239,0
DB01141,Q8I492,0
DB09048,Q8RLY5,0
DB11740,Q14721,0
DB00470,Q9Y678,0
DB11155,P29894,0
DB08558,Q9BZX2,0
DB08012,Q9UM07,0
DB03886,P51648,0
DB05229,Q9NSD9,0
DB08711,P31213,0
DB11577,Q5SKH7,0
DB13868,Q12874,0
DB07626,Q8N543,0
DB08371,Q96EB6,0
DB03734,P07355,0
DB13956,P11586,0
DB05018,P78508,0
DB07258,P43522,0
DB03443,Q54528,0
DB02036,P71278,0
DB04800,P04062,0
DB09526,Q9A5I5,0
DB08711,P63244,0
DB06266,P72524,0
DB03135,Q92847,0
DB01997,Q14289,0
DB07339,Q47Q21,0
DB08069,P12070,0
DB02421,P01848,0
DB01483,Q09093,0
DB01545,Q16654,0
DB08012,P12004,0
DB00204,P17315,0
DB08074,P50597,0
DB14719,P59846,0
DB00431,Q8IWT1,0
DB01051,P51687,0
DB02590,P39045,0
DB00147,P42790,0
DB11691,P02778,0
DB07621,P15813,0
DB06469,B7JA91,0
DB15444,P51170,0
DB02485,P18548,0
DB07669,Q92598,0
DB08356,P0A6T8,0
DB04555,Q3JWH7,0
DB11949,Q8TDR2,0
DB11831,Q46079,0
DB01977,Q9RN68,0
DB03399,P62136,0
DB04440,P30825,0
DB04824,Q14376,0
DB02405,P05327,0
DB08430,P94548,0
DB05035,P49765,0
DB02749,Q16613,0
DB04637,Q8IDH5,0
DB05266,P18509,0
DB08107,Q8N8N7,0
DB03056,O15547,0
DB01142,P00138,0
DB08435,P12931,0
DB01382,P05155,0
DB02239,Q7Z3S7,0
DB07367,P0A7X3,0
DB01549,P32320,0
DB00979,Q46891,0
DB06594,P9WGY7,0
DB04097,Q8IL88,0
DB03664,Q9Y233,0
DB06966,P00808,0
DB01233,P58758,0
DB08030,P42357,0
DB08110,O14983,0
DB04326,Q8RQE9,0
DB01934,P62736,0
DB04948,P51649,0
DB07232,P83791,0
DB07816,P09172,0
DB08461,Q99707,0
DB08554,P53611,0
DB12731,P0AEK4,0
DB07026,P18357,0
DB04658,Q8KN66,0
DB07276,P55408,0
DB03918,P13376,0
DB01844,P04183,0
DB07089,P0CG04,0
DB01345,P34096,0
DB08358,Q13126,0
DB08060,P0C0Y8,0
DB07407,Q54AI1,0
DB01767,P17405,0
DB04043,P0AE18,0
DB09083,O14958,0
DB09223,P41972,0
DB07095,P32754,0
DB03942,Q13564,0
DB01094,P07741,0
DB08771,P16422,0
DB04339,P31142,0
DB07874,P31723,0
DB12555,P01130,0
DB02480,P11741,0
DB01671,P02775,0
DB01273,Q9A1B7,0
DB03199,P28845,0
DB04035,P22455,0
DB00789,P51160,0
DB08219,P42680,0
DB04343,Q15738,0
DB07306,P08311,0
DB08229,Q07820,0
DB07356,P11229,0
DB01431,P36021,0
DB12301,P00807,0
DB02163,P0A794,0
DB07265,Q16512,0
DB01067,P16219,0
DB11623,Q86VZ1,0
DB00126,P34969,0
DB01825,Q9UK17,0
DB01116,P33590,0
DB03637,Q9AGP8,0
DB04178,Q14956,0
DB14539,P27505,0
DB02671,O30527,0
DB03860,Q8IKF0,0
DB04661,P44801,0
DB08202,Q16775,0
DB07284,P11388,0
DB04303,P42321,0
DB00132,Q9UN19,0
DB00035,P9WH11,0
DB07196,Q9ZLT0,0
DB09270,P17174,0
DB08320,Q494W8,0
DB00257,P43657,0
DB00273,Q9UEW8,0
DB06156,Q4U2R8,0
DB05992,P06731,0
DB14062,O95718,0
DB08125,P28907,0
DB12887,Q9UKM7,0
DB04030,P24310,0
DB01968,P04391,0
DB00786,Q8KI25,0
DB01822,Q9NS85,0
DB09167,Q9NSA0,0
DB04903,P0DOY7,0
DB04664,P07498,0
DB08589,Q93088,0
DB00817,P31358,0
DB04844,O15399,0
DB06190,Q08881,0
DB00284,Q02834,0
DB08662,Q5NUL3,0
DB02989,P18089,0
DB02282,Q9Y296,0
DB00253,P45494,0
DB07231,O60733,0
DB03416,Q8NW68,0
DB00985,Q820S6,0
DB09300,P04118,0
DB03015,Q8I4W4,0
DB08469,P29322,0
DB00141,Q9I7A8,0
DB01104,P62580,0
DB01168,O75469,0
DB00199,P14867,0
DB03816,P27635,0
DB04349,P32397,0
DB02303,P25787,0
DB12695,P62619,0
DB02703,P0C0F4,0
DB00802,P22906,0
DB00884,P00929,0
DB03736,P25053,0
DB02688,P97253,0
DB00400,Q15738,0
DB08634,P19823,0
DB02125,P0A6R0,0
DB02287,Q9RME2,0
DB06916,P68771,0
DB00996,Q96C24,0
DB06549,P25774,0
DB04369,Q13153,0
DB04790,Q08210,0
DB00711,P0DP24,0
DB01646,P0C0X8,0
DB08676,Q9Z4J7,0
DB03068,P55055,0
DB04395,Q8N8R3,0
DB03739,P46059,0
DB08383,P51800,0
DB01438,Q9UM01,0
DB08499,Q5NUL3,0
DB04029,Q08751,0
DB08341,P0DM35,0
DB13158,P84141,0
DB07236,Q6N063,0
DB08272,P47872,0
DB14761,P45452,0
DB08536,Q14831,0
DB02827,Q7Z3S7,0
DB04891,P75914,0
DB11447,O95178,0
DB00929,Q9BZX2,0
DB02644,P00947,0
DB00851,C6KT50,0
DB01357,O43447,0
DB03956,P33316,0
DB07854,O14764,0
DB03541,P34897,0
DB04398,P48507,0
DB07730,Q8KT33,0
DB00336,Q46856,0
DB07048,P0AG82,0
DB02017,P56181,0
DB08350,Q00266,0
DB05667,P72355,0
DB07808,O77323,0
DB02180,P10724,0
DB08185,Q01782,0
DB04382,P72161,0
DB07958,P06733,0
DB14723,Q94655,0
DB07242,P22309,0
DB02950,P94692,0
DB04570,P77967,0
DB02042,Q8N1G2,0
DB04361,P77150,0
DB03468,P51787,0
DB01747,Q01344,0
DB04185,P0ABF6,0
DB06849,P83849,0
DB06781,Q5LI27,0
DB08456,P0ABA0,0
DB06940,P52824,0
DB00849,Q9WYS2,0
DB02621,P12676,0
DB02433,P63151,0
DB03779,P35094,0
DB07382,Q8ZPC0,0
DB02677,P55818,0
DB08552,P51161,0
DB03083,P0A6I8,0
DB02637,Q30154,0
DB04272,P08686,0
DB02242,P22314,0
DB07514,Q9LAK3,0
DB00359,Q53908,0
DB04466,P06608,0
DB00587,P06126,0
DB04620,O00555,0
DB06870,P25116,0
DB04395,Q7Z5B4,0
DB05134,P09486,0
DB08523,Q9UQD0,0
DB04488,P51161,0
DB01936,P51580,0
DB01141,P29323,0
DB07436,P9WIQ1,0
DB07858,P0AD63,0
DB06764,Q9LCV9,0
DB02116,P78508,0
DB03456,O75715,0
DB06991,Q02643,0
DB03305,P03905,0
DB00141,P06710,0
DB00347,P25103,0
DB01754,P49841,0
DB14719,P0C188,0
DB08488,P9WN39,0
DB00215,O00222,0
DB00148,P08311,0
DB00322,P08069,0
DB00723,P42263,0
DB00838,P20333,0
DB01996,Q13621,0
DB00309,P10340,0
DB01289,C7C422,0
DB04581,Q820T1,0
DB07352,P23367,0
DB01920,P06672,0
DB02461,O14735,0
DB09083,Q4U2R8,0
DB11136,Q9NWM0,0
DB02649,P04390,0
DB02005,Q8IJA9,0
DB00459,P02763,0
DB04528,Q08288,0
DB03889,Q9RX51,0
DB06468,P16473,0
DB07625,P19622,0
DB08087,P0A6A8,0
DB02103,P62917,0
DB00436,P18848,0
DB03172,P26439,0
DB09225,P28066,0
DB08632,P84139,0
DB02226,Q16769,0
DB08248,O75964,0
DB00750,P46859,0
DB06013,P0AES6,0
DB01183,P20061,0
DB07254,Q8Z2X8,0
DB07326,B7JA91,0
DB08232,Q4U2R8,0
DB00654,Q9ULY5,0
DB03548,P07741,0
DB00579,P25103,0
DB02201,P68366,0
DB02400,O75493,0
DB09140,P42790,0
DB03952,P03952,0
DB08562,Q9Y468,0
DB12271,Q8IIR9,0
DB01055,Q01959,0
DB02183,P49619,0
DB07243,Q9WXN1,0
DB11328,O14735,0
DB07156,O14874,0
DB08353,Q51225,0
DB04745,P9WH11,0
DB07703,P07515,0
DB08214,P0AC44,0
DB03091,C9EH48,0
DB07076,P22088,0
DB00593,P36871,0
DB08719,Q46444,0
DB01100,O00555,0
DB01785,P15382,0
DB06956,P00167,0
DB04252,P01903,0
DB08258,Q9A5I5,0
DB08080,P77454,0
DB07464,O14746,0
DB12228,P49448,0
DB01454,P09012,0
DB04783,Q13393,0
DB07069,O35000,0
DB06780,P10176,0
DB00753,P48060,0
DB04310,P48551,0
DB00552,Q96RP8,0
DB07076,O15146,0
DB04062,P10620,0
DB01118,P9WI73,0
DB04501,P22460,0
DB13877,P08758,0
DB02164,P16471,0
DB09099,C0H571,0
DB08088,Q5T601,0
DB03232,Q9NPJ3,0
DB07415,Q9H2K8,0
DB09041,P16422,0
DB02871,P15474,0
DB08405,P50440,0
DB03180,P21452,0
DB12147,P17169,0
DB08327,Q7SIG1,0
DB07692,Q14494,0
DB02677,P40394,0
DB06441,Q24940,0
DB13139,P11168,0
DB04071,P06132,0
DB06290,O14976,0
DB07824,Q96MA6,0
DB02051,P22455,0
DB00712,Q494W8,0
DB08310,P14854,0
DB03214,P22939,0
DB01392,P40859,0
DB07901,Q13188,0
DB03097,Q96PR1,0
DB08599,Q6NXR0,0
DB07840,P06734,0
DB05075,P19021,0
DB03490,P07602,0
DB07807,P0A805,0
DB08804,Q9NSD5,0
DB08178,P43405,0
DB13944,Q5S007,0
DB03305,P61432,0
DB02979,P51512,0
DB06718,Q7KQL5,0
DB11362,P10997,0
DB00162,Q06418,0
DB06586,P0A6C8,0
DB07423,P00509,0
DB14071,P09525,0
DB04522,P54317,0
DB03745,P9WFF5,0
DB02367,P48549,0
DB07984,Q820T1,0
DB03397,O15075,0
DB01068,P01709,0
DB07829,P0A6Q3,0
DB03596,P69681,0
DB00892,Q92800,0
DB14514,P04183,0
DB01607,P04234,0
DB07652,P00813,0
DB07708,Q9H2S1,0
DB01655,P07098,0
DB04172,Q02252,0
DB03203,P79483,0
DB04132,Q9RZ04,0
DB04864,Q26966,0
DB08330,Q02252,0
DB03129,P09417,0
DB02140,Q15075,0
DB07114,P10253,0
DB08535,P11137,0
DB08333,Q9HAB3,0
DB11967,P07288,0
DB03973,P21340,0
DB03097,Q05603,0
DB14507,P18405,0
DB02778,O00341,0
DB07870,Q15759,0
DB02011,Q9RBW8,0
DB01227,P23904,0
DB08385,Q7RTX0,0
DB02282,P48050,0
DB04834,P25713,0
DB04828,Q5KSL6,0
DB00136,P48551,0
DB06654,P0A3M5,0
DB07831,Q8IKM6,0
DB01664,Q46444,0
DB00289,P29899,0
DB08865,Q7K6A4,0
DB08153,P23280,0
DB07173,P48060,0
DB03978,Q9H2X6,0
DB07717,P50747,0
DB03308,P05113,0
DB07200,O95479,0
DB08074,P21291,0
DB01835,Q03721,0
DB00711,O60391,0
DB02343,Q8IWT1,0
DB03643,P27623,0
DB07353,P45984,0
DB12442,P54802,0
DB07481,P9WIQ1,0
DB03120,Q9NS75,0
DB01481,P29803,0
DB08719,P60723,0
DB00635,Q13639,0
DB04086,Q9L915,0
DB05928,P48169,0
DB04410,Q9BVA1,0
DB02774,P31224,0
DB03389,P83787,0
DB08310,A9JQL9,0
DB02271,Q8III5,0
DB02801,O13332,0
DB00127,Q08210,0
DB06290,P10153,0
DB03191,P52270,0
DB02062,O75914,0
DB07621,Q9NQ25,0
DB03468,P18505,0
DB07348,P09486,0
DB08725,P41146,0
DB07094,P49247,0
DB09130,O07015,0
DB07449,P9WQG9,0
DB06772,P07445,0
DB01070,P13001,0
DB04574,Q16651,0
DB08401,O14561,0
DB03162,Q96GD4,0
DB14669,O43293,0
DB08266,O07732,0
DB04515,P83849,0
DB02825,P30530,0
DB08666,P22340,0
DB00868,Q60053,0
DB04971,A0A0M3KKX1,0
DB02187,Q99497,0
DB00834,P0A2K1,0
DB07001,O75676,0
DB07464,P9WJM7,0
DB13729,P16234,0
DB08004,Q07864,0
DB07257,P05655,0
DB07368,P96113,0
DB04761,Q13332,0
DB01624,Q02156,0
DB07296,Q6PHW0,0
DB01755,P0DMS8,0
DB09488,Q00975,0
DB01367,P02652,0
DB09510,Q04828,0
DB00203,P51693,0
DB01182,Q9I596,0
DB08240,P62623,0
DB04073,Q969S8,0
DB01303,Q9H306,0
DB04398,P43005,0
DB07564,P0A6B1,0
DB08721,P31994,0
DB13166,Q9X286,0
DB07769,P00914,0
DB04064,P0C278,0
DB03870,P56220,0
DB07332,Q8TDV5,0
DB02834,P83812,0
DB02607,P01009,0
DB03849,P00491,0
DB03241,Q05599,0
DB00867,Q92598,0
DB02819,O14792,0
DB07837,P0A1V8,0
DB04983,Q8IDI5,0
DB06757,Q9NY65,0
DB00437,P42593,0
DB03984,C0H5C2,0
DB14146,Q03403,0
DB03842,O14788,0
DB07424,P22266,0
DB06819,P39304,0
DB03049,Q8N1G2,0
DB14507,Q04760,0
DB03206,Q9UQD0,0
DB01851,P17735,0
DB07680,P16455,0
DB03445,Q13131,0
DB07711,P09110,0
DB08274,Q8IVH4,0
DB02237,Q9I7A8,0
DB00592,P09417,0
DB02133,Q9UQ05,0
DB03768,Q9BUP3,0
DB03989,P36578,0
DB02031,Q06700,0
DB04336,P12277,0
DB04548,Q9Y5Y4,0
DB04286,P30101,0
DB07994,Q8IL86,0
DB04554,P40238,0
DB08307,P54278,0
DB01095,Q9UJU2,0
DB00348,P22792,0
DB00365,Q8ZPC0,0
DB01193,P0A872,0
DB08470,P26951,0
DB03033,P26196,0
DB02257,P00747,0
DB00586,P00390,0
DB07611,Q8MU52,0
DB07933,O06644,0
DB08552,P0A079,0
DB01595,Q9NR63,0
DB07954,P0A3R9,0
DB03070,Q6N063,0
DB00418,Q96PD7,0
DB07407,P01270,0
DB00524,Q9NSD5,0
DB06203,P01589,0
DB03079,O15382,0
DB06819,P18545,0
DB11155,P77454,0
DB08188,P80404,0
DB03533,P55769,0
DB01875,P49189,0
DB05855,Q9Z4N6,0
DB05107,P14218,0
DB00610,Q15382,0
DB08662,P23181,0
DB11575,P01552,0
DB04150,Q15800,0
DB04689,Q92206,0
DB00134,P31677,0
DB04470,O00244,0
DB03425,P9WG35,0
DB02621,O60678,0
DB00428,Q8MU52,0
DB02915,P9WP01,0
DB07742,Q93UV9,0
DB02585,P12004,0
DB06468,Q8N8R3,0
DB04454,Q08698,0
DB08629,Q9BYZ2,0
DB01193,P98066,0
DB02228,Q5HEB7,0
DB05790,Q81ZL8,0
DB12941,Q4VB53,0
DB06963,P63000,0
DB09040,Q14978,0
DB00154,P42321,0
DB08503,Q47066,0
DB07979,P61587,0
DB00982,P60880,0
DB01591,A6PZ59,0
DB07975,Q01718,0
DB08286,P09237,0
DB02332,P61160,0
DB06995,Q9BRS2,0
DB00563,P80511,0
DB03243,P0A8M5,0
DB00668,O76054,0
DB04281,Q9BVS4,0
DB01326,Q9BXI2,0
DB02750,P36578,0
DB08029,P47870,0
DB07574,P11473,0
DB01520,P40925,0
DB02121,O95831,0
DB00999,P56194,0
DB07194,Q6PHR2,0
DB07506,P07602,0
DB09092,Q7SIG1,0
DB04204,P75914,0
DB08582,Q7K6A4,0
DB12548,Q9UF33,0
DB07345,Q03721,0
DB03216,P13640,0
DB11942,Q57193,0
DB08787,P00183,0
DB01026,P0A808,0
DB08392,Q8IDI5,0
DB00390,P20645,0
DB07975,P23434,0
DB06347,P16442,0
DB08094,Q75WK2,0
DB07976,P33121,0
DB02625,P14262,0
DB02706,P0A789,0
DB06955,P44490,0
DB03049,P03901,0
DB09214,P00414,0
DB04540,Q8IHS5,0
DB04460,O43614,0
DB04860,P28074,0
DB02553,O25608,0
DB01963,P15309,0
DB07545,P14262,0
DB07188,P22897,0
DB07265,O14792,0
DB00511,P13637,0
DB02043,Q9NUB1,0
DB07401,O15217,0
DB01919,Q04609,0
DB04863,P10599,0
DB09102,O75460,0
DB03097,Q96S37,0
DB01116,P25098,0
DB03382,O00206,0
DB02200,P9WI81,0
DB02884,Q96LZ3,0
DB02809,P00484,0
DB01979,P83453,0
DB01442,P04036,0
DB00851,P14927,0
DB07955,P14543,0
DB03664,Q5KUI2,0
DB03262,Q04917,0
DB01005,P15814,0
DB02910,Q93083,0
DB07072,Q9UEW8,0
DB03068,P20292,0
DB01232,P30749,0
DB12742,P07650,0
DB00317,P00505,0
DB07457,P00943,0
DB06938,Q14164,0
DB07387,P24752,0
DB01736,Q13639,0
DB07971,Q9NXE4,0
DB08609,Q9Y2Q0,0
DB11676,P30531,0
DB01050,P27361,0
DB14575,P10114,0
DB09513,Q5SJI0,0
DB06847,P08246,0
DB01282,P28793,0
DB03687,O75762,0
DB02768,P0CG30,0
DB00581,Q9UKG9,0
DB02336,P83788,0
DB07011,P06129,0
DB00477,Q9Y3R4,0
DB07200,Q15102,0
DB13944,P14174,0
DB07700,P56282,0
DB00269,Q9I5I9,0
DB00925,Q16720,0
DB04234,O95168,0
DB00117,Q9NYV7,0
DB04623,Q15303,0
DB03176,Q7RTV2,0
DB04561,P03956,0
DB01826,Q9UGI6,0
DB01587,Q93LE9,0
DB14575,P21673,0
DB01190,Q16853,0
DB00121,Q46730,0
DB03687,P49789,0
DB14530,P06983,0
DB00156,P45563,0
DB07453,P26790,0
DB05532,Q5T601,0
DB07642,Q9NQX3,0
DB04069,Q46822,0
DB07134,Q16832,0
DB00114,P37957,0
DB03389,P00136,0
DB00708,P22234,0
DB08193,P03960,0
DB00765,O14957,0
DB02676,P20815,0
DB00358,O14983,0
DB12436,P54965,0
DB07358,P13423,0
DB08500,P09466,0
DB04856,Q8RLY5,0
DB00901,P27037,0
DB07300,P34998,0
DB04386,P05102,0
DB13720,P39900,0
DB02027,Q8I431,0
DB01099,Q00987,0
DB00590,P33590,0
DB08607,Q14573,0
DB08461,P30837,0
DB02498,P20742,0
DB08577,Q8IJT2,0
DB00445,O95644,0
DB03666,P26514,0
DB01194,Q15155,0
DB04967,P33261,0
DB04660,Q15842,0
DB07379,Q9RZ04,0
DB09071,P84141,0
DB06266,P53611,0
DB01597,Q9BUF5,0
DB01214,Q70GK9,0
DB06234,P30153,0
DB01843,Q15238,0
DB08052,Q6N063,0
DB08203,Q7CRA4,0
DB00243,A0R559,0
DB07174,P46883,0
DB01140,P31013,0
DB04264,P61432,0
DB06292,Q8TF61,0
DB08912,P0A006,0
DB08390,P11166,0
DB02404,Q734I1,0
DB00738,Q13574,0
DB01440,P83812,0
DB08860,O75865,0
DB04187,P50897,0
DB03159,P0A805,0
DB08123,P0A108,0
DB06858,Q09428,0
DB04365,P21408,0
DB12107,Q2RJ67,0
DB04404,Q83LD8,0
DB06908,P78536,0
DB07993,Q9UBK8,0
DB00160,P0A7Z3,0
DB02930,Q56313,0
DB02606,P54278,0
DB00365,P0AEB2,0
DB01098,O00764,0
DB11730,Q9P289,0
DB00626,Q9Y6H6,0
DB00436,P25053,0
DB00500,P20231,0
DB04539,Q9H2X6,0
DB12965,P50859,0
DB03132,P80380,0
DB08816,Q9HBH5,0
DB00297,P02747,0
DB04385,P28908,0
DB04760,P51161,0
DB01403,Q9KM65,0
DB07942,P16112,0
DB06938,Q9X757,0
DB04099,P07359,0
DB03716,Q8IDD3,0
DB08249,P54965,0
DB07263,Q93083,0
DB03384,P9WKK7,0
DB03442,P00469,0
DB06986,P00808,0
DB04570,Q07021,0
DB03830,O52646,0
DB04610,Q5SL87,0
DB11614,P39767,0
DB12612,Q8IKH8,0
DB00941,P16113,0
DB02044,Q96KG9,0
DB03528,P58758,0
DB07950,P01591,0
DB03158,Q7RTV2,0
DB04702,P40926,0
DB08025,P0A9M2,0
DB03273,P17707,0
DB04121,P51813,0
DB01415,P72355,0
DB07267,P0A6Q3,0
DB07154,Q9Y2U5,0
DB00136,P03960,0
DB07957,Q14032,0
DB06678,P30520,0
DB01895,Q9LAK3,0
DB09129,P51812,0
DB07685,Q46393,0
DB08481,P9WJM7,0
DB06962,Q03403,0
DB01146,Q99933,0
DB02256,P07384,0
DB07488,O43708,0
DB03486,P10745,0
DB07665,Q99571,0
DB14063,P0A444,0
DB04699,P35228,0
DB03859,P00390,0
DB01354,Q16831,0
DB04514,P48549,0
DB06237,P07327,0
DB08934,Q6TGC4,0
DB00240,P00780,0
DB08246,P11310,0
DB02573,Q6WRI0,0
DB03392,P02647,0
DB03855,P56868,0
DB03365,Q9X0N8,0
DB01731,P9WI73,0
DB00428,P01138,0
DB02406,P77836,0
DB03472,Q9Y257,0
DB02623,Q8NX78,0
DB07157,P24630,0
DB04488,Q9BQB6,0
DB03559,P0A6L0,0
DB14491,A0A0H2UXE9,0
DB08600,Q9WYH8,0
DB01252,P14868,0
DB00479,P07864,0
DB03267,P00138,0
DB08688,O30527,0
DB00452,P45452,0
DB04849,P25100,0
DB04112,P26397,0
DB03979,P31677,0
DB03232,Q5SHN7,0
DB03591,P15144,0
DB08345,Q5MYR6,0
DB02341,P14262,0
DB07547,Q14145,0
DB08811,P30084,0
DB03023,P53350,0
DB06442,Q8IJK8,0
DB04702,Q8IKW5,0
DB02142,P0AES4,0
DB06144,P48544,0
DB01235,P48048,0
DB01087,Q96DP5,0
DB07466,Q9NS75,0
DB00334,P19525,0
DB01750,P16591,0
DB00842,Q79FX8,0
DB00520,P25971,0
DB02365,Q9P0Z9,0
DB07846,P19525,0
DB02138,P23560,0
DB01191,P9WKE9,0
DB02433,Q9R381,0
DB04284,Q86YV6,0
DB02201,Q9H0K1,0
DB00913,P05230,0
DB03021,O43272,0
DB02287,Q13131,0
DB03370,C3T8E2,0
DB05423,O07732,0
DB06896,P41143,0
DB03425,P08729,0
DB03745,P02919,0
DB00862,P20035,0
DB08135,P14618,0
DB02378,P01764,0
DB00035,P35498,0
DB04282,Q86VZ1,0
DB03189,P43683,0
DB07347,P28222,0
DB06707,Q9NPA1,0
DB03516,P23677,0
DB08093,Q8IDH5,0
DB08668,P07024,0
DB01852,Q05397,0
DB02111,P00390,0
DB08504,Q02221,0
DB08226,P27037,0
DB07742,P49286,0
DB08519,Q99623,0
DB06997,Q9NXB9,0
DB02164,P10412,0
DB08564,Q93083,0
DB04051,O00303,0
DB01140,P41180,0
DB01483,Q9AIU0,0
DB01778,P46736,0
DB00403,P96965,0
DB00268,Q47Q21,0
DB01936,Q02641,0
DB00711,P9WHE9,0
DB00728,P01861,0
DB04179,P0A3S0,0
DB01688,Q9NY47,0
DB07089,Q06609,0
DB03765,Q8IM74,0
DB07232,O15269,0
DB08916,Q8ZNF3,0
DB01426,Q02880,0
DB08169,Q9BW92,0
DB01110,A0A0H2XJ39,0
DB05786,O67931,0
DB03666,P05231,0
DB02569,Q13255,0
DB04051,P30530,0
DB07551,Q8IIA4,0
DB07463,Q13285,0
DB07636,P0A434,0
DB01403,P0DOY7,0
DB12825,Q9H2S1,0
DB08305,P19099,0
DB04657,Q99418,0
DB03164,Q96DP5,0
DB03956,Q01782,0
DB04494,Q81F54,0
DB07906,P0A094,0
DB04565,O67987,0
DB15233,Q8TDU6,0
DB04523,Q8IKH8,0
DB07403,P32745,0
DB00584,Q2M2I8,0
DB03727,Q9HC29,0
DB08513,P63261,0
DB08680,P04079,0
DB03629,P04637,0
DB03129,Q02818,0
DB08640,P20701,0
DB02429,O15403,0
DB11915,P52564,0
DB01384,Q9WYT0,0
DB07728,P49720,0
DB02371,P00395,0
DB02307,P08559,0
DB03299,P30520,0
DB01254,P53848,0
DB01634,P43119,0
DB03701,P00782,0
DB03148,O15427,0
DB08315,O43681,0
DB05695,Q92570,0
DB04069,Q8IW41,0
DB08015,P0AA43,0
DB00273,P0C0X1,0
DB03238,Q08698,0
DB08684,P20823,0
DB11793,P09148,0
DB07320,P18089,0
DB03627,P0A8X2,0
DB00926,P9WGT1,0
DB07969,Q99653,0
DB07222,P53396,0
DB00197,P62312,0
DB08678,Q13885,0
DB00437,Q14524,0
DB08096,P62993,0
DB06358,O75185,0
DB05668,P0A3Y5,0
DB07943,P30044,0
DB01939,Q5JVS0,0
DB07803,Q24940,0
DB01117,P20831,0
DB07806,P32927,0
DB04405,Q9NPF7,0
DB02517,Q9NQS7,0
DB03837,P0A7Z4,0
DB07184,P26396,0
DB09481,Q9NRP7,0
DB02134,Q56232,0
DB08070,A0A0H2WWQ9,0
DB03057,Q5G940,0
DB06800,P29377,0
DB03501,P31723,0
DB03279,Q02818,0
DB12285,Q9X242,0
DB06240,P0ABK9,0
DB03147,Q8IM16,0
DB01178,Q9H4B7,0
DB08591,Q53728,0
DB02976,Q9WXS0,0
DB07680,A9JQL9,0
DB08366,P62617,0
DB11611,P46059,0
DB04664,O43293,0
DB08683,P11741,0
DB11652,P14061,0
DB08860,P40933,0
DB03234,O95718,0
DB08795,Q96NR8,0
DB08950,Q13224,0
DB06145,Q9ULX7,0
DB05542,P16471,0
DB07792,O75251,0
DB04975,P02750,0
DB08685,Q59931,0
DB01098,P26602,0
DB02054,P26010,0
DB03814,Q5LRQ9,0
DB07034,Q13002,0
DB04114,Q5R2K6,0
DB02538,Q9BVM4,0
DB07776,P41180,0
DB07182,P20742,0
DB03525,Q13838,0
DB01858,Q9NSA2,0
DB04912,P10635,0
DB06952,Q3IWB0,0
DB03068,P31358,0
DB08730,O43677,0
DB14515,P19835,0
DB00403,Q9UGN5,0
DB11692,P49916,0
DB05814,P42593,0
DB08034,P07327,0
DB03817,P07288,0
DB04669,P36924,0
DB03698,P08908,0
DB00904,P0A110,0
DB00695,P32396,0
DB08083,Q5SHR6,0
DB04407,P49789,0
DB04238,Q54089,0
DB09166,Q9X519,0
DB04373,P27338,0
DB03910,Q86V86,0
DB00123,O00329,0
DB02354,P02753,0
DB03932,P56282,0
DB09481,P24092,0
DB07722,Q9BXT2,0
DB07935,P00509,0
DB00947,P32173,0
DB04561,P11047,0
DB07236,O67135,0
DB07084,Q15942,0
DB01030,P00749,0
DB03035,P46925,0
DB03857,P0AFU8,0
DB04947,P13073,0
DB03371,Q9KWU1,0
DB04617,P31142,0
DB07502,P12532,0
DB03697,Q969S2,0
DB14067,P37093,0
DB06966,P09148,0
DB01765,P48065,0
DB03372,P49720,0
DB02135,P23975,0
DB01983,P17948,0
DB04627,P41180,0
DB04288,P83844,0
DB03587,Q92800,0
DB09082,Q8TET4,0
DB03313,Q9BUB5,0
DB00513,P76270,0
DB07722,P21333,0
DB01145,Q13574,0
DB02579,P30872,0
DB09205,P04350,0
DB00493,P17516,0
DB01883,P20645,0
DB04009,Q8IVA8,0
DB06932,P60355,0
DB07329,P26514,0
DB01121,P9WN95,0
DB03351,O15111,0
DB00685,Q9NYX4,0
DB08788,P36956,0
DB07831,Q7WUJ1,0
DB08251,P53805,0
DB08910,Q8I5Y3,0
DB00811,P35558,0
DB04149,O15075,0
DB00379,P14784,0
DB09345,P0AEZ1,0
DB08071,P06730,0
DB03085,Q8III5,0
DB00696,P0A9Z7,0
DB04277,Q53591,0
DB06893,P31942,0
DB03317,P49788,0
DB01856,Q9UF33,0
DB04315,Q05315,0
DB00981,O14880,0
DB00802,P22570,0
DB03987,P14625,0
DB07304,P05154,0
DB03046,O60669,0
DB08173,Q56694,0
DB04029,P24474,0
DB08378,P99999,0
DB08598,P0A9Z7,0
DB04842,Q9LCC8,0
DB03861,P01861,0
DB00710,Q14524,0
DB04439,Q8IL88,0
DB04373,P0ACC7,0
DB01141,P06672,0
DB01859,Q45697,0
DB00187,P15428,0
DB12200,Q9UDX4,0
DB11235,P61604,0
DB03888,P05771,0
DB09061,P42321,0
DB08420,P22792,0
DB01632,O95263,0
DB06718,P0C188,0
DB03790,Q8IW54,0
DB02641,P08048,0
DB01431,Q8IVH4,0
DB12548,O14727,0
DB02646,Q9KU37,0
DB02794,Q9ZB17,0
DB02266,P15382,0
DB02710,P36204,0
DB07439,Q8N9I0,0
DB04884,P08200,0
DB04217,Q9ZAG3,0
DB07515,Q9BVG9,0
DB00796,P60174,0
DB05492,P19622,0
DB03478,A0A0H2URW2,0
DB07650,P35368,0
DB07550,Q96KC2,0
DB08388,Q8NW68,0
DB07086,P11274,0
DB14034,P50747,0
DB08007,P55792,0
DB01246,P45568,0
DB01240,P0A6L0,0
DB00323,P36896,0
DB04599,Q746L7,0
DB02636,O15440,0
DB13949,P0A921,0
DB04287,Q9X0D0,0
DB04917,Q05940,0
DB00874,Q56408,0
DB06922,Q96GA7,0
DB06741,P48050,0
DB07529,Q8IY84,0
DB07244,P0C0Y9,0
DB01684,Q96S86,0
DB06594,O43519,0
DB02233,O95255,0
DB06605,Q9NSA0,0
DB08568,O00182,0
DB07307,P22607,0
DB08555,P25779,0
DB04182,Q9BPV8,0
DB01366,Q75UV1,0
DB03707,P06730,0
DB08864,Q4ZHU6,0
DB06191,Q9RN68,0
DB04284,P35030,0
DB00792,Q99928,0
DB01097,Q9ULU8,0
DB01405,Q02818,0
DB06894,P30536,0
DB07227,Q9UGI5,0
DB00115,Q96PD7,0
DB04218,P15121,0
DB08800,Q08853,0
DB04165,Q9F663,0
DB03130,P11546,0
DB02868,P40406,0
DB08011,P24046,0
DB06670,P22033,0
DB02627,P9WJ63,0
DB02443,P22340,0
DB07073,Q9H2M3,0
DB00429,P00436,0
DB02205,Q99470,0
DB02438,P31992,0
DB03045,Q12866,0
DB00574,Q9Y2D1,0
DB04155,Q15738,0
DB08275,P02649,0
DB01154,P06276,0
DB02796,P0AB74,0
DB00298,P03891,0
DB03286,P78352,0
DB02734,P04406,0
DB03218,P0A6C8,0
DB07902,Q96FI4,0
DB04349,P24298,0
DB06802,Q15393,0
DB05993,O75636,0
DB08202,P48664,0
DB08654,Q47Q21,0
DB00279,P11233,0
DB06966,Q8XJ01,0
DB00183,P10943,0
DB04079,P0A7Z3,0
DB12001,P18847,0
DB04760,Q9BQB6,0
DB03062,O67648,0
DB07081,D6R448,0
DB03502,Q8I3X4,0
DB07497,P0A6Q3,0
DB03306,P29372,0
DB01812,Q5SHR6,0
DB13837,A0A0H2Z368,0
DB04296,Q9Y6H6,0
DB03746,Q00796,0
DB04347,P04792,0
DB03964,Q9UHI5,0
DB04404,O75438,0
DB04882,P43700,0
DB04951,P50740,0
DB07806,P98002,0
DB06838,P03007,0
DB02029,Q15393,0
DB02305,P07014,0
DB04673,Q9Y617,0
DB00831,P31723,0
DB02168,P21926,0
DB00222,P09152,0
DB09345,O14764,0
DB01628,O43741,0
DB04114,P50747,0
DB01940,P02461,0
DB02689,P02671,0
DB00330,P08149,0
DB01064,Q9H015,0
DB00357,Q07912,0
DB07593,P09848,0
DB02067,Q15788,0
DB00615,P35913,0
DB08492,P00138,0
DB00963,P32929,0
DB09536,P37672,0
DB02124,Q4KH25,0
DB03449,P77444,0
DB07403,P9WQD9,0
DB02269,P01024,0
DB03808,P62312,0
DB00746,Q00169,0
DB01062,P0A751,0
DB03349,O43676,0
DB03929,Q15910,0
DB03075,P00778,0
DB00176,P0ABQ4,0
DB06213,P42898,0
DB02510,P48549,0
DB03333,Q9HBK9,0
DB07247,P25942,0
DB00196,P02749,0
DB03423,Q9X0V0,0
DB00735,P52429,0
DB02643,O95299,0
DB01124,Q9NSD9,0
DB03957,Q2QJL3,0
DB03107,P09429,0
DB03067,Q96SL4,0
DB04338,P07202,0
DB01537,P50618,0
DB04538,Q14994,0
DB07772,Q13285,0
DB07362,Q6NUS8,0
DB09238,P00811,0
DB07706,Q8IVH8,0
DB07691,P09063,0
DB02823,P09012,0
DB02119,Q8ILV2,0
DB02381,P19320,0
DB04658,P04190,0
DB13869,P43115,0
DB06263,A1Z199,0
DB04285,Q9UM01,0
DB08107,P07110,0
DB01289,P05187,0
DB00561,P09147,0
DB07139,P14941,0
DB02758,P80376,0
DB00268,P15917,0
DB02076,Q5KSL6,0
DB03308,O14730,0
DB07872,Q08288,0
DB15250,P00808,0
DB07167,P63316,0
DB04508,P9WK83,0
DB03199,P39126,0
DB03688,Q99714,0
DB07607,Q96C36,0
DB00091,Q5JVS0,0
DB14068,P04036,0
DB01388,P01178,0
DB03888,Q13370,0
DB04090,P22694,0
DB01123,O34928,0
DB07226,P41597,0
DB12500,P17413,0
DB03382,Q8N4C8,0
DB00752,P48147,0
DB11421,P61182,0
DB05152,Q99519,0
DB02991,Q9HBG4,0
DB08167,Q15418,0
DB07851,P23280,0
DB08701,Q9Y2U5,0
DB04254,O75715,0
DB01598,O14983,0
DB02191,P48443,0
DB02581,P13639,0
DB00605,P48735,0
DB00522,P01563,0
DB07423,P0A3M5,0
DB08450,Q13427,0
DB08181,C0H4X5,0
DB09075,P0C264,0
DB07900,P06858,0
DB07563,P48047,0
DB02466,P07307,0
DB00401,Q27743,0
DB07106,P50921,0
DB00578,P12081,0
DB03145,Q9H3N8,0
DB14001,O60285,0
DB00117,P14770,0
DB01567,Q9L6V3,0
DB03090,O60939,0
DB02183,P43522,0
DB04502,P11836,0
DB00276,P83792,0
DB00776,Q92637,0
DB00738,P19320,0
DB04761,P39662,0
DB01980,P37840,0
DB03084,P61322,0
DB08020,P25105,0
DB01910,P05556,0
DB06910,P67870,0
DB06040,Q7ADF8,0
DB07584,Q7BJM5,0
DB01336,O43674,0
DB03399,P05327,0
DB13720,P47944,0
DB07299,C6S3C7,0
DB03484,Q9PPP5,0
DB07767,P31323,0
DB04562,P41020,0
DB07696,P02788,0
DB04256,P43003,0
DB08046,Q51792,0
DB02015,Q9HAB3,0
DB04275,Q8NG66,0
DB15685,P00947,0
DB03657,Q08460,0
DB06444,P48736,0
DB02869,P49137,0
DB03548,P04190,0
DB00313,P08588,0
DB07311,P06702,0
DB05047,Q47066,0
DB02832,P04746,0
DB06689,O43497,0
DB08147,Q9UI33,0
DB08319,P29957,0
DB06716,O43252,0
DB03528,P22748,0
DB14070,Q7KZA3,0
DB06626,Q9WZI0,0
DB00388,P16113,0
DB06409,P55263,0
DB01167,P21638,0
DB06777,P51692,0
DB08603,Q02127,0
DB02234,P39135,0
DB08006,P75914,0
DB02967,P23381,0
DB07591,P84887,0
DB03353,P80376,0
DB02651,P06753,0
DB08166,P0A759,0
DB08628,Q7SIB1,0
DB02306,P08574,0
DB13944,Q75UV1,0
DB08899,Q8N543,0
DB02621,P07332,0
DB02319,P05186,0
DB02279,Q05599,0
DB06354,Q46220,0
DB01564,P62807,0
DB03496,P53355,0
DB01261,Q9WZS7,0
DB04784,P78536,0
DB01655,Q59771,0
DB02566,Q8I3X4,0
DB00692,P15260,0
DB08580,Q4L5E4,0
DB07016,P04234,0
DB09223,Q01082,0
DB05255,Q9UDR5,0
DB06152,P35498,0
DB03374,P06753,0
DB07086,Q7CRA4,0
DB07115,P28072,0
DB04693,Q45697,0
DB03065,P06734,0
DB09291,O15143,0
DB06401,Q8NFD2,0
DB00455,P22460,0
DB00799,Q9Y6M4,0
DB04469,P22897,0
DB01131,Q969V6,0
DB00880,P40429,0
DB00311,Q96L12,0
DB00862,Q13464,0
DB03082,P02974,0
DB02279,Q6NVY1,0
DB00654,Q96DB2,0
DB05938,P78417,0
DB11278,P0DMS8,0
DB04273,P15428,0
DB07104,O08498,0
DB08201,Q93RD8,0
DB06906,P49356,0
DB04524,P08473,0
DB05983,P06734,0
DB08292,P0A1V8,0
DB06860,P35462,0
DB04689,P56937,0
DB07797,Q9UNX3,0
DB04573,Q9F0J6,0
DB08772,Q9NR82,0
DB09185,Q5G940,0
DB07222,Q4L5E3,0
DB02697,P47869,0
DB08503,P35916,0
DB01444,Q9Y2H1,0
DB00381,P02925,0
DB00410,P29965,0
DB07935,Q8IJ74,0
DB02235,P10109,0
DB03755,P16640,0
DB09089,Q8N9I0,0
DB08249,O15269,0
DB14072,O00141,0
DB08757,Q15842,0
DB07915,O32723,0
DB06267,O14874,0
DB02437,Q672W7,0
DB03659,Q8IKM5,0
DB02591,P61313,0
DB08603,O34453,0
DB03437,Q9REC4,0
DB07651,O08398,0
DB07672,P18177,0
DB09018,Q8WU03,0
DB01075,Q16706,0
DB01958,P10147,0
DB15488,P48167,0
DB07615,Q13936,0
DB02702,Q9NXE4,0
DB01433,Q9UNX3,0
DB02526,O07529,0
DB08022,Q9BQB6,0
DB02702,Q12879,0
DB00154,P11444,0
DB04224,Q13255,0
DB00120,P06715,0
DB08081,P54368,0
DB06809,P13000,0
DB15250,Q70AC7,0
DB01535,P04062,0
DB00365,Q01344,0
DB03896,Q9H4M7,0
DB06262,P29371,0
DB02160,Q13946,0
DB00355,P04350,0
DB02905,P11597,0
DB02795,P30556,0
DB04322,P00646,0
DB07910,P54756,0
DB03782,P02655,0
DB04775,P94548,0
DB00916,P80099,0
DB07109,P52429,0
DB07323,P23837,0
DB04338,Q8Z2X8,0
DB07975,P17174,0
DB02041,Q14624,0
DB01438,Q9ULA0,0
DB03226,Q9RME2,0
DB11327,Q51366,0
DB06894,P02538,0
DB02991,O25928,0
DB02483,P45452,0
DB09401,Q53908,0
DB01054,P0AB87,0
DB06660,Q47PU3,0
DB00222,P36543,0
DB13944,Q8IVA8,0
DB08134,P0A7E1,0
DB04155,P26276,0
DB00453,Q9H422,0
DB09227,P52700,0
DB01397,Q8ILK3,0
DB06920,Q9NPH2,0
DB04656,Q16740,0
DB04840,P33590,0
DB00514,P00915,0
DB03788,P54455,0
DB00205,P52045,0
DB07256,P62269,0
DB07503,P12814,0
DB08051,P00846,0
DB07620,P42680,0
DB08466,Q46702,0
DB04591,Q9BVS4,0
DB13940,P00497,0
DB01834,Q8IUZ5,0
DB08226,P00414,0
DB04683,O00555,0
DB02606,Q96PD5,0
DB00956,Q59643,0
DB02482,P9WQD9,0
DB02240,Q96EM0,0
DB03413,Q5LRQ9,0
DB08865,O95139,0
DB09061,Q8EBR3,0
DB07615,P47869,0
DB09204,Q5SII2,0
DB02959,P25705,0
DB07620,P07384,0
DB09148,Q8IDH5,0
DB07688,P25052,0
DB02401,P28329,0
DB01380,O95264,0
DB00691,Q15238,0
DB08599,P16615,0
DB03528,P01031,0
DB06909,P25524,0
DB07228,Q05599,0
DB05713,Q00496,0
DB00962,Q8TDN2,0
DB04669,P16860,0
DB03156,Q9NXE4,0
DB08656,P39662,0
DB00806,P09237,0
DB04391,P14532,0
DB02128,P84098,0
DB01692,P10620,0
DB00916,P48181,0
DB00730,Q7SIB1,0
DB07149,Q06AK7,0
DB00536,Q9NS75,0
DB02662,Q9NRH2,0
DB01815,Q16773,0
DB05482,P07602,0
DB05796,P59846,0
DB04629,Q56308,0
DB03807,P18846,0
DB07601,P27707,0
DB02181,Q9H6Z9,0
DB13581,P51168,0
DB02394,O15382,0
DB04103,P0AFG8,0
DB04687,P14262,0
DB13952,Q9NY47,0
DB01878,Q16720,0
DB03553,Q9RHZ6,0
DB02875,P0C0F4,0
DB07190,P02974,0
DB01351,P35372,0
DB07317,P17169,0
DB04129,P36405,0
DB00496,P00395,0
DB04632,Q5SHZ4,0
DB07863,Q16873,0
DB09060,Q2M2I8,0
DB08000,O15403,0
DB03602,O05935,0
DB02904,Q9HC29,0
DB06749,Q13423,0
DB03701,P15085,0
DB04255,P30012,0
DB07994,P13001,0
DB00184,Q99735,0
DB03911,Q8RJN8,0
DB08285,Q9UN19,0
DB04639,P19105,0
DB02083,O69007,0
DB03125,P27361,0
DB01692,Q9WYH8,0
DB03600,Q9BYT3,0
DB02787,P51511,0
DB06910,P60723,0
DB02945,P77674,0
DB07219,Q8N1Q1,0
DB07528,Q7RTT9,0
DB07071,P37321,0
DB03976,O60391,0
DB01433,O32449,0
DB07486,P56181,0
DB03262,P0AET8,0
DB03891,P09455,0
DB08190,P67775,0
DB04286,Q9FCA6,0
DB00288,P48061,0
DB09257,P0AFM2,0
DB08267,Q9UG56,0
DB11079,Q9UL54,0
DB00831,P28329,0
DB07846,P0A8P1,0
DB11830,Q4ZHU6,0
DB03569,Q6PYX1,0
DB07836,P50391,0
DB04122,P22413,0
DB07080,P0A8Q0,0
DB03202,O00303,0
DB03153,P41972,0
DB14019,P23528,0
DB07134,Q04912,0
DB06955,P37063,0
DB07723,P14223,0
DB11963,P51659,0
DB01774,Q8ILK3,0
DB07362,P14223,0
DB07329,P77398,0
DB00200,Q72K87,0
DB01754,Q6V0L0,0
DB01778,Q9HYX1,0
DB09343,Q52369,0
DB01203,Q460N3,0
DB02052,O95977,0
DB02223,P53350,0
DB08186,Q02760,0
DB03506,P0AD69,0
DB02467,Q9UEW8,0
DB04095,P9WQN9,0
DB08605,P33673,0
DB00303,Q9ZNA2,0
DB00910,P21890,0
DB00583,P51956,0
DB01433,P06241,0
DB09555,P11498,0
DB03399,Q7DHH4,0
DB02352,P07026,0
DB01918,Q7L0J3,0
DB03448,P05543,0
DB08648,P0A1P6,0
DB02621,Q8T6S0,0
DB00123,P42681,0
DB14481,P26572,0
DB07550,O14920,0
DB07472,P28065,0
DB02004,P42679,0
DB07864,P06850,0
DB07050,O15547,0
DB03010,P16410,0
DB02335,Q9Z4N6,0
DB00652,Q9ZHG9,0
DB00142,P0AB77,0
DB03365,Q7Z4J2,0
DB03799,P51858,0
DB03848,Q9UM73,0
DB07986,O75306,0
DB02195,P21890,0
DB04180,P16152,0
DB01037,O15496,0
DB00154,Q8ILK3,0
DB07497,P35354,0
DB08140,Q9GPQ4,0
DB00769,P05023,0
DB14002,Q8IXJ6,0
DB04348,P00101,0
DB02186,P9WNH5,0
DB03512,P04958,0
DB00260,Q47066,0
DB00824,P01619,0
DB04099,P06850,0
DB00794,P67910,0
DB07359,P07919,0
DB01819,P9WHU1,0
DB07301,O31156,0
DB07557,P9WH11,0
DB00623,Q15746,0
DB08149,Q9ULA0,0
DB04634,P28070,0
DB04002,Q9NP99,0
DB07597,Q8WUI4,0
DB03158,Q8ZPC0,0
DB07526,P36542,0
DB07862,Q16558,0
DB14754,Q96BH3,0
DB08578,Q8IWU9,0
DB08828,P62508,0
DB08314,Q5NUL3,0
DB03092,P17117,0
DB02261,O67854,0
DB00797,P23246,0
DB06201,P30153,0
DB07304,P25100,0
DB02073,P11922,0
DB07606,P03372,0
DB07865,Q9Y296,0
DB04088,P10275,0
DB07482,P86287,0
DB07878,Q9RN68,0
DB01878,P14410,0
DB03068,O15547,0
DB06061,Q8YSC4,0
DB09214,O13332,0
DB05219,P15259,0
DB05737,P0ABP8,0
DB00673,P60568,0
DB04014,P34981,0
DB04702,P0A786,0
DB01338,Q07869,0
DB01931,P98155,0
DB04930,O43283,0
DB02754,Q08345,0
DB00861,P98170,0
DB04272,P54716,0
DB00432,P28593,0
DB07759,P0C8P8,0
DB14011,P45381,0
DB05792,Q14749,0
DB00845,P29320,0
DB02643,Q97R46,0
DB07449,P36419,0
DB02595,Q9H228,0
DB00469,P05091,0
DB04072,P00414,0
DB07932,P0A6I3,0
DB07552,P35858,0
DB06980,O75116,0
DB05470,Q13443,0
DB07049,P9WI81,0
DB01333,P80075,0
DB08197,P0C0X8,0
DB06782,P12256,0
DB06199,Q99714,0
DB02802,Q13554,0
DB03026,P41007,0
DB04447,O95747,0
DB01226,P00747,0
DB04735,P0AES2,0
DB13257,Q06110,0
DB11324,P22340,0
DB01753,Q59334,0
DB01021,Q0S9X1,0
DB03393,P09172,0
DB08652,O00244,0
DB07650,Q88H32,0
DB08399,P01599,0
DB02306,P51693,0
DB08710,P62316,0
DB02247,Q48152,0
DB01092,O15350,0
DB03473,P9WGV3,0
DB03540,Q02169,0
DB04527,P02753,0
DB01395,P55769,0
DB11712,Q9Y3I0,0
DB06454,Q8VUS8,0
DB03228,P01024,0
DB04166,Q8DP79,0
DB07250,P15538,0
DB08224,Q9ZHG9,0
DB11638,Q9UL51,0
DB07648,Q07982,0
DB01326,P0C0Y8,0
DB04721,Q15382,0
DB06956,P08179,0
DB05943,P10589,0
DB07171,Q92911,0
DB00293,P25553,0
DB06889,P51168,0
DB01421,Q9UBM7,0
DB04856,Q2RJ67,0
DB13949,Q92876,0
DB01245,Q13126,0
DB07938,P05062,0
DB08811,Q9UKL6,0
DB02724,Q8IXJ6,0
DB07990,P78508,0
DB07739,P75914,0
DB08199,Q9KG76,0
DB07991,P59768,0
DB02676,P08493,0
DB01106,P18846,0
DB02940,Q9NY65,0
DB07621,P10721,0
DB04736,Q9BQB4,0
DB00966,P17297,0
DB02458,P21731,0
DB04239,Q7L266,0
DB02947,P23975,0
DB11623,O60706,0
DB00915,Q26609,0
DB07809,P03897,0
DB02285,Q9Y6E0,0
DB08449,P14262,0
DB01731,Q07011,0
DB04749,P29323,0
DB02952,Q9NUV7,0
DB07887,Q96PR1,0
DB01599,P00148,0
DB01792,O60701,0
DB03277,Q55013,0
DB02318,Q7Z406,0
DB08437,P0C0L5,0
DB01004,Q9GZP0,0
DB02700,Q53ZE5,0
DB00132,Q8N8Y2,0
DB07152,P05120,0
DB05642,P13000,0
DB00836,P13981,0
DB02941,P49841,0
DB01108,A0A0H2Z368,0
DB02861,P16144,0
DB06802,Q93TU6,0
DB04380,P28793,0
DB00674,Q969G6,0
DB02884,P0A1X2,0
DB04476,P0C0X8,0
DB07293,P0A0N4,0
DB08007,P9WI81,0
DB00413,P05020,0
DB09304,P49662,0
DB00679,P22266,0
DB08303,P29377,0
DB02562,P43487,0
DB07265,A9CJ63,0
DB09089,P07445,0
DB06931,P04279,0
DB07418,Q7RTV2,0
DB00956,Q65CX5,0
DB04920,P19878,0
DB04149,Q9HD40,0
DB03672,P25788,0
DB00835,P55792,0
DB01998,Q14697,0
DB00368,P32173,0
DB11273,O00444,0
DB00822,Q8IVA8,0
DB02890,P21589,0
DB02932,P01011,0
DB03111,P24310,0
DB04069,P0A749,0
DB03017,P40429,0
DB03215,Q9UNX9,0
DB07719,P0AD68,0
DB06660,P18847,0
DB02638,P05412,0
DB01814,P0AC41,0
DB08753,Q15800,0
DB07482,Q9UNA0,0
DB04050,Q6A8X5,0
DB08564,P00736,0
DB02308,P61587,0
DB08521,P56696,0
DB06828,Q9H4G4,0
DB02861,P9WPB3,0
DB08835,P9WGY3,0
DB02266,P54317,0
DB08712,P08700,0
DB03708,Q7L0J3,0
DB01283,Q9NPA2,0
DB13346,Q13509,0
DB07826,Q51792,0
DB03136,O43293,0
DB04839,P29559,0
DB00605,P42328,0
DB02119,P16234,0
DB09185,Q13936,0
DB08437,P49448,0
DB00991,Q9HU21,0
DB02822,Q9BPV8,0
DB04123,Q8TCC7,0
DB04083,Q16099,0
DB01218,P35557,0
DB15569,Q14790,0
DB01019,P50453,0
DB04160,P81040,0
DB08715,P78536,0
DB07514,P05653,0
DB02722,O15460,0
DB08394,O43766,0
DB01927,P0A793,0
DB03142,P62917,0
DB04003,P03923,0
DB07095,Q8IB78,0
DB07462,P83453,0
DB08697,P21266,0
DB07636,Q9GZZ6,0
DB01129,P23284,0
DB09283,P37108,0
DB04373,Q13177,0
DB00134,Q06609,0
DB01153,A0A0H2XJ39,0
DB01970,Q72JD8,0
DB04767,P80365,0
DB00357,P03905,0
DB08509,Q9KWT6,0
DB08881,P21453,0
DB08119,P80075,0
DB03835,P51553,0
DB07013,P0A9J8,0
DB03667,O43272,0
DB07136,Q96L34,0
DB04636,P10384,0
DB02268,P17540,0
DB02287,Q9NP56,0
DB01420,P22459,0
DB04347,P12429,0
DB06939,Q8VUS7,0
DB14010,Q16322,0
DB01768,P10275,0
DB07449,P14090,0
DB02819,P00101,0
DB02801,P20831,0
DB01717,P36959,0
DB02790,Q16322,0
DB04554,P01178,0
DB01899,Q59961,0
DB07392,Q5KSL6,0
DB07901,P60174,0
DB03136,P80188,0
DB03850,Q9HBA0,0
DB01890,P23368,0
DB03593,P29274,0
DB02420,P49019,0
DB07829,O60493,0
DB03892,Q9HBH9,0
DB06040,O15554,0
DB01239,Q9BXI2,0
DB08571,Q04609,0
DB02475,P06748,0
DB06040,P0A333,0
DB07257,P55196,0
DB05104,Q9AFC7,0
DB02560,P13000,0
DB03759,Q8I6U8,0
DB08071,Q9F6D4,0
DB02069,P14324,0
DB00724,Q9XB59,0
DB03382,Q9Y277,0
DB07305,Q47764,0
DB01426,P38489,0
DB01208,O52806,0
DB08367,P30613,0
DB00684,P08729,0
DB04544,Q44532,0
DB12518,P16471,0
DB08907,P02925,0
DB00334,P49759,0
DB00530,P23340,0
DB08779,P25021,0
DB02419,P20035,0
DB08907,Q12756,0
DB02216,P07237,0
DB02588,P41091,0
DB02182,Q9KPI8,0
DB04368,P0AFM2,0
DB09069,P51692,0
DB08552,P05412,0
DB03907,O60664,0
DB01232,P51692,0
DB00735,Q9HTN2,0
DB02378,Q13873,0
DB15496,Q9UJT0,0
DB04918,P02795,0
DB02145,Q04230,0
DB02607,P50416,0
DB03970,P9WJY5,0
DB04753,Q8KN66,0
DB00333,Q8TF76,0
DB04811,P80371,0
DB04352,P60723,0
DB03049,P69488,0
DB07008,O60658,0
DB01792,P0C0Y7,0
DB04279,Q96BH3,0
DB07585,P0A1V8,0
DB00959,P0A7E1,0
DB04073,P10276,0
DB04863,P24182,0
DB07855,P00451,0
DB06691,P22894,0
DB02902,P15313,0
DB07711,P62136,0
DB03495,Q9HBH9,0
DB03816,Q96L12,0
DB09063,Q6N063,0
DB14028,A9X444,0
DB03604,Q9NZ42,0
DB01055,P61432,0
DB01128,P00709,0
DB04714,P31152,0
DB01148,Q09093,0
DB04685,P70174,0
DB02785,P19823,0
DB04417,O14957,0
DB03206,P67775,0
DB07882,P22792,0
DB02603,Q8GI16,0
DB08446,Q13426,0
DB01207,P0A7R5,0
DB02989,P29475,0
DB04967,P29508,0
DB02446,P80040,0
DB03156,P19838,0
DB07643,P05019,0
DB02142,P39045,0
DB11995,Q86UW7,0
DB14067,Q9Y221,0
DB00440,O43613,0
DB04519,P9WJI5,0
DB07525,Q79MP6,0
DB00813,P51671,0
DB02143,Q7SI98,0
DB00541,P04054,0
DB08049,P0A6V7,0
DB02467,Q54089,0
DB07854,P04632,0
DB12116,Q14330,0
DB04501,P13922,0
DB03280,Q9RZ04,0
DB06494,O60568,0
DB01699,P56373,0
DB08511,P0A333,0
DB09095,P11387,0
DB08175,P39593,0
DB05460,P08779,0
DB07655,P39767,0
DB08163,O14556,0
DB07259,Q9UBN1,0
DB02215,Q8MU52,0
DB01881,Q8IE82,0
DB04674,Q9WYA5,0
DB00669,P06716,0
DB08747,A1A2B5,0
DB03355,P31133,0
DB07516,P83793,0
DB07668,P39639,0
DB02647,Q8I814,0
DB08021,Q06418,0
DB00995,Q8RQE9,0
DB00184,P08246,0
DB08420,P23634,0
DB03916,P07195,0
DB02492,Q96L21,0
DB02843,Q9WYE2,0
DB07284,Q9Y289,0
DB07823,P42338,0
DB03154,Q54089,0
DB01567,P00966,0
DB03052,P14941,0
DB14487,P01593,0
DB01737,P10600,0
DB09070,P17291,0
DB07514,P02788,0
DB02229,Q6PHW0,0
DB11275,Q13362,0
DB09099,P26392,0
DB02001,P08200,0
DB07457,Q5SHN3,0
DB01047,P00775,0
DB02508,P14780,0
DB03944,Q18BX5,0
DB08099,P56653,0
DB04602,Q83WG3,0
DB01117,P32019,0
DB07048,P51858,0
DB07635,Q5SID9,0
DB00710,Q51948,0
DB00948,Q9PM68,0
DB00936,P62491,0
DB05188,P19079,0
DB04699,P49821,0
DB03139,Q9UPY5,0
DB01267,P29376,0
DB01021,Q7K9G0,0
DB01667,Q99584,0
DB07657,Q93D82,0
DB00415,Q9H853,0
DB02537,P49789,0
DB02211,P43681,0
DB03921,P0DOY9,0
DB01129,P19634,0
DB01642,Q7RTV2,0
DB07239,Q56748,0
DB07784,P24158,0
DB02590,Q99798,0
DB08041,Q7K6A4,0
DB08462,Q8ZNF3,0
DB07670,P9WGV3,0
DB01792,C0H4X5,0
DB09202,P00782,0
DB00642,P29600,0
DB07001,P35340,0
DB12610,P32056,0
DB01887,P26397,0
DB07776,Q9KWU1,0
DB03283,P30837,0
DB03359,Q9NY56,0
DB04660,P61626,0
DB03191,Q02156,0
DB04650,P0A6I9,0
DB02817,Q13370,0
DB02072,Q02750,0
DB06877,P0AF12,0
DB00591,P69905,0
DB15250,Q9AGP8,0
DB03631,P50250,0
DB01104,P78356,0
DB08659,P62937,0
DB11181,Q02818,0
DB07079,P07307,0
DB03958,P37802,0
DB00572,P50453,0
DB00622,P13569,0
DB05389,P35913,0
DB02071,P09546,0
DB08249,P98002,0
DB06469,Q9UJ90,0
DB13174,P06716,0
DB01100,Q8GEZ8,0
DB03181,P00864,0
DB02496,O43704,0
DB01215,Q96C86,0
DB14071,P02775,0
DB08058,P51787,0
DB07614,Q9H2P9,0
DB09343,Q6GII7,0
DB02270,P00450,0
DB00941,Q7SIB1,0
DB04254,P12070,0
DB07863,P16473,0
DB06082,P54750,0
DB11367,P25705,0
DB09555,O00483,0
DB04372,P31224,0
DB03084,Q9RME2,0
DB06693,P49589,0
DB00172,P35590,0
DB01101,Q7L7X3,0
DB00640,P0DJ06,0
DB07403,Q3J1A5,0
DB03117,P96622,0
DB00754,P30085,0
DB02671,P11216,0
DB04501,P51553,0
DB04709,P48357,0
DB02608,P35225,0
DB04279,P05100,0
DB04523,P48728,0
DB08110,P01850,0
DB02036,Q96D53,0
DB03991,Q02169,0
DB01044,P96113,0
DB04246,P02775,0
DB09204,P01920,0
DB08006,P40926,0
DB00475,P31243,0
DB00204,P11229,0
DB00500,P42892,0
DB07371,Q96AZ6,0
DB09041,O95069,0
DB00896,P04926,0
DB02267,Q06203,0
DB07422,Q00613,0
DB05540,P21926,0
DB04586,Q8I5G6,0
DB00811,P15104,0
DB00980,Q60099,0
DB09074,O14788,0
DB02850,Q06174,0
DB02809,Q9UQL6,0
DB04027,Q9HVZ0,0
DB07873,P09147,0
DB00414,P09936,0
DB08033,P00269,0
DB08680,P46976,0
DB03382,Q14995,0
DB00554,Q9RC92,0
DB04739,P22676,0
DB02190,P49327,0
DB00726,P0AD65,0
DB02085,P61888,0
DB02519,O14594,0
DB03581,P9WFF7,0
DB06869,P11473,0
DB06928,Q9Y4W6,0
DB08482,P28702,0
DB01735,O00187,0
DB00463,Q14626,0
DB01007,P29803,0
DB03621,C6KT34,0
DB02819,Q8IWT1,0
DB01782,P09147,0
DB07750,P22637,0
DB04890,Q9UKV0,0
DB01644,P16144,0
DB07866,P39086,0
DB07987,Q92934,0
DB01927,P44345,0
DB07706,Q9H3M0,0
DB08193,Q9ULW8,0
DB08633,Q84FH6,0
DB04957,P35527,0
DB08377,P36871,0
DB00134,P01850,0
DB02098,P15034,0
DB03416,O94788,0
DB07314,Q9C098,0
DB05624,Q8IEN3,0
DB02857,Q16584,0
DB07681,Q57VC7,0
DB03877,Q7L0J3,0
DB04641,Q99250,0
DB03214,Q8N8R3,0
DB08770,P10844,0
DB00710,O14949,0
DB03298,Q99712,0
DB00411,O95298,0
DB07560,P37108,0
DB02590,P26572,0
DB06897,P0A927,0
DB06194,Q14330,0
DB07473,Q9RA63,0
DB07239,Q820T1,0
DB00943,Q57VC7,0
DB07119,P62750,0
DB02191,P35398,0
DB02185,P26392,0
DB03224,P61160,0
DB01023,Q3J170,0
DB09185,P0A7G9,0
DB00539,P32396,0
DB07262,P31040,0
DB01860,P0AB91,0
DB00721,Q6A8X5,0
DB02694,P01375,0
DB03691,P14090,0
DB11952,P14262,0
DB05018,P00439,0
DB01650,P78334,0
DB04234,P28472,0
DB04742,O43447,0
DB03793,Q86XF0,0
DB06287,O95718,0
DB04615,P22301,0
DB00171,O25927,0
DB11081,P0A094,0
DB07676,P48728,0
DB07581,P23528,0
DB00972,P52895,0
DB00583,P01903,0
DB02793,P02974,0
DB12450,O68600,0
DB07066,Q14457,0
DB07621,P09152,0
DB08291,P43652,0
DB00567,P16050,0
DB07587,P36544,0
DB02627,Q03154,0
DB04568,Q00535,0
DB01025,P01877,0
DB08372,P07437,0
DB01615,Q16651,0
DB03070,P08243,0
DB07173,P04626,0
DB01326,P15313,0
DB09166,Q9L6V3,0
DB07529,P61604,0
DB07391,P41407,0
DB06637,P82543,0
DB05229,Q51990,0
DB04863,Q9NUB1,0
DB07200,P17174,0
DB04372,P49720,0
DB12339,P01889,0
DB08055,Q969S2,0
DB04869,P00147,0
DB07237,P05193,0
DB04679,O14964,0
DB07875,Q8T6S0,0
DB01231,P47229,0
DB04739,Q9UHC3,0
DB15250,P11216,0
DB03799,Q9H169,0
DB06932,Q99653,0
DB01115,P28305,0
DB09205,P29074,0
DB07975,P28305,0
DB01923,P38936,0
DB04023,P69795,0
DB03765,P48552,0
DB07888,P23526,0
DB02096,P0AC47,0
DB08475,P0A721,0
DB07054,Q9Y663,0
DB02655,P0AD69,0
DB08453,Q16864,0
DB00978,P22513,0
DB09319,Q02834,0
DB07339,P51151,0
DB09093,P62166,0
DB15250,P51606,0
DB01923,P77150,0
DB02407,P20963,0
DB04418,Q74EF5,0
DB00787,P43490,0
DB14672,P07202,0
DB02544,P08238,0
DB00941,P04732,0
DB04548,Q9UGJ0,0
DB07196,Q15080,0
DB02519,P08588,0
DB00121,Q8IU85,0
DB07893,Q9UGN5,0
DB02483,P0A6I0,0
DB07700,P00269,0
DB04360,P29972,0
DB00353,P13000,0
DB13345,O75385,0
DB06858,O31156,0
DB03228,P61587,0
DB09290,P54368,0
DB01921,P0AGC3,0
DB07691,P0A7D4,0
DB07063,Q16555,0
DB04042,P28702,0
DB00607,P18177,0
DB06958,Q9H6Z9,0
DB03609,P11350,0
DB07318,Q9ULX7,0
DB01375,O14556,0
DB08158,P54578,0
DB06960,Q8ILE8,0
DB08409,O43526,0
DB04136,P60339,0
DB09014,Q8GI16,0
DB05871,P20581,0
DB03813,Q9WZW1,0
DB01134,Q7BJM5,0
DB01586,P62993,0
DB01054,Q15208,0
DB01745,Q9WZ40,0
DB12569,P9WN39,0
DB07858,Q99584,0
DB07918,P0A3M5,0
DB00292,Q9X2W8,0
DB07197,P15104,0
DB08806,P16422,0
DB08708,P06986,0
DB06865,O15197,0
DB01489,P16233,0
DB03148,P07801,0
DB03453,P20963,0
DB03736,P00450,0
DB07590,O95299,0
DB09185,P9WKE9,0
DB01101,Q9NP99,0
DB07873,P08506,0
DB03779,P07801,0
DB00705,O95954,0
DB01201,P9WK83,0
DB02374,P33590,0
DB01936,P40616,0
DB03964,O15239,0
DB02034,P01563,0
DB07355,Q12965,0
DB00956,P21333,0
DB04377,P0CG04,0
DB08346,P0A6K3,0
DB07706,P9WKK7,0
DB07440,Q14722,0
DB02789,P08311,0
DB02651,Q8WTV0,0
DB04140,P05653,0
DB00600,P69488,0
DB00243,P51691,0
DB00330,P51161,0
DB04557,P50921,0
DB02552,P39023,0
DB04771,P49913,0
DB06734,P07900,0
DB04130,P41595,0
DB07416,P01877,0
DB06712,Q59675,0
DB00694,P11586,0
DB02353,Q13423,0
DB05087,C0H419,0
DB00892,Q9UEW8,0
DB04809,Q9UQQ2,0
DB03456,P35590,0
DB07284,P07737,0
DB04218,P22626,0
DB04246,P49747,0
DB06828,Q15208,0
DB03379,P01857,0
DB03790,P39023,0
DB04541,P19878,0
DB13994,Q9FA38,0
DB02170,Q16795,0
DB03816,P9WN38,0
DB02137,P49424,0
DB04607,A0A0H3K1U2,0
DB06444,P10909,0
DB05470,Q96NX5,0
DB03107,P12644,0
DB02035,P0A921,0
DB00805,P0A6L6,0
DB02522,P09871,0
DB07790,Q8IHS5,0
DB00655,P06881,0
DB04515,Q5SJ80,0
DB02362,P24092,0
DB00492,P36021,0
DB05492,P05093,0
DB08010,P34903,0
DB00989,P35225,0
DB08387,P80297,0
DB08590,Q9Y616,0
DB07468,P61925,0
DB04088,Q57254,0
DB08153,P81180,0
DB01544,P61278,0
DB00524,P05556,0
DB03755,O00519,0
DB04468,P0A1V8,0
DB08575,P06881,0
DB03205,P02925,0
DB03247,P25815,0
DB04455,Q9HBA0,0
DB01373,P41180,0
DB11676,Q16555,0
DB02287,P21638,0
DB05961,Q15910,0
DB01020,Q92930,0
DB07988,P18505,0
DB02729,Q06124,0
DB00481,P48729,0
DB02911,Q84II6,0
DB01931,P0A7G9,0
DB07309,Q07806,0
DB07220,Q96GD3,0
DB08263,Q9H3S4,0
DB00782,O60674,0
DB07740,Q16654,0
DB06982,P55792,0
DB03807,P61322,0
DB03311,Q81EE4,0
DB04396,P0A6M2,0
DB04008,P42336,0
DB03546,P07333,0
DB02431,P35270,0
DB13930,P9WQN9,0
DB04894,Q9X0D0,0
DB04736,P20138,0
DB02902,O67987,0
DB01883,Q03431,0
DB04264,Q47NK3,0
DB02361,P25275,0
DB00693,P41231,0
DB00575,P03951,0
DB01918,Q969I6,0
DB07760,Q06432,0
DB08025,P04390,0
DB12466,Q9UJM8,0
DB00206,Q7LG56,0
DB05448,P44886,0
DB03128,P0A9E0,0
DB02108,P04733,0
DB00521,P29466,0
DB04751,P54578,0
DB07778,Q9UEW8,0
DB00284,P29559,0
DB00476,Q81C15,0
DB07638,Q16659,0
DB00162,P16304,0
DB01784,P29320,0
DB04765,P25024,0
DB02500,P0A6F3,0
DB05667,P16233,0
DB07711,O60502,0
DB06880,P35243,0
DB07104,Q9BVS4,0
DB01288,Q9NYP7,0
DB02736,Q93EK7,0
DB00999,O82839,0
DB04084,Q0S9X1,0
DB00306,P43353,0
DB08038,P31025,0
DB03932,Q57366,0
DB13179,Q9NPC2,0
DB02809,P02768,0
DB02334,Q16322,0
DB12961,P02747,0
DB03466,P9WQD9,0
DB13174,P28482,0
DB00495,P56194,0
DB08513,P40925,0
DB03814,O25928,0
DB08667,P0ADA1,0
DB02049,Q07973,0
DB01295,Q8I4W4,0
DB00594,P0A8V9,0
DB07644,Q6IQ20,0
DB03428,Q16512,0
DB07144,O75380,0
DB07990,P0A6V8,0
DB01667,Q7Z4T2,0
DB02725,P16220,0
DB04649,P00322,0
DB02308,Q9NZV8,0
DB03616,P69905,0
DB04805,Q9BVG9,0
DB01369,P42892,0
DB00574,P0A3D9,0
DB08702,Q96QU6,0
DB12128,Q8TDS4,0
DB04788,Q9RC92,0
DB01015,P40616,0
DB08505,P52788,0
DB00157,P04156,0
DB04066,Q81VW8,0
DB01240,P14616,0
DB07844,P0ADY7,0
DB04515,P49069,0
DB13946,P41143,0
DB08536,O15270,0
DB04076,P00935,0
DB03144,P23905,0
DB03420,Q9GZU7,0
DB00377,P50416,0
DB03531,P08164,0
DB06589,O15511,0
DB11365,Q59334,0
DB03416,P01137,0
DB00610,P22266,0
DB00226,P10276,0
DB07530,P00363,0
DB02151,Q06110,0
DB01415,Q72LA4,0
DB04206,Q15391,0
DB02404,P45844,0
DB03654,P02931,0
DB08227,P34969,0
DB04334,Q9XB61,0
DB02629,P0AEZ1,0
DB01117,Q46079,0
DB09241,P29317,0
DB04477,P12931,0
DB04863,Q8IBS5,0
DB00704,Q16773,0
DB07921,O00142,0
DB11633,P40429,0
DB06947,Q9NY47,0
DB04455,Q86Y39,0
DB07781,Q59192,0
DB04113,Q9NTG7,0
DB00752,Q9UEW3,0
DB03777,Q7BK04,0
DB08279,Q8N1G2,0
DB07604,P9WPB3,0
DB01156,P08253,0
DB02964,P04746,0
DB03509,P48068,0
DB06255,Q9Y6L7,0
DB00988,P07384,0
DB04268,P21266,0
DB02274,P00439,0
DB04526,Q9XB61,0
DB09237,P05093,0
DB00636,P23919,0
DB07937,P84098,0
DB08185,P31243,0
DB08899,P9WMC1,0
DB00631,Q7L266,0
DB03095,P33681,0
DB04676,Q9ULC6,0
DB06075,P42512,0
DB11273,Q5SJ80,0
DB01118,Q86VZ1,0
DB06159,O75533,0
DB03421,Q9Y5K8,0
DB03933,P83844,0
DB04249,P36404,0
DB03394,P28222,0
DB06835,Q54331,0
DB04289,Q46891,0
DB00565,P51671,0
DB03461,O75964,0
DB08644,Q13907,0
DB08435,P13817,0
DB07575,P22234,0
DB01611,P10809,0
DB03573,P14780,0
DB03897,Q00975,0
DB00799,P01350,0
DB04072,Q02818,0
DB00318,P14532,0
DB04534,P54219,0
DB02586,O94768,0
DB02590,P07711,0
DB05009,P25006,0
DB06971,P05160,0
DB02388,Q9BXT2,0
DB02142,P14218,0
DB02872,P19801,0
DB07222,P60063,0
DB03825,Q56691,0
DB04263,P0A0N4,0
DB07615,P16435,0
DB12116,Q15067,0
DB02645,P05452,0
DB04637,P52569,0
DB07410,P29559,0
DB04503,P30793,0
DB02923,P29208,0
DB00200,Q9H4B4,0
DB07991,Q7SIG1,0
DB01708,P20711,0
DB02989,P24298,0
DB00656,Q9NS75,0
DB03065,Q04771,0
DB00819,P12081,0
DB08730,P9WFF7,0
DB08573,P04181,0
DB03916,Q8RLY5,0
DB01888,F5GY58,0
DB12110,P13929,0
DB07125,Q9UKM7,0
DB00819,P23882,0
DB08478,Q9Y6Y9,0
DB03679,P06632,0
DB00547,P08729,0
DB00379,Q14565,0
DB03185,Q46893,0
DB02378,Q9GZP0,0
DB07068,P22314,0
DB08340,O34453,0
DB02467,P0A9S1,0
DB02530,O67931,0
DB08622,Q9LAG2,0
DB00404,P07339,0
DB01775,P38484,0
DB03101,P19099,0
DB07734,Q9KKU4,0
DB04137,P56373,0
DB12278,P07451,0
DB08057,P30968,0
DB04185,Q96KS0,0
DB07884,Q96GD3,0
DB01241,P31391,0
DB02259,P46828,0
DB02563,Q16288,0
DB00513,P16118,0
DB03864,B7JBP8,0
DB08805,O75521,0
DB01608,P78330,0
DB11155,Q8IYT8,0
DB08201,O00141,0
DB07432,Q9ZGI2,0
DB15102,Q7K9G0,0
DB00159,Q96C86,0
DB15489,Q47Q21,0
DB04754,P25101,0
DB07295,P40925,0
DB08656,Q16659,0
DB13014,P21918,0
DB05252,Q7L3T8,0
DB01946,P21673,0
DB02676,P04164,0
DB00701,Q9UEE5,0
DB00629,Q16644,0
DB07008,P09788,0
DB01414,P54965,0
DB09112,P30085,0
DB14723,Q9NWT6,0
DB14509,Q15842,0
DB03412,Q81VW8,0
DB02565,O15554,0
DB07986,P01709,0
DB04377,P16184,0
DB02039,P08865,0
DB02869,P08100,0
DB07142,P37288,0
DB15328,Q15185,0
DB11477,P82543,0
DB04865,P48544,0
DB08093,P61278,0
DB01669,O85465,0
DB02701,P35579,0
DB05327,P55818,0
DB01172,Q9Z1N9,0
DB14975,Q18BX5,0
DB04799,Q8I2Z8,0
DB03060,O05935,0
DB07539,O14556,0
DB07990,P0A7W7,0
DB02938,P99999,0
DB02725,Q9BXA1,0
DB03779,P83453,0
DB01589,P04439,0
DB02354,Q05397,0
DB04889,P33590,0
DB08508,Q16832,0
DB02285,A5W4F4,0
DB07520,P12104,0
DB01645,Q15238,0
DB07010,P00352,0
DB02166,P20138,0
DB01851,Q86W47,0
DB01081,P10092,0
DB04539,O15350,0
DB07009,P07801,0
DB12153,P16410,0
DB08638,P22392,0
DB07143,Q8TDR2,0
DB03147,P05364,0
DB04745,A2QLK4,0
DB01005,P42766,0
DB00384,Q9NQU5,0
DB05252,P07014,0
DB03695,Q06323,0
DB07256,Q15596,0
DB04430,O14880,0
DB01634,P22340,0
DB00940,P10875,0
DB13751,P26221,0
DB01369,P16615,0
DB07668,P70174,0
DB05460,P50135,0
DB08299,P17658,0
DB02779,Q86V67,0
DB07132,Q96GD0,0
DB12319,P23367,0
DB03307,P23381,0
DB14514,Q14978,0
DB02832,P30968,0
DB07453,P08185,0
DB08676,O00398,0
DB00347,P06881,0
DB07892,Q9P0Z9,0
DB09112,Q9P289,0
DB06996,Q96RR4,0
DB03948,Q99759,0
DB03443,P04183,0
DB02447,P30530,0
DB03227,Q8VTT5,0
DB00869,Q9RW27,0
DB09242,P00519,0
DB03415,Q72LA4,0
DB08553,Q8IBS5,0
DB03572,P54716,0
DB03564,P29395,0
DB02876,Q9H2P9,0
DB07256,Q99584,0
DB07685,Q9BQB6,0
DB06958,P03960,0
DB05154,P49591,0
DB06016,P51787,0
DB08387,P16278,0
DB03070,Q9H2M3,0
DB02879,P78540,0
DB02662,P05156,0
DB08376,P42336,0
DB04771,P00403,0
DB00454,Q9UGI5,0
DB04553,P44725,0
DB01129,P59998,0
DB13155,P36419,0
DB07858,P19624,0
DB07334,P0C0Y7,0
DB01046,P0AEB2,0
DB07380,P76216,0
DB04352,P15309,0
DB03019,Q9BYT3,0
DB06980,P08217,0
DB09289,P50579,0
DB07351,P27449,0
DB01419,Q5HEB7,0
DB04529,P19823,0
DB00371,O95747,0
DB04275,Q8N5Z0,0
DB07508,P0A7G9,0
DB04795,O94768,0
DB03772,P10724,0
DB08786,P77454,0
DB04661,P20132,0
DB04170,O14964,0
DB00227,P55210,0
DB02603,Q92206,0
DB02294,O00303,0
DB03874,P25006,0
DB05713,P83788,0
DB04530,P37173,0
DB04013,P10606,0
DB07288,O33830,0
DB04924,P07173,0
DB04112,P33261,0
DB05475,P36873,0
DB08113,P11086,0
DB07019,Q9ULC6,0
DB00863,P80529,0
DB06525,O75469,0
DB08134,Q16718,0
DB07638,P15555,0
DB02382,Q07955,0
DB03162,P31949,0
DB02434,Q9PPP5,0
DB03031,P9WK17,0
DB07131,P06729,0
DB08271,Q7CRA4,0
DB04215,O33833,0
DB00285,Q8DR59,0
DB06910,P35908,0
DB00587,Q05603,0
DB02905,P13001,0
DB08058,Q27743,0
DB11723,P68104,0
DB02652,P01861,0
DB03439,P01556,0
DB02104,O32723,0
DB06195,Q9H4Y5,0
DB02470,P43702,0
DB03159,P42679,0
DB08384,P16870,0
DB12733,P0AFM2,0
DB07049,P01903,0
DB02465,P67870,0
DB02307,O35000,0
DB03632,P50391,0
DB07232,P05109,0
DB12267,P0AG16,0
DB02132,P15917,0
DB12364,Q59976,0
DB07239,D6R448,0
DB09030,Q8N159,0
DB08027,P0A6M2,0
DB08629,Q9CBQ2,0
DB01059,P49773,0
DB03170,Q06481,0
DB08013,Q8I814,0
DB01989,Q9RC23,0
DB06367,O14832,0
DB03627,Q03405,0
DB08805,P51659,0
DB06196,Q9Y6B6,0
DB07701,Q09093,0
DB08024,P07986,0
DB04824,P33673,0
DB00825,P08069,0
DB07120,P06608,0
DB04371,O07732,0
DB11429,P00864,0
DB03125,P11926,0
DB00894,P00914,0
DB03747,P80874,0
DB14013,P9WPX7,0
DB02168,Q82IZ1,0
DB06766,P45568,0
DB04795,Q16595,0
DB02553,Q9FDN7,0
DB03147,P30085,0
DB08031,P34741,0
DB00550,Q9Y678,0
DB11345,P35089,0
DB09227,P14262,0
DB08747,P49747,0
DB09273,P16444,0
DB03647,P34998,0
DB08449,Q9P2W7,0
DB05188,Q9X1F0,0
DB04170,Q44532,0
DB07674,Q92831,0
DB07512,P36578,0
DB00373,Q8TDN1,0
DB08211,A0A0H3JRU9,0
DB05667,P01911,0
DB03107,P01619,0
DB08177,P23219,0
DB06751,P37321,0
DB04866,Q9HUR5,0
DB01174,Q99250,0
DB08595,P29559,0
DB00219,P35372,0
DB01080,P9WNW7,0
DB04262,Q01718,0
DB07277,P0DOY7,0
DB03162,Q460N3,0
DB08151,P48051,0
DB08107,O75636,0
DB00146,P0DM80,0
DB00192,Q9NP99,0
DB07630,P19622,0
DB03925,P42321,0
DB07505,P23284,0
DB08001,P9WNX3,0
DB04054,P0ABP8,0
DB00959,Q8SPQ9,0
DB07128,P36673,0
DB01597,Q16877,0
DB00366,P27986,0
DB06921,P08217,0
DB06920,Q9UJ96,0
DB00333,P42680,0
DB08670,P80371,0
DB01919,P43681,0
DB08543,Q9L915,0
DB07010,P06753,0
DB00604,P00132,0
DB07349,O43678,0
DB08368,P29401,0
DB02907,P14210,0
DB03937,O07732,0
DB13643,Q79FX8,0
DB02039,P0A759,0
DB05984,P47775,0
DB01062,P46976,0
DB12007,Q5SKW1,0
DB07327,Q9BQB4,0
DB02421,Q9RN59,0
DB04586,Q99808,0
DB00364,Q8IKH8,0
DB07646,Q9BXA7,0
DB03591,Q9X0P2,0
DB04693,P48047,0
DB02517,O15528,0
DB02236,P15273,0
DB05266,P33260,0
DB03364,Q9ULC6,0
DB04286,P55818,0
DB08137,P34995,0
DB00685,O14730,0
DB04085,Q9BVS4,0
DB04673,P63027,0
DB07185,P21918,0
DB06209,P25788,0
DB14146,P22983,0
DB01958,Q9Y271,0
DB01047,P0A8Q0,0
DB05624,Q13153,0
DB00814,Q9Z1N9,0
DB08707,P30825,0
DB03072,P07225,0
DB04733,Q15800,0
DB06919,Q92945,0
DB00154,Q46705,0
DB01576,P11217,0
DB01643,P32055,0
DB04655,Q8IKL4,0
DB08589,P68771,0
DB01833,P13073,0
DB02798,Q0S9X1,0
DB07476,P06401,0
DB02757,P23083,0
DB04359,P47712,0
DB11614,P11388,0
DB01000,Q9A1B7,0
DB00595,Q9ULW8,0
DB00790,Q9Y6Y9,0
DB08440,O60931,0
DB07892,O00459,0
DB06408,Q14654,0
DB02094,P14927,0
DB01895,P48506,0
DB03267,P35354,0
DB01442,Q9WXS0,0
DB02243,Q86US8,0
DB04754,Q53119,0
DB01986,Q9UBL9,0
DB03848,P51858,0
DB09289,P35247,0
DB06358,P30418,0
DB15102,P38489,0
DB01896,P51857,0
DB08220,P40238,0
DB04244,O95178,0
DB00711,P63244,0
DB01321,O00459,0
DB03592,P28066,0
DB03126,P54997,0
DB02636,Q9ULU8,0
DB07761,P05771,0
DB04883,Q51366,0
DB04542,Q58L87,0
DB07332,P53554,0
DB07606,P17291,0
DB03576,P81006,0
DB13951,Q9NRP7,0
DB00428,P20645,0
DB07304,Q9Y6Q6,0
DB11496,Q08881,0
DB06422,P21333,0
DB13092,Q12908,0
DB07975,Q969F8,0
DB09274,P19622,0
DB07899,P23837,0
DB13800,Q07817,0
DB04014,O43193,0
DB08569,Q8TD30,0
DB01160,P80357,0
DB03469,Q9NZK7,0
DB01586,Q9Y4K4,0
DB06957,P18925,0
DB08427,P68363,0
DB00984,P01906,0
DB07797,P55055,0
DB06700,P51003,0
DB03337,P47900,0
DB08922,O00408,0
DB07017,P34972,0
DB00156,P43115,0
DB06980,Q89ZI2,0
DB01832,P19992,0
DB05424,P22303,0
DB03220,P0A921,0
DB00763,P0AB71,0
DB07368,P07332,0
DB02024,P19821,0
DB00663,Q16647,0
DB13014,P0AB71,0
DB01890,P0DP23,0
DB03317,P15555,0
DB03582,Q55813,0
DB02001,Q13907,0
DB00415,P08493,0
DB03173,Q9ZIV5,0
DB08751,P05112,0
DB00722,P0A910,0
DB06926,P0AEG4,0
DB04107,P17412,0
DB05792,P19801,0
DB01690,Q12797,0
DB02230,P00374,0
DB02804,Q9HC29,0
DB00913,Q8ZPC0,0
DB04734,Q71U36,0
DB00405,P14543,0
DB04020,Q46822,0
DB01418,P36419,0
DB08420,Q9LAK3,0
DB14517,Q8N1Q1,0
DB03112,P12268,0
DB08514,Q8III5,0
DB07984,P00505,0
DB03435,P9WGR1,0
DB08316,P15814,0
DB04092,Q13885,0
DB00948,Q16613,0
DB02078,Q8TDN1,0
DB07175,Q14624,0
DB08023,P0A434,0
DB00482,P42971,0
DB04036,Q01581,0
DB00485,O60547,0
DB03279,P00367,0
DB07460,O95237,0
DB02475,Q16795,0
DB02915,P56181,0
DB07481,O14561,0
DB03294,P02930,0
DB06996,Q72JJ3,0
DB00198,Q9L888,0
DB07986,P09874,0
DB07966,P07254,0
DB04553,P0AD68,0
DB01330,P01768,0
DB00474,P11350,0
DB08543,Q9Z4J7,0
DB07943,P80380,0
DB15496,Q939D2,0
DB03160,Q9RME2,0
DB08864,P65389,0
DB08713,Q02641,0
DB01786,Q96SW2,0
DB07866,P49069,0
DB13946,P31350,0
DB02512,Q5EK40,0
DB06237,Q16798,0
DB04027,P02452,0
DB04526,Q13639,0
DB02567,Q6PKH6,0
DB07371,P32397,0
DB00175,P32170,0
DB05297,P55882,0
DB12874,O14949,0
DB01997,P35094,0
DB00769,Q8DR59,0
DB03636,P0A076,0
DB00587,P02929,0
DB00128,O43174,0
DB01014,Q48255,0
DB00827,Q93RD8,0
DB04168,P55072,0
DB11901,Q6QNK2,0
DB04068,Q12866,0
DB00180,P32947,0
DB06873,Q8I0V4,0
DB08597,P13945,0
DB04450,Q15067,0
DB02573,O15439,0
DB04946,Q2TU84,0
DB01127,P06010,0
DB02354,O95954,0
DB08294,P69441,0
DB02080,P13001,0
DB07054,P52045,0
DB03535,Q76NN7,0
DB00567,Q9X6V3,0
DB02784,Q13956,0
DB09099,Q8NG66,0
DB09026,Q2RJ67,0
DB00454,P42126,0
DB03053,P84888,0
DB00359,O60551,0
DB01713,P60063,0
DB01102,P28482,0
DB00849,Q71U36,0
DB04772,P43702,0
DB02469,P00338,0
DB09123,P19821,0
DB15623,O76083,0
DB06862,P05042,0
DB04136,Q9KX40,0
DB04317,P01911,0
DB08545,P24046,0
DB00824,P78348,0
DB03482,Q15858,0
DB04801,P08697,0
DB06472,Q99527,0
DB08364,Q16678,0
DB02835,P15056,0
DB07950,P14866,0
DB02844,P23458,0
DB02365,Q16654,0
DB03142,P27169,0
DB01664,Q15046,0
DB08059,P25929,0
DB07486,P21462,0
DB08562,O14727,0
DB02396,P00750,0
DB00721,Q6NS38,0
DB04089,P12319,0
DB03220,P25021,0
DB13003,Q01064,0
DB08543,P02919,0
DB03496,O95363,0
DB07582,Q08210,0
DB01954,Q93086,0
DB03515,P20906,0
DB15665,O00187,0
DB09068,P51852,0
DB05239,Q96FQ6,0
DB02506,P07771,0
DB12789,P9WND1,0
DB00218,P39900,0
DB11994,O32449,0
DB11584,O00519,0
DB00146,P49619,0
DB00722,O95298,0
DB08447,P22102,0
DB11064,O25608,0
DB01681,Q9BQB6,0
DB06691,Q9UQB9,0
DB00836,P54548,0
DB04451,P0DP24,0
DB01668,P17612,0
DB03307,Q9RYA6,0
DB04169,P07477,0
DB03170,Q7Z4J2,0
DB01590,P74334,0
DB02236,O95255,0
DB01806,Q9P2J5,0
DB01422,Q96QT4,0
DB00952,P47989,0
DB07149,Q9ULD8,0
DB05420,P31946,0
DB04655,P03951,0
DB02919,Q7SIG1,0
DB01804,P10826,0
DB11632,Q8IJK8,0
DB02761,Q96AZ6,0
DB03766,P25006,0
DB05187,P12851,0
DB07088,P83787,0
DB09292,P30920,0
DB03333,Q9UHC3,0
DB08785,Q9NY46,0
DB04752,P48039,0
DB08645,Q06520,0
DB08759,Q16665,0
DB03912,P50618,0
DB00204,P04439,0
DB01408,P29372,0
DB03956,Q8TDU6,0
DB08545,Q7SIE2,0
DB01395,Q47764,0
DB07249,P54583,0
DB07679,Q9ULZ9,0
DB04027,O14730,0
DB08330,P52026,0
DB02240,O60488,0
DB07412,Q15418,0
DB04598,P19021,0
DB08724,Q15759,0
DB11345,P04234,0
DB04285,P15538,0
DB00588,Q9BUB5,0
DB01346,P33527,0
DB12093,Q13427,0
DB08683,Q8N8Y2,0
DB09272,O15304,0
DB03940,Q05586,0
DB03328,O15144,0
DB00192,Q8IKK7,0
DB12693,Q9UJ70,0
DB08514,O94804,0
DB07696,P08238,0
DB04556,P31942,0
DB03132,P39805,0
DB06961,P13637,0
DB03220,O60391,0
DB03840,Q9UJ96,0
DB00298,P71278,0
DB04368,Q9UJU2,0
DB07894,P04118,0
DB02198,P47989,0
DB00448,P26827,0
DB09273,P36871,0
DB06393,P09871,0
DB01142,P08700,0
DB02681,P33402,0
DB12323,P35498,0
DB04790,P20701,0
DB08111,Q9NWM0,0
DB00067,Q9UJU2,0
DB03074,P42336,0
DB08135,P13100,0
DB02811,P33673,0
DB07785,Q12797,0
DB04073,P62807,0
DB02796,P14920,0
DB02253,P37551,0
DB14072,Q81EE4,0
DB07876,Q5SHP2,0
DB03706,O31168,0
DB07020,P52664,0
DB00852,P76270,0
DB08606,P60906,0
DB00203,Q9I5I9,0
DB07324,O95167,0
DB04821,P56690,0
DB08382,P04054,0
DB08765,O94766,0
DB04142,P22266,0
DB03816,P04637,0
DB07452,P01730,0
DB04006,Q9GZR5,0
DB02768,Q8TD43,0
DB02633,O60911,0
DB08839,P07384,0
DB00651,Q6L8H2,0
DB03171,Q92953,0
DB07935,P45954,0
DB07558,P54762,0
DB08430,Q08288,0
DB00359,P34024,0
DB08095,Q8IVS2,0
DB00156,P07900,0
DB03923,P14193,0
DB07262,P0A9B2,0
DB07069,Q86T13,0
DB00617,P37330,0
DB01245,P01127,0
DB07868,P41250,0
DB08557,P61278,0
DB02839,Q59H18,0
DB06888,O75914,0
DB08532,Q9UM73,0
DB04636,O43399,0
DB04863,Q5SHN3,0
DB04772,P0A7S3,0
DB03796,P08183,0
DB07333,Q9UNK4,0
DB05868,P03923,0
DB02511,O34453,0
DB09299,P95780,0
DB03354,Q7SIE2,0
DB01283,Q5T1J1,0
DB07477,O75676,0
DB00998,P00148,0
DB07803,Q8TDR2,0
DB02968,P06864,0
DB00777,P32754,0
DB02428,Q48255,0
DB07512,P00147,0
DB08469,P17342,0
DB04338,Q9KX40,0
DB07514,Q60099,0
DB01703,P0CG48,0
DB01182,P24158,0
DB04122,Q72EF3,0
DB01818,P25100,0
DB03644,Q00534,0
DB00168,P04004,0
DB08621,Q47644,0
DB08036,Q01698,0
DB01330,P15814,0
DB08155,Q96SL4,0
DB05423,P28593,0
DB04302,P14784,0
DB01880,P53350,0
DB06147,Q9Y4U1,0
DB01856,P77836,0
DB02818,Q5SIR5,0
DB03390,Q9UBN7,0
DB07484,Q8ZKF6,0
DB01024,P21631,0
DB13179,P07358,0
DB02481,Q8N543,0
DB08642,P9WQD9,0
DB09245,P84139,0
DB11943,P26196,0
DB01253,P0A716,0
DB02299,P41250,0
DB00978,Q8NFD2,0
DB05939,P22455,0
DB00714,Q7MUW6,0
DB01115,P32745,0
DB00577,Q8N1Q1,0
DB03218,P69795,0
DB00417,O75914,0
DB07665,P37231,0
DB07145,P51956,0
DB02620,P28065,0
DB00150,P01308,0
DB02501,P10826,0
DB03163,P18251,0
DB03116,P9WNL7,0
DB08011,Q9Y2H9,0
DB08412,C0H546,0
DB07108,P21408,0
DB13643,Q96RI0,0
DB01406,P00512,0
DB01606,P19367,0
DB06950,P69681,0
DB01672,P62219,0
DB06579,Q7RTT9,0
DB06931,Q14145,0
DB03792,P35626,0
DB07112,C6KT34,0
DB07016,P54750,0
DB03368,P01903,0
DB08776,P33402,0
DB04117,P21462,0
DB08433,Q9UQB9,0
DB03326,P56556,0
DB00753,P31751,0
DB05431,P06400,0
DB04502,P61626,0
DB01082,Q5HEB7,0
DB08200,Q81ZL8,0
DB03154,Q15303,0
DB08933,O75747,0
DB06594,Q9BZX2,0
DB04036,P47205,0
DB08995,O67648,0
DB04749,P00505,0
DB04483,Q01693,0
DB03530,P23378,0
DB09093,P08912,0
DB07273,P01903,0
DB12153,P07333,0
DB06835,Q9FBC5,0
DB04751,P06202,0
DB08456,P26394,0
DB00126,Q8IJA9,0
DB08231,P51693,0
DB02247,Q5LI27,0
DB08773,P35610,0
DB00151,B7JA91,0
DB08684,P41007,0
DB08352,O94925,0
DB03010,Q8NW68,0
DB07445,Q9HU21,0
DB02174,P15336,0
DB02124,Q13639,0
DB08231,Q7KQL5,0
DB14033,Q23022,0
DB07149,P10415,0
DB00978,Q7NSZ5,0
DB11155,P26918,0
DB02458,P00800,0
DB01868,Q15904,0
DB04133,O34667,0
DB13983,O15375,0
DB08761,Q8WWQ8,0
DB04197,P0AES2,0
DB07855,Q9RN59,0
DB04136,Q9Y4R7,0
DB08110,O15374,0
DB04125,Q93LQ9,0
DB06635,O96013,0
DB08349,Q9NPC2,0
DB03003,P02708,0
DB07083,P29274,0
DB01370,O75489,0
DB08711,P00947,0
DB00988,P25815,0
DB09069,Q6NSD4,0
DB04679,P0A108,0
DB06750,P53611,0
DB00586,P08164,0
DB04389,Q9HAN9,0
DB07207,P34096,0
DB06912,P43681,0
DB07978,Q5SID9,0
DB01410,P0C1V1,0
DB04020,P16640,0
DB03107,P67775,0
DB01662,P20276,0
DB07615,Q9UBN7,0
DB06549,O43451,0
DB01586,Q9H4Y5,0
DB02768,O14727,0
DB01767,P30531,0
DB08554,Q52WX2,0
DB13751,Q9Y6L7,0
DB04540,Q02169,0
DB03734,P34932,0
DB02093,Q9FBC5,0
DB03194,O77323,0
DB08536,Q72LA5,0
DB14642,Q9A5I5,0
DB01840,Q7Z5B4,0
DB04442,P00805,0
DB07902,Q9Z1N9,0
DB07769,Q7SID9,0
DB01980,Q9ZGH3,0
DB00491,Q8IL80,0
DB04739,O00341,0
DB03016,P36888,0
DB04446,P12235,0
DB08240,O15145,0
DB07964,P16544,0
DB08597,Q08493,0
DB07148,P19823,0
DB00640,P05364,0
DB04386,P0C0T5,0
DB07093,Q9NP99,0
DB01186,P0DP23,0
DB01785,P62136,0
DB04426,Q05488,0
DB08647,P22695,0
DB00141,Q9HBH5,0
DB08009,P36405,0
DB01579,Q6IA69,0
DB03448,Q9UN76,0
DB04113,P45844,0
DB08727,P28907,0
DB07562,P01574,0
DB01548,O96221,0
DB00235,Q8YSC4,0
DB03822,P06632,0
DB04592,O96221,0
DB09148,P69856,0
DB00123,O95299,0
DB00879,O14618,0
DB00786,Q6P093,0
DB09300,P14941,0
DB07383,P48549,0
DB00981,Q13557,0
DB01927,P41972,0
DB02378,Q9Y694,0
DB04409,P0A6F3,0
DB03476,P40933,0
DB04316,P29395,0
DB00195,P0A6H7,0
DB02184,P68871,0
DB05428,Q81EW9,0
DB02251,O43681,0
DB00257,P62714,0
DB00493,P00811,0
DB00498,P27037,0
DB07009,P13929,0
DB07574,Q99798,0
DB09232,Q44244,0
DB04012,Q2G0P0,0
DB00860,P25024,0
DB08480,P28790,0
DB02260,Q9Y2H1,0
DB15624,Q6IBS8,0
DB02877,O43614,0
DB09095,Q9Y694,0
DB04213,Q56408,0
DB03708,Q9Y6M9,0
DB07326,P22939,0
DB04407,Q5SSJ5,0
DB01085,Q53ET4,0
DB07780,P18843,0
DB00946,P02708,0
DB03134,O15392,0
DB02604,P02918,0
DB15665,Q6UWM7,0
DB11575,P84888,0
DB07294,P14642,0
DB00830,Q14289,0
DB00755,P37610,0
DB11978,P00811,0
DB03241,Q5NUL3,0
DB03115,Q16877,0
DB04652,P08779,0
DB03367,P04818,0
DB00812,O00329,0
DB08055,P35247,0
DB08746,P48736,0
DB00897,O67854,0
DB04598,P62837,0
DB08684,P54289,0
DB01748,O07529,0
DB07780,P17213,0
DB11447,P06129,0
DB02512,P55196,0
DB03279,P50579,0
DB00157,P75792,0
DB00682,O33407,0
DB06864,Q04917,0
DB11478,P0A7Z3,0
DB07379,O15075,0
DB02524,Q96T66,0
DB05018,P26466,0
DB03360,Q9RP17,0
DB13919,Q6P3R8,0
DB00612,Q05586,0
DB00905,P28074,0
DB08729,P15428,0
DB14528,Q8I5Y3,0
DB13720,P31213,0
DB04612,Q8XL08,0
DB07748,P48651,0
DB03564,P01008,0
DB05814,P00740,0
DB03956,O95865,0
DB08670,P17936,0
DB12855,P00323,0
DB00641,Q44532,0
DB01472,Q5VZ30,0
DB00868,P29768,0
DB11799,Q59961,0
DB04466,Q9UGI9,0
DB13257,Q9H244,0
DB02451,Q8NCM2,0
DB00430,P16050,0
DB07797,Q6ZN16,0
DB03958,Q86UW8,0
DB07512,Q8IU85,0
DB08828,P02753,0
DB04585,P0A1P6,0
DB11672,Q8TF61,0
DB07473,Q02192,0
DB02498,P07814,0
DB07318,Q9FDN7,0
DB00920,P0CG22,0
DB07648,P42768,0
DB01175,Q15800,0
DB07869,P48551,0
DB08280,Q9Y6K1,0
DB00881,P77836,0
DB07290,P21731,0
DB08473,Q9NYV7,0
DB08565,Q7KZI7,0
DB02868,O00459,0
DB06061,P22102,0
DB02841,P31153,0
DB07543,P21283,0
DB05476,O95644,0
DB03065,P35094,0
DB07139,P0A721,0
DB07826,Q96AE4,0
DB02257,P32170,0
DB07362,P23528,0
DB07668,Q07806,0
DB03874,P0AGC3,0
DB00654,Q5MYR6,0
DB01205,P08581,0
DB03557,P83812,0
DB01926,P11177,0
DB04113,P49773,0
DB09245,P0AB71,0
DB01181,Q9BQI3,0
DB02964,P43876,0
DB00984,P09546,0
DB03392,Q5SJ28,0
DB02845,P62258,0
DB01839,Q9KM65,0
DB07267,Q02169,0
DB08659,P17443,0
DB08384,P50747,0
DB06090,Q02169,0
DB07798,P00492,0
DB07069,P0ADY7,0
DB00555,P22455,0
DB02528,P30531,0
DB04860,P06241,0
DB07483,Q6GI75,0
DB00514,P26391,0
DB02067,P56556,0
DB09069,P19971,0
DB02075,Q15139,0
DB01396,P16640,0
DB01927,P80365,0
DB07493,Q873X9,0
DB03143,P9WIB9,0
DB00956,Q16595,0
DB04490,P59998,0
DB08627,P0A2K1,0
DB01053,P01009,0
DB06013,Q09093,0
DB00487,P32396,0
DB06530,P04350,0
DB01860,P46940,0
DB02446,P27348,0
DB03704,P10636,0
DB13997,P0A094,0
DB04876,Q4W8W1,0
DB00731,P01138,0
DB07869,P19235,0
DB00220,Q54AI1,0
DB07441,Q16873,0
DB08344,P30838,0
DB04641,Q7L7X3,0
DB08677,P00183,0
DB02848,P28676,0
DB01744,Q6FEW8,0
DB08377,P11274,0
DB14538,Q55813,0
DB07303,P0AFG8,0
DB02141,P0ADY7,0
DB08890,Q13423,0
DB00364,P31358,0
DB03907,Q8IM16,0
DB08694,P0ACC7,0
DB02016,O75762,0
DB00390,Q7BK04,0
DB08197,P56601,0
DB04263,P49354,0
DB08755,P49019,0
DB02163,P0A6W9,0
DB03223,P51178,0
DB02878,O43272,0
DB02311,P02929,0
DB08396,P05230,0
DB00270,P06875,0
DB02892,P29600,0
DB02220,P39593,0
DB04762,Q16760,0
DB06594,Q93086,0
DB07582,P09958,0
DB04334,Q9UI09,0
DB02261,Q97E82,0
DB01268,Q96NY8,0
DB08194,P40238,0
DB00686,P0A334,0
DB03224,P53350,0
DB03218,P62714,0
DB06782,P33402,0
DB00934,P07237,0
DB02306,Q13258,0
DB11740,Q9X1T2,0
DB06362,P21912,0
DB07947,O75015,0
DB02124,Q9H853,0
DB07019,Q9HYX1,0
DB02192,Q6WRI0,0
DB08749,P15941,0
DB11830,P51570,0
DB08067,P49019,0
DB07692,P27448,0
DB03384,Q56694,0
DB00975,Q6NSD4,0
DB07796,Q92800,0
DB09093,Q9NRH2,0
DB05022,O60733,0
DB08602,P19429,0
DB07446,Q9UBM7,0
DB06678,Q8ZKF6,0
DB03012,P32056,0
DB05814,O14594,0
DB08394,O94804,0
DB04310,P00750,0
DB01892,P26391,0
DB06965,Q9UHI5,0
DB02716,P51570,0
DB03736,P01599,0
DB08388,Q16873,0
DB03863,Q16836,0
DB08261,P11350,0
DB03897,Q00441,0
DB06362,P00558,0
DB01946,Q14289,0
DB03667,Q86UW7,0
DB03467,P22906,0
DB02929,Q93086,0
DB03087,P35232,0
DB02684,P9WPS1,0
DB08791,Q2LU76,0
DB03185,P78356,0
DB06873,P0A820,0
DB07471,P43702,0
DB03804,P19105,0
DB00647,Q9Y4W6,0
DB13967,P16435,0
DB06890,Q83LD8,0
DB03313,P0A115,0
DB08511,P61888,0
DB07654,Q8IDI5,0
DB01185,Q9ZGI2,0
DB05868,Q9Y4K4,0
DB02257,P01127,0
DB07744,P69441,0
DB00324,P02671,0
DB07488,P04264,0
DB00279,P00846,0
DB09185,Q9UG56,0
DB06899,Q8GEZ8,0
DB03490,Q9Y2K2,0
DB07042,O14717,0
DB04467,P77173,0
DB02787,P19652,0
DB01799,Q5SIR5,0
DB03871,P55769,0
DB00532,Q92911,0
DB08448,Q08188,0
DB07309,P77425,0
DB04565,P0C002,0
DB01250,P07858,0
DB04035,P69856,0
DB00776,Q96SW2,0
DB01735,O33833,0
DB00114,O14880,0
DB08213,P9WNL7,0
DB02642,P13727,0
DB08450,P0ABE7,0
DB07096,Q15722,0
DB07354,O08498,0
DB06605,P08253,0
DB03987,Q9P289,0
DB02924,P20963,0
DB00434,Q969G3,0
DB03652,P52026,0
DB04658,P33527,0
DB08933,Q9UBS5,0
DB08604,P0AES6,0
DB01208,P51170,0
DB11590,P53611,0
DB00903,P11797,0
DB00886,Q8L103,0
DB11791,P19926,0
DB04018,P07339,0
DB01950,P25553,0
DB03772,A8MPY1,0
DB00279,P60757,0
DB07943,P00797,0
DB04278,P9WHE9,0
DB00679,Q8N159,0
DB04101,P43522,0
DB03301,P00780,0
DB07265,P07944,0
DB03939,Q01959,0
DB04594,Q9HVJ6,0
DB01071,Q9HAN9,0
DB08643,P00167,0
DB02305,P33032,0
DB04838,P16615,0
DB01185,O75747,0
DB01789,Q99418,0
DB14146,Q9WZI0,0
DB05864,P17980,0
DB07030,Q9Y646,0
DB03894,Q5SKC5,0
DB08845,P22459,0
DB03006,Q8N4C8,0
DB08996,A3FMN7,0
DB04878,P60903,0
DB04863,P01303,0
DB08405,Q07912,0
DB07476,O43175,0
DB04347,P05327,0
DB09082,O60551,0
DB04677,Q16878,0
DB01138,P04040,0
DB08349,Q3JP94,0
DB13003,P48764,0
DB03732,P51161,0
DB14635,Q02083,0
DB01833,P04183,0
DB03761,P09769,0
DB00230,P23467,0
DB08366,P10614,0
DB02772,O75015,0
DB03041,P47872,0
DB02159,Q16613,0
DB01094,P42680,0
DB15565,P11413,0
DB06258,P14385,0
DB07481,Q746I8,0
DB02338,Q8IVS2,0
DB02180,Q93UV9,0
DB01015,P33261,0
DB03301,Q9HB40,0
DB07707,P9WPN5,0
DB00324,P0AAJ3,0
DB02589,C0H551,0
DB00014,P24182,0
DB03098,P31323,0
DB08443,P0ACC7,0
DB07153,Q7L0J3,0
DB00565,P84077,0
DB09517,Q16654,0
DB03453,P07900,0
DB00332,Q8IAW0,0
DB03472,P00367,0
DB02221,P23258,0
DB03037,P00378,0
DB01242,P30711,0
DB04846,P00807,0
DB02420,P15428,0
DB03856,P50579,0
DB02620,P08686,0
DB04142,P25553,0
DB06518,P0AB71,0
DB02092,P28074,0
DB03833,Q9GV41,0
DB02885,O07529,0
DB00447,P08913,0
DB06274,P19961,0
DB07831,O75251,0
DB05234,O95977,0
DB00794,P20932,0
DB01483,Q92911,0
DB08139,P0A2K1,0
DB03504,P10114,0
DB15091,P25084,0
DB00522,P46781,0
DB00430,Q92506,0
DB06897,Q4R2T2,0
DB04387,P32947,0
DB06833,P46059,0
DB01899,P40238,0
DB02192,Q8GR64,0
DB04053,Q99798,0
DB00194,P00782,0
DB08031,Q5KUI3,0
DB02580,P10635,0
DB13877,Q44532,0
DB04568,P9WIE5,0
DB01046,P48764,0
DB01665,P49916,0
DB08244,P51687,0
DB00665,P36204,0
DB06974,P45954,0
DB02261,P49354,0
DB08427,P20813,0
DB09342,P08123,0
DB07831,P21589,0
DB02191,P0A115,0
DB02571,P33402,0
DB03373,P41407,0
DB11901,P01024,0
DB00523,Q96Q40,0
DB04190,Q46220,0
DB02950,Q7L5Y9,0
DB00964,P96945,0
DB03142,Q9WXV1,0
DB15598,P35243,0
DB08665,P26276,0
DB02399,P31434,0
DB00917,Q8IE67,0
DB04336,Q75WK2,0
DB12637,O15143,0
DB03673,Q08288,0
DB06460,P50859,0
DB04853,P49773,0
DB07273,P00864,0
DB00813,Q3JWH7,0
DB07290,P62663,0
DB07719,P07900,0
DB00119,P31358,0
DB08610,P44783,0
DB03488,Q9NR63,0
DB04143,P07384,0
DB01865,P13498,0
DB04410,Q9H3N8,0
DB01170,P56696,0
DB00901,Q53IN1,0
DB02800,P13688,0
DB00503,Q01468,0
DB02378,Q15208,0
DB03485,Q00613,0
DB00750,P61177,0
DB14010,P08192,0
DB06262,P43005,0
DB06764,P30419,0
DB02090,Q9X6R4,0
DB03107,Q08460,0
DB00603,P50052,0
DB00468,Q9Y6E0,0
DB03799,P43235,0
DB08593,P36204,0
DB08515,O14792,0
DB02287,O00264,0
DB00147,Q8NFA2,0
DB00995,Q16288,0
DB03229,P0A2K1,0
DB07009,Q7AUG5,0
DB03252,P0ABF6,0
DB07798,Q96EB6,0
DB00354,Q9Y6M4,0
DB06726,P62277,0
DB08882,P23276,0
DB03319,P06612,0
DB01962,P04234,0
DB05969,P0A3Y5,0
DB08111,P00805,0
DB03234,P27824,0
DB08691,P55407,0
DB02519,P09417,0
DB07290,P39135,0
DB08338,P23837,0
DB08778,O67648,0
DB04918,O15197,0
DB07568,Q51793,0
DB01427,P80874,0
DB04342,P35408,0
DB02992,P83788,0
DB05009,P12724,0
DB00397,Q13003,0
DB00593,P67870,0
DB01420,Q8IW54,0
DB08228,P0C0L4,0
DB00962,Q9BZX2,0
DB01200,Q15075,0
DB03454,Q06418,0
DB08734,P00692,0
DB03169,P15260,0
DB04288,P06239,0
DB08039,P00269,0
DB06738,A9X444,0
DB07115,L0LZJ6,0
DB02828,P15259,0
DB00179,P42512,0
DB07003,P28066,0
DB07754,P28335,0
DB02278,P07949,0
DB03687,Q16566,0
DB01775,Q04416,0
DB01407,Q9KL51,0
DB14515,Q9NQ25,0
DB00337,P23528,0
DB00419,Q14831,0
DB11560,P07986,0
DB15328,Q9UM07,0
DB00630,P00568,0
DB05294,P06213,0
DB06614,Q9NRH2,0
DB08899,P36959,0
DB07582,P28074,0
DB04198,O14735,0
DB04276,P48050,0
DB06840,P04079,0
DB09217,P41240,0
DB02069,P21802,0
DB04894,P05062,0
DB02812,Q8WU03,0
DB00540,O96000,0
DB08229,P01031,0
DB07390,P41789,0
DB00576,P0ABQ0,0
DB02725,Q8WWL2,0
DB14520,P41238,0
DB00223,O95864,0
DB01405,P63316,0
DB04334,P84888,0
DB08751,Q79G13,0
DB04840,Q7SID9,0
DB00827,P05695,0
DB14541,O15143,0
DB07354,Q75UV1,0
DB05475,P0C002,0
DB03449,P22557,0
DB07631,Q02155,0
DB14014,P14555,0
DB08451,Q9RX51,0
DB02494,Q9P2K8,0
DB03368,P60063,0
DB01016,Q02809,0
DB03961,P16109,0
DB06701,Q72LA5,0
DB04294,P01768,0
DB03483,P16444,0
DB12532,O60931,0
DB07678,O76054,0
DB08307,P0A7G9,0
DB00789,P00582,0
DB02504,Q8P8J2,0
DB06886,Q9NWZ3,0
DB01185,P13637,0
DB01559,P10276,0
DB03735,P04958,0
DB07418,Q96Q83,0
DB08339,Q16558,0
DB04439,P23458,0
DB07909,Q96SW2,0
DB12825,P9WPB3,0
DB11994,P12235,0
DB08424,O15239,0
DB02689,P02689,0
DB02475,P23469,0
DB03706,P10147,0
DB02649,P12429,0
DB12693,Q9UI09,0
DB00182,Q96I59,0
DB01764,P51170,0
DB09095,Q9UI12,0
DB08837,P49589,0
DB02332,Q9UDR5,0
DB00929,Q13164,0
DB06262,P08173,0
DB02288,P01303,0
DB02475,Q7KZI7,0
DB07655,P0A745,0
DB08314,Q9RC23,0
DB04176,P49069,0
DB04214,P09467,0
DB03607,P22619,0
DB08300,P08514,0
DB02581,P29723,0
DB01121,P35367,0
DB01186,P12676,0
DB09239,Q5S007,0
DB07219,Q9Y289,0
DB07919,P05166,0
DB06230,P14223,0
DB00982,P21918,0
DB03882,P51512,0
DB07186,P53420,0
DB07930,Q9H0K1,0
DB07988,Q9NVS9,0
DB04489,Q9GV41,0
DB00128,P06612,0
DB04350,O85361,0
DB03619,O15270,0
DB08306,P00390,0
DB05416,Q51792,0
DB01367,Q8RQE9,0
DB02524,Q65CX5,0
DB01232,P07948,0
DB01725,P25779,0
DB08060,P22619,0
DB02123,Q7WT42,0
DB05494,P24232,0
DB00716,Q9X278,0
DB04650,O68874,0
DB05253,Q81ZL8,0
DB07252,P29475,0
DB04263,Q9FA38,0
DB01710,P14941,0
DB04009,P12998,0
DB08296,P11142,0
DB07239,Q96I59,0
DB03850,Q56320,0
DB07585,Q4W8W1,0
DB03369,Q16850,0
DB07021,Q02763,0
DB08085,Q59FW3,0
DB02823,O14732,0
DB04248,P08319,0
DB02990,P00909,0
DB02309,Q01814,0
DB01298,Q9Y6K9,0
DB01233,Q9RX51,0
DB12598,Q15858,0
DB07318,O14949,0
DB07299,P14555,0
DB00569,P07478,0
DB00282,Q07412,0
DB03515,Q8IM74,0
DB00904,Q9BY49,0
DB02319,P83689,0
DB01370,P17846,0
DB02616,P0ADA1,0
DB05265,Q08493,0
DB04678,P9WQN9,0
DB03487,Q8IVS2,0
DB08374,P14210,0
DB04574,P13196,0
DB06408,P21918,0
DB08143,A2QLK4,0
DB06964,P0A1F6,0
DB07642,P49146,0
DB07730,P20645,0
DB07852,A0A0H2URW2,0
DB04849,P36946,0
DB03476,Q92569,0
DB04267,P25100,0
DB07486,P20020,0
DB05152,P50406,0
DB07462,Q9UEW8,0
DB00664,P83788,0
DB02095,P20810,0
DB00730,P29965,0
DB02113,O00299,0
DB02835,P20138,0
DB05297,P10147,0
DB01260,Q9UJ68,0
DB11760,P10176,0
DB01592,P25103,0
DB09194,Q14123,0
DB01342,Q16134,0
DB11979,P0A6I0,0
DB07186,P81989,0
DB12153,P04264,0
DB08419,P03007,0
DB07561,P36924,0
DB03221,P43088,0
DB01964,P45954,0
DB02028,Q9UF33,0
DB04439,P31057,0
DB12579,Q9R381,0
DB03365,P60063,0
DB06684,P0A6J8,0
DB01103,Q06609,0
DB03795,Q9NS85,0
DB07667,Q16659,0
DB00153,P33517,0
DB03539,Q9Y2H1,0
DB07351,Q9KPI8,0
DB12941,Q8GIQ0,0
DB07343,Q86US8,0
DB04591,P14223,0
DB00952,P33247,0
DB09300,P16219,0
DB03505,P02585,0
DB02001,Q7WUJ1,0
DB04397,P62663,0
DB11397,P21266,0
DB00694,P11166,0
DB07408,Q56839,0
DB01135,Q16772,0
DB08836,P02708,0
DB06729,P26841,0
DB02432,P13036,0
DB07665,O33830,0
DB08299,P32947,0
DB01971,O75493,0
DB03645,P09466,0
DB08230,Q2M3G0,0
DB00984,P23763,0
DB04803,Q12756,0
DB00405,Q9HUR5,0
DB06695,P22629,0
DB08634,O67636,0
DB03077,P13001,0
DB00542,Q96EB6,0
DB03415,O00408,0
DB04334,P54548,0
DB07751,P11362,0
DB00376,P12883,0
DB06237,P00775,0
DB02697,Q9UJM8,0
DB00359,Q8NBN7,0
DB05039,P0AC13,0
DB07800,P23634,0
DB03230,P09668,0
DB11447,P16234,0
DB04432,Q969S8,0
DB07983,P9WMC1,0
DB03092,P45844,0
DB02183,Q9X022,0
DB08382,Q14457,0
DB01930,Q9UNP4,0
DB08007,P19099,0
DB09230,Q5XXA6,0
DB03351,Q51911,0
DB13720,P45568,0
DB00395,Q15493,0
DB04553,Q30154,0
DB00139,P13551,0
DB01580,Q9H6Z9,0
DB02638,P06983,0
DB02937,Q14541,0
DB00719,P16591,0
DB01165,Q494W8,0
DB04472,P17291,0
DB01733,Q51793,0
DB01340,Q6GI75,0
DB01690,Q3J1A5,0
DB09054,Q13233,0
DB03587,Q5SJ76,0
DB00631,P0C0J0,0
DB07872,P25092,0
DB07524,P10902,0
DB07040,Q9Y6L7,0
DB02968,P0DOY7,0
DB12731,P08235,0
DB01909,P29460,0
DB07479,P01563,0
DB02441,P16499,0
DB02768,P63092,0
DB08753,P00918,0
DB06190,O95622,0
DB00275,P31224,0
DB02189,P09917,0
DB01581,Q16790,0
DB01240,P10828,0
DB03736,P9WFF5,0
DB02053,P63104,0
DB08749,P51957,0
DB00263,P0AF93,0
DB00237,P15538,0
DB01806,Q9NPA2,0
DB13983,P0AB91,0
DB01011,P07986,0
DB08274,H3BUU9,0
DB06663,O60603,0
DB07548,Q9Z4N6,0
DB03783,Q2TU84,0
DB02254,P47205,0
DB01795,P82543,0
DB04381,Q32P28,0
DB00635,Q9UQD0,0
DB07527,P05695,0
DB03761,P28305,0
DB07803,P59768,0
DB06869,Q86Y39,0
DB03752,P17174,0
DB07859,Q13554,0
DB03643,P54886,0
DB00306,Q14957,0
DB01955,Q7SIA3,0
DB06990,P28070,0
DB00486,P29508,0
DB05421,Q9H3S4,0
DB01767,P43220,0
DB00323,Q15428,0
DB04673,Q16719,0
DB08085,Q99527,0
DB04039,O43766,0
DB04879,P26790,0
DB04130,Q7SIB1,0
DB00467,P19971,0
DB01342,Q96Q83,0
DB00849,P80371,0
DB05968,P51570,0
DB03847,P06850,0
DB08816,A1A2B5,0
DB07003,P56740,0
DB07540,P43886,0
DB09283,Q51782,0
DB08073,P00491,0
DB00959,Q47066,0
DB02474,P23222,0
DB00669,O75116,0
DB04035,Q9Z9H6,0
DB12670,O94903,0
DB00560,P38936,0
DB03455,P39023,0
DB04876,O43526,0
DB11160,P01556,0
DB03313,P30084,0
DB08440,P15813,0
DB03799,Q16774,0
DB00649,P33402,0
DB01357,Q9BXJ7,0
DB08361,Q6N063,0
DB01662,Q8IKM5,0
DB05152,O68600,0
DB00119,P18314,0
DB00561,Q99500,0
DB00252,P23434,0
DB00157,Q9BQI3,0
DB01962,Q693P7,0
DB04229,P0A079,0
DB03994,P43457,0
DB07651,Q05209,0
DB06967,O15144,0
DB02603,P26640,0
DB00221,Q9WYH8,0
DB02529,Q16478,0
DB02353,P07477,0
DB01553,Q93TU6,0
DB04457,P37288,0
DB04016,Q8N0U8,0
DB02007,O00206,0
DB00647,Q3JP94,0
DB08740,O15144,0
DB08053,P00914,0
DB14575,P14778,0
DB08604,P18505,0
DB07387,P41231,0
DB12323,Q7Z3Y4,0
DB00619,P68363,0
DB01665,Q99418,0
DB02305,Q51705,0
DB02537,Q14524,0
DB08681,Q7AUG5,0
DB08108,P62661,0
DB07976,P09669,0
DB08317,P06968,0
DB08303,P25924,0
DB03654,P37063,0
DB08193,Q9X0G9,0
DB07516,Q05329,0
DB07510,P0A079,0
DB07527,Q96DP5,0
DB02695,P15273,0
DB08499,Q5PXQ6,0
DB14068,P00691,0
DB03798,Q92781,0
DB00997,O43708,0
DB09101,F1L7U3,0
DB02929,Q4KH25,0
DB08867,P51649,0
DB01349,P17812,0
DB07413,O43293,0
DB03152,Q15858,0
DB02724,P04156,0
DB04594,P15814,0
DB11740,P61177,0
DB08037,P26276,0
DB02125,Q59675,0
DB01915,Q00987,0
DB00688,P51692,0
DB05351,Q96GA7,0
DB08234,P09417,0
DB06191,P00363,0
DB04679,P43657,0
DB04760,Q9BQB4,0
DB00850,P07766,0
DB06709,P08779,0
DB01185,P14621,0
DB02051,P11922,0
DB02656,P32427,0
DB01788,P33981,0
DB00201,P0ABQ0,0
DB02035,P00136,0
DB02232,C0H4X5,0
DB08790,O07015,0
DB02172,Q13085,0
DB07281,P14868,0
DB01799,P08179,0
DB02622,Q9TY94,0
DB07406,Q92800,0
DB02229,O95069,0
DB08020,P46859,0
DB08566,P43088,0
DB04746,O69755,0
DB03637,P47895,0
DB04794,O07732,0
DB06429,P62837,0
DB03489,P28908,0
DB01608,P17596,0
DB05018,Q15078,0
DB11973,P01374,0
DB03207,P02920,0
DB01250,Q99497,0
DB07136,P18545,0
DB01965,P08922,0
DB00437,P31152,0
DB11614,Q9Y6Q6,0
DB00572,P11509,0
DB01583,Q14721,0
DB02841,P46098,0
DB01872,P12318,0
DB06882,P04792,0
DB07378,P21281,0
DB08690,Q3JP94,0
DB02104,Q6GII7,0
DB04212,Q9UM73,0
DB05490,P35237,0
DB02912,Q8GJ44,0
DB08872,O00519,0
DB03484,P63092,0
DB04688,Q99707,0
DB03491,P25963,0
DB03173,Q13546,0
DB04149,P28566,0
DB05102,P0A6Y5,0
DB09327,Q02218,0
DB03874,P31153,0
DB04307,Q8TED1,0
DB04453,P0A334,0
DB07160,Q13630,0
DB00564,Q8TF61,0
DB02323,Q9NPD5,0
DB02948,P02792,0
DB07149,P10636,0
DB00940,Q8GBW6,0
DB00524,Q07912,0
DB00536,P16591,0
DB15665,Q9BY66,0
DB08430,P11741,0
DB04380,O60568,0
DB00362,P14416,0
DB08703,Q9UP95,0
DB02071,P20132,0
DB02024,P24670,0
DB06156,Q07021,0
DB08196,Q13443,0
DB08781,P08179,0
DB02489,P48547,0
DB08181,Q9Y257,0
DB06725,F1L7U3,0
DB07927,Q9NRP7,0
DB07241,P16220,0
DB02697,C6KSR5,0
DB06733,P36542,0
DB04213,O52791,0
DB07132,P01834,0
DB00384,P39594,0
DB08263,P0A6I8,0
DB02705,P60906,0
DB08657,P62660,0
DB04522,P28305,0
DB03643,P48050,0
DB04195,P00740,0
DB03669,P30520,0
DB04610,Q03426,0
DB13083,Q9BXA5,0
DB00346,P30085,0
DB01073,O15270,0
DB02460,P06612,0
DB00539,P55210,0
DB01259,P31224,0
DB05343,P29350,0
DB03869,P07357,0
DB07405,P28593,0
DB09333,Q7KQM4,0
DB04163,O14792,0
DB02642,P25924,0
DB15623,P61713,0
DB08264,Q93D82,0
DB04209,Q8GN86,0
DB03619,P02675,0
DB06945,P27037,0
DB02209,Q9RW27,0
DB07787,Q9NWZ5,0
DB08190,P0A827,0
DB08487,Q5SJ76,0
DB00642,O32393,0
DB11575,P36959,0
DB04511,P20810,0
DB02703,P00282,0
DB00199,Q9Z9H6,0
DB03132,Q8WY07,0
DB01726,P24666,0
DB01804,P28331,0
DB14512,P0ABK9,0
DB03024,P76216,0
DB04255,Q86US8,0
DB08484,Q969G6,0
DB00979,P05364,0
DB05339,P01834,0
DB06090,Q9L5C8,0
DB05134,P59768,0
DB03768,Q9I5I9,0
DB06991,P41968,0
DB00849,Q96C24,0
DB13165,Q9NS18,0
DB03459,P49916,0
DB06159,Q8NBQ5,0
DB07338,P19883,0
DB04051,P17612,0
DB06974,Q9UHI5,0
DB07082,Q9Y296,0
DB02545,Q8XB74,0
DB01035,P13000,0
DB04472,P01042,0
DB04330,P09758,0
DB07942,P47872,0
DB01935,P0AE67,0
DB03991,Q96GD0,0
DB05255,P12429,0
DB07432,O00444,0
DB13876,Q9Y6T7,0
DB00256,Q8KI25,0
DB08203,P18858,0
DB07251,Q9ULZ9,0
DB04761,Q15825,0
DB04885,P27169,0
DB02586,P07822,0
DB06890,Q46604,0
DB07278,P25942,0
DB05448,Q9Y2D1,0
DB02846,P07026,0
DB02854,P49721,0
DB08560,P34932,0
DB00674,P18825,0
DB06321,O05935,0
DB04762,Q8VTT5,0
DB07513,Q08209,0
DB02962,P56524,0
DB00909,O75899,0
DB04459,Q07912,0
DB00289,P11021,0
DB11644,P48506,0
DB03172,P49619,0
DB06190,A0A024R8I1,0
DB07746,P01031,0
DB04801,O43741,0
DB06777,P21890,0
DB02919,Q8N9I0,0
DB08384,O15393,0
DB00201,C0H546,0
DB00831,O14957,0
DB02217,P42263,0
DB08922,P80372,0
DB03595,P42768,0
DB14754,Q9UJ96,0
DB06148,P14324,0
DB04439,Q9KL51,0
DB02696,Q57254,0
DB04365,Q9HBH1,0
DB03619,Q8IJA9,0
DB00920,P14090,0
DB03139,Q8TCU5,0
DB02132,P20702,0
DB08594,P34972,0
DB00563,Q9I7A8,0
DB07185,P35626,0
DB07697,Q7L0J3,0
DB01226,Q9P2K8,0
DB07510,Q9Y2T6,0
DB04741,P15336,0
DB03229,O14936,0
DB06844,Q8IBN5,0
DB04301,P02458,0
DB04216,Q9NSE4,0
DB06984,P30988,0
DB13061,Q5S007,0
DB04028,O75747,0
DB02347,Q9NYQ3,0
DB07611,P10844,0
DB02129,Q9NR96,0
DB07052,Q9H4B4,0
DB08200,Q6DT37,0
DB11235,P02675,0
DB03861,P00918,0
DB03096,P05362,0
DB04263,P09848,0
DB06713,P53004,0
DB04459,Q9UI32,0
DB02684,P27361,0
DB03490,Q9UBT6,0
DB07317,Q00535,0
DB11660,P55011,0
DB04782,P0ABQ4,0
DB06695,Q27218,0
DB04128,O60391,0
DB01033,P35232,0
DB03988,Q9KEQ1,0
DB06934,P19235,0
DB00940,P53582,0
DB07585,Q16348,0
DB01001,P17612,0
DB00828,Q13639,0
DB08656,P00519,0
DB00263,P04040,0
DB02828,Q9BQB4,0
DB04972,Q59288,0
DB07956,P60063,0
DB02418,P53355,0
DB01623,P09417,0
DB02776,P83788,0
DB07643,P08514,0
DB08116,P48632,0
DB00230,P9WQG9,0
DB13025,Q9ULB1,0
DB02563,P25084,0
DB00487,P0ADA1,0
DB09224,O60218,0
DB07827,P55882,0
DB01656,Q15375,0
DB07883,P51648,0
DB04561,Q02779,0
DB02343,P00746,0
DB01373,Q08210,0
DB03270,P45059,0
DB07630,P32947,0
DB08474,Q9H244,0
DB07595,Q7AUG5,0
DB08727,Q59961,0
DB01878,P11350,0
DB03257,P09455,0
DB08320,Q9Y6F1,0
DB00230,P37551,0
DB02364,Q13421,0
DB03680,P19424,0
DB06209,P0ADY7,0
DB08601,P00519,0
DB00769,P0ABE7,0
DB03721,P04746,0
DB07575,P58758,0
DB02170,P43683,0
DB02574,Q16720,0
DB04930,P0CI79,0
DB04627,Q16512,0
DB03486,Q56694,0
DB11632,P00362,0
DB04252,P11509,0
DB08414,P55038,0
DB12450,P35520,0
DB03128,P08243,0
DB04619,P16640,0
DB03136,P46925,0
DB05792,Q15722,0
DB07872,Q9RA63,0
DB03611,P9WN25,0
DB11791,Q13163,0
DB07145,P0A6F3,0
DB08150,P22061,0
DB01199,P25105,0
DB00952,P39377,0
DB12637,P31937,0
DB03217,P33247,0
DB07302,P9WHE9,0
DB02998,Q96SW2,0
DB06530,P11309,0
DB01701,P48547,0
DB06982,Q16206,0
DB03663,P01911,0
DB08445,Q9TY94,0
DB07594,P71278,0
DB11718,P31943,0
DB00572,P51149,0
DB07134,P06983,0
DB02606,Q96KK3,0
DB08756,O15146,0
DB02469,P0A434,0
DB03192,Q8NBQ5,0
DB02459,P69795,0
DB00824,P41597,0
DB06696,P08686,0
DB06987,Q16518,0
DB07685,O00329,0
DB08755,Q7KQK0,0
DB02624,P47901,0
DB08720,P19652,0
DB07902,Q9NRE1,0
DB04031,Q59GM9,0
DB02548,P19838,0
DB01196,P35089,0
DB02323,O94903,0
DB08144,P19821,0
DB07833,P16219,0
DB08099,Q02155,0
DB07906,Q8DNB6,0
DB01895,P25963,0
DB08874,P10635,0
DB03016,Q96C36,0
DB03894,Q13443,0
DB07273,P26393,0
DB14062,A7B6P0,0
DB09274,P46459,0
DB02052,O60285,0
DB00637,Q8T6S0,0
DB00914,Q16651,0
DB06472,P11047,0
DB04022,P0A1V8,0
DB11745,Q5SLP8,0
DB14074,P9WKD7,0
DB06429,Q7Z2W7,0
DB04327,P06753,0
DB07325,Q32MK0,0
DB00287,P32397,0
DB01883,Q53ZE5,0
DB01967,P10915,0
DB02301,Q8IWT1,0
DB02041,Q819U0,0
DB04800,P30418,0
DB00855,P04141,0
DB01463,P0A6V7,0
DB04185,Q9UHY7,0
DB08382,Q86T13,0
DB07872,P18357,0
DB04360,Q04416,0
DB04896,P00387,0
DB02836,P42512,0
DB04099,P07814,0
DB03466,P22413,0
DB02843,Q9UKI8,0
DB03452,O14618,0
DB07542,P61586,0
DB04679,Q9UJU2,0
DB06948,P06126,0
DB03612,P50618,0
DB00522,Q13370,0
DB08277,P00509,0
DB00869,Q46079,0
DB12305,P16544,0
DB00285,Q9UHQ9,0
DB02029,P52197,0
DB06472,P47712,0
DB00387,P35354,0
DB08911,Q92793,0
DB04559,Q92206,0
DB08213,P80380,0
DB01824,P22364,0
DB01967,Q99707,0
DB02458,P36888,0
DB13166,P62166,0
DB08525,Q9RUZ0,0
DB03219,O96221,0
DB07384,Q06432,0
DB01043,P0AC47,0
DB08020,P12995,0
DB00543,P13945,0
DB03503,Q99436,0
DB07203,P0AEB2,0
DB01059,P23946,0
DB07313,Q9WXV1,0
DB06932,Q9UHY7,0
DB08543,P12256,0
DB01151,Q701N4,0
DB01425,P9WNX3,0
DB15685,P0A8X2,0
DB03433,O43451,0
DB08487,F1L7U3,0
DB07527,P84077,0
DB04592,P07948,0
DB05676,P43886,0
DB02274,P23234,0
DB06988,P21631,0
DB08706,P00914,0
DB08560,P69903,0
DB13074,P69795,0
DB07321,Q9Y233,0
DB03982,P39086,0
DB02712,P67910,0
DB07039,Q08257,0
DB00160,P0AG59,0
DB08317,P08574,0
DB01968,P62660,0
DB00478,P30419,0
DB03799,Q99640,0
DB00244,P52824,0
DB07072,P0AB71,0
DB07005,P52732,0
DB02370,Q9BYT3,0
DB01219,P48547,0
DB14062,P36924,0
DB00509,Q9X278,0
DB04614,Q8N1G2,0
DB07702,Q8DNB6,0
DB08475,P00691,0
DB11730,P09429,0
DB01796,Q9X022,0
DB07624,Q16740,0
DB08339,P94690,0
DB02466,P14679,0
DB03298,Q06187,0
DB08738,Q8RQP5,0
DB00206,Q99436,0
DB02823,P10276,0
DB03156,P14616,0
DB04053,P17544,0
DB05984,P0AES4,0
DB03486,Q99624,0
DB12161,P15954,0
DB07437,Q16718,0
DB02383,Q92934,0
DB14132,P00091,0
DB14014,P61322,0
DB03649,Q8NFJ5,0
DB12695,P29474,0
DB02239,P23378,0
DB08392,P28074,0
DB08622,P13001,0
DB00409,P20701,0
DB03255,P49190,0
DB02670,P53609,0
DB11638,Q9ULW8,0
DB03192,P29717,0
DB08318,P06756,0
DB13014,P17213,0
DB03022,P00722,0
DB02721,P12461,0
DB04348,P11229,0
DB03415,O96221,0
DB04769,P22001,0
DB03615,Q9WYT0,0
DB04353,P41252,0
DB04131,P51671,0
DB07674,P23340,0
DB00548,Q46220,0
DB03405,P01106,0
DB05767,P53420,0
DB01860,Q54528,0
DB02196,Q96BI3,0
DB07805,P04036,0
DB01036,O94956,0
DB06185,Q3IWB0,0
DB02128,P10613,0
DB00250,Q9Y6T7,0
DB08296,P11216,0
DB04076,Q5JVS0,0
DB02623,P23367,0
DB08076,P15313,0
DB00822,Q54468,0
DB02166,O00206,0
DB14011,Q8IVL5,0
DB05478,Q8I492,0
DB09050,Q9HD40,0
DB06876,Q9GZR5,0
DB04190,P63104,0
DB02282,P35626,0
DB07020,O43181,0
DB07921,Q9HU22,0
DB07906,P45954,0
DB00922,P53396,0
DB00155,P27635,0
DB00418,Q9HBH5,0
DB05513,B2ZTR6,0
DB00913,Q8IM15,0
DB07161,P38516,0
DB06833,P20810,0
DB07207,P42680,0
DB02108,P0A6I9,0
DB09513,Q92731,0
DB03947,P33673,0
DB07803,Q70GK9,0
DB08786,Q15910,0
DB03397,P21918,0
DB01003,P15538,0
DB07663,Q8VP84,0
DB07691,Q9UPY5,0
DB08964,Q7SIA5,0
DB04769,Q75WK2,0
DB01822,Q99250,0
DB01046,O96000,0
DB07200,P10620,0
DB04640,P14735,0
DB00986,P25101,0
DB02327,Q9RUZ0,0
DB04215,P0A751,0
DB08505,P11274,0
DB02516,P0A9S1,0
DB04754,Q8IEN3,0
DB01416,Q53ET4,0
DB09225,Q15722,0
DB01978,P01599,0
DB07654,Q9X5N2,0
DB03822,P07741,0
DB02360,P23946,0
DB07163,Q5SJI0,0
DB04230,Q8DP79,0
DB07787,Q55013,0
DB00530,P0C8P8,0
DB00881,P38516,0
DB07842,Q837V6,0
DB01899,O14920,0
DB03661,Q8VUS7,0
DB07289,Q86YN6,0
DB02531,O75390,0
DB03221,P48547,0
DB07097,P46883,0
DB09304,Q16739,0
DB00641,Q8IU85,0
DB00503,Q96Q83,0
DB00850,P9WQD9,0
DB06932,Q5R2K6,0
DB07625,Q13523,0
DB07437,P50740,0
DB00735,P0DOY9,0
DB03399,P9WN39,0
DB04715,P29597,0
DB02140,Q51366,0
DB04795,P15917,0
DB02132,P23378,0
DB03648,P15056,0
DB07481,P02745,0
DB04113,Q52WX2,0
DB06436,P0A7X3,0
DB06218,P08149,0
DB03901,P41235,0
DB07537,Q12884,0
DB02995,Q9UGI9,0
DB00858,O15427,0
DB02166,O75438,0
DB06832,O43283,0
DB07413,P00437,0
DB04385,P09493,0
DB04393,P0AES6,0
DB09143,P24752,0
DB03551,O00222,0
DB02824,Q08210,0
DB00844,O60931,0
DB04051,P16070,0
DB08175,P23234,0
DB01346,P35908,0
DB02109,Q8I3T9,0
DB08092,P09172,0
DB08760,Q8ILV2,0
DB01923,Q9UGI6,0
DB03706,P53396,0
DB01399,P25311,0
DB02160,Q96PR1,0
DB02098,Q56232,0
DB02563,Q86UW7,0
DB02464,P29894,0
DB01911,P17342,0
DB01196,P61160,0
DB14517,P35372,0
DB02297,P55011,0
DB00427,Q8X444,0
DB00561,Q9HU21,0
DB04760,P00325,0
DB02831,O15511,0
DB01537,P13995,0
DB08060,P55055,0
DB03964,Q13423,0
DB04515,Q819K2,0
DB00596,P05041,0
DB05187,Q8RQE9,0
DB02438,Q9UNQ0,0
DB03276,Q8I5G6,0
DB01839,Q86UE8,0
DB00540,P9WH69,0
DB01809,P18843,0
DB04493,Q56148,0
DB01589,P52732,0
DB09147,Q6DT37,0
DB04142,P81006,0
DB00014,P40406,0
DB02861,Q02054,0
DB04879,Q7L266,0
DB12323,P04637,0
DB08077,Q9H4Y5,0
DB00508,Q26000,0
DB14028,P13716,0
DB00150,P26602,0
DB04624,Q9AFC7,0
DB04334,Q92947,0
DB01083,P80365,0
DB02027,P37840,0
DB02606,Q9Y4K4,0
DB03035,P24228,0
DB05102,P15104,0
DB07892,Q04206,0
DB01029,P83791,0
DB12147,Q16478,0
DB06393,P25924,0
DB00155,P42328,0
DB04076,Q9P2E9,0
DB02280,O14788,0
DB11587,P58758,0
DB08024,P0A3Y5,0
DB00385,P61978,0
DB08480,Q8TD19,0
DB03865,O95470,0
DB08819,P56220,0
DB07688,P62942,0
DB13929,P06744,0
DB11831,Q8TDN1,0
DB04760,Q9NZK7,0
DB01122,Q9X0G9,0
DB08006,P23297,0
DB04514,P9WK19,0
DB08816,O66496,0
DB02436,P10114,0
DB14069,Q9NYP7,0
DB01407,Q701N4,0
DB02384,O77323,0
DB04636,P55792,0
DB08388,Q16831,0
DB03019,P31992,0
DB03323,P95673,0
DB11817,P05231,0
DB02822,P04731,0
DB11979,Q8ID50,0
DB03612,Q05940,0
DB09371,O94768,0
DB00945,Q5SHP2,0
DB02854,P43005,0
DB07550,P02766,0
DB01232,P32427,0
DB03881,P0AD64,0
DB06859,O43570,0
DB01002,P23416,0
DB08150,P30085,0
DB02606,P0A6A8,0
DB04188,Q96NR8,0
DB11901,P10902,0
DB02088,Q9Y617,0
DB07167,P09467,0
DB05171,P16389,0
DB04174,Q53908,0
DB12070,P61182,0
DB01816,P01130,0
DB03996,Q56320,0
DB06243,P0A7E1,0
DB07195,P06864,0
DB12329,Q460N3,0
DB00942,O95819,0
DB07180,O15269,0
DB06923,P9WIB9,0
DB06471,P30273,0
DB03842,P11226,0
DB01213,P07438,0
DB06268,P62330,0
DB02693,Q14722,0
DB00989,P17612,0
DB00250,P28861,0
DB09017,P48058,0
DB00657,O15554,0
DB04396,P30613,0
DB02184,P30518,0
DB08628,P41597,0
DB08367,O53240,0
DB07130,P32238,0
DB00648,O76054,0
DB06635,P32239,0
DB06422,Q9UGM6,0
DB06947,P16304,0
DB01226,P30536,0
DB02160,P06881,0
DB07193,P26789,0
DB07221,O68541,0
DB04023,P74645,0
DB03725,P0DM80,0
DB09082,P50618,0
DB06862,P11922,0
DB03408,O15554,0
DB02921,P49419,0
DB07979,P14532,0
DB00701,P44783,0
DB01832,Q76NM6,0
DB08555,Q75WK2,0
DB07064,Q672W7,0
DB07572,P21728,0
DB07279,P01116,0
DB08260,Q51705,0
DB15495,P02925,0
DB07760,Q9BVM4,0
DB12579,Q13421,0
DB07347,Q9UBN7,0
DB07951,P53805,0
DB04561,P43683,0
DB07685,Q9UDX4,0
DB08003,Q9BW92,0
DB13581,P35625,0
DB02974,P19021,0
DB00238,P42126,0
DB08374,P13647,0
DB06176,P0A6V8,0
DB08157,Q15858,0
DB07562,O14964,0
DB07618,Q837V6,0
DB08038,P29371,0
DB06869,Q04912,0
DB12328,Q8WU08,0
DB02511,P16442,0
DB02131,P07900,0
DB01960,Q6UWN8,0
DB00200,Q9RME2,0
DB02135,O15374,0
DB09421,P30520,0
DB12458,P22309,0
DB00963,O60931,0
DB00356,P21283,0
DB08488,P05181,0
DB08023,Q07412,0
DB00313,Q2M2I8,0
DB00166,Q9WYH8,0
DB02312,P10696,0
DB03565,P68133,0
DB11730,P0A1P6,0
DB11986,P03901,0
DB08199,Q969S8,0
DB02310,P09110,0
DB08773,O00555,0
DB07308,Q9HAN9,0
DB01186,Q9F5I8,0
DB01968,Q95460,0
DB04600,Q9UNQ0,0
DB07850,P04164,0
DB07872,P00480,0
DB01138,O14649,0
DB07800,Q99456,0
DB04739,P00646,0
DB00270,Q14330,0
DB12695,Q8ZNF3,0
DB00784,P31323,0
DB11842,Q9Y277,0
DB01614,Q8IBI3,0
DB00410,P08648,0
DB02043,C6KSR5,0
DB03230,Q8DNB6,0
DB08023,Q8N0U8,0
DB07164,P0AG16,0
DB00772,Q96L34,0
DB03757,Q9I194,0
DB00151,P51812,0
DB03496,P08729,0
DB06695,P01911,0
DB00647,Q15119,0
DB07760,O95907,0
DB03326,P05305,0
DB03246,P46925,0
DB01444,Q0P8G4,0
DB06292,P31224,0
DB09086,O95298,0
DB04151,Q14457,0
DB07542,P29275,0
DB02381,P00846,0
DB03276,P0A7Z4,0
DB07309,P10384,0
DB08173,P04083,0
DB00799,P43985,0
DB00573,Q00266,0
DB01400,P0A915,0
DB03787,P11488,0
DB03505,Q07973,0
DB03577,P9WNL9,0
DB04070,Q16762,0
DB04781,O85465,0
DB08801,P07026,0
DB01411,P0A017,0
DB01921,P14416,0
DB08308,P96965,0
DB03608,Q888A4,0
DB02180,P15034,0
DB04605,P14900,0
DB07511,P41595,0
DB06864,P11137,0
DB02083,Q5T6L4,0
DB15688,P0AA43,0
DB03856,P00381,0
DB11760,P41007,0
DB03059,P51617,0
DB02312,Q00796,0
DB07392,P68771,0
DB08897,Q8NFW8,0
DB11757,Q03181,0
DB04610,Q9Y6Y9,0
DB07347,P30901,0
DB08462,Q9WXV1,0
DB03389,O00303,0
DB07479,P20292,0
DB03717,Q9RRU8,0
DB08432,O96017,0
DB01138,Q13363,0
DB02004,P09622,0
DB03247,O94804,0
DB03371,Q30154,0
DB02337,Q9WZC2,0
DB02858,P00646,0
DB12518,P95468,0
DB03031,P10114,0
DB02041,Q86US8,0
DB01265,P52569,0
DB08541,O60568,0
DB06883,Q8XJ01,0
DB06212,P09382,0
DB02404,P0A444,0
DB04272,Q93086,0
DB07892,P59998,0
DB08542,Q8XJ01,0
DB02319,Q9H2X6,0
DB03114,P32119,0
DB01899,Q9X0A2,0
DB08156,P07711,0
DB03381,P05981,0
DB13997,P41250,0
DB09147,O96221,0
DB00441,P78417,0
DB11323,O75891,0
DB07418,Q13885,0
DB07503,P11166,0
DB08570,P84141,0
DB01541,P53805,0
DB04660,P19971,0
DB01005,Q12852,0
DB08338,P0A094,0
DB01401,Q9HBK9,0
DB02778,P54760,0
DB08899,O70038,0
DB02821,Q8IXJ6,0
DB08116,P17181,0
DB02051,P32169,0
DB01150,Q9LAK3,0
DB13874,Q00266,0
DB12107,P08263,0
DB07754,Q72EF4,0
DB07553,P61320,0
DB09279,Q9UHY7,0
DB00714,P9WKE9,0
DB04647,P52788,0
DB07048,P04391,0
DB00409,A9CJ63,0
DB03150,P42443,0
DB07363,P07101,0
DB01244,P00403,0
DB11967,P04234,0
DB07400,P06010,0
DB01283,P01127,0
DB08338,P32322,0
DB01055,P35749,0
DB00535,Q7KQK0,0
DB00118,P00929,0
DB03905,P08842,0
DB02104,Q6P093,0
DB04491,Q8IXJ6,0
DB02282,P68400,0
DB01989,P14780,0
DB11745,P00490,0
DB05297,P62753,0
DB04195,O75306,0
DB03740,Q8TD30,0
DB07307,P00943,0
DB04119,O75636,0
DB00711,Q8NEY4,0
DB08013,P0ACC7,0
DB07812,Q76NM6,0
DB05710,P31994,0
DB06212,O75914,0
DB03714,Q9S427,0
DB01261,Q93LE9,0
DB02793,P42768,0
DB06471,P02751,0
DB08157,P10828,0
DB07612,P25101,0
DB03642,Q6DT37,0
DB08411,O60502,0
DB01803,Q9UEW8,0
DB01256,P15692,0
DB04441,P23905,0
DB04741,Q01581,0
DB00480,P56122,0
DB04409,P0AFI5,0
DB03813,P07477,0
DB04784,P37610,0
DB02678,Q9NY46,0
DB06090,P9WPB5,0
DB06991,Q9Y6I3,0
DB07639,Q86UW8,0
DB06083,P21912,0
DB03443,Q8ILE8,0
DB00344,O60911,0
DB06307,P04279,0
DB07426,Q14957,0
DB03568,Q8ZNF3,0
DB00850,O43681,0
DB09034,P51679,0
DB07581,P00740,0
DB07379,P04183,0
DB07002,Q9X022,0
DB02636,Q9ZEU2,0
DB04265,Q9BY41,0
DB08367,P39126,0
DB03471,O60840,0
DB13139,O95263,0
DB08064,Q54276,0
DB07657,Q79MP6,0
DB07186,Q92206,0
DB08458,Q96I15,0
DB15494,Q45515,0
DB07861,Q02252,0
DB01201,P09455,0
DB07664,A9X444,0
DB07152,Q00534,0
DB02469,Q04760,0
DB00801,P04211,0
DB06718,Q59FW3,0
DB03889,A6PZ59,0
DB09073,P0A759,0
DB01195,Q13523,0
DB08413,P38038,0
DB03740,P11309,0
DB00737,P35914,0
DB04450,P06732,0
DB02153,Q13163,0
DB08889,Q53547,0
DB07337,P25024,0
DB02556,Q10588,0
DB08166,P42357,0
DB02127,Q9UDR5,0
DB07253,P25924,0
DB01792,P62491,0
DB00186,O14832,0
DB07852,Q02221,0
DB03974,P09769,0
DB07537,Q15102,0
DB04234,P60472,0
DB02663,Q9Z4N6,0
DB08014,O60760,0
DB12329,Q13838,0
DB02093,Q16552,0
DB02215,P16519,0
DB03516,P54819,0
DB01003,Q9NWM0,0
DB01640,P0AB71,0
DB00338,F1T0I5,0
DB06246,P09210,0
DB08738,P9WNL9,0
DB00483,O95819,0
DB08384,P13827,0
DB01748,P19622,0
DB07729,P0DP23,0
DB04583,P20932,0
DB08908,Q9Y5N1,0
DB00395,P09038,0
DB05421,P00740,0
DB11421,P62241,0
DB07700,P45314,0
DB07497,Q14541,0
DB11952,P22364,0
DB02776,P06729,0
DB08809,P35869,0
DB08176,Q9UGJ0,0
DB03323,O43708,0
DB06869,P26951,0
DB01664,P19531,0
DB08479,Q07021,0
DB08591,P08200,0
DB01029,P20594,0
DB02341,P35237,0
DB00861,Q03013,0
DB04345,P98052,0
DB00443,P30872,0
DB03748,O67987,0
DB08214,O43617,0
DB07813,Q47644,0
DB07861,Q8IUZ5,0
DB02793,Q13237,0
DB03229,P02461,0
DB11324,Q59288,0
DB02420,Q96EN8,0
DB06827,Q99436,0
DB00183,Q96GD4,0
DB08217,P26466,0
DB00404,Q8IDQ9,0
DB04680,P38038,0
DB03078,A0A0H2XJ39,0
DB02635,P16050,0
DB04126,O95182,0
DB09371,O43283,0
DB02579,Q96PD7,0
DB06021,Q14081,0
DB01017,P36924,0
DB03949,P18405,0
DB02628,Q9RA47,0
DB07228,P39593,0
DB01165,P80192,0
DB04908,Q51792,0
DB03549,Q9Y289,0
DB02240,Q8GEZ8,0
DB00721,O43776,0
DB04971,Q5L1E2,0
DB07677,P17948,0
DB08056,P60709,0
DB04213,P30837,0
DB15569,P05102,0
DB08600,B2ZTR6,0
DB00701,P04183,0
DB07660,Q9AFC7,0
DB00952,Q9X1T2,0
DB00987,P02931,0
DB09472,P07445,0
DB03812,Q92847,0
DB00429,O34974,0
DB04647,P69856,0
DB01017,Q07021,0
DB04099,P60981,0
DB02494,P31142,0
DB04125,O15269,0
DB07400,Q9Y2Q0,0
DB05119,P27505,0
DB03901,Q4ZHU6,0
DB08588,P0A0Z8,0
DB02481,Q9NXA8,0
DB04220,Q02218,0
DB04164,P63000,0
DB00365,Q01770,0
DB04338,O15264,0
DB02226,Q9Y2Q3,0
DB01108,P25774,0
DB04792,Q10588,0
DB00287,Q2LU76,0
DB03026,Q5JTZ9,0
DB02005,P37059,0
DB04112,Q07806,0
DB04376,O14732,0
DB02464,P02753,0
DB00945,P04746,0
DB00989,P31992,0
DB04016,Q8IJR6,0
DB05423,Q8IVL6,0
DB06209,Q8DNB6,0
DB07698,Q9NYX4,0
DB12371,Q9UPZ9,0
DB08263,P80376,0
DB07042,Q6A8X5,0
DB07384,Q6PI48,0
DB11779,Q9K2N0,0
DB01959,P23246,0
DB01819,P0A434,0
DB03158,P0AD65,0
DB03650,P00805,0
DB06901,O15264,0
DB04295,P07464,0
DB01952,P80874,0
DB00489,P18031,0
DB00669,Q04771,0
DB07994,Q9Y6M4,0
DB01608,Q07021,0
DB02272,P54577,0
DB08527,P61457,0
DB00784,O95479,0
DB02130,O43920,0
DB07660,P04279,0
DB12305,Q95460,0
DB00332,Q15046,0
DB08649,P04926,0
DB07924,Q9LCX9,0
DB00158,O95831,0
DB00686,Q9HCC0,0
DB05420,Q06AK7,0
DB03925,P25024,0
DB02424,P31358,0
DB12095,P23297,0
DB04386,P18405,0
DB00906,P9WPB5,0
DB04392,P54716,0
DB02877,P46336,0
DB11275,Q54873,0
DB07676,P08637,0
DB03643,P0A8M5,0
DB02731,P11413,0
DB07188,P10997,0
DB00562,Q9NR82,0
DB04121,Q15910,0
DB04892,P60568,0
DB06874,Q15750,0
DB12305,Q96C24,0
DB00567,P06703,0
DB12965,Q9H239,0
DB06896,Q13085,0
DB03328,P37672,0
DB11590,P36405,0
DB03574,Q06418,0
DB08757,P04926,0
DB04471,P35270,0
DB02164,Q0S9X1,0
DB07805,P01709,0
DB11641,Q00496,0
DB00637,P31751,0
DB01356,P9WK19,0
DB05936,Q53547,0
DB01581,Q9X4K7,0
DB07207,Q15046,0
DB02906,Q04609,0
DB02233,P20248,0
DB07957,P42216,0
DB01618,Q13362,0
DB01792,Q9Z1N9,0
DB01134,P0A1X2,0
DB01856,O14980,0
DB12457,Q83WG3,0
DB03233,Q04760,0
DB01933,Q72EF3,0
DB06891,P76270,0
DB08695,Q96KG9,0
DB08001,P53582,0
DB07844,Q8GBW6,0
DB03586,P0C1V1,0
DB08703,P17612,0
DB01236,P06968,0
DB07347,P48745,0
DB02896,Q2QJL3,0
DB02033,Q5RT80,0
DB00050,P61278,0
DB08143,Q9Y5S1,0
DB00839,Q14164,0
DB03193,Q7SIA5,0
DB01124,P31930,0
DB04248,P34913,0
DB03053,P25786,0
DB03967,P09493,0
DB03019,Q9UDX4,0
DB01032,P02765,0
DB04307,Q07021,0
DB01330,Q15569,0
DB04494,P0AB87,0
DB07156,P29559,0
DB07161,Q9UBF8,0
DB01336,Q8NER1,0
DB07563,Q8IVH4,0
DB00664,P9WNS5,0
DB08390,P08588,0
DB02023,P35222,0
DB04825,Q08288,0
DB06268,Q15303,0
DB14001,Q8TDR2,0
DB08231,P40616,0
DB05541,P01116,0
DB06897,O25096,0
DB07728,Q74EF5,0
DB08691,P27302,0
DB07009,A0A0M3KKX1,0
DB08637,P9WIQ1,0
DB08448,Q93LE9,0
DB00708,Q9UQL6,0
DB11691,P00439,0
DB08294,Q99640,0
DB04602,P13693,0
DB05408,Q16760,0
DB06350,P02818,0
DB08636,A0A0H2UQB5,0
DB00307,P0A910,0
DB01955,P17169,0
DB02124,P35625,0
DB06749,Q9RVD6,0
DB07647,P21589,0
DB08357,P94182,0
DB07120,P22513,0
DB02983,O75747,0
DB00993,P39304,0
DB08804,P49841,0
DB07209,P61927,0
DB00106,P40943,0
DB05814,O14788,0
DB07401,P09493,0
DB03635,P10276,0
DB00324,Q8IHS5,0
DB08135,P23367,0
DB08022,Q7ADF8,0
DB03609,P56937,0
DB07319,Q8I431,0
DB01878,P0A8V2,0
DB12095,Q9F0J6,0
DB00568,P31358,0
DB06879,P54278,0
DB03064,P0A6K3,0
DB04918,P02144,0
DB09166,P55407,0
DB02481,P04350,0
DB14490,O31465,0
DB04071,P08048,0
DB02466,P0C0J0,0
DB00392,P0A1X2,0
DB02184,Q9NRX3,0
DB08785,P0AEZ1,0
DB08751,P00800,0
DB01069,P09871,0
DB06287,P17412,0
DB04672,P49336,0
DB08023,P0A3S0,0
DB03066,P05093,0
DB02816,P37023,0
DB08806,Q79FX8,0
DB07943,P42085,0
DB00135,Q55813,0
DB09213,P07098,0
DB04010,P24298,0
DB07281,P9WNL5,0
DB01207,P00943,0
DB07934,O75533,0
DB07697,O60669,0
DB04878,P05230,0
DB02030,Q9UNX9,0
DB01844,Q9KIE5,0
DB13125,P10827,0
DB08187,P09622,0
DB02558,Q86W47,0
DB05767,O43525,0
DB04371,P34995,0
DB07800,Q9UM01,0
DB07920,Q969S2,0
DB00609,P23634,0
DB07169,P00363,0
DB04659,P23467,0
DB04661,O15374,0
DB02233,P19099,0
DB09059,Q51792,0
DB03420,P77150,0
DB02616,O95139,0
DB01016,Q70I53,0
DB06670,Q06481,0
DB12436,Q8NG66,0
DB09297,P35499,0
DB08028,Q01234,0
DB07444,P02974,0
DB04221,P0A7W7,0
DB04224,Q9NTG7,0
DB13165,P12644,0
DB04824,P11926,0
DB04523,P15509,0
DB02172,P00914,0
DB04002,Q8RQE7,0
DB03000,P13726,0
DB06872,P08473,0
DB12579,O75900,0
DB14631,O15439,0
DB07107,P49366,0
DB03087,O94903,0
DB01086,Q14872,0
DB02172,Q9NS75,0
DB04917,P47205,0
DB02028,Q9A5I5,0
DB04657,Q46509,0
DB06738,O95259,0
DB01146,Q9NVS9,0
DB04490,P06307,0
DB06953,P31930,0
DB07876,P00740,0
DB07994,P28248,0
DB02691,Q45697,0
DB02256,Q9K2N0,0
DB11828,P10589,0
DB03748,Q9KM65,0
DB07972,Q9NY47,0
DB07454,Q9RC92,0
DB03714,P35749,0
DB01959,P20333,0
DB06878,Q59192,0
DB07750,P54219,0
DB01489,P42593,0
DB08532,Q6PEY2,0
DB00693,P36405,0
DB03844,P80377,0
DB14754,P12004,0
DB08789,P62344,0
DB08930,P43813,0
DB07335,P22033,0
DB07748,P60063,0
DB03222,Q72LA4,0
DB04267,P32173,0
DB07744,Q9HUR5,0
DB07722,O34598,0
DB01463,Q8TCC7,0
DB12116,P12070,0
DB00354,P50897,0
DB08093,P23284,0
DB11738,Q96EN8,0
DB14501,P05187,0
DB08406,P40763,0
DB08137,P61626,0
DB06174,P21673,0
DB08013,P32427,0
DB00889,P22188,0
DB05913,Q8IJT2,0
DB08053,C0H546,0
DB04630,P08779,0
DB03192,P0A6Y5,0
DB03868,P05129,0
DB03048,Q8IJK8,0
DB06702,P28676,0
DB02811,Q6ZZJ1,0
DB03900,P05109,0
DB07916,P14223,0
DB00591,Q14790,0
DB02740,P29475,0
DB00293,Q888A4,0
DB12924,Q8VUT0,0
DB08019,P00451,0
DB07918,O43708,0
DB01044,P21554,0
DB00508,P08709,0
DB00617,P41250,0
DB03607,Q9BVJ7,0
DB01950,P02765,0
DB07029,Q6PKH6,0
DB05786,Q52WX2,0
DB02406,Q6NUM9,0
DB02713,P02647,0
DB01571,P28331,0
DB08602,Q99259,0
DB01899,P10478,0
DB01619,P55017,0
DB00288,O14732,0
DB03878,P18548,0
DB03187,P05112,0
DB00482,P31025,0
DB01888,Q9BTZ2,0
DB00756,Q15046,0
DB06249,Q9H3S4,0
DB01160,P0A006,0
DB08551,P0A8P1,0
DB00927,Q9UQM7,0
DB08587,P00909,0
DB08059,P28482,0
DB00429,P04234,0
DB01839,Q9R5V5,0
DB00733,P04733,0
DB08267,B4YQT9,0
DB12890,Q13177,0
DB03981,O14730,0
DB08732,Q15078,0
DB02547,Q969G6,0
DB06891,Q15031,0
DB07118,Q9Y6R4,0
DB07756,P68826,0
DB01213,P18847,0
DB07837,P27142,0
DB01541,Q92830,0
DB04761,O14983,0
DB08073,P00338,0
DB00588,P0CG48,0
DB08139,P21673,0
DB02405,Q92598,0
DB02128,P25100,0
DB02567,Q01718,0
DB02029,P29894,0
DB13978,Q9NR19,0
DB07229,Q16651,0
DB00198,P62344,0
DB08023,O34928,0
DB01171,Q46856,0
DB07403,Q969G6,0
DB11949,P29323,0
DB00235,P27824,0
DB00877,Q14032,0
DB01955,P25103,0
DB03792,P17538,0
DB06984,P0A0Z8,0
DB03856,P9WHU1,0
DB00728,O95644,0
DB03012,A0A0H3K1U2,0
DB02676,P29827,0
DB00498,Q9UN88,0
DB01421,Q57254,0
DB07806,Q9NSA2,0
DB02041,Q4L5E4,0
DB06786,P04234,0
DB02665,P0A078,0
DB00985,Q15116,0
DB08818,P21912,0
DB07392,Q9X180,0
DB00710,P33527,0
DB01616,O60939,0
DB03782,Q9P0L2,0
DB04304,P14920,0
DB12555,P15336,0
DB13857,P09373,0
DB02855,O13332,0
DB09099,P06729,0
DB02969,P08306,0
DB08379,Q9Y277,0
DB04112,P47900,0
DB01985,P49190,0
DB07840,Q88CZ6,0
DB01163,P37058,0
DB04529,P16389,0
DB01992,P83792,0
DB08658,Q4VB53,0
DB01718,P01574,0
DB11581,P10721,0
DB03251,P04637,0
DB03113,P0AE18,0
DB02302,Q9Y4W6,0
DB07210,Q14790,0
DB01346,Q9H2K8,0
DB07210,O43451,0
DB07613,Q8N142,0
DB03979,O14874,0
DB02519,P37063,0
DB05936,P26358,0
DB01236,P29600,0
DB01650,P47775,0
DB13257,P19440,0
DB07094,P27448,0
DB12107,P14193,0
DB04557,P04390,0
DB12228,P49069,0
DB02067,P0C0X8,0
DB08933,P42593,0
DB01076,Q07982,0
DB00466,Q9NRF9,0
DB07850,Q16222,0
DB07487,P63462,0
DB00787,P25006,0
DB08892,P16444,0
DB01934,Q02643,0
DB02422,P12995,0
DB01200,O07529,0
DB00415,Q9HCD5,0
DB01134,Q9NZQ7,0
DB07457,Q54AI1,0
DB02251,P49336,0
DB04765,P27037,0
DB02377,P0C1U9,0
DB07003,Q9C098,0
DB08286,P9WGR1,0
DB14530,Q56694,0
DB08591,O34453,0
DB06670,Q99661,0
DB04232,P77173,0
DB08204,P43985,0
DB02211,Q9UM73,0
DB00730,P26572,0
DB00609,P39265,0
DB05188,P07358,0
DB07109,P11488,0
DB04416,P21453,0
DB03206,P30041,0
DB08234,P01583,0
DB07189,P60327,0
DB08229,P43403,0
DB02799,Q6UWM7,0
DB04619,Q9KX40,0
DB05871,P12644,0
DB01877,P31012,0
DB03581,P03372,0
DB02961,O05935,0
DB07544,Q9Y698,0
DB04311,P20594,0
DB00372,O00763,0
DB04170,P11836,0
DB03551,P62660,0
DB01127,P10398,0
DB08631,P07438,0
DB02120,A0A0H2Z368,0
DB02009,P11546,0
DB07001,P55769,0
DB03835,P00439,0
DB06772,Q86WA6,0
DB03172,Q9Y4W6,0
DB01695,Q6PI48,0
DB03668,P10902,0
DB14070,P07737,0
DB01397,P50440,0
DB03108,P0A753,0
DB01818,P19438,0
DB04378,Q46705,0
DB04312,P13507,0
DB05343,P05102,0
DB00836,P21333,0
DB03276,O60858,0
DB01941,P0A7S9,0
DB08020,P04054,0
DB00274,P14900,0
DB06512,P07944,0
DB00348,P17980,0
DB05212,P07741,0
DB04230,P35908,0
DB04606,P61158,0
DB01692,O60931,0
DB06641,Q9UKI8,0
DB01541,Q9NXG6,0
DB05814,P15538,0
DB01430,P31639,0
DB00645,P20472,0
DB02270,P25789,0
DB08169,Q816R0,0
DB13879,P02818,0
DB08090,Q5T1J1,0
DB08361,P26440,0
DB01830,Q16831,0
DB11732,P13569,0
DB02681,P0ABK9,0
DB00426,P05556,0
DB02426,Q14432,0
DB00249,Q9UM01,0
DB11638,P35348,0
DB04151,Q7L266,0
DB04451,P05113,0
DB00170,P08922,0
DB08332,Q1LCS4,0
DB03751,O60664,0
DB07017,O00444,0
DB07108,Q16539,0
DB06595,Q99542,0
DB00308,P69908,0
DB02431,Q15722,0
DB13154,Q9UGM6,0
DB08505,P12236,0
DB06889,P30626,0
DB01583,O60493,0
DB08949,Q08288,0
DB08606,P15391,0
DB08601,Q8TCT1,0
DB07114,Q9Y5S8,0
DB04013,P60880,0
DB00649,P09012,0
DB06930,P35219,0
DB02014,P04075,0
DB01862,Q53464,0
DB02644,Q5SLQ0,0
DB04735,Q47764,0
DB05678,P34981,0
DB09194,P37288,0
DB07456,Q9H2M3,0
DB01166,P31025,0
DB00420,Q96RE1,0
DB04578,P23434,0
DB08359,P72181,0
DB03143,P34981,0
DB08638,P36873,0
DB02366,P69905,0
DB00133,O00222,0
DB02428,P69923,0
DB04701,O75912,0
DB01839,Q00653,0
DB06970,P0A7E1,0
DB12670,P04958,0
DB01576,P20674,0
DB04499,P24046,0
DB01883,P13001,0
DB03179,P0AFK9,0
DB02303,Q8T6S0,0
DB02766,P24630,0
DB06972,P19021,0
DB01832,P37088,0
DB07311,Q9F0J6,0
DB03668,A0A0H3K1U2,0
DB07011,Q04759,0
DB02727,Q9UM01,0
DB02969,Q96KG9,0
DB06739,Q9ZIV5,0
DB02049,Q8II73,0
DB12455,Q14624,0
DB02060,A1L3X4,0
DB08323,Q8DNV6,0
DB06728,Q9Y5K8,0
DB01326,P53350,0
DB08148,P56194,0
DB07497,P62955,0
DB03832,Q8XB74,0
DB01130,P0AB74,0
DB07496,P18846,0
DB07805,P35968,0
DB02837,Q05940,0
DB07847,Q02760,0
DB04253,A0A144A2G5,0
DB02994,P16581,0
DB11699,P13423,0
DB02210,P19909,0
DB00461,C9EH48,0
DB08344,P37957,0
DB06899,P00450,0
DB04075,P56524,0
DB02276,O00264,0
DB03892,Q03721,0
DB05015,P76216,0
DB09048,P13716,0
DB08182,P37001,0
DB04411,Q9RA63,0
DB14069,O43739,0
DB07908,C1KC03,0
DB02483,Q16659,0
DB03583,P30838,0
DB04024,P45494,0
DB03304,P09104,0
DB06833,P11836,0
DB00541,Q96T66,0
DB06817,P31327,0
DB14914,Q16878,0
DB03023,P11546,0
DB02322,P15770,0
DB00508,P56817,0
DB07530,P30518,0
DB08639,P30043,0
DB02621,Q53IN1,0
DB12107,Q9NUB1,0
DB12769,P08908,0
DB09304,A0A0H2XJ39,0
DB04746,O95363,0
DB07766,P33981,0
DB00896,P30536,0
DB04514,Q9WZS7,0
DB08568,P32173,0
DB07126,P20594,0
DB00727,Q54527,0
DB00847,P02766,0
DB03199,Q8IL80,0
DB03070,Q9UL54,0
DB07295,O60493,0
DB01198,P13945,0
DB00914,O14791,0
DB07292,Q8RQE8,0
DB04954,P13827,0
DB15617,Q9ULU8,0
DB07238,Q53547,0
DB02182,P37672,0
DB08706,P23467,0
DB03016,P14169,0
DB08193,Q8WXS5,0
DB03670,P0A9J6,0
DB09086,O33199,0
DB00798,P45124,0
DB04602,P01574,0
DB02975,P39748,0
DB01694,Q8N1Q1,0
DB08268,P28335,0
DB06890,Q9UBN1,0
DB01039,Q9UHI5,0
DB02490,Q9NZQ7,0
DB07212,O34928,0
DB14068,Q8WTV0,0
DB03114,P22626,0
DB09167,P51161,0
DB01201,Q9NWT6,0
DB01646,Q9LCV9,0
DB00626,Q16644,0
DB03113,P30711,0
DB07330,Q46704,0
DB06247,O95168,0
DB04261,P0DM80,0
DB07257,Q9ZAG3,0
DB02272,Q8IAW0,0
DB06212,P15880,0
DB08964,Q99623,0
DB01616,P46926,0
DB03663,Q9NWZ5,0
DB08421,P28482,0
DB01955,P30838,0
DB02867,P06276,0
DB07881,P35579,0
DB03240,O75874,0
DB09295,P25787,0
DB07213,Q96PR1,0
DB03250,Q0VD83,0
DB02067,P17538,0
DB05928,P80874,0
DB03649,A1L3X4,0
DB00285,P01563,0
DB05255,Q9NWT6,0
DB06992,Q9UN76,0
DB08232,P0ABK9,0
DB07818,P52895,0
DB07988,Q8TE23,0
DB07050,P16233,0
DB13166,Q6ZQY3,0
DB01192,P15587,0
DB07908,Q8ILK3,0
DB06893,P0AB80,0
DB07607,Q9UJU2,0
DB07832,P01599,0
DB13867,P09619,0
DB03218,Q8TF76,0
DB00906,P15391,0
DB04446,Q8GR64,0
DB05993,Q9WYV8,0
DB02559,P51686,0
DB00133,Q9UP52,0
DB08229,P10912,0
DB03040,Q99808,0
DB00116,O60294,0
DB02503,Q16539,0
DB03013,P00738,0
DB07286,P30939,0
DB00663,Q13546,0
DB04229,P15043,0
DB07671,P14223,0
DB00569,A0A143ZZK9,0
DB00128,P56537,0
DB07291,P32397,0
DB00718,O43451,0
DB03730,P34903,0
DB09211,P83844,0
DB03021,P23276,0
DB07105,Q460N3,0
DB01779,P28335,0
DB08597,P40859,0
DB06980,Q9NWM0,0
DB01452,P03891,0
DB07034,Q9L5C8,0
DB08231,Q8IHS5,0
DB00188,O32248,0
DB02078,Q5SKH7,0
DB06486,Q07820,0
DB03498,P10589,0
DB07232,P11597,0
DB05022,Q96FI4,0
DB02878,Q8ILF7,0
DB06255,P13727,0
DB00188,P51955,0
DB01359,P28593,0
DB04320,O66529,0
DB02135,P42768,0
DB02183,O14561,0
DB01234,P42081,0
DB03912,P06727,0
DB07617,Q8IVA8,0
DB02057,Q8EBR3,0
DB01634,Q6PHR2,0
DB04295,O60840,0
DB00397,P0DJ06,0
DB01125,P02647,0
DB08046,P55263,0
DB07501,Q54089,0
DB07187,Q16760,0
DB13437,P51553,0
DB07875,P17443,0
DB03900,Q52WX2,0
DB04661,O15554,0
DB08721,P30012,0
DB07879,P20276,0
DB04147,P33316,0
DB02602,O60840,0
DB07670,Q5KUI3,0
DB02401,P00469,0
DB07107,P10599,0
DB08328,P00751,0
DB03079,P31260,0
DB07520,P43702,0
DB07181,P94182,0
DB00168,Q9HBH1,0
DB08304,P08179,0
DB03629,Q15238,0
DB04294,Q9KU37,0
DB00615,P00352,0
DB08906,P9WHT9,0
DB08494,P20586,0
DB09229,P44801,0
DB02888,Q56748,0
DB11963,Q96KG9,0
DB01148,P00325,0
DB00543,P51686,0
DB01728,O00329,0
DB07072,P60174,0
DB08816,O95907,0
DB00402,P39621,0
DB00531,Q8L103,0
DB11365,O75251,0
DB04733,P62623,0
DB02674,Q9Y4K4,0
DB07028,O95907,0
DB04776,Q06174,0
DB06901,Q92800,0
DB02014,Q9UQ05,0
DB11421,P24310,0
DB01204,Q15155,0
DB00260,Q9H1R3,0
DB00364,P30291,0
DB01774,P80357,0
DB08512,Q13639,0
DB03033,P56556,0
DB11781,A0A0H2XJ39,0
DB08960,P35348,0
DB06605,Q9Y2U5,0
DB02214,P10412,0
DB02158,P11797,0
DB08050,P35579,0
DB07216,P20618,0
DB08495,P15917,0
DB08287,Q8GR64,0
DB08709,Q9BYF1,0
DB01194,P34896,0
DB05294,A0A0H2URW2,0
DB03193,P0A794,0
DB03314,O95718,0
DB04378,Q16222,0
DB02123,P0A6V8,0
DB02844,A0A0H2Z368,0
DB04474,P16519,0
DB02727,P20061,0
DB02432,Q9ULZ9,0
DB02282,P48066,0
DB08692,P80404,0
DB07426,P06734,0
DB08964,P34972,0
DB06916,P00691,0
DB00913,O15197,0
DB01074,P06241,0
DB04327,Q8I0V4,0
DB04514,P41022,0
DB03667,O75964,0
DB07496,P50213,0
DB07522,Q494W8,0
DB01922,O68600,0
DB06965,Q8I4W4,0
DB07882,P61313,0
DB08373,P72161,0
DB00741,P19624,0
DB04280,P02924,0
DB06237,Q6IBS8,0
DB03756,Q5LRQ9,0
DB02264,P61320,0
DB02030,P13727,0
DB14017,Q16739,0
DB00397,P29274,0
DB07258,A0A045ISQ8,0
DB01764,P07204,0
DB03680,Q94655,0
DB00410,P26391,0
DB02028,P11836,0
DB03791,P35462,0
DB04522,Q9NXE4,0
DB02749,Q04917,0
DB03065,P28072,0
DB08553,P99999,0
DB07711,Q56148,0
DB07700,Q15759,0
DB07099,P0A8V2,0
DB06831,A1A2B5,0
DB05552,P41439,0
DB07239,P42768,0
DB07375,P60484,0
DB09217,Q9Y663,0
DB03604,Q9HCR9,0
DB04311,P06008,0
DB00649,Q99500,0
DB07125,Q60037,0
DB02985,Q9NQS7,0
DB07043,P02925,0
DB03862,O14980,0
DB08307,P15034,0
DB01452,P22869,0
DB00446,P12644,0
DB02065,Q13464,0
DB02353,P07498,0
DB07952,O15169,0
DB08641,P00183,0
DB01463,P45877,0
DB03005,P60906,0
DB01960,P08173,0
DB01097,Q820S6,0
DB03558,Q9Y2Z4,0
DB07687,P20964,0
DB02044,P05019,0
DB02765,Q8NBP7,0
DB02014,P02675,0
DB01055,P51787,0
DB00546,Q8TD19,0
DB08671,P0AD65,0
DB04450,P23763,0
DB04678,P21631,0
DB15035,Q9C098,0
DB06479,P30872,0
DB03392,P0A444,0
DB03792,Q56268,0
DB03073,O33199,0
DB03874,P49773,0
DB07535,Q51990,0
DB00596,Q53908,0
DB02092,O43283,0
DB08912,P56537,0
DB07348,Q2QJL3,0
DB03752,Q5SIR5,0
DB09215,P56653,0
DB04783,P08870,0
DB00876,P00644,0
DB01013,Q6IB77,0
DB06789,Q13698,0
DB02489,P39646,0
DB07476,Q16513,0
DB00947,P78330,0
DB02068,Q9FBC5,0
DB02272,Q494W8,0
DB08168,P06971,0
DB09290,P69681,0
DB07989,P51584,0
DB02484,P08149,0
DB02049,Q02169,0
DB08363,Q08493,0
DB06240,P31142,0
DB01626,P59846,0
DB04960,Q7KQL5,0
DB00683,Q05329,0
DB02059,P75914,0
DB01511,P17540,0
DB13158,P54750,0
DB01148,P0A8V2,0
DB03074,P03023,0
DB07805,P15085,0
DB09143,Q7L3T8,0
DB02343,P74645,0
DB07829,P00736,0
DB07388,P16066,0
DB04954,P35243,0
DB04422,P20813,0
DB00532,P20618,0
DB07437,P32947,0
DB01045,P38038,0
DB03598,Q13630,0
DB08740,P00846,0
DB07433,P20292,0
DB07074,Q16720,0
DB07141,P34897,0
DB00691,P04271,0
DB02484,P27338,0
DB01565,Q92800,0
DB04967,P06732,0
DB08180,P02359,0
DB01254,Q8WU03,0
DB07056,O82839,0
DB03976,P0AD65,0
DB11738,Q9NWM0,0
DB03136,Q8TAB3,0
DB11496,Q8DNB6,0
DB07064,Q04828,0
DB01600,P18545,0
DB07803,P30531,0
DB01954,P06727,0
DB00784,Q98GN8,0
DB00670,Q9X1T2,0
DB00611,O31465,0
DB08438,Q7ADF8,0
DB06422,Q14103,0
DB09371,Q70Z44,0
DB01717,P06213,0
DB11577,P62658,0
DB03102,Q9UIX4,0
DB08091,Q15858,0
DB02674,P48443,0
DB12379,P0AGC3,0
DB02467,P10997,0
DB07421,P10114,0
DB03125,P15169,0
DB01044,Q8IE82,0
DB06194,Q9C098,0
DB03535,Q15596,0
DB06614,P0A6L6,0
DB01616,P48549,0
DB07467,Q9WZX6,0
DB03622,Q08345,0
DB03582,O08398,0
DB06543,O75899,0
DB03627,P47712,0
DB08091,Q5SKW1,0
DB03018,Q92569,0
DB08798,P41007,0
DB09205,P36946,0
DB08061,Q9H2M3,0
DB07537,P15813,0
DB02952,P20248,0
DB08640,P25275,0
DB07057,Q837V6,0
DB07026,P08708,0
DB02703,P08253,0
DB06787,P0AEE5,0
DB04789,O60502,0
DB02673,A0A0M3KKX1,0
DB00609,A0A0H3JWX6,0
DB07085,Q8IVL5,0
DB07146,P16519,0
DB02836,P02774,0
DB12693,Q16836,0
DB03232,P01112,0
DB04602,P13650,0
DB02394,A0A0H3JWX6,0
DB06864,Q9NWZ3,0
DB11642,H3BUU9,0
DB03415,P31101,0
DB07128,Q8EBR3,0
DB06663,P0AD64,0
DB02426,P05543,0
DB00333,P48443,0
DB08470,P46336,0
DB07901,P0AEJ4,0
DB00869,Q9UKL6,0
DB09195,P19440,0
DB03745,P00378,0
DB02660,Q14534,0
DB02635,Q9Y5K3,0
DB07834,Q9BVG9,0
DB05171,P01023,0
DB00899,P47989,0
DB05966,Q92847,0
DB09076,P00509,0
DB00737,P39265,0
DB14641,P34981,0
DB04106,P10620,0
DB07593,P45314,0
DB03472,P0AB71,0
DB12340,Q96L12,0
DB09099,P47712,0
DB08669,P0A827,0
DB00328,O32393,0
DB01559,Q8TD08,0
DB01020,Q9KB30,0
DB05416,P46782,0
DB08435,O76083,0
DB02553,Q95460,0
DB07866,Q8TF76,0
DB00446,P20648,0
DB00760,P35030,0
DB04537,P00533,0
DB08411,Q02218,0
DB08423,Q9KWT5,0
DB02303,P22413,0
DB00502,Q7Z406,0
DB02559,O60911,0
DB01991,P51649,0
DB01665,P10875,0
DB00787,P60953,0
DB07555,O95178,0
DB08553,P9WKE9,0
DB11619,P30749,0
DB01728,P26440,0
DB00811,Q9UK23,0
DB06367,Q8N9I0,0
DB09214,P30711,0
DB00917,P45494,0
DB01745,P75430,0
DB04468,Q8WTV0,0
DB07735,Q9BQI3,0
DB07547,O60669,0
DB01403,Q93LE9,0
DB02022,Q9HAZ1,0
DB03087,Q9WZK0,0
DB01437,P13956,0
DB06922,Q06609,0
DB06684,Q9UI09,0
DB06040,O14763,0
DB13929,P05062,0
DB00985,P01834,0
DB06739,Q9FCA6,0
DB03636,P39662,0
DB02508,Q15596,0
DB11740,P21589,0
DB03928,P0DMS8,0
DB07636,Q5VZ30,0
DB02969,P22607,0
DB02361,Q8WU03,0
DB00998,O43519,0
DB03532,O00764,0
DB00718,Q9UDW1,0
DB08899,P27448,0
DB02213,P63027,0
DB08960,P0A3R9,0
DB08403,Q9UHA3,0
DB00184,O75746,0
DB09212,Q59560,0
DB01209,Q9AIU0,0
DB08436,Q8N1Q1,0
DB00487,P29460,0
DB04340,Q9UI33,0
DB01699,Q8I492,0
DB07177,P48029,0
DB02137,P48058,0
DB02614,Q13907,0
DB00450,P15770,0
DB09481,P02647,0
DB08383,Q8VTT5,0
DB06174,P35968,0
DB07193,Q8GI16,0
DB03876,P13498,0
DB03104,O14957,0
DB03417,Q99542,0
DB07734,Q9BY41,0
DB04817,P10253,0
DB08524,Q7BK04,0
DB03637,P07737,0
DB07072,P61978,0
DB06858,P25924,0
DB04109,Q8ZPC0,0
DB07058,Q96EB6,0
DB03937,P51957,0
DB07564,P0C188,0
DB01667,Q8N8N7,0
DB02640,P09237,0
DB06843,Q14494,0
DB07280,P25910,0
DB02664,P19571,0
DB08626,P09871,0
DB14060,Q09013,0
DB08406,P25963,0
DB00234,P52700,0
DB02931,P50135,0
DB07632,Q9H2X9,0
DB00830,Q4W8W1,0
DB00304,P21549,0
DB01919,P20839,0
DB03199,P22102,0
DB07298,Q96I15,0
DB07380,Q5SJ79,0
DB05423,O95718,0
DB01958,P27815,0
DB01053,O75911,0
DB07303,P00864,0
DB01941,Q9Y6K1,0
DB06201,P09467,0
DB03602,P00338,0
DB06709,Q9Y5S1,0
DB00944,O75838,0
DB03978,P37062,0
DB00453,Q8IYT8,0
DB07940,P0AES6,0
DB07072,P08179,0
DB04280,Q9NY65,0
DB06866,P08217,0
DB04424,O15342,0
DB08668,Q9ZB17,0
DB07479,Q15238,0
DB13061,P0ABE7,0
DB12141,O31616,0
DB01608,P9WNW7,0
DB02752,P51692,0
DB04824,Q81F54,0
DB02405,Q7ADF8,0
DB06971,Q9HTN2,0
DB01768,P56194,0
DB07602,P14941,0
DB08065,P29208,0
DB06993,Q8VP84,0
DB07266,P11511,0
DB03963,P29622,0
DB00784,P30043,0
DB01422,O60882,0
DB08668,Q8TD19,0
DB02534,P08173,0
DB01673,Q9UJM8,0
DB02328,Q9F0J6,0
DB03321,P00811,0
DB07763,Q939N4,0
DB11986,O14936,0
DB07658,P08922,0
DB05223,Q8IEM3,0
DB03803,P0AB87,0
DB08550,P11142,0
DB02341,P0A927,0
DB07839,Q06203,0
DB00925,Q92637,0
DB02516,P28908,0
DB08593,P05160,0
DB08315,Q9UIC8,0
DB01065,Q9NZK7,0
DB00491,P21695,0
DB03068,Q9UQF2,0
DB00700,P61432,0
DB01854,P9WPE1,0
DB07221,P0A094,0
DB04303,P17812,0
DB04682,Q9ULB1,0
DB06237,Q9KB30,0
DB01038,Q837V6,0
DB00151,Q8NMG3,0
DB06777,P00966,0
DB14001,P35869,0
DB05389,P27797,0
DB08896,P00929,0
DB03639,P04792,0
DB08268,P30559,0
DB02137,O34714,0
DB00357,Q9UBS5,0
DB04570,Q8I5G6,0
DB01796,Q9KL51,0
DB09147,Q9BXT2,0
DB07601,Q96C36,0
DB03476,L0LZJ6,0
DB02242,Q96RE1,0
DB00943,Q9UI12,0
DB07919,P09152,0
DB07290,P11498,0
DB02420,O60664,0
DB08386,P10826,0
DB07124,P63098,0
DB01853,P49588,0
DB04637,Q9NYQ3,0
DB06947,Q99500,0
DB01148,P37268,0
DB00358,Q30154,0
DB08535,P30405,0
DB00991,P04279,0
DB06913,Q96RI0,0
DB02741,P0A0N5,0
DB03346,O94903,0
DB08294,P29597,0
DB06154,Q06481,0
DB00897,O95180,0
DB01134,Q8IKF0,0
DB14514,Q8P8J2,0
DB06040,P07026,0
DB06605,Q8NX78,0
DB01017,P14543,0
DB04433,P06716,0
DB12457,P49411,0
DB06865,Q9X1H9,0
DB05294,Q9Y277,0
DB06594,P29460,0
DB02261,Q9L888,0
DB07550,Q51782,0
DB02290,P02919,0
DB08142,P0A076,0
DB04880,Q5JTZ9,0
DB03108,Q13554,0
DB00469,O52806,0
DB00379,P41439,0
DB00503,Q9Y5Y4,0
DB13875,P05113,0
DB11587,P05089,0
DB08698,P0DP25,0
DB08613,P02679,0
DB00431,P04798,0
DB00794,P83453,0
DB02128,P0A9M2,0
DB01216,P48047,0
DB06623,P31751,0
DB07676,P41007,0
DB06201,P10384,0
DB05668,Q44532,0
DB04648,P30530,0
DB01870,P10912,0
DB01196,Q6IB77,0
DB04531,P0A6M2,0
DB00951,Q2TU84,0
DB03964,P51570,0
DB04474,P67936,0
DB01205,P01903,0
DB04176,P42679,0
DB03604,P62508,0
DB07643,P26918,0
DB03453,Q8SPQ9,0
DB00811,P0A884,0
DB00528,P51681,0
DB02647,Q46893,0
DB00541,P05113,0
DB02776,P53608,0
DB08577,Q15648,0
DB09231,P27448,0
DB07762,P01563,0
DB04037,Q9PPP5,0
DB02942,Q9BY49,0
DB04644,P18548,0
DB01250,O75715,0
DB05253,P13000,0
DB06350,P06202,0
DB07255,P00491,0
DB06873,Q00534,0
DB13074,P20742,0
DB04040,Q969F8,0
DB02921,P9WHH7,0
DB02401,P49591,0
DB08788,P13631,0
DB08767,Q9Y5Y6,0
DB02077,Q92800,0
DB06989,Q9Z4P0,0
DB07705,P84887,0
DB01268,Q16698,0
DB12978,P41240,0
DB06347,Q460N3,0
DB08172,P10768,0
DB02504,Q81R22,0
DB03396,Q92569,0
DB07984,P60493,0
DB07657,Q9ZF99,0
DB07954,Q9UDX4,0
DB15494,P0A0Z8,0
DB01735,P49354,0
DB07254,Q13523,0
DB07756,Q9HGT2,0
DB08132,Q08828,0
DB07254,Q92993,0
DB08588,P0A2W7,0
DB04138,Q4W9V8,0
DB00223,Q02252,0
DB01182,Q15910,0
DB07066,Q9NWZ3,0
DB04116,P60880,0
DB11632,P24630,0
DB08528,Q8GR64,0
DB13956,P00634,0
DB08041,Q9ULC6,0
DB08114,P25705,0
DB00378,O60840,0
DB04599,P47229,0
DB04051,Q99623,0
DB00882,P0AES4,0
DB06512,P22413,0
DB01650,Q9Y233,0
DB03571,P03901,0
DB02729,P68104,0
DB04360,Q15759,0
DB01583,Q9UJ68,0
DB07556,Q48436,0
DB04207,Q15637,0
DB12267,Q8N907,0
DB07627,P21709,0
DB13615,P29460,0
DB01888,P62736,0
DB00652,P0A988,0
DB03079,Q99527,0
DB02364,P50897,0
DB00357,P28472,0
DB02377,P24232,0
DB02530,P9WND1,0
DB00114,P9WQ77,0
DB00408,P0A9J6,0
DB00915,Q8NER1,0
DB06228,Q9BQI3,0
DB07721,Q06323,0
DB02222,O97313,0
DB13949,P30838,0
DB03818,O95169,0
DB06996,Q8IB72,0
DB01988,P11684,0
DB09472,Q5SHQ5,0
DB11431,O68601,0
DB04776,P62955,0
DB05087,Q16270,0
DB07587,P0A110,0
DB00624,P25524,0
DB02240,Q00169,0
DB04615,P09152,0
DB00195,Q72LA5,0
DB02829,Q7L3T8,0
DB02419,P0A3Y5,0
DB04489,P56690,0
DB03635,Q96GA7,0
DB04669,P06729,0
DB03344,Q9X2W8,0
DB06926,P00722,0
DB06154,P0A108,0
DB02402,Q92953,0
DB09099,P35568,0
DB02571,P68366,0
DB07503,Q72LA4,0
DB02925,P45066,0
DB14069,P0A7R5,0
DB12007,P43405,0
DB09073,Q96DP5,0
DB02299,Q9NVH6,0
DB07974,Q9NY72,0
DB02617,Q3IWB0,0
DB06207,Q81EW9,0
DB03453,O34928,0
DB01773,P68133,0
DB03916,P43005,0
DB13421,P9WN95,0
DB07231,Q92945,0
DB14499,Q14432,0
DB01394,P28482,0
DB00559,P23434,0
DB02860,Q9R5V5,0
DB07424,P02647,0
DB09076,P0AGE0,0
DB01927,Q92570,0
DB13729,P31213,0
DB00581,P50750,0
DB08423,O95819,0
DB11386,P09237,0
DB08646,A0A024R8I1,0
DB00868,P31057,0
DB05532,Q9H4M7,0
DB08018,Q8RQE7,0
DB08347,Q9ZB17,0
DB03966,P02671,0
DB03906,P02788,0
DB12116,Q8NI60,0
DB01889,P49789,0
DB09238,P31012,0
DB00862,P02538,0
DB02213,P29622,0
DB08449,P09788,0
DB08910,P9WGY3,0
DB07833,P55809,0
DB01921,P80357,0
DB08125,P22676,0
DB07234,P31153,0
DB00120,Q9UI33,0
DB04176,Q86V86,0
DB09054,P03897,0
DB01844,Q13838,0
DB00901,P35527,0
DB02468,Q96BR1,0
DB04915,P37108,0
DB01711,Q09013,0
DB03502,P14621,0
DB00434,P49189,0
DB03685,Q6PHW0,0
DB08168,P02763,0
DB08213,Q99437,0
DB01496,Q9Y271,0
DB07146,O95644,0
DB07669,P04053,0
DB08043,P80188,0
DB08577,C9EH48,0
DB07359,Q08170,0
DB01044,P98002,0
DB13074,P42338,0
DB00332,Q13555,0
DB07385,Q13231,0
DB04072,P00323,0
DB03487,P00374,0
DB06791,P19622,0
DB02482,Q8WXS5,0
DB07815,Q13838,0
DB02353,Q8I487,0
DB05381,Q9KM65,0
DB05885,Q99527,0
DB04784,P29559,0
DB08601,O75438,0
DB03112,P39304,0
DB03214,Q15750,0
DB08240,P23677,0
DB09215,P77836,0
DB03595,P36021,0
DB06654,P36888,0
DB00769,Q14103,0
DB03983,P21631,0
DB03569,P62136,0
DB02831,P0A0Z8,0
DB00833,Q6GII7,0
DB06910,Q9UBL9,0
DB09083,Q8L103,0
DB00960,Q8GJ44,0
DB08521,P25100,0
DB07357,P15814,0
DB13930,P26466,0
DB08404,P61024,0
DB02719,P13688,0
DB04271,P16234,0
DB03870,P48664,0
DB00243,P51553,0
DB03576,P06746,0
DB12500,P75430,0
DB07700,P77398,0
DB08778,Q8TCT1,0
DB14509,P20138,0
DB07592,P28566,0
DB03717,Q51792,0
DB03597,Q16644,0
DB09477,P10275,0
DB04167,O68600,0
DB00944,P27828,0
DB00479,P34995,0
DB07633,O34974,0
DB02427,P22262,0
DB02147,Q9H169,0
DB07459,Q14831,0
DB00537,P30418,0
DB03385,P0A9E0,0
DB06654,Q47066,0
DB08389,P24093,0
DB02475,Q52WX2,0
DB01925,Q7L7X3,0
DB02039,P06731,0
DB08023,Q14353,0
DB12116,Q9H3Y6,0
DB06237,Q02641,0
DB07248,P27693,0
DB03559,P44725,0
DB07195,P07515,0
DB01056,P30996,0
DB07581,P0A079,0
DB03499,P14649,0
DB07598,Q9H1R3,0
DB00674,O95477,0
DB00471,P19622,0
DB01070,Q03426,0
DB06909,P12644,0
DB04761,P75914,0
DB01950,Q54AI1,0
DB01930,P52197,0
DB05475,O60658,0
DB02892,P51584,0
DB08542,Q9BYT3,0
DB03636,Q15569,0
DB08722,Q9NZK7,0
DB01175,Q56839,0
DB04280,P0AGE0,0
DB07588,P09455,0
DB09143,Q00987,0
DB02776,Q07817,0
DB03961,Q13224,0
DB08209,Q06319,0
DB03473,P09466,0
DB07258,Q9HC97,0
DB08689,P01106,0
DB06836,P09960,0
DB03254,P52564,0
DB13146,P23904,0
DB03953,P49840,0
DB07995,P69795,0
DB04627,P41597,0
DB00310,P22364,0
DB03658,P06129,0
DB07956,O67854,0
DB05289,P16544,0
DB07704,P12268,0
DB07793,Q7DHH4,0
DB03616,Q14790,0
DB07667,P40429,0
DB02464,P0DM35,0
DB04857,P0AE12,0
DB01970,P06748,0
DB02852,Q9P2K8,0
DB02753,P11766,0
DB03577,P99999,0
DB14066,P62669,0
DB01146,P06608,0
DB01299,Q81R22,0
DB02846,P51582,0
DB01613,Q0P8G4,0
DB03582,P25116,0
DB11653,Q8WUI4,0
DB03647,P0ABK9,0
DB01419,P69856,0
DB11365,P24298,0
DB07132,Q92847,0
DB04041,Q9Y646,0
DB07429,P18858,0
DB04865,P25774,0
DB00262,Q9BXA7,0
DB04817,Q8I814,0
DB04373,P01556,0
DB06943,P53554,0
DB04221,P0A9S1,0
DB07525,O43193,0
DB00809,O15460,0
DB13119,Q06700,0
DB00131,Q8IUR0,0
DB07815,P60709,0
DB08148,Q8IKM6,0
DB11699,P19099,0
DB03475,Q16613,0
DB14019,Q72LA4,0
DB01950,P0AFM2,0
DB11978,Q3JP94,0
DB12579,O15197,0
DB09186,Q9UN88,0
DB02818,P24311,0
DB02314,P63096,0
DB08359,P20831,0
DB02030,Q13621,0
DB03278,Q5SJH3,0
DB09173,P01011,0
DB07492,P48181,0
DB08222,Q9H2M3,0
DB07003,Q8NCM2,0
DB03250,O52646,0
DB08418,P10632,0
DB01213,P22557,0
DB07624,P9WNG3,0
DB08099,Q9BY41,0
DB02447,P68826,0
DB03790,P13631,0
DB04800,Q9WY54,0
DB06436,P56220,0
DB07793,P08238,0
DB07792,Q9NQU5,0
DB07852,Q9WYA5,0
DB08286,Q9H2M3,0
DB01823,P9WNX3,0
DB06871,P31101,0
DB07311,Q15942,0
DB03879,P00807,0
DB02045,P52687,0
DB04551,P35089,0
DB01930,C3T8E2,0
DB07660,Q59643,0
DB02323,P23258,0
DB07519,P96618,0
DB04971,P39045,0
DB07543,Q07020,0
DB02127,Q9Y5K8,0
DB03115,O43497,0
DB08490,P83812,0
DB09101,P63462,0
DB00249,P31415,0
DB02355,Q45697,0
DB05421,Q9HYX1,0
DB02215,P80099,0
DB04892,O15075,0
DB07135,P39841,0
DB03121,Q99259,0
DB04585,P48735,0
DB04265,Q9X0G9,0
DB13985,Q9UGI5,0
DB04227,Q99707,0
DB00222,Q5SSJ5,0
DB01181,Q99798,0
DB07301,Q8I0X2,0
DB08340,Q01344,0
DB08762,Q9UJU2,0
DB03323,Q8I492,0
DB00968,P0AG82,0
DB02342,Q8ZNF3,0
DB00978,Q15750,0
DB01825,P37231,0
DB03912,Q9NVH6,0
DB02031,P13945,0
DB05590,Q06323,0
DB02541,O43497,0
DB12612,Q16348,0
DB03900,P12268,0
DB06926,P14927,0
DB01786,Q02763,0
DB08933,B2ZTR6,0
DB02611,Q14956,0
DB01934,P24385,0
DB00579,Q84II6,0
DB00794,Q9UNN8,0
DB08123,Q9X0F9,0
DB07389,P42443,0
DB02841,P12256,0
DB04467,H3BUU9,0
DB03801,P17980,0
DB01118,O95835,0
DB06311,P30411,0
DB08489,P39805,0
DB01616,Q8I0X2,0
DB00477,P00947,0
DB02459,P20648,0
DB08535,P00378,0
DB07080,P07998,0
DB03182,P04083,0
DB01196,Q13630,0
DB08739,P61978,0
DB03022,Q83P33,0
DB06757,P05653,0
DB04563,P0AFG8,0
DB08305,P00634,0
DB00195,Q9Y6E0,0
DB08484,P30518,0
DB14840,P49840,0
DB07391,P61626,0
DB04101,P61457,0
DB07351,O60603,0
DB11541,P48163,0
DB03964,Q9Z4P0,0
DB14672,Q96T66,0
DB04751,Q02169,0
DB03162,Q8IE67,0
DB06218,Q55793,0
DB00503,P38489,0
DB04472,O15144,0
DB02121,P27505,0
DB00350,Q9WXN1,0
DB00975,P27797,0
